{
"type": "FeatureCollection",
"name": "aeropuertos",
"crs": { "type": "name", "properties": { "name": "urn:ogc:def:crs:OGC:1.3:CRS84" } },
"xy_coordinate_resolution": 1e-05,
"features": [
{ "type": "Feature", "properties": { "nombre": "" }, "geometry": { "type": "LineString", "coordinates": [ [ -71.55803, -33.07275, 0.0 ], [ -71.55598, -33.06335, 0.0 ], [ -71.55682, -33.06322, 0.0 ], [ -71.55887, -33.07262, 0.0 ], [ -71.55803, -33.07275, 0.0 ] ] } },
{ "type": "Feature", "properties": { "nombre": "" }, "geometry": { "type": "LineString", "coordinates": [ [ -71.55833, -33.07215, 0.0 ], [ -71.55662, -33.0638, 0.0 ], [ -71.55641, -33.06383, 0.0 ], [ -71.55823, -33.07217, 0.0 ], [ -71.55833, -33.07215, 0.0 ] ] } },
{ "type": "Feature", "properties": { "nombre": "" }, "geometry": { "type": "LineString", "coordinates": [ [ -71.55682, -33.06322, 0.0 ], [ -71.55412, -33.0355, 0.0 ], [ -71.54681, -33.03663, 0.0 ], [ -71.55598, -33.06335, 0.0 ], [ -71.55682, -33.06322, 0.0 ] ] } },
{ "type": "Feature", "properties": { "nombre": "" }, "geometry": { "type": "LineString", "coordinates": [ [ -71.55655, -33.06042, 0.0 ], [ -71.55505, -33.06065, 0.0 ] ] } },
{ "type": "Feature", "properties": { "nombre": "" }, "geometry": { "type": "LineString", "coordinates": [ [ -71.55584, -33.0532, 0.0 ], [ -71.55266, -33.05369, 0.0 ] ] } },
{ "type": "Feature", "properties": { "nombre": "" }, "geometry": { "type": "LineString", "coordinates": [ [ -71.55887, -33.07262, 0.0 ], [ -71.56804, -33.09934, 0.0 ], [ -71.56073, -33.10047, 0.0 ], [ -71.55803, -33.07275, 0.0 ], [ -71.55887, -33.07262, 0.0 ] ] } },
{ "type": "Feature", "properties": { "nombre": "" }, "geometry": { "type": "LineString", "coordinates": [ [ -71.5598, -33.07532, 0.0 ], [ -71.5583, -33.07555, 0.0 ] ] } },
{ "type": "Feature", "properties": { "nombre": "" }, "geometry": { "type": "LineString", "coordinates": [ [ -71.56219, -33.08228, 0.0 ], [ -71.559, -33.08277, 0.0 ] ] } },
{ "type": "Feature", "properties": { "nombre": "" }, "geometry": { "type": "LineString", "coordinates": [ [ -71.53067, -33.06853, 0.0 ], [ -71.53106, -33.06412, 0.0 ], [ -71.53246, -33.05987, 0.0 ], [ -71.53482, -33.05592, 0.0 ], [ -71.53805, -33.05244, 0.0 ], [ -71.54202, -33.04956, 0.0 ], [ -71.54659, -33.04738, 0.0 ], [ -71.55157, -33.046, 0.0 ], [ -71.55677, -33.04546, 0.0 ], [ -71.562, -33.04578, 0.0 ], [ -71.56706, -33.04696, 0.0 ], [ -71.57174, -33.04895, 0.0 ], [ -71.57588, -33.05167, 0.0 ], [ -71.57931, -33.05501, 0.0 ], [ -71.58189, -33.05885, 0.0 ], [ -71.58354, -33.06305, 0.0 ], [ -71.58418, -33.06743, 0.0 ], [ -71.58379, -33.07184, 0.0 ], [ -71.5824, -33.0761, 0.0 ], [ -71.58004, -33.08004, 0.0 ], [ -71.57681, -33.08352, 0.0 ], [ -71.57283, -33.08641, 0.0 ], [ -71.56827, -33.08859, 0.0 ], [ -71.56329, -33.08997, 0.0 ], [ -71.55808, -33.09051, 0.0 ], [ -71.55284, -33.09019, 0.0 ], [ -71.54779, -33.08901, 0.0 ], [ -71.5431, -33.08702, 0.0 ], [ -71.53896, -33.0843, 0.0 ], [ -71.53554, -33.08096, 0.0 ], [ -71.53295, -33.07711, 0.0 ], [ -71.53131, -33.07292, 0.0 ], [ -71.53067, -33.06853, 0.0 ] ] } },
{ "type": "Feature", "properties": { "nombre": "" }, "geometry": { "type": "LineString", "coordinates": [ [ -71.51889, -33.06877, 0.0 ], [ -71.51945, -33.06243, 0.0 ], [ -71.52147, -33.05629, 0.0 ], [ -71.52487, -33.05061, 0.0 ], [ -71.52952, -33.0456, 0.0 ], [ -71.53524, -33.04145, 0.0 ], [ -71.54182, -33.03831, 0.0 ], [ -71.54899, -33.03632, 0.0 ], [ -71.55649, -33.03554, 0.0 ], [ -71.56402, -33.03601, 0.0 ], [ -71.5713, -33.03771, 0.0 ], [ -71.57804, -33.04057, 0.0 ], [ -71.584, -33.04448, 0.0 ], [ -71.58893, -33.0493, 0.0 ], [ -71.59265, -33.05483, 0.0 ], [ -71.59503, -33.06087, 0.0 ], [ -71.59595, -33.06719, 0.0 ], [ -71.5954, -33.07353, 0.0 ], [ -71.59338, -33.07966, 0.0 ], [ -71.58999, -33.08535, 0.0 ], [ -71.58534, -33.09036, 0.0 ], [ -71.57962, -33.09452, 0.0 ], [ -71.57304, -33.09765, 0.0 ], [ -71.56586, -33.09965, 0.0 ], [ -71.55836, -33.10042, 0.0 ], [ -71.55083, -33.09996, 0.0 ], [ -71.54354, -33.09826, 0.0 ], [ -71.53679, -33.0954, 0.0 ], [ -71.53084, -33.09148, 0.0 ], [ -71.5259, -33.08666, 0.0 ], [ -71.52218, -33.08112, 0.0 ], [ -71.51982, -33.07508, 0.0 ], [ -71.51889, -33.06877, 0.0 ] ] } },
{ "type": "Feature", "properties": { "nombre": "" }, "geometry": { "type": "LineString", "coordinates": [ [ -71.55682, -33.06322, 0.0 ], [ -71.56014, -33.06271, 0.0 ] ] } },
{ "type": "Feature", "properties": { "nombre": "" }, "geometry": { "type": "LineString", "coordinates": [ [ -71.55887, -33.07262, 0.0 ], [ -71.56219, -33.07211, 0.0 ] ] } },
{ "type": "Feature", "properties": { "nombre": "" }, "geometry": { "type": "LineString", "coordinates": [ [ -71.56291, -33.08438, 0.0 ], [ -71.56219, -33.07211, 0.0 ], [ -71.56014, -33.06271, 0.0 ], [ -71.55563, -33.05102, 0.0 ] ] } },
{ "type": "Feature", "properties": { "nombre": "" }, "geometry": { "type": "LineString", "coordinates": [ [ -71.56245, -33.08306, 0.0 ], [ -71.56182, -33.07216, 0.0 ], [ -71.55977, -33.06277, 0.0 ], [ -71.55576, -33.05239, 0.0 ] ] } },
{ "type": "Feature", "properties": { "nombre": "" }, "geometry": { "type": "LineString", "coordinates": [ [ -71.56156, -33.08045, 0.0 ], [ -71.56108, -33.07228, 0.0 ], [ -71.55903, -33.06288, 0.0 ], [ -71.55603, -33.05509, 0.0 ] ] } },
{ "type": "Feature", "properties": { "nombre": "" }, "geometry": { "type": "LineString", "coordinates": [ [ -71.56066, -33.07784, 0.0 ], [ -71.56034, -33.07239, 0.0 ], [ -71.55829, -33.06299, 0.0 ], [ -71.55629, -33.0578, 0.0 ] ] } },
{ "type": "Feature", "properties": { "nombre": "" }, "geometry": { "type": "LineString", "coordinates": [ [ -71.55977, -33.07523, 0.0 ], [ -71.55961, -33.0725, 0.0 ], [ -71.55756, -33.06311, 0.0 ], [ -71.55656, -33.06051, 0.0 ] ] } },
{ "type": "Feature", "properties": { "nombre": "" }, "geometry": { "type": "LineString", "coordinates": [ [ -71.56291, -33.08438, 0.0 ], [ -71.55922, -33.08495, 0.0 ] ] } },
{ "type": "Feature", "properties": { "nombre": "" }, "geometry": { "type": "LineString", "coordinates": [ [ -71.55563, -33.05102, 0.0 ], [ -71.55194, -33.05159, 0.0 ] ] } },
{ "type": "Feature", "properties": { "nombre": "" }, "geometry": { "type": "LineString", "coordinates": [ [ -71.55598, -33.06335, 0.0 ], [ -71.55266, -33.06386, 0.0 ] ] } },
{ "type": "Feature", "properties": { "nombre": "" }, "geometry": { "type": "LineString", "coordinates": [ [ -71.55803, -33.07275, 0.0 ], [ -71.55471, -33.07326, 0.0 ] ] } },
{ "type": "Feature", "properties": { "nombre": "" }, "geometry": { "type": "LineString", "coordinates": [ [ -71.55922, -33.08495, 0.0 ], [ -71.55471, -33.07326, 0.0 ], [ -71.55266, -33.06386, 0.0 ], [ -71.55194, -33.05159, 0.0 ] ] } },
{ "type": "Feature", "properties": { "nombre": "" }, "geometry": { "type": "LineString", "coordinates": [ [ -71.55908, -33.08358, 0.0 ], [ -71.55508, -33.0732, 0.0 ], [ -71.55303, -33.06381, 0.0 ], [ -71.5524, -33.05291, 0.0 ] ] } },
{ "type": "Feature", "properties": { "nombre": "" }, "geometry": { "type": "LineString", "coordinates": [ [ -71.55882, -33.08087, 0.0 ], [ -71.55582, -33.07309, 0.0 ], [ -71.55377, -33.06369, 0.0 ], [ -71.55329, -33.05552, 0.0 ] ] } },
{ "type": "Feature", "properties": { "nombre": "" }, "geometry": { "type": "LineString", "coordinates": [ [ -71.55856, -33.07817, 0.0 ], [ -71.55655, -33.07298, 0.0 ], [ -71.55451, -33.06358, 0.0 ], [ -71.55419, -33.05813, 0.0 ] ] } },
{ "type": "Feature", "properties": { "nombre": "" }, "geometry": { "type": "LineString", "coordinates": [ [ -71.55829, -33.07546, 0.0 ], [ -71.55729, -33.07286, 0.0 ], [ -71.55524, -33.06346, 0.0 ], [ -71.55508, -33.06074, 0.0 ] ] } },
{ "type": "Feature", "properties": { "nombre": "" }, "geometry": { "type": "LineString", "coordinates": [ [ -71.55833, -33.07215, 0.0 ], [ -71.55652, -33.06382, 0.0 ] ] } },
{ "type": "Feature", "properties": { "nombre": "" }, "geometry": { "type": "LineString", "coordinates": [ [ -71.2634, -32.44953, 0.0 ], [ -71.25464, -32.44861, 0.0 ], [ -71.25472, -32.44808, 0.0 ], [ -71.26348, -32.44899, 0.0 ], [ -71.2634, -32.44953, 0.0 ] ] } },
{ "type": "Feature", "properties": { "nombre": "" }, "geometry": { "type": "LineString", "coordinates": [ [ -71.26312, -32.44922, 0.0 ], [ -71.25501, -32.44829, 0.0 ], [ -71.25498, -32.44847, 0.0 ], [ -71.26311, -32.44931, 0.0 ], [ -71.26312, -32.44922, 0.0 ] ] } },
{ "type": "Feature", "properties": { "nombre": "" }, "geometry": { "type": "LineString", "coordinates": [ [ -71.25472, -32.44808, 0.0 ], [ -71.23095, -32.44352, 0.0 ], [ -71.23028, -32.44814, 0.0 ], [ -71.25464, -32.44861, 0.0 ], [ -71.25472, -32.44808, 0.0 ] ] } },
{ "type": "Feature", "properties": { "nombre": "" }, "geometry": { "type": "LineString", "coordinates": [ [ -71.25154, -32.44747, 0.0 ], [ -71.25138, -32.44855, 0.0 ] ] } },
{ "type": "Feature", "properties": { "nombre": "" }, "geometry": { "type": "LineString", "coordinates": [ [ -71.2432, -32.44587, 0.0 ], [ -71.24283, -32.44838, 0.0 ] ] } },
{ "type": "Feature", "properties": { "nombre": "" }, "geometry": { "type": "LineString", "coordinates": [ [ -71.25906, -32.4488, 0.0 ], [ -71.25906, -32.44882, 0.0 ] ] } },
{ "type": "Feature", "properties": { "nombre": "" }, "geometry": { "type": "LineString", "coordinates": [ [ -71.26348, -32.44899, 0.0 ], [ -71.28784, -32.44946, 0.0 ], [ -71.28717, -32.45407, 0.0 ], [ -71.2634, -32.44953, 0.0 ], [ -71.26348, -32.44899, 0.0 ] ] } },
{ "type": "Feature", "properties": { "nombre": "" }, "geometry": { "type": "LineString", "coordinates": [ [ -71.26674, -32.44905, 0.0 ], [ -71.26658, -32.45013, 0.0 ] ] } },
{ "type": "Feature", "properties": { "nombre": "" }, "geometry": { "type": "LineString", "coordinates": [ [ -71.27528, -32.44922, 0.0 ], [ -71.27492, -32.45173, 0.0 ] ] } },
{ "type": "Feature", "properties": { "nombre": "" }, "geometry": { "type": "LineString", "coordinates": [ [ -71.26348, -32.44899, 0.0 ], [ -71.26377, -32.44698, 0.0 ] ] } },
{ "type": "Feature", "properties": { "nombre": "" }, "geometry": { "type": "LineString", "coordinates": [ [ -71.25472, -32.44808, 0.0 ], [ -71.25501, -32.44606, 0.0 ] ] } },
{ "type": "Feature", "properties": { "nombre": "" }, "geometry": { "type": "LineString", "coordinates": [ [ -71.2755, -32.44922, 0.0 ], [ -71.26377, -32.44698, 0.0 ], [ -71.25501, -32.44606, 0.0 ], [ -71.24299, -32.44583, 0.0 ] ] } },
{ "type": "Feature", "properties": { "nombre": "" }, "geometry": { "type": "LineString", "coordinates": [ [ -71.27416, -32.44919, 0.0 ], [ -71.26374, -32.4472, 0.0 ], [ -71.25498, -32.44629, 0.0 ], [ -71.24429, -32.44608, 0.0 ] ] } },
{ "type": "Feature", "properties": { "nombre": "" }, "geometry": { "type": "LineString", "coordinates": [ [ -71.27149, -32.44914, 0.0 ], [ -71.26367, -32.44765, 0.0 ], [ -71.25491, -32.44673, 0.0 ], [ -71.2469, -32.44658, 0.0 ] ] } },
{ "type": "Feature", "properties": { "nombre": "" }, "geometry": { "type": "LineString", "coordinates": [ [ -71.26882, -32.44909, 0.0 ], [ -71.25485, -32.44718, 0.0 ], [ -71.24951, -32.44708, 0.0 ] ] } },
{ "type": "Feature", "properties": { "nombre": "" }, "geometry": { "type": "LineString", "coordinates": [ [ -71.26615, -32.44904, 0.0 ], [ -71.25211, -32.44758, 0.0 ] ] } },
{ "type": "Feature", "properties": { "nombre": "" }, "geometry": { "type": "LineString", "coordinates": [ [ -71.2634, -32.44953, 0.0 ], [ -71.26311, -32.45154, 0.0 ] ] } },
{ "type": "Feature", "properties": { "nombre": "" }, "geometry": { "type": "LineString", "coordinates": [ [ -71.25464, -32.44861, 0.0 ], [ -71.25435, -32.45063, 0.0 ] ] } },
{ "type": "Feature", "properties": { "nombre": "" }, "geometry": { "type": "LineString", "coordinates": [ [ -71.27513, -32.45177, 0.0 ], [ -71.26311, -32.45154, 0.0 ], [ -71.25435, -32.45063, 0.0 ], [ -71.24262, -32.44838, 0.0 ] ] } },
{ "type": "Feature", "properties": { "nombre": "" }, "geometry": { "type": "LineString", "coordinates": [ [ -71.27382, -32.45152, 0.0 ], [ -71.26314, -32.45132, 0.0 ], [ -71.25438, -32.4504, 0.0 ], [ -71.24396, -32.44841, 0.0 ] ] } },
{ "type": "Feature", "properties": { "nombre": "" }, "geometry": { "type": "LineString", "coordinates": [ [ -71.27122, -32.45102, 0.0 ], [ -71.26321, -32.45087, 0.0 ], [ -71.25445, -32.44996, 0.0 ], [ -71.24663, -32.44846, 0.0 ] ] } },
{ "type": "Feature", "properties": { "nombre": "" }, "geometry": { "type": "LineString", "coordinates": [ [ -71.26861, -32.45052, 0.0 ], [ -71.25451, -32.44951, 0.0 ], [ -71.2493, -32.44851, 0.0 ] ] } },
{ "type": "Feature", "properties": { "nombre": "" }, "geometry": { "type": "LineString", "coordinates": [ [ -71.26601, -32.45003, 0.0 ], [ -71.25197, -32.44856, 0.0 ] ] } },
{ "type": "Feature", "properties": { "nombre": "" }, "geometry": { "type": "LineString", "coordinates": [ [ -71.2378, -32.44918, 0.0 ], [ -71.23812, -32.44566, 0.0 ], [ -71.23924, -32.44225, 0.0 ], [ -71.24113, -32.4391, 0.0 ], [ -71.24371, -32.43632, 0.0 ], [ -71.24687, -32.43402, 0.0 ], [ -71.25051, -32.43229, 0.0 ], [ -71.25447, -32.43119, 0.0 ], [ -71.25861, -32.43077, 0.0 ], [ -71.26276, -32.43104, 0.0 ], [ -71.26678, -32.432, 0.0 ], [ -71.2705, -32.4336, 0.0 ], [ -71.27377, -32.43578, 0.0 ], [ -71.27649, -32.43847, 0.0 ], [ -71.27853, -32.44155, 0.0 ], [ -71.27982, -32.44491, 0.0 ], [ -71.28032, -32.44842, 0.0 ], [ -71.28, -32.45194, 0.0 ], [ -71.27888, -32.45535, 0.0 ], [ -71.27699, -32.4585, 0.0 ], [ -71.27441, -32.46128, 0.0 ], [ -71.27125, -32.46358, 0.0 ], [ -71.26761, -32.46531, 0.0 ], [ -71.26365, -32.46641, 0.0 ], [ -71.25951, -32.46683, 0.0 ], [ -71.25535, -32.46656, 0.0 ], [ -71.25134, -32.4656, 0.0 ], [ -71.24762, -32.464, 0.0 ], [ -71.24434, -32.46182, 0.0 ], [ -71.24163, -32.45913, 0.0 ], [ -71.23959, -32.45605, 0.0 ], [ -71.23829, -32.45269, 0.0 ], [ -71.2378, -32.44918, 0.0 ] ] } },
{ "type": "Feature", "properties": { "nombre": "" }, "geometry": { "type": "LineString", "coordinates": [ [ -71.23036, -32.44931, 0.0 ], [ -71.23079, -32.44456, 0.0 ], [ -71.23231, -32.43996, 0.0 ], [ -71.23486, -32.43571, 0.0 ], [ -71.23834, -32.43195, 0.0 ], [ -71.24261, -32.42885, 0.0 ], [ -71.24752, -32.42651, 0.0 ], [ -71.25287, -32.42503, 0.0 ], [ -71.25845, -32.42446, 0.0 ], [ -71.26406, -32.42483, 0.0 ], [ -71.26948, -32.42612, 0.0 ], [ -71.2745, -32.42828, 0.0 ], [ -71.27892, -32.43123, 0.0 ], [ -71.28258, -32.43485, 0.0 ], [ -71.28534, -32.43901, 0.0 ], [ -71.28709, -32.44354, 0.0 ], [ -71.28776, -32.44828, 0.0 ], [ -71.28733, -32.45304, 0.0 ], [ -71.28581, -32.45764, 0.0 ], [ -71.28327, -32.46189, 0.0 ], [ -71.27979, -32.46564, 0.0 ], [ -71.27551, -32.46875, 0.0 ], [ -71.27061, -32.47109, 0.0 ], [ -71.26526, -32.47257, 0.0 ], [ -71.25967, -32.47314, 0.0 ], [ -71.25405, -32.47277, 0.0 ], [ -71.24863, -32.47148, 0.0 ], [ -71.24361, -32.46932, 0.0 ], [ -71.23919, -32.46637, 0.0 ], [ -71.23553, -32.46275, 0.0 ], [ -71.23277, -32.45859, 0.0 ], [ -71.23102, -32.45405, 0.0 ], [ -71.23036, -32.44931, 0.0 ] ] } },
{ "type": "Feature", "properties": { "nombre": "" }, "geometry": { "type": "LineString", "coordinates": [ [ -70.65426, -32.81876, 0.0 ], [ -70.64281, -32.81197, 0.0 ], [ -70.64318, -32.81153, 0.0 ], [ -70.65463, -32.81832, 0.0 ], [ -70.65426, -32.81876, 0.0 ] ] } },
{ "type": "Feature", "properties": { "nombre": "" }, "geometry": { "type": "LineString", "coordinates": [ [ -70.64352, -32.81206, 0.0 ], [ -70.64357, -32.812, 0.0 ], [ -70.65014, -32.8159, 0.0 ], [ -70.65005, -32.81601, 0.0 ], [ -70.64352, -32.81206, 0.0 ] ] } },
{ "type": "Feature", "properties": { "nombre": "" }, "geometry": { "type": "LineString", "coordinates": [ [ -70.65392, -32.81823, 0.0 ], [ -70.65014, -32.8159, 0.0 ], [ -70.65005, -32.81601, 0.0 ], [ -70.65387, -32.81828, 0.0 ], [ -70.65392, -32.81823, 0.0 ] ] } },
{ "type": "Feature", "properties": { "nombre": "" }, "geometry": { "type": "LineString", "coordinates": [ [ -70.64318, -32.81153, 0.0 ], [ -70.61926, -32.79409, 0.0 ], [ -70.61527, -32.79888, 0.0 ], [ -70.64281, -32.81197, 0.0 ], [ -70.64318, -32.81153, 0.0 ] ] } },
{ "type": "Feature", "properties": { "nombre": "" }, "geometry": { "type": "LineString", "coordinates": [ [ -70.64066, -32.80969, 0.0 ], [ -70.63991, -32.81059, 0.0 ] ] } },
{ "type": "Feature", "properties": { "nombre": "" }, "geometry": { "type": "LineString", "coordinates": [ [ -70.63416, -32.80495, 0.0 ], [ -70.63243, -32.80703, 0.0 ] ] } },
{ "type": "Feature", "properties": { "nombre": "" }, "geometry": { "type": "LineString", "coordinates": [ [ -70.65463, -32.81832, 0.0 ], [ -70.68218, -32.8314, 0.0 ], [ -70.6782, -32.83619, 0.0 ], [ -70.65426, -32.81876, 0.0 ], [ -70.65463, -32.81832, 0.0 ] ] } },
{ "type": "Feature", "properties": { "nombre": "" }, "geometry": { "type": "LineString", "coordinates": [ [ -70.65753, -32.81969, 0.0 ], [ -70.65678, -32.82059, 0.0 ] ] } },
{ "type": "Feature", "properties": { "nombre": "" }, "geometry": { "type": "LineString", "coordinates": [ [ -70.66501, -32.82325, 0.0 ], [ -70.66328, -32.82533, 0.0 ] ] } },
{ "type": "Feature", "properties": { "nombre": "" }, "geometry": { "type": "LineString", "coordinates": [ [ -70.64872, -32.81514, 0.0 ], [ -70.64871, -32.81516, 0.0 ] ] } },
{ "type": "Feature", "properties": { "nombre": "" }, "geometry": { "type": "LineString", "coordinates": [ [ -70.62202, -32.81549, 0.0 ], [ -70.62246, -32.81109, 0.0 ], [ -70.6239, -32.80684, 0.0 ], [ -70.6263, -32.80291, 0.0 ], [ -70.62955, -32.79945, 0.0 ], [ -70.63355, -32.79659, 0.0 ], [ -70.63812, -32.79445, 0.0 ], [ -70.64311, -32.7931, 0.0 ], [ -70.6483, -32.7926, 0.0 ], [ -70.65352, -32.79297, 0.0 ], [ -70.65855, -32.79418, 0.0 ], [ -70.6632, -32.7962, 0.0 ], [ -70.6673, -32.79895, 0.0 ], [ -70.67068, -32.80232, 0.0 ], [ -70.67322, -32.80619, 0.0 ], [ -70.67482, -32.8104, 0.0 ], [ -70.67542, -32.81479, 0.0 ], [ -70.67499, -32.81919, 0.0 ], [ -70.67355, -32.82344, 0.0 ], [ -70.67115, -32.82737, 0.0 ], [ -70.66789, -32.83083, 0.0 ], [ -70.6639, -32.83369, 0.0 ], [ -70.65932, -32.83583, 0.0 ], [ -70.65434, -32.83718, 0.0 ], [ -70.64914, -32.83769, 0.0 ], [ -70.64392, -32.83732, 0.0 ], [ -70.63889, -32.8361, 0.0 ], [ -70.63423, -32.83408, 0.0 ], [ -70.63014, -32.83133, 0.0 ], [ -70.62675, -32.82796, 0.0 ], [ -70.62421, -32.82409, 0.0 ], [ -70.62262, -32.81988, 0.0 ], [ -70.62202, -32.81549, 0.0 ] ] } },
{ "type": "Feature", "properties": { "nombre": "" }, "geometry": { "type": "LineString", "coordinates": [ [ -70.61028, -32.81564, 0.0 ], [ -70.6109, -32.8093, 0.0 ], [ -70.61298, -32.80318, 0.0 ], [ -70.61643, -32.79753, 0.0 ], [ -70.62112, -32.79254, 0.0 ], [ -70.62687, -32.78843, 0.0 ], [ -70.63346, -32.78535, 0.0 ], [ -70.64064, -32.7834, 0.0 ], [ -70.64812, -32.78268, 0.0 ], [ -70.65563, -32.78321, 0.0 ], [ -70.66287, -32.78496, 0.0 ], [ -70.66957, -32.78787, 0.0 ], [ -70.67547, -32.79183, 0.0 ], [ -70.68034, -32.79668, 0.0 ], [ -70.684, -32.80225, 0.0 ], [ -70.6863, -32.80831, 0.0 ], [ -70.68716, -32.81463, 0.0 ], [ -70.68654, -32.82097, 0.0 ], [ -70.68447, -32.82709, 0.0 ], [ -70.68102, -32.83275, 0.0 ], [ -70.67633, -32.83773, 0.0 ], [ -70.67058, -32.84185, 0.0 ], [ -70.66399, -32.84494, 0.0 ], [ -70.65681, -32.84688, 0.0 ], [ -70.64932, -32.8476, 0.0 ], [ -70.64181, -32.84708, 0.0 ], [ -70.63456, -32.84533, 0.0 ], [ -70.62786, -32.84241, 0.0 ], [ -70.62196, -32.83845, 0.0 ], [ -70.61708, -32.83359, 0.0 ], [ -70.61343, -32.82803, 0.0 ], [ -70.61113, -32.82197, 0.0 ], [ -70.61028, -32.81564, 0.0 ] ] } },
{ "type": "Feature", "properties": { "nombre": "" }, "geometry": { "type": "LineString", "coordinates": [ [ -70.65463, -32.81832, 0.0 ], [ -70.65601, -32.81666, 0.0 ] ] } },
{ "type": "Feature", "properties": { "nombre": "" }, "geometry": { "type": "LineString", "coordinates": [ [ -70.64318, -32.81153, 0.0 ], [ -70.64456, -32.80987, 0.0 ] ] } },
{ "type": "Feature", "properties": { "nombre": "" }, "geometry": { "type": "LineString", "coordinates": [ [ -70.66739, -32.82438, 0.0 ], [ -70.65601, -32.81666, 0.0 ], [ -70.64456, -32.80987, 0.0 ], [ -70.6321, -32.80345, 0.0 ] ] } },
{ "type": "Feature", "properties": { "nombre": "" }, "geometry": { "type": "LineString", "coordinates": [ [ -70.66597, -32.8237, 0.0 ], [ -70.65586, -32.81684, 0.0 ], [ -70.64441, -32.81005, 0.0 ], [ -70.63333, -32.80435, 0.0 ] ] } },
{ "type": "Feature", "properties": { "nombre": "" }, "geometry": { "type": "LineString", "coordinates": [ [ -70.66313, -32.82236, 0.0 ], [ -70.65555, -32.81721, 0.0 ], [ -70.6441, -32.81042, 0.0 ], [ -70.63579, -32.80614, 0.0 ] ] } },
{ "type": "Feature", "properties": { "nombre": "" }, "geometry": { "type": "LineString", "coordinates": [ [ -70.6603, -32.82101, 0.0 ], [ -70.65524, -32.81758, 0.0 ], [ -70.63826, -32.80794, 0.0 ] ] } },
{ "type": "Feature", "properties": { "nombre": "" }, "geometry": { "type": "LineString", "coordinates": [ [ -70.65746, -32.81966, 0.0 ], [ -70.64072, -32.80973, 0.0 ] ] } },
{ "type": "Feature", "properties": { "nombre": "" }, "geometry": { "type": "LineString", "coordinates": [ [ -70.65426, -32.81876, 0.0 ], [ -70.65288, -32.82042, 0.0 ] ] } },
{ "type": "Feature", "properties": { "nombre": "" }, "geometry": { "type": "LineString", "coordinates": [ [ -70.64281, -32.81197, 0.0 ], [ -70.64143, -32.81363, 0.0 ] ] } },
{ "type": "Feature", "properties": { "nombre": "" }, "geometry": { "type": "LineString", "coordinates": [ [ -70.66534, -32.82683, 0.0 ], [ -70.65288, -32.82042, 0.0 ], [ -70.64143, -32.81363, 0.0 ], [ -70.63006, -32.80591, 0.0 ] ] } },
{ "type": "Feature", "properties": { "nombre": "" }, "geometry": { "type": "LineString", "coordinates": [ [ -70.66411, -32.82593, 0.0 ], [ -70.65303, -32.82023, 0.0 ], [ -70.64158, -32.81345, 0.0 ], [ -70.63148, -32.80658, 0.0 ] ] } },
{ "type": "Feature", "properties": { "nombre": "" }, "geometry": { "type": "LineString", "coordinates": [ [ -70.66165, -32.82414, 0.0 ], [ -70.65334, -32.81987, 0.0 ], [ -70.64189, -32.81308, 0.0 ], [ -70.63431, -32.80793, 0.0 ] ] } },
{ "type": "Feature", "properties": { "nombre": "" }, "geometry": { "type": "LineString", "coordinates": [ [ -70.65919, -32.82235, 0.0 ], [ -70.65365, -32.8195, 0.0 ], [ -70.63714, -32.80928, 0.0 ] ] } },
{ "type": "Feature", "properties": { "nombre": "" }, "geometry": { "type": "LineString", "coordinates": [ [ -70.65672, -32.82055, 0.0 ], [ -70.63998, -32.81062, 0.0 ] ] } },
{ "type": "Feature", "properties": { "nombre": "" }, "geometry": { "type": "LineString", "coordinates": [ [ -70.65489, -33.27328, 0.0 ], [ -70.64591, -33.2674, 0.0 ], [ -70.64631, -33.26697, 0.0 ], [ -70.65528, -33.27285, 0.0 ], [ -70.65489, -33.27328, 0.0 ] ] } },
{ "type": "Feature", "properties": { "nombre": "" }, "geometry": { "type": "LineString", "coordinates": [ [ -70.65392, -33.2724, 0.0 ], [ -70.64716, -33.26797, 0.0 ], [ -70.65404, -33.27227, 0.0 ], [ -70.65392, -33.2724, 0.0 ] ] } },
{ "type": "Feature", "properties": { "nombre": "" }, "geometry": { "type": "LineString", "coordinates": [ [ -70.65404, -33.27227, 0.0 ], [ -70.65464, -33.27267, 0.0 ], [ -70.65392, -33.2724, 0.0 ] ] } },
{ "type": "Feature", "properties": { "nombre": "" }, "geometry": { "type": "LineString", "coordinates": [ [ -70.64728, -33.26785, 0.0 ], [ -70.64656, -33.26758, 0.0 ], [ -70.64716, -33.26797, 0.0 ] ] } },
{ "type": "Feature", "properties": { "nombre": "" }, "geometry": { "type": "LineString", "coordinates": [ [ -70.64631, -33.26697, 0.0 ], [ -70.62625, -33.2509, 0.0 ], [ -70.62246, -33.25498, 0.0 ], [ -70.64591, -33.2674, 0.0 ], [ -70.64631, -33.26697, 0.0 ] ] } },
{ "type": "Feature", "properties": { "nombre": "" }, "geometry": { "type": "LineString", "coordinates": [ [ -70.64313, -33.26593, 0.0 ], [ -70.64393, -33.26507, 0.0 ] ] } },
{ "type": "Feature", "properties": { "nombre": "" }, "geometry": { "type": "LineString", "coordinates": [ [ -70.63583, -33.26206, 0.0 ], [ -70.63768, -33.26006, 0.0 ] ] } },
{ "type": "Feature", "properties": { "nombre": "" }, "geometry": { "type": "LineString", "coordinates": [ [ -70.6506, -33.27012, 0.0 ], [ -70.65057, -33.27016, 0.0 ] ] } },
{ "type": "Feature", "properties": { "nombre": "" }, "geometry": { "type": "LineString", "coordinates": [ [ -70.65528, -33.27285, 0.0 ], [ -70.67875, -33.28526, 0.0 ], [ -70.67496, -33.28934, 0.0 ], [ -70.65489, -33.27328, 0.0 ], [ -70.65528, -33.27285, 0.0 ] ] } },
{ "type": "Feature", "properties": { "nombre": "" }, "geometry": { "type": "LineString", "coordinates": [ [ -70.65727, -33.27518, 0.0 ], [ -70.65807, -33.27432, 0.0 ] ] } },
{ "type": "Feature", "properties": { "nombre": "" }, "geometry": { "type": "LineString", "coordinates": [ [ -70.66352, -33.28018, 0.0 ], [ -70.66537, -33.27819, 0.0 ] ] } },
{ "type": "Feature", "properties": { "nombre": "" }, "geometry": { "type": "LineString", "coordinates": [ [ -70.62913, -33.27041, 0.0 ], [ -70.62948, -33.26688, 0.0 ], [ -70.63064, -33.26349, 0.0 ], [ -70.63256, -33.26034, 0.0 ], [ -70.63518, -33.25757, 0.0 ], [ -70.63839, -33.25529, 0.0 ], [ -70.64207, -33.25357, 0.0 ], [ -70.64608, -33.25249, 0.0 ], [ -70.65026, -33.25209, 0.0 ], [ -70.65445, -33.25238, 0.0 ], [ -70.6585, -33.25336, 0.0 ], [ -70.66224, -33.25497, 0.0 ], [ -70.66554, -33.25717, 0.0 ], [ -70.66826, -33.25987, 0.0 ], [ -70.6703, -33.26296, 0.0 ], [ -70.67159, -33.26633, 0.0 ], [ -70.67206, -33.26984, 0.0 ], [ -70.67172, -33.27336, 0.0 ], [ -70.67056, -33.27676, 0.0 ], [ -70.66864, -33.2799, 0.0 ], [ -70.66602, -33.28267, 0.0 ], [ -70.66281, -33.28496, 0.0 ], [ -70.65913, -33.28667, 0.0 ], [ -70.65512, -33.28775, 0.0 ], [ -70.65094, -33.28816, 0.0 ], [ -70.64674, -33.28787, 0.0 ], [ -70.6427, -33.28689, 0.0 ], [ -70.63895, -33.28528, 0.0 ], [ -70.63566, -33.28308, 0.0 ], [ -70.63294, -33.28038, 0.0 ], [ -70.63089, -33.27729, 0.0 ], [ -70.62961, -33.27392, 0.0 ], [ -70.62913, -33.27041, 0.0 ] ] } },
{ "type": "Feature", "properties": { "nombre": "" }, "geometry": { "type": "LineString", "coordinates": [ [ -70.61733, -33.27056, 0.0 ], [ -70.61786, -33.2651, 0.0 ], [ -70.61966, -33.25983, 0.0 ], [ -70.62265, -33.25496, 0.0 ], [ -70.6267, -33.25067, 0.0 ], [ -70.63168, -33.24713, 0.0 ], [ -70.63738, -33.24447, 0.0 ], [ -70.64359, -33.2428, 0.0 ], [ -70.65007, -33.24217, 0.0 ], [ -70.65657, -33.24263, 0.0 ], [ -70.66284, -33.24413, 0.0 ], [ -70.66864, -33.24664, 0.0 ], [ -70.67375, -33.25005, 0.0 ], [ -70.67797, -33.25423, 0.0 ], [ -70.68113, -33.25902, 0.0 ], [ -70.68313, -33.26423, 0.0 ], [ -70.68387, -33.26968, 0.0 ], [ -70.68334, -33.27514, 0.0 ], [ -70.68154, -33.28041, 0.0 ], [ -70.67856, -33.28528, 0.0 ], [ -70.6745, -33.28957, 0.0 ], [ -70.66953, -33.29312, 0.0 ], [ -70.66382, -33.29578, 0.0 ], [ -70.65761, -33.29745, 0.0 ], [ -70.65112, -33.29807, 0.0 ], [ -70.64462, -33.29762, 0.0 ], [ -70.63835, -33.29612, 0.0 ], [ -70.63255, -33.29361, 0.0 ], [ -70.62744, -33.2902, 0.0 ], [ -70.62322, -33.28602, 0.0 ], [ -70.62006, -33.28123, 0.0 ], [ -70.61807, -33.27601, 0.0 ], [ -70.61733, -33.27056, 0.0 ] ] } },
{ "type": "Feature", "properties": { "nombre": "" }, "geometry": { "type": "LineString", "coordinates": [ [ -70.64631, -33.26697, 0.0 ], [ -70.64779, -33.26537, 0.0 ] ] } },
{ "type": "Feature", "properties": { "nombre": "" }, "geometry": { "type": "LineString", "coordinates": [ [ -70.65528, -33.27285, 0.0 ], [ -70.65677, -33.27125, 0.0 ] ] } },
{ "type": "Feature", "properties": { "nombre": "" }, "geometry": { "type": "LineString", "coordinates": [ [ -70.66898, -33.28009, 0.0 ], [ -70.64779, -33.26537, 0.0 ], [ -70.63753, -33.25994, 0.0 ] ] } },
{ "type": "Feature", "properties": { "nombre": "" }, "geometry": { "type": "LineString", "coordinates": [ [ -70.66746, -33.27929, 0.0 ], [ -70.64763, -33.26555, 0.0 ], [ -70.6385, -33.26072, 0.0 ] ] } },
{ "type": "Feature", "properties": { "nombre": "" }, "geometry": { "type": "LineString", "coordinates": [ [ -70.66441, -33.27768, 0.0 ], [ -70.6473, -33.26591, 0.0 ], [ -70.64045, -33.26228, 0.0 ] ] } },
{ "type": "Feature", "properties": { "nombre": "" }, "geometry": { "type": "LineString", "coordinates": [ [ -70.66137, -33.27607, 0.0 ], [ -70.64697, -33.26626, 0.0 ], [ -70.64241, -33.26385, 0.0 ] ] } },
{ "type": "Feature", "properties": { "nombre": "" }, "geometry": { "type": "LineString", "coordinates": [ [ -70.65833, -33.27446, 0.0 ], [ -70.64436, -33.26541, 0.0 ] ] } },
{ "type": "Feature", "properties": { "nombre": "" }, "geometry": { "type": "LineString", "coordinates": [ [ -70.64591, -33.2674, 0.0 ], [ -70.64443, -33.269, 0.0 ] ] } },
{ "type": "Feature", "properties": { "nombre": "" }, "geometry": { "type": "LineString", "coordinates": [ [ -70.65489, -33.27328, 0.0 ], [ -70.6534, -33.27488, 0.0 ] ] } },
{ "type": "Feature", "properties": { "nombre": "" }, "geometry": { "type": "LineString", "coordinates": [ [ -70.6666, -33.28265, 0.0 ], [ -70.64443, -33.269, 0.0 ], [ -70.63565, -33.26196, 0.0 ] ] } },
{ "type": "Feature", "properties": { "nombre": "" }, "geometry": { "type": "LineString", "coordinates": [ [ -70.6653, -33.28161, 0.0 ], [ -70.64459, -33.26882, 0.0 ], [ -70.63679, -33.26257, 0.0 ] ] } },
{ "type": "Feature", "properties": { "nombre": "" }, "geometry": { "type": "LineString", "coordinates": [ [ -70.6627, -33.27953, 0.0 ], [ -70.64492, -33.26847, 0.0 ], [ -70.63907, -33.26378, 0.0 ] ] } },
{ "type": "Feature", "properties": { "nombre": "" }, "geometry": { "type": "LineString", "coordinates": [ [ -70.66009, -33.27744, 0.0 ], [ -70.64525, -33.26811, 0.0 ], [ -70.64135, -33.26498, 0.0 ] ] } },
{ "type": "Feature", "properties": { "nombre": "" }, "geometry": { "type": "LineString", "coordinates": [ [ -70.65749, -33.27536, 0.0 ], [ -70.64363, -33.26619, 0.0 ] ] } },
{ "type": "Feature", "properties": { "nombre": "" }, "geometry": { "type": "LineString", "coordinates": [ [ -70.71183, -33.05529, 0.0 ], [ -70.70515, -33.0469, 0.0 ], [ -70.70586, -33.0465, 0.0 ], [ -70.71254, -33.05489, 0.0 ], [ -70.71183, -33.05529, 0.0 ] ] } },
{ "type": "Feature", "properties": { "nombre": "" }, "geometry": { "type": "LineString", "coordinates": [ [ -70.71183, -33.05464, 0.0 ], [ -70.70595, -33.0471, 0.0 ], [ -70.70577, -33.0472, 0.0 ], [ -70.71174, -33.05469, 0.0 ], [ -70.71183, -33.05464, 0.0 ] ] } },
{ "type": "Feature", "properties": { "nombre": "" }, "geometry": { "type": "LineString", "coordinates": [ [ -70.70586, -33.0465, 0.0 ], [ -70.69043, -33.02221, 0.0 ], [ -70.68431, -33.02567, 0.0 ], [ -70.70515, -33.0469, 0.0 ], [ -70.70586, -33.0465, 0.0 ] ] } },
{ "type": "Feature", "properties": { "nombre": "" }, "geometry": { "type": "LineString", "coordinates": [ [ -70.70306, -33.04477, 0.0 ], [ -70.70431, -33.04406, 0.0 ] ] } },
{ "type": "Feature", "properties": { "nombre": "" }, "geometry": { "type": "LineString", "coordinates": [ [ -70.69757, -33.03918, 0.0 ], [ -70.70025, -33.03767, 0.0 ] ] } },
{ "type": "Feature", "properties": { "nombre": "" }, "geometry": { "type": "LineString", "coordinates": [ [ -70.70885, -33.0509, 0.0 ], [ -70.70886, -33.05091, 0.0 ] ] } },
{ "type": "Feature", "properties": { "nombre": "" }, "geometry": { "type": "LineString", "coordinates": [ [ -70.71254, -33.05489, 0.0 ], [ -70.73339, -33.07612, 0.0 ], [ -70.72728, -33.07958, 0.0 ], [ -70.71183, -33.05529, 0.0 ], [ -70.71254, -33.05489, 0.0 ] ] } },
{ "type": "Feature", "properties": { "nombre": "" }, "geometry": { "type": "LineString", "coordinates": [ [ -70.71338, -33.05773, 0.0 ], [ -70.71464, -33.05702, 0.0 ] ] } },
{ "type": "Feature", "properties": { "nombre": "" }, "geometry": { "type": "LineString", "coordinates": [ [ -70.71745, -33.06412, 0.0 ], [ -70.72012, -33.0626, 0.0 ] ] } },
{ "type": "Feature", "properties": { "nombre": "" }, "geometry": { "type": "LineString", "coordinates": [ [ -70.68208, -33.05126, 0.0 ], [ -70.68251, -33.04685, 0.0 ], [ -70.68395, -33.04261, 0.0 ], [ -70.68635, -33.03868, 0.0 ], [ -70.68962, -33.03521, 0.0 ], [ -70.69362, -33.03236, 0.0 ], [ -70.6982, -33.03021, 0.0 ], [ -70.7032, -33.02886, 0.0 ], [ -70.70841, -33.02835, 0.0 ], [ -70.71364, -33.02872, 0.0 ], [ -70.71868, -33.02993, 0.0 ], [ -70.72335, -33.03195, 0.0 ], [ -70.72746, -33.0347, 0.0 ], [ -70.73086, -33.03807, 0.0 ], [ -70.73341, -33.04193, 0.0 ], [ -70.73501, -33.04614, 0.0 ], [ -70.73561, -33.05053, 0.0 ], [ -70.73518, -33.05493, 0.0 ], [ -70.73374, -33.05918, 0.0 ], [ -70.73135, -33.06311, 0.0 ], [ -70.72808, -33.06657, 0.0 ], [ -70.72408, -33.06943, 0.0 ], [ -70.71949, -33.07158, 0.0 ], [ -70.7145, -33.07293, 0.0 ], [ -70.70928, -33.07344, 0.0 ], [ -70.70405, -33.07307, 0.0 ], [ -70.699, -33.07186, 0.0 ], [ -70.69434, -33.06984, 0.0 ], [ -70.69023, -33.06709, 0.0 ], [ -70.68683, -33.06372, 0.0 ], [ -70.68428, -33.05986, 0.0 ], [ -70.68268, -33.05565, 0.0 ], [ -70.68208, -33.05126, 0.0 ] ] } },
{ "type": "Feature", "properties": { "nombre": "" }, "geometry": { "type": "LineString", "coordinates": [ [ -70.6703, -33.05142, 0.0 ], [ -70.67092, -33.04508, 0.0 ], [ -70.673, -33.03896, 0.0 ], [ -70.67646, -33.0333, 0.0 ], [ -70.68116, -33.02831, 0.0 ], [ -70.68692, -33.0242, 0.0 ], [ -70.69352, -33.02111, 0.0 ], [ -70.70072, -33.01916, 0.0 ], [ -70.70822, -33.01844, 0.0 ], [ -70.71575, -33.01896, 0.0 ], [ -70.72301, -33.0207, 0.0 ], [ -70.72973, -33.02361, 0.0 ], [ -70.73565, -33.02757, 0.0 ], [ -70.74054, -33.03242, 0.0 ], [ -70.74421, -33.03798, 0.0 ], [ -70.74652, -33.04404, 0.0 ], [ -70.74739, -33.05036, 0.0 ], [ -70.74677, -33.0567, 0.0 ], [ -70.7447, -33.06282, 0.0 ], [ -70.74125, -33.06848, 0.0 ], [ -70.73655, -33.07347, 0.0 ], [ -70.73079, -33.07759, 0.0 ], [ -70.72418, -33.08068, 0.0 ], [ -70.71698, -33.08263, 0.0 ], [ -70.70947, -33.08335, 0.0 ], [ -70.70194, -33.08283, 0.0 ], [ -70.69467, -33.08108, 0.0 ], [ -70.68795, -33.07818, 0.0 ], [ -70.68203, -33.07422, 0.0 ], [ -70.67714, -33.06936, 0.0 ], [ -70.67347, -33.0638, 0.0 ], [ -70.67116, -33.05774, 0.0 ], [ -70.6703, -33.05142, 0.0 ] ] } },
{ "type": "Feature", "properties": { "nombre": "" }, "geometry": { "type": "LineString", "coordinates": [ [ -70.71254, -33.05489, 0.0 ], [ -70.71454, -33.05376, 0.0 ] ] } },
{ "type": "Feature", "properties": { "nombre": "" }, "geometry": { "type": "LineString", "coordinates": [ [ -70.70586, -33.0465, 0.0 ], [ -70.70786, -33.04537, 0.0 ] ] } },
{ "type": "Feature", "properties": { "nombre": "" }, "geometry": { "type": "LineString", "coordinates": [ [ -70.72181, -33.06433, 0.0 ], [ -70.71454, -33.05376, 0.0 ], [ -70.70786, -33.04537, 0.0 ], [ -70.699, -33.0357, 0.0 ] ] } },
{ "type": "Feature", "properties": { "nombre": "" }, "geometry": { "type": "LineString", "coordinates": [ [ -70.72078, -33.06328, 0.0 ], [ -70.71432, -33.05388, 0.0 ], [ -70.70764, -33.0455, 0.0 ], [ -70.69976, -33.0369, 0.0 ] ] } },
{ "type": "Feature", "properties": { "nombre": "" }, "geometry": { "type": "LineString", "coordinates": [ [ -70.71872, -33.06118, 0.0 ], [ -70.71388, -33.05413, 0.0 ], [ -70.70719, -33.04575, 0.0 ], [ -70.70129, -33.0393, 0.0 ] ] } },
{ "type": "Feature", "properties": { "nombre": "" }, "geometry": { "type": "LineString", "coordinates": [ [ -70.71666, -33.05908, 0.0 ], [ -70.71343, -33.05438, 0.0 ], [ -70.70281, -33.0417, 0.0 ] ] } },
{ "type": "Feature", "properties": { "nombre": "" }, "geometry": { "type": "LineString", "coordinates": [ [ -70.7146, -33.05698, 0.0 ], [ -70.70434, -33.0441, 0.0 ] ] } },
{ "type": "Feature", "properties": { "nombre": "" }, "geometry": { "type": "LineString", "coordinates": [ [ -70.71183, -33.05529, 0.0 ], [ -70.70983, -33.05642, 0.0 ] ] } },
{ "type": "Feature", "properties": { "nombre": "" }, "geometry": { "type": "LineString", "coordinates": [ [ -70.70515, -33.0469, 0.0 ], [ -70.70315, -33.04803, 0.0 ] ] } },
{ "type": "Feature", "properties": { "nombre": "" }, "geometry": { "type": "LineString", "coordinates": [ [ -70.7187, -33.06609, 0.0 ], [ -70.70983, -33.05642, 0.0 ], [ -70.70315, -33.04803, 0.0 ], [ -70.69589, -33.03746, 0.0 ] ] } },
{ "type": "Feature", "properties": { "nombre": "" }, "geometry": { "type": "LineString", "coordinates": [ [ -70.71793, -33.06489, 0.0 ], [ -70.71005, -33.05629, 0.0 ], [ -70.70337, -33.04791, 0.0 ], [ -70.69692, -33.03851, 0.0 ] ] } },
{ "type": "Feature", "properties": { "nombre": "" }, "geometry": { "type": "LineString", "coordinates": [ [ -70.71641, -33.06249, 0.0 ], [ -70.7105, -33.05604, 0.0 ], [ -70.70382, -33.04766, 0.0 ], [ -70.69897, -33.04061, 0.0 ] ] } },
{ "type": "Feature", "properties": { "nombre": "" }, "geometry": { "type": "LineString", "coordinates": [ [ -70.71488, -33.06009, 0.0 ], [ -70.71094, -33.05579, 0.0 ], [ -70.70103, -33.04271, 0.0 ] ] } },
{ "type": "Feature", "properties": { "nombre": "" }, "geometry": { "type": "LineString", "coordinates": [ [ -70.71336, -33.05769, 0.0 ], [ -70.70309, -33.04481, 0.0 ] ] } },
{ "type": "Feature", "properties": { "nombre": "" }, "geometry": { "type": "Point", "coordinates": [ -70.65718, -33.44846, 0.0 ] } },
{ "type": "Feature", "properties": { "nombre": "" }, "geometry": { "type": "Point", "coordinates": [ -70.65723, -33.45093, 0.0 ] } },
{ "type": "Feature", "properties": { "nombre": "" }, "geometry": { "type": "Point", "coordinates": [ -70.65512, -33.44945, 0.0 ] } },
{ "type": "Feature", "properties": { "nombre": "" }, "geometry": { "type": "Point", "coordinates": [ -70.65512, -33.44936, 0.0 ] } },
{ "type": "Feature", "properties": { "nombre": "" }, "geometry": { "type": "Point", "coordinates": [ -70.65512, -33.44927, 0.0 ] } },
{ "type": "Feature", "properties": { "nombre": "" }, "geometry": { "type": "Point", "coordinates": [ -70.65512, -33.44918, 0.0 ] } },
{ "type": "Feature", "properties": { "nombre": "" }, "geometry": { "type": "Point", "coordinates": [ -70.65512, -33.44909, 0.0 ] } },
{ "type": "Feature", "properties": { "nombre": "" }, "geometry": { "type": "Point", "coordinates": [ -70.65511, -33.449, 0.0 ] } },
{ "type": "Feature", "properties": { "nombre": "" }, "geometry": { "type": "Point", "coordinates": [ -70.65511, -33.44891, 0.0 ] } },
{ "type": "Feature", "properties": { "nombre": "" }, "geometry": { "type": "Point", "coordinates": [ -70.65511, -33.44882, 0.0 ] } },
{ "type": "Feature", "properties": { "nombre": "" }, "geometry": { "type": "Point", "coordinates": [ -70.65511, -33.44873, 0.0 ] } },
{ "type": "Feature", "properties": { "nombre": "" }, "geometry": { "type": "Point", "coordinates": [ -70.65511, -33.44863, 0.0 ] } },
{ "type": "Feature", "properties": { "nombre": "" }, "geometry": { "type": "Point", "coordinates": [ -70.6551, -33.44854, 0.0 ] } },
{ "type": "Feature", "properties": { "nombre": "" }, "geometry": { "type": "Point", "coordinates": [ -70.6551, -33.44845, 0.0 ] } },
{ "type": "Feature", "properties": { "nombre": "" }, "geometry": { "type": "Point", "coordinates": [ -70.6551, -33.44836, 0.0 ] } },
{ "type": "Feature", "properties": { "nombre": "" }, "geometry": { "type": "Point", "coordinates": [ -70.6551, -33.44827, 0.0 ] } },
{ "type": "Feature", "properties": { "nombre": "" }, "geometry": { "type": "Point", "coordinates": [ -70.6551, -33.44818, 0.0 ] } },
{ "type": "Feature", "properties": { "nombre": "" }, "geometry": { "type": "Point", "coordinates": [ -70.6551, -33.44809, 0.0 ] } },
{ "type": "Feature", "properties": { "nombre": "" }, "geometry": { "type": "Point", "coordinates": [ -70.77921, -33.43151, 0.0 ] } },
{ "type": "Feature", "properties": { "nombre": "" }, "geometry": { "type": "Point", "coordinates": [ -70.74252, -33.43219, 0.0 ] } },
{ "type": "Feature", "properties": { "nombre": "" }, "geometry": { "type": "Point", "coordinates": [ -70.77915, -33.43144, 0.0 ] } },
{ "type": "Feature", "properties": { "nombre": "" }, "geometry": { "type": "Point", "coordinates": [ -70.74245, -33.43212, 0.0 ] } },
{ "type": "Feature", "properties": { "nombre": "" }, "geometry": { "type": "Point", "coordinates": [ -70.77921, -33.43151, 0.0 ] } },
{ "type": "Feature", "properties": { "nombre": "" }, "geometry": { "type": "Point", "coordinates": [ -70.74252, -33.43219, 0.0 ] } },
{ "type": "Feature", "properties": { "nombre": "" }, "geometry": { "type": "Point", "coordinates": [ -70.77915, -33.43144, 0.0 ] } },
{ "type": "Feature", "properties": { "nombre": "" }, "geometry": { "type": "Point", "coordinates": [ -70.74245, -33.43212, 0.0 ] } },
{ "type": "Feature", "properties": { "nombre": "" }, "geometry": { "type": "Polygon", "coordinates": [ [ [ -70.80162, -33.41495, 0.0 ], [ -70.80119, -33.41472, 0.0 ], [ -70.80164, -33.41453, 0.0 ], [ -70.80162, -33.41495, 0.0 ] ] ] } },
{ "type": "Feature", "properties": { "nombre": "" }, "geometry": { "type": "Polygon", "coordinates": [ [ [ -70.80121, -33.41448, 0.0 ], [ -70.80179, -33.4145, 0.0 ], [ -70.80176, -33.41499, 0.0 ], [ -70.80118, -33.41497, 0.0 ], [ -70.80121, -33.41448, 0.0 ] ] ] } },
{ "type": "Feature", "properties": { "nombre": "" }, "geometry": { "type": "Polygon", "coordinates": [ [ [ -70.78456, -33.41996, 0.0 ], [ -70.78413, -33.41973, 0.0 ], [ -70.78458, -33.41953, 0.0 ], [ -70.78456, -33.41996, 0.0 ] ] ] } },
{ "type": "Feature", "properties": { "nombre": "" }, "geometry": { "type": "Polygon", "coordinates": [ [ [ -70.78414, -33.41948, 0.0 ], [ -70.78472, -33.41951, 0.0 ], [ -70.7847, -33.41999, 0.0 ], [ -70.78412, -33.41997, 0.0 ], [ -70.78414, -33.41948, 0.0 ] ] ] } },
{ "type": "Feature", "properties": { "nombre": "" }, "geometry": { "type": "Polygon", "coordinates": [ [ [ -70.78737, -33.36664, 0.0 ], [ -70.78694, -33.36641, 0.0 ], [ -70.78739, -33.36621, 0.0 ], [ -70.78737, -33.36664, 0.0 ] ] ] } },
{ "type": "Feature", "properties": { "nombre": "" }, "geometry": { "type": "Polygon", "coordinates": [ [ [ -70.78695, -33.36616, 0.0 ], [ -70.78754, -33.36619, 0.0 ], [ -70.78751, -33.36667, 0.0 ], [ -70.78693, -33.36665, 0.0 ], [ -70.78695, -33.36616, 0.0 ] ] ] } },
{ "type": "Feature", "properties": { "nombre": "" }, "geometry": { "type": "Polygon", "coordinates": [ [ [ -70.80396, -33.37196, 0.0 ], [ -70.80215, -33.40619, 0.0 ], [ -70.80167, -33.40617, 0.0 ], [ -70.80348, -33.37194, 0.0 ], [ -70.80396, -33.37196, 0.0 ] ] ] } },
{ "type": "Feature", "properties": { "nombre": "" }, "geometry": { "type": "Polygon", "coordinates": [ [ [ -70.78517, -33.40986, 0.0 ], [ -70.78458, -33.40984, 0.0 ], [ -70.78641, -33.37606, 0.0 ], [ -70.787, -33.37608, 0.0 ], [ -70.78517, -33.40986, 0.0 ] ] ] } },
{ "type": "Feature", "properties": { "nombre": "h=80 m_17R" }, "geometry": { "type": "LineString", "coordinates": [ [ -70.81729, -33.32034, 0.0 ], [ -70.79568, -33.31954, -0.0 ] ] } },
{ "type": "Feature", "properties": { "nombre": "h=80 m_35L" }, "geometry": { "type": "LineString", "coordinates": [ [ -70.80988, -33.46039, -0.0 ], [ -70.78823, -33.45958, -0.0 ] ] } },
{ "type": "Feature", "properties": { "nombre": "h=80 m_17L" }, "geometry": { "type": "LineString", "coordinates": [ [ -70.80034, -33.32447, 0.0 ], [ -70.77873, -33.32366, 0.0 ] ] } },
{ "type": "Feature", "properties": { "nombre": "h=80_35R" }, "geometry": { "type": "LineString", "coordinates": [ [ -70.79095, -33.44672, 0.0 ], [ -70.77483, -33.44612, 0.0 ] ] } },
{ "type": "Feature", "properties": { "nombre": "" }, "geometry": { "type": "LineString", "coordinates": [ [ -70.80779, -33.44369, 0.0 ], [ -70.81489, -33.44233, 0.0 ], [ -70.82191, -33.43986, 0.0 ], [ -70.82804, -33.43656, 0.0 ], [ -70.83364, -33.43224, 0.0 ], [ -70.83806, -33.42739, 0.0 ], [ -70.84157, -33.42172, 0.0 ], [ -70.84377, -33.4159, 0.0 ], [ -70.84477, -33.40957, 0.0 ], [ -70.84671, -33.3716, 0.0 ], [ -70.84602, -33.36552, 0.0 ], [ -70.84412, -33.35962, 0.0 ], [ -70.842, -33.35555, 0.0 ], [ -70.83931, -33.35172, 0.0 ], [ -70.83235, -33.34505, 0.0 ], [ -70.82366, -33.34, 0.0 ], [ -70.81344, -33.33681, 0.0 ] ] } },
{ "type": "Feature", "properties": { "nombre": "" }, "geometry": { "type": "LineString", "coordinates": [ [ -70.81003, -33.46163, 0.0 ], [ -70.8208, -33.45968, 0.0 ], [ -70.83147, -33.45602, 0.0 ], [ -70.84078, -33.45109, 0.0 ], [ -70.8493, -33.4446, 0.0 ], [ -70.85604, -33.43729, 0.0 ], [ -70.86139, -33.42873, 0.0 ], [ -70.86473, -33.41993, 0.0 ], [ -70.86626, -33.41036, 0.0 ], [ -70.86812, -33.36929, 0.0 ], [ -70.86642, -33.35932, 0.0 ], [ -70.86254, -33.34979, 0.0 ], [ -70.85906, -33.3442, 0.0 ], [ -70.85484, -33.33899, 0.0 ], [ -70.84993, -33.33422, 0.0 ], [ -70.84439, -33.32997, 0.0 ], [ -70.8383, -33.32629, 0.0 ], [ -70.83174, -33.32322, 0.0 ], [ -70.8248, -33.32082, 0.0 ], [ -70.81757, -33.31911, 0.0 ] ] } },
{ "type": "Feature", "properties": { "nombre": "" }, "geometry": { "type": "LineString", "coordinates": [ [ -70.77509, -33.44498, 0.0 ], [ -70.76518, -33.44191, 0.0 ], [ -70.75647, -33.43691, 0.0 ], [ -70.74947, -33.43027, 0.0 ], [ -70.74675, -33.42647, 0.0 ], [ -70.74461, -33.42241, 0.0 ], [ -70.74266, -33.41654, 0.0 ], [ -70.74193, -33.41047, 0.0 ], [ -70.74378, -33.37454, 0.0 ], [ -70.74472, -33.36848, 0.0 ], [ -70.74699, -33.36238, 0.0 ], [ -70.75034, -33.35695, 0.0 ], [ -70.75494, -33.35187, 0.0 ], [ -70.76028, -33.34772, 0.0 ], [ -70.76667, -33.34425, 0.0 ], [ -70.77338, -33.34187, 0.0 ], [ -70.78079, -33.34043, 0.0 ] ] } },
{ "type": "Feature", "properties": { "nombre": "" }, "geometry": { "type": "LineString", "coordinates": [ [ -70.77093, -33.46268, 0.0 ], [ -70.76371, -33.46096, 0.0 ], [ -70.75723, -33.45873, 0.0 ], [ -70.75065, -33.4557, 0.0 ], [ -70.74453, -33.45205, 0.0 ], [ -70.73896, -33.44783, 0.0 ], [ -70.73401, -33.44309, 0.0 ], [ -70.72976, -33.43791, 0.0 ], [ -70.72625, -33.43234, 0.0 ], [ -70.7223, -33.42284, 0.0 ], [ -70.72052, -33.41289, 0.0 ], [ -70.72231, -33.37372, 0.0 ], [ -70.72374, -33.36456, 0.0 ], [ -70.72721, -33.35535, 0.0 ], [ -70.7323, -33.34715, 0.0 ], [ -70.73931, -33.33949, 0.0 ], [ -70.74744, -33.33326, 0.0 ], [ -70.75716, -33.32808, 0.0 ], [ -70.76734, -33.32456, 0.0 ], [ -70.77858, -33.32249, 0.0 ] ] } },
{ "type": "Feature", "properties": { "nombre": "" }, "geometry": { "type": "LineString", "coordinates": [ [ -70.8034, -33.40858, 0.0 ], [ -70.80017, -33.40846, 0.0 ], [ -70.7688, -33.54267, 0.0 ], [ -70.82043, -33.54459, 0.0 ], [ -70.8034, -33.40858, 0.0 ] ] } },
{ "type": "Feature", "properties": { "nombre": "" }, "geometry": { "type": "LineString", "coordinates": [ [ -70.75168, -33.54451, 0.0 ], [ -70.78323, -33.41033, 0.0 ], [ -70.78646, -33.41045, 0.0 ], [ -70.80333, -33.54648, 0.0 ], [ -70.75168, -33.54451, 0.0 ] ] } },
{ "type": "Feature", "properties": { "nombre": "" }, "geometry": { "type": "LineString", "coordinates": [ [ -70.80536, -33.37147, 0.0 ], [ -70.83663, -33.23725, 0.0 ], [ -70.78518, -33.23532, 0.0 ], [ -70.80214, -33.37135, 0.0 ], [ -70.80536, -33.37147, 0.0 ] ] } },
{ "type": "Feature", "properties": { "nombre": "" }, "geometry": { "type": "LineString", "coordinates": [ [ -70.8198, -33.2414, 0.0 ], [ -70.78835, -33.37559, 0.0 ], [ -70.78512, -33.37547, 0.0 ], [ -70.76833, -33.23943, 0.0 ], [ -70.8198, -33.2414, 0.0 ] ] } },
{ "type": "Feature", "properties": { "nombre": "" }, "geometry": { "type": "LineString", "coordinates": [ [ -70.80568, -33.42687, 0.0 ], [ -70.79596, -33.42651, 0.0 ] ] } },
{ "type": "Feature", "properties": { "nombre": "" }, "geometry": { "type": "LineString", "coordinates": [ [ -70.79909, -33.41309, 0.0 ], [ -70.80398, -33.41327, 0.0 ] ] } },
{ "type": "Feature", "properties": { "nombre": "" }, "geometry": { "type": "LineString", "coordinates": [ [ -70.78838, -33.42596, 0.0 ], [ -70.77964, -33.42563, 0.0 ] ] } },
{ "type": "Feature", "properties": { "nombre": "" }, "geometry": { "type": "LineString", "coordinates": [ [ -70.78704, -33.41515, 0.0 ], [ -70.78214, -33.41496, 0.0 ] ] } },
{ "type": "Feature", "properties": { "nombre": "" }, "geometry": { "type": "LineString", "coordinates": [ [ -70.80644, -33.36683, 0.0 ], [ -70.80155, -33.36665, 0.0 ] ] } },
{ "type": "Feature", "properties": { "nombre": "" }, "geometry": { "type": "LineString", "coordinates": [ [ -70.80957, -33.35341, 0.0 ], [ -70.79986, -33.35305, 0.0 ] ] } },
{ "type": "Feature", "properties": { "nombre": "" }, "geometry": { "type": "LineString", "coordinates": [ [ -70.78944, -33.37096, 0.0 ], [ -70.78454, -33.37077, 0.0 ] ] } },
{ "type": "Feature", "properties": { "nombre": "" }, "geometry": { "type": "LineString", "coordinates": [ [ -70.79259, -33.35754, 0.0 ], [ -70.78286, -33.35717, 0.0 ] ] } },
{ "type": "Feature", "properties": { "nombre": "" }, "geometry": { "type": "LineString", "coordinates": [ [ -70.79933, -33.41477, 0.0 ], [ -70.79994, -33.41348, 0.0 ], [ -70.80145, -33.41293, 0.0 ], [ -70.80298, -33.41344, 0.0 ], [ -70.80363, -33.4147, 0.0 ], [ -70.80303, -33.41599, 0.0 ], [ -70.80152, -33.41654, 0.0 ], [ -70.79999, -33.41603, 0.0 ], [ -70.79933, -33.41477, 0.0 ] ] } },
{ "type": "Feature", "properties": { "nombre": "" }, "geometry": { "type": "LineString", "coordinates": [ [ -70.78227, -33.41977, 0.0 ], [ -70.78287, -33.41849, 0.0 ], [ -70.78438, -33.41794, 0.0 ], [ -70.78591, -33.41844, 0.0 ], [ -70.78657, -33.41971, 0.0 ], [ -70.78597, -33.42099, 0.0 ], [ -70.78446, -33.42154, 0.0 ], [ -70.78293, -33.42104, 0.0 ], [ -70.78227, -33.41977, 0.0 ] ] } },
{ "type": "Feature", "properties": { "nombre": "" }, "geometry": { "type": "LineString", "coordinates": [ [ -70.77367, -33.41989, 0.0 ], [ -70.77442, -33.41643, 0.0 ], [ -70.77669, -33.41347, 0.0 ], [ -70.78014, -33.41147, 0.0 ], [ -70.78424, -33.41072, 0.0 ], [ -70.78836, -33.41135, 0.0 ], [ -70.79189, -33.41325, 0.0 ], [ -70.79428, -33.41614, 0.0 ], [ -70.79517, -33.41958, 0.0 ], [ -70.79442, -33.42304, 0.0 ], [ -70.79215, -33.426, 0.0 ], [ -70.78871, -33.42801, 0.0 ], [ -70.7846, -33.42875, 0.0 ], [ -70.78048, -33.42813, 0.0 ], [ -70.77695, -33.42622, 0.0 ], [ -70.77456, -33.42333, 0.0 ], [ -70.77367, -33.41989, 0.0 ] ] } },
{ "type": "Feature", "properties": { "nombre": "" }, "geometry": { "type": "LineString", "coordinates": [ [ -70.79073, -33.41489, 0.0 ], [ -70.79148, -33.41143, 0.0 ], [ -70.79375, -33.40847, 0.0 ], [ -70.7972, -33.40647, 0.0 ], [ -70.8013, -33.40572, 0.0 ], [ -70.80542, -33.40635, 0.0 ], [ -70.80895, -33.40825, 0.0 ], [ -70.81134, -33.41114, 0.0 ], [ -70.81223, -33.41458, 0.0 ], [ -70.81149, -33.41804, 0.0 ], [ -70.80922, -33.421, 0.0 ], [ -70.80577, -33.423, 0.0 ], [ -70.80167, -33.42375, 0.0 ], [ -70.79754, -33.42312, 0.0 ], [ -70.79401, -33.42122, 0.0 ], [ -70.79162, -33.41833, 0.0 ], [ -70.79073, -33.41489, 0.0 ] ] } },
{ "type": "Feature", "properties": { "nombre": "" }, "geometry": { "type": "LineString", "coordinates": [ [ -70.78562, -33.36644, 0.0 ], [ -70.78607, -33.36548, 0.0 ], [ -70.7872, -33.36507, 0.0 ], [ -70.78835, -33.36545, 0.0 ], [ -70.78884, -33.3664, 0.0 ], [ -70.78839, -33.36736, 0.0 ], [ -70.78726, -33.36777, 0.0 ], [ -70.78611, -33.36739, 0.0 ], [ -70.78562, -33.36644, 0.0 ] ] } },
{ "type": "Feature", "properties": { "nombre": "" }, "geometry": { "type": "LineString", "coordinates": [ [ -70.80704, -33.43772, 0.0 ], [ -70.80678, -33.4087, 0.0 ], [ -70.80874, -33.37159, 0.0 ], [ -70.81207, -33.34271, 0.0 ] ] } },
{ "type": "Feature", "properties": { "nombre": "" }, "geometry": { "type": "LineString", "coordinates": [ [ -70.79346, -33.43722, 0.0 ], [ -70.79679, -33.40833, 0.0 ], [ -70.79876, -33.37122, 0.0 ], [ -70.7985, -33.3422, 0.0 ] ] } },
{ "type": "Feature", "properties": { "nombre": "" }, "geometry": { "type": "LineString", "coordinates": [ [ -70.78152, -33.34632, 0.0 ], [ -70.78174, -33.37534, 0.0 ], [ -70.77851, -33.43046, 0.0 ] ] } },
{ "type": "Feature", "properties": { "nombre": "" }, "geometry": { "type": "LineString", "coordinates": [ [ -70.7951, -33.34684, 0.0 ], [ -70.79174, -33.37572, 0.0 ], [ -70.78899, -33.43086, 0.0 ] ] } },
{ "type": "Feature", "properties": { "nombre": "" }, "geometry": { "type": "LineString", "coordinates": [ [ -70.80214, -33.37135, 0.0 ], [ -70.80017, -33.40846, 0.0 ], [ -70.8034, -33.40858, 0.0 ], [ -70.80536, -33.37147, 0.0 ], [ -70.80214, -33.37135, 0.0 ] ] } },
{ "type": "Feature", "properties": { "nombre": "" }, "geometry": { "type": "LineString", "coordinates": [ [ -70.78324, -33.41033, 0.0 ], [ -70.78513, -33.37547, 0.0 ], [ -70.78835, -33.37559, 0.0 ], [ -70.78646, -33.41045, 0.0 ], [ -70.78324, -33.41033, 0.0 ] ] } },
{ "type": "Feature", "properties": { "nombre": "" }, "geometry": { "type": "LineString", "coordinates": [ [ -70.80372, -33.37195, 0.0 ], [ -70.80191, -33.40618, 0.0 ] ] } },
{ "type": "Feature", "properties": { "nombre": "Ext. 200 m" }, "geometry": { "type": "LineString", "coordinates": [ [ -70.80215, -33.40619, 0.0 ], [ -70.80205, -33.40799, 0.0 ], [ -70.80157, -33.40797, 0.0 ], [ -70.80167, -33.40617, 0.0 ] ] } },
{ "type": "Feature", "properties": { "nombre": "" }, "geometry": { "type": "LineString", "coordinates": [ [ -70.78488, -33.40985, 0.0 ], [ -70.78671, -33.37607, 0.0 ] ] } },
{ "type": "Feature", "properties": { "nombre": "" }, "geometry": { "type": "LineString", "coordinates": [ [ -70.79435, -33.35003, 0.0 ], [ -70.79136, -33.37571, 0.0 ], [ -70.78871, -33.42858, 0.0 ] ] } },
{ "type": "Feature", "properties": { "nombre": "" }, "geometry": { "type": "LineString", "coordinates": [ [ -70.79285, -33.35642, 0.0 ], [ -70.79061, -33.37568, 0.0 ], [ -70.78814, -33.42403, 0.0 ] ] } },
{ "type": "Feature", "properties": { "nombre": "" }, "geometry": { "type": "LineString", "coordinates": [ [ -70.79135, -33.3628, 0.0 ], [ -70.78986, -33.37565, 0.0 ], [ -70.78758, -33.41948, 0.0 ] ] } },
{ "type": "Feature", "properties": { "nombre": "" }, "geometry": { "type": "LineString", "coordinates": [ [ -70.78986, -33.36919, 0.0 ], [ -70.78911, -33.37562, 0.0 ], [ -70.78702, -33.41494, 0.0 ] ] } },
{ "type": "Feature", "properties": { "nombre": "" }, "geometry": { "type": "LineString", "coordinates": [ [ -70.78192, -33.34956, 0.0 ], [ -70.78212, -33.37536, 0.0 ], [ -70.77903, -33.42821, 0.0 ] ] } },
{ "type": "Feature", "properties": { "nombre": "" }, "geometry": { "type": "LineString", "coordinates": [ [ -70.78272, -33.35603, 0.0 ], [ -70.78287, -33.37538, 0.0 ], [ -70.78009, -33.42373, 0.0 ] ] } },
{ "type": "Feature", "properties": { "nombre": "" }, "geometry": { "type": "LineString", "coordinates": [ [ -70.78352, -33.3625, 0.0 ], [ -70.78362, -33.37541, 0.0 ], [ -70.78114, -33.41924, 0.0 ] ] } },
{ "type": "Feature", "properties": { "nombre": "" }, "geometry": { "type": "LineString", "coordinates": [ [ -70.78432, -33.36898, 0.0 ], [ -70.78437, -33.37544, 0.0 ], [ -70.78219, -33.41475, 0.0 ] ] } },
{ "type": "Feature", "properties": { "nombre": "" }, "geometry": { "type": "LineString", "coordinates": [ [ -70.7942, -33.43402, 0.0 ], [ -70.79717, -33.40834, 0.0 ], [ -70.79914, -33.37123, 0.0 ], [ -70.79891, -33.34544, 0.0 ] ] } },
{ "type": "Feature", "properties": { "nombre": "" }, "geometry": { "type": "LineString", "coordinates": [ [ -70.79868, -33.41485, 0.0 ], [ -70.79942, -33.40843, 0.0 ], [ -70.80139, -33.37132, 0.0 ], [ -70.80133, -33.36487, 0.0 ] ] } },
{ "type": "Feature", "properties": { "nombre": "" }, "geometry": { "type": "LineString", "coordinates": [ [ -70.81133, -33.3459, 0.0 ], [ -70.80837, -33.37158, 0.0 ], [ -70.8064, -33.40869, 0.0 ], [ -70.80664, -33.43448, 0.0 ] ] } },
{ "type": "Feature", "properties": { "nombre": "" }, "geometry": { "type": "LineString", "coordinates": [ [ -70.80983, -33.35229, 0.0 ], [ -70.80762, -33.37155, 0.0 ], [ -70.80565, -33.40866, 0.0 ], [ -70.80583, -33.42801, 0.0 ] ] } },
{ "type": "Feature", "properties": { "nombre": "" }, "geometry": { "type": "LineString", "coordinates": [ [ -70.80834, -33.35868, 0.0 ], [ -70.80687, -33.37152, 0.0 ], [ -70.8049, -33.40863, 0.0 ], [ -70.80502, -33.42153, 0.0 ] ] } },
{ "type": "Feature", "properties": { "nombre": "" }, "geometry": { "type": "LineString", "coordinates": [ [ -70.80685, -33.36508, 0.0 ], [ -70.80611, -33.37149, 0.0 ], [ -70.80415, -33.4086, 0.0 ], [ -70.80421, -33.41505, 0.0 ] ] } },
{ "type": "Feature", "properties": { "nombre": "" }, "geometry": { "type": "LineString", "coordinates": [ [ -70.79971, -33.35191, 0.0 ], [ -70.79989, -33.37126, 0.0 ], [ -70.79792, -33.40837, 0.0 ], [ -70.7957, -33.42763, 0.0 ] ] } },
{ "type": "Feature", "properties": { "nombre": "" }, "geometry": { "type": "LineString", "coordinates": [ [ -70.80052, -33.35839, 0.0 ], [ -70.80064, -33.37129, 0.0 ], [ -70.79867, -33.4084, 0.0 ], [ -70.79719, -33.42124, 0.0 ] ] } },
{ "type": "Feature", "properties": { "nombre": "Area Features (#2)" }, "geometry": { "type": "Polygon", "coordinates": [ [ [ -68.88678, -22.46329, 0.0 ], [ -68.91615, -22.46129, 0.0 ], [ -68.92426, -22.46178, 0.0 ], [ -68.93082, -22.46339, 0.0 ], [ -68.93638, -22.46572, 0.0 ], [ -68.94148, -22.46883, 0.0 ], [ -68.946, -22.47264, 0.0 ], [ -68.95056, -22.47812, 0.0 ], [ -68.95391, -22.4843, 0.0 ], [ -68.95594, -22.49097, 0.0 ], [ -68.95656, -22.49724, 0.0 ], [ -68.95588, -22.50414, 0.0 ], [ -68.95379, -22.51079, 0.0 ], [ -68.95038, -22.51695, 0.0 ], [ -68.94623, -22.52193, 0.0 ], [ -68.94174, -22.52578, 0.0 ], [ -68.93726, -22.52862, 0.0 ], [ -68.93239, -22.53085, 0.0 ], [ -68.92724, -22.53242, 0.0 ], [ -68.92122, -22.53338, 0.0 ], [ -68.89048, -22.53545, 0.0 ], [ -68.88238, -22.53482, 0.0 ], [ -68.87459, -22.53264, 0.0 ], [ -68.86746, -22.52901, 0.0 ], [ -68.86131, -22.52407, 0.0 ], [ -68.85788, -22.52016, 0.0 ], [ -68.85506, -22.51585, 0.0 ], [ -68.85293, -22.51122, 0.0 ], [ -68.8515, -22.50635, 0.0 ], [ -68.85082, -22.50135, 0.0 ], [ -68.8509, -22.49631, 0.0 ], [ -68.85172, -22.49133, 0.0 ], [ -68.85329, -22.4865, 0.0 ], [ -68.85557, -22.48193, 0.0 ], [ -68.8585, -22.47769, 0.0 ], [ -68.86205, -22.47387, 0.0 ], [ -68.86613, -22.47055, 0.0 ], [ -68.87067, -22.46779, 0.0 ], [ -68.87557, -22.46564, 0.0 ], [ -68.88142, -22.46401, 0.0 ], [ -68.88678, -22.46329, 0.0 ] ] ] } },
{ "type": "Feature", "properties": { "nombre": "Area Features (#2)" }, "geometry": { "type": "Polygon", "coordinates": [ [ [ -68.88535, -22.44527, 0.0 ], [ -68.91845, -22.4432, 0.0 ], [ -68.92655, -22.44383, 0.0 ], [ -68.93449, -22.4455, 0.0 ], [ -68.94393, -22.449, 0.0 ], [ -68.95257, -22.45397, 0.0 ], [ -68.96016, -22.46026, 0.0 ], [ -68.96645, -22.46768, 0.0 ], [ -68.97166, -22.47688, 0.0 ], [ -68.97488, -22.48682, 0.0 ], [ -68.976, -22.49716, 0.0 ], [ -68.97516, -22.50658, 0.0 ], [ -68.97222, -22.5166, 0.0 ], [ -68.96728, -22.52592, 0.0 ], [ -68.96051, -22.53419, 0.0 ], [ -68.95298, -22.54055, 0.0 ], [ -68.94706, -22.54422, 0.0 ], [ -68.94163, -22.54682, 0.0 ], [ -68.93593, -22.54888, 0.0 ], [ -68.92904, -22.55056, 0.0 ], [ -68.923, -22.55138, 0.0 ], [ -68.89293, -22.55344, 0.0 ], [ -68.88277, -22.55315, 0.0 ], [ -68.87087, -22.55064, 0.0 ], [ -68.8652, -22.54854, 0.0 ], [ -68.85892, -22.5454, 0.0 ], [ -68.85391, -22.54216, 0.0 ], [ -68.84928, -22.53846, 0.0 ], [ -68.8451, -22.53432, 0.0 ], [ -68.84084, -22.52902, 0.0 ], [ -68.83731, -22.52327, 0.0 ], [ -68.83456, -22.51716, 0.0 ], [ -68.83263, -22.51079, 0.0 ], [ -68.83147, -22.50331, 0.0 ], [ -68.83138, -22.49669, 0.0 ], [ -68.83235, -22.48918, 0.0 ], [ -68.83411, -22.48277, 0.0 ], [ -68.83713, -22.47575, 0.0 ], [ -68.84061, -22.46998, 0.0 ], [ -68.84548, -22.46392, 0.0 ], [ -68.85046, -22.45918, 0.0 ], [ -68.85685, -22.4545, 0.0 ], [ -68.86297, -22.45112, 0.0 ], [ -68.87045, -22.44814, 0.0 ], [ -68.8783, -22.44616, 0.0 ], [ -68.88535, -22.44527, 0.0 ] ] ] } },
{ "type": "Feature", "properties": { "nombre": "Area Features (#2)" }, "geometry": { "type": "Polygon", "coordinates": [ [ [ -68.90332, -22.49395, 0.0 ], [ -68.9029, -22.49377, 0.0 ], [ -68.90328, -22.49353, 0.0 ], [ -68.90332, -22.49395, 0.0 ] ] ] } },
{ "type": "Feature", "properties": { "nombre": "Area Features (#2)" }, "geometry": { "type": "Polygon", "coordinates": [ [ [ -68.90289, -22.49352, 0.0 ], [ -68.90341, -22.49349, 0.0 ], [ -68.90345, -22.49398, 0.0 ], [ -68.90292, -22.49401, 0.0 ], [ -68.90289, -22.49352, 0.0 ] ] ] } },
{ "type": "Feature", "properties": { "nombre": "Area Features (#2)" }, "geometry": { "type": "Polygon", "coordinates": [ [ [ -68.93345, -22.49657, 0.0 ], [ -68.93304, -22.49638, 0.0 ], [ -68.93342, -22.49614, 0.0 ], [ -68.93345, -22.49657, 0.0 ] ] ] } },
{ "type": "Feature", "properties": { "nombre": "Area Features (#2)" }, "geometry": { "type": "Polygon", "coordinates": [ [ [ -68.93302, -22.49614, 0.0 ], [ -68.93355, -22.4961, 0.0 ], [ -68.93358, -22.49659, 0.0 ], [ -68.93306, -22.49662, 0.0 ], [ -68.93302, -22.49614, 0.0 ] ] ] } },
{ "type": "Feature", "properties": { "nombre": "" }, "geometry": { "type": "LineString", "coordinates": [ [ -68.87552, -22.502, 0.0 ], [ -68.87565, -22.50187, 0.0 ], [ -68.87579, -22.502, 0.0 ], [ -68.87565, -22.50212, 0.0 ], [ -68.87552, -22.502, 0.0 ] ] } },
{ "type": "Feature", "properties": { "nombre": "" }, "geometry": { "type": "LineString", "coordinates": [ [ -68.87565, -22.502, 0.0 ], [ -68.87565, -22.50199, 0.0 ], [ -68.87566, -22.502, 0.0 ], [ -68.87565, -22.502, 0.0 ], [ -68.87565, -22.502, 0.0 ] ] } },
{ "type": "Feature", "properties": { "nombre": "" }, "geometry": { "type": "LineString", "coordinates": [ [ -68.87274, -22.50199, 0.0 ], [ -68.87359, -22.50008, 0.0 ], [ -68.87566, -22.49929, 0.0 ], [ -68.87772, -22.50008, 0.0 ], [ -68.87857, -22.502, 0.0 ], [ -68.87772, -22.50391, 0.0 ], [ -68.87565, -22.50471, 0.0 ], [ -68.87359, -22.50391, 0.0 ], [ -68.87274, -22.50199, 0.0 ] ] } },
{ "type": "Feature", "properties": { "nombre": "" }, "geometry": { "type": "LineString", "coordinates": [ [ -68.86593, -22.50199, 0.0 ], [ -68.86668, -22.49853, 0.0 ], [ -68.86879, -22.4956, 0.0 ], [ -68.87194, -22.49365, 0.0 ], [ -68.87566, -22.49296, 0.0 ], [ -68.87938, -22.49365, 0.0 ], [ -68.88253, -22.49561, 0.0 ], [ -68.88464, -22.49854, 0.0 ], [ -68.88538, -22.502, 0.0 ], [ -68.88463, -22.50546, 0.0 ], [ -68.88252, -22.50839, 0.0 ], [ -68.87937, -22.51034, 0.0 ], [ -68.87565, -22.51103, 0.0 ], [ -68.87193, -22.51034, 0.0 ], [ -68.86877, -22.50838, 0.0 ], [ -68.86667, -22.50545, 0.0 ], [ -68.86593, -22.50199, 0.0 ] ] } },
{ "type": "Feature", "properties": { "nombre": "" }, "geometry": { "type": "LineString", "coordinates": [ [ -68.91836, -22.49871, 0.0 ], [ -68.88918, -22.50072, 0.0 ], [ -68.88896, -22.49801, 0.0 ], [ -68.91814, -22.49601, 0.0 ], [ -68.91836, -22.49871, 0.0 ] ] } },
{ "type": "Feature", "properties": { "nombre": "" }, "geometry": { "type": "LineString", "coordinates": [ [ -68.88965, -22.49932, 0.0 ], [ -68.91766, -22.49726, 0.0 ], [ -68.91768, -22.49753, 0.0 ], [ -68.88966, -22.49946, 0.0 ], [ -68.88965, -22.49932, 0.0 ] ] } },
{ "type": "Feature", "properties": { "nombre": "" }, "geometry": { "type": "LineString", "coordinates": [ [ -68.88896, -22.49801, 0.0 ], [ -68.74192, -22.48766, 0.0 ], [ -68.74532, -22.53091, 0.0 ], [ -68.88918, -22.50072, 0.0 ], [ -68.88896, -22.49801, 0.0 ] ] } },
{ "type": "Feature", "properties": { "nombre": "" }, "geometry": { "type": "LineString", "coordinates": [ [ -68.8815, -22.50233, 0.0 ], [ -68.88112, -22.49746, 0.0 ] ] } },
{ "type": "Feature", "properties": { "nombre": "" }, "geometry": { "type": "LineString", "coordinates": [ [ -68.86712, -22.50535, 0.0 ], [ -68.86641, -22.49643, 0.0 ] ] } },
{ "type": "Feature", "properties": { "nombre": "" }, "geometry": { "type": "LineString", "coordinates": [ [ -68.91814, -22.49601, 0.0 ], [ -69.06193, -22.46566, 0.0 ], [ -69.06542, -22.5089, 0.0 ], [ -68.91836, -22.49871, 0.0 ], [ -68.91814, -22.49601, 0.0 ] ] } },
{ "type": "Feature", "properties": { "nombre": "" }, "geometry": { "type": "LineString", "coordinates": [ [ -68.9262, -22.49926, 0.0 ], [ -68.92581, -22.49439, 0.0 ] ] } },
{ "type": "Feature", "properties": { "nombre": "" }, "geometry": { "type": "LineString", "coordinates": [ [ -68.94091, -22.50028, 0.0 ], [ -68.9402, -22.49136, 0.0 ] ] } },
{ "type": "Feature", "properties": { "nombre": "" }, "geometry": { "type": "LineString", "coordinates": [ [ -68.88896, -22.49801, 0.0 ], [ -68.88873, -22.49518, 0.0 ] ] } },
{ "type": "Feature", "properties": { "nombre": "" }, "geometry": { "type": "LineString", "coordinates": [ [ -68.91814, -22.49601, 0.0 ], [ -68.91792, -22.49317, 0.0 ] ] } },
{ "type": "Feature", "properties": { "nombre": "" }, "geometry": { "type": "LineString", "coordinates": [ [ -68.9541, -22.48843, 0.0 ], [ -68.91792, -22.49317, 0.0 ], [ -68.88873, -22.49518, 0.0 ], [ -68.8522, -22.49544, 0.0 ] ] } },
{ "type": "Feature", "properties": { "nombre": "" }, "geometry": { "type": "LineString", "coordinates": [ [ -68.9501, -22.48927, 0.0 ], [ -68.91794, -22.49349, 0.0 ], [ -68.88876, -22.49549, 0.0 ], [ -68.85628, -22.49572, 0.0 ] ] } },
{ "type": "Feature", "properties": { "nombre": "" }, "geometry": { "type": "LineString", "coordinates": [ [ -68.94211, -22.49096, 0.0 ], [ -68.91799, -22.49412, 0.0 ], [ -68.88881, -22.49612, 0.0 ], [ -68.86445, -22.4963, 0.0 ] ] } },
{ "type": "Feature", "properties": { "nombre": "" }, "geometry": { "type": "LineString", "coordinates": [ [ -68.93412, -22.49264, 0.0 ], [ -68.91804, -22.49475, 0.0 ], [ -68.88886, -22.49675, 0.0 ], [ -68.87262, -22.49687, 0.0 ] ] } },
{ "type": "Feature", "properties": { "nombre": "" }, "geometry": { "type": "LineString", "coordinates": [ [ -68.92613, -22.49432, 0.0 ], [ -68.91809, -22.49538, 0.0 ], [ -68.88891, -22.49738, 0.0 ], [ -68.88079, -22.49744, 0.0 ] ] } },
{ "type": "Feature", "properties": { "nombre": "" }, "geometry": { "type": "LineString", "coordinates": [ [ -68.88918, -22.50072, 0.0 ], [ -68.8894, -22.50355, 0.0 ] ] } },
{ "type": "Feature", "properties": { "nombre": "" }, "geometry": { "type": "LineString", "coordinates": [ [ -68.91836, -22.49871, 0.0 ], [ -68.91859, -22.50154, 0.0 ] ] } },
{ "type": "Feature", "properties": { "nombre": "" }, "geometry": { "type": "LineString", "coordinates": [ [ -68.95512, -22.50127, 0.0 ], [ -68.91859, -22.50154, 0.0 ], [ -68.8894, -22.50355, 0.0 ], [ -68.85322, -22.50828, 0.0 ] ] } },
{ "type": "Feature", "properties": { "nombre": "" }, "geometry": { "type": "LineString", "coordinates": [ [ -68.95104, -22.50099, 0.0 ], [ -68.91856, -22.50123, 0.0 ], [ -68.88938, -22.50324, 0.0 ], [ -68.85721, -22.50744, 0.0 ] ] } },
{ "type": "Feature", "properties": { "nombre": "" }, "geometry": { "type": "LineString", "coordinates": [ [ -68.94287, -22.50042, 0.0 ], [ -68.91851, -22.5006, 0.0 ], [ -68.88933, -22.50261, 0.0 ], [ -68.8652, -22.50576, 0.0 ] ] } },
{ "type": "Feature", "properties": { "nombre": "" }, "geometry": { "type": "LineString", "coordinates": [ [ -68.9347, -22.49985, 0.0 ], [ -68.91846, -22.49997, 0.0 ], [ -68.88928, -22.50198, 0.0 ], [ -68.87319, -22.50408, 0.0 ] ] } },
{ "type": "Feature", "properties": { "nombre": "" }, "geometry": { "type": "LineString", "coordinates": [ [ -68.92653, -22.49928, 0.0 ], [ -68.91841, -22.49934, 0.0 ], [ -68.88923, -22.50135, 0.0 ], [ -68.88118, -22.5024, 0.0 ] ] } },
{ "type": "Feature", "properties": { "nombre": "" }, "geometry": { "type": "LineString", "coordinates": [ [ -68.90171, -22.49375, 0.0 ], [ -68.90214, -22.49279, 0.0 ], [ -68.90317, -22.49239, 0.0 ], [ -68.9042, -22.49279, 0.0 ], [ -68.90463, -22.49375, 0.0 ], [ -68.9042, -22.49471, 0.0 ], [ -68.90317, -22.49511, 0.0 ], [ -68.90214, -22.49471, 0.0 ], [ -68.90171, -22.49375, 0.0 ] ] } },
{ "type": "Feature", "properties": { "nombre": "" }, "geometry": { "type": "LineString", "coordinates": [ [ -68.90341, -22.49349, 0.0 ], [ -68.90292, -22.49401, 0.0 ] ] } },
{ "type": "Feature", "properties": { "nombre": "" }, "geometry": { "type": "LineString", "coordinates": [ [ -68.93184, -22.49636, 0.0 ], [ -68.93227, -22.4954, 0.0 ], [ -68.9333, -22.49501, 0.0 ], [ -68.93433, -22.49541, 0.0 ], [ -68.93476, -22.49636, 0.0 ], [ -68.93433, -22.49732, 0.0 ], [ -68.9333, -22.49772, 0.0 ], [ -68.93227, -22.49732, 0.0 ], [ -68.93184, -22.49636, 0.0 ] ] } },
{ "type": "Feature", "properties": { "nombre": "" }, "geometry": { "type": "LineString", "coordinates": [ [ -68.93355, -22.4961, 0.0 ], [ -68.93306, -22.49662, 0.0 ] ] } },
{ "type": "Feature", "properties": { "nombre": "Area Features (#3)" }, "geometry": { "type": "Polygon", "coordinates": [ [ [ -71.49731, -32.91624, 0.0 ], [ -71.51328, -32.92666, 0.0 ], [ -71.51858, -32.93108, 0.0 ], [ -71.52172, -32.9346, 0.0 ], [ -71.52431, -32.93842, 0.0 ], [ -71.52634, -32.94248, 0.0 ], [ -71.52777, -32.94671, 0.0 ], [ -71.52864, -32.95169, 0.0 ], [ -71.52871, -32.95609, 0.0 ], [ -71.52802, -32.96109, 0.0 ], [ -71.52675, -32.96536, 0.0 ], [ -71.52455, -32.97003, 0.0 ], [ -71.522, -32.97388, 0.0 ], [ -71.51844, -32.97791, 0.0 ], [ -71.5148, -32.98107, 0.0 ], [ -71.5063, -32.98616, 0.0 ], [ -71.49658, -32.98936, 0.0 ], [ -71.48624, -32.99048, 0.0 ], [ -71.47588, -32.98946, 0.0 ], [ -71.46814, -32.98719, 0.0 ], [ -71.46105, -32.98371, 0.0 ], [ -71.44274, -32.97171, 0.0 ], [ -71.43906, -32.96859, 0.0 ], [ -71.43544, -32.96459, 0.0 ], [ -71.4319, -32.95905, 0.0 ], [ -71.42956, -32.95308, 0.0 ], [ -71.42849, -32.94687, 0.0 ], [ -71.42871, -32.94058, 0.0 ], [ -71.43022, -32.93443, 0.0 ], [ -71.43297, -32.92859, 0.0 ], [ -71.43689, -32.92324, 0.0 ], [ -71.44185, -32.91855, 0.0 ], [ -71.44769, -32.91465, 0.0 ], [ -71.45426, -32.91167, 0.0 ], [ -71.46133, -32.90969, 0.0 ], [ -71.4687, -32.90878, 0.0 ], [ -71.47615, -32.90897, 0.0 ], [ -71.48345, -32.91024, 0.0 ], [ -71.49104, -32.91285, 0.0 ], [ -71.49731, -32.91624, 0.0 ] ] ] } },
{ "type": "Feature", "properties": { "nombre": "Area Features (#3)" }, "geometry": { "type": "Polygon", "coordinates": [ [ [ -71.5071, -32.90553, 0.0 ], [ -71.5243, -32.91681, 0.0 ], [ -71.53273, -32.92435, 0.0 ], [ -71.53673, -32.92937, 0.0 ], [ -71.53998, -32.93477, 0.0 ], [ -71.54241, -32.94047, 0.0 ], [ -71.54384, -32.94552, 0.0 ], [ -71.54475, -32.95239, 0.0 ], [ -71.5446, -32.95844, 0.0 ], [ -71.54359, -32.96443, 0.0 ], [ -71.54171, -32.97028, 0.0 ], [ -71.53856, -32.97666, 0.0 ], [ -71.53495, -32.9819, 0.0 ], [ -71.53061, -32.98672, 0.0 ], [ -71.52561, -32.99107, 0.0 ], [ -71.52002, -32.99486, 0.0 ], [ -71.51391, -32.99806, 0.0 ], [ -71.5074, -33.0006, 0.0 ], [ -71.50056, -33.00246, 0.0 ], [ -71.4935, -33.0036, 0.0 ], [ -71.48633, -33.004, 0.0 ], [ -71.47916, -33.00367, 0.0 ], [ -71.47309, -33.00279, 0.0 ], [ -71.46237, -32.99983, 0.0 ], [ -71.45169, -32.9947, 0.0 ], [ -71.43131, -32.98123, 0.0 ], [ -71.42634, -32.97686, 0.0 ], [ -71.42203, -32.97201, 0.0 ], [ -71.41717, -32.9644, 0.0 ], [ -71.41395, -32.9562, 0.0 ], [ -71.41248, -32.94764, 0.0 ], [ -71.41278, -32.939, 0.0 ], [ -71.41486, -32.93054, 0.0 ], [ -71.41865, -32.92251, 0.0 ], [ -71.42404, -32.91516, 0.0 ], [ -71.43085, -32.90871, 0.0 ], [ -71.43889, -32.90335, 0.0 ], [ -71.44791, -32.89925, 0.0 ], [ -71.45764, -32.89653, 0.0 ], [ -71.46777, -32.89528, 0.0 ], [ -71.47801, -32.89554, 0.0 ], [ -71.48805, -32.89729, 0.0 ], [ -71.49848, -32.90087, 0.0 ], [ -71.5071, -32.90553, 0.0 ] ] ] } },
{ "type": "Feature", "properties": { "nombre": "" }, "geometry": { "type": "LineString", "coordinates": [ [ -71.48601, -32.95529, 0.0 ], [ -71.47018, -32.94499, 0.0 ], [ -71.47116, -32.94392, 0.0 ], [ -71.48699, -32.95422, 0.0 ], [ -71.48601, -32.95529, 0.0 ] ] } },
{ "type": "Feature", "properties": { "nombre": "" }, "geometry": { "type": "LineString", "coordinates": [ [ -71.48599, -32.95442, 0.0 ], [ -71.47128, -32.94467, 0.0 ], [ -71.47108, -32.94489, 0.0 ], [ -71.48589, -32.95453, 0.0 ], [ -71.48599, -32.95442, 0.0 ] ] } },
{ "type": "Feature", "properties": { "nombre": "" }, "geometry": { "type": "LineString", "coordinates": [ [ -71.47018, -32.94499, 0.0 ], [ -71.40689, -32.91086, 0.0 ], [ -71.41653, -32.90034, 0.0 ], [ -71.47116, -32.94392, 0.0 ], [ -71.47018, -32.94499, 0.0 ] ] } },
{ "type": "Feature", "properties": { "nombre": "" }, "geometry": { "type": "LineString", "coordinates": [ [ -71.46712, -32.94069, 0.0 ], [ -71.4655, -32.94246, 0.0 ] ] } },
{ "type": "Feature", "properties": { "nombre": "" }, "geometry": { "type": "LineString", "coordinates": [ [ -71.45697, -32.9326, 0.0 ], [ -71.45374, -32.93613, 0.0 ] ] } },
{ "type": "Feature", "properties": { "nombre": "" }, "geometry": { "type": "LineString", "coordinates": [ [ -71.48601, -32.95529, 0.0 ], [ -71.5412, -32.99829, 0.0 ], [ -71.55083, -32.98776, 0.0 ], [ -71.48699, -32.95422, 0.0 ], [ -71.48601, -32.95529, 0.0 ] ] } },
{ "type": "Feature", "properties": { "nombre": "" }, "geometry": { "type": "LineString", "coordinates": [ [ -71.49171, -32.9567, 0.0 ], [ -71.49009, -32.95847, 0.0 ] ] } },
{ "type": "Feature", "properties": { "nombre": "" }, "geometry": { "type": "LineString", "coordinates": [ [ -71.50357, -32.96293, 0.0 ], [ -71.50034, -32.96646, 0.0 ] ] } },
{ "type": "Feature", "properties": { "nombre": "" }, "geometry": { "type": "LineString", "coordinates": [ [ -71.48699, -32.95422, 0.0 ], [ -71.48905, -32.95197, 0.0 ] ] } },
{ "type": "Feature", "properties": { "nombre": "" }, "geometry": { "type": "LineString", "coordinates": [ [ -71.47116, -32.94392, 0.0 ], [ -71.47322, -32.94167, 0.0 ] ] } },
{ "type": "Feature", "properties": { "nombre": "" }, "geometry": { "type": "LineString", "coordinates": [ [ -71.5075, -32.965, 0.0 ], [ -71.48905, -32.95197, 0.0 ], [ -71.47322, -32.94167, 0.0 ], [ -71.4536, -32.92991, 0.0 ] ] } },
{ "type": "Feature", "properties": { "nombre": "" }, "geometry": { "type": "LineString", "coordinates": [ [ -71.50521, -32.9638, 0.0 ], [ -71.48882, -32.95222, 0.0 ], [ -71.47299, -32.94192, 0.0 ], [ -71.45556, -32.93148, 0.0 ] ] } },
{ "type": "Feature", "properties": { "nombre": "" }, "geometry": { "type": "LineString", "coordinates": [ [ -71.50065, -32.9614, 0.0 ], [ -71.48836, -32.95272, 0.0 ], [ -71.47253, -32.94242, 0.0 ], [ -71.45946, -32.93459, 0.0 ] ] } },
{ "type": "Feature", "properties": { "nombre": "" }, "geometry": { "type": "LineString", "coordinates": [ [ -71.4961, -32.95901, 0.0 ], [ -71.4879, -32.95322, 0.0 ], [ -71.46336, -32.9377, 0.0 ] ] } },
{ "type": "Feature", "properties": { "nombre": "" }, "geometry": { "type": "LineString", "coordinates": [ [ -71.49154, -32.95661, 0.0 ], [ -71.46726, -32.94081, 0.0 ] ] } },
{ "type": "Feature", "properties": { "nombre": "" }, "geometry": { "type": "LineString", "coordinates": [ [ -71.48599, -32.95442, 0.0 ], [ -71.47118, -32.94478, 0.0 ] ] } },
{ "type": "Feature", "properties": { "nombre": "" }, "geometry": { "type": "LineString", "coordinates": [ [ -71.4536, -32.92991, 0.0 ], [ -71.44983, -32.93402, 0.0 ] ] } },
{ "type": "Feature", "properties": { "nombre": "" }, "geometry": { "type": "LineString", "coordinates": [ [ -71.5075, -32.965, 0.0 ], [ -71.50374, -32.96911, 0.0 ] ] } },
{ "type": "Feature", "properties": { "nombre": "" }, "geometry": { "type": "LineString", "coordinates": [ [ -71.48601, -32.95529, 0.0 ], [ -71.48395, -32.95754, 0.0 ] ] } },
{ "type": "Feature", "properties": { "nombre": "" }, "geometry": { "type": "LineString", "coordinates": [ [ -71.47018, -32.94499, 0.0 ], [ -71.46812, -32.94723, 0.0 ] ] } },
{ "type": "Feature", "properties": { "nombre": "" }, "geometry": { "type": "LineString", "coordinates": [ [ -71.50358, -32.96929, 0.0 ], [ -71.48395, -32.95754, 0.0 ], [ -71.46812, -32.94723, 0.0 ], [ -71.44968, -32.93419, 0.0 ] ] } },
{ "type": "Feature", "properties": { "nombre": "" }, "geometry": { "type": "LineString", "coordinates": [ [ -71.50162, -32.96772, 0.0 ], [ -71.48418, -32.95728, 0.0 ], [ -71.46836, -32.94698, 0.0 ], [ -71.45197, -32.9354, 0.0 ] ] } },
{ "type": "Feature", "properties": { "nombre": "" }, "geometry": { "type": "LineString", "coordinates": [ [ -71.49771, -32.96461, 0.0 ], [ -71.48464, -32.95678, 0.0 ], [ -71.46881, -32.94648, 0.0 ], [ -71.45652, -32.9378, 0.0 ] ] } },
{ "type": "Feature", "properties": { "nombre": "" }, "geometry": { "type": "LineString", "coordinates": [ [ -71.49381, -32.9615, 0.0 ], [ -71.48509, -32.95629, 0.0 ], [ -71.46108, -32.94019, 0.0 ] ] } },
{ "type": "Feature", "properties": { "nombre": "" }, "geometry": { "type": "LineString", "coordinates": [ [ -71.48991, -32.9584, 0.0 ], [ -71.46563, -32.94259, 0.0 ] ] } },
{ "type": "Feature", "properties": { "nombre": "Area Features (#4)" }, "geometry": { "type": "Polygon", "coordinates": [ [ [ -70.40756, -23.46019, 0.0 ], [ -70.40453, -23.43499, 0.0 ], [ -70.40459, -23.42995, 0.0 ], [ -70.4054, -23.42496, 0.0 ], [ -70.40746, -23.41896, 0.0 ], [ -70.41099, -23.41285, 0.0 ], [ -70.41524, -23.40793, 0.0 ], [ -70.42091, -23.40339, 0.0 ], [ -70.42741, -23.39993, 0.0 ], [ -70.43517, -23.39755, 0.0 ], [ -70.4433, -23.3967, 0.0 ], [ -70.45145, -23.39743, 0.0 ], [ -70.45925, -23.3997, 0.0 ], [ -70.46637, -23.40343, 0.0 ], [ -70.47249, -23.40844, 0.0 ], [ -70.477, -23.41397, 0.0 ], [ -70.48029, -23.42019, 0.0 ], [ -70.48222, -23.42688, 0.0 ], [ -70.48544, -23.4527, 0.0 ], [ -70.48544, -23.45963, 0.0 ], [ -70.48359, -23.46763, 0.0 ], [ -70.48019, -23.4745, 0.0 ], [ -70.47532, -23.48056, 0.0 ], [ -70.46918, -23.48556, 0.0 ], [ -70.46452, -23.48819, 0.0 ], [ -70.46015, -23.48998, 0.0 ], [ -70.45491, -23.49141, 0.0 ], [ -70.45019, -23.4921, 0.0 ], [ -70.44473, -23.49223, 0.0 ], [ -70.43997, -23.49176, 0.0 ], [ -70.43082, -23.48925, 0.0 ], [ -70.42656, -23.48725, 0.0 ], [ -70.42206, -23.48439, 0.0 ], [ -70.41851, -23.48143, 0.0 ], [ -70.41497, -23.4776, 0.0 ], [ -70.41237, -23.4739, 0.0 ], [ -70.41002, -23.46935, 0.0 ], [ -70.40855, -23.46515, 0.0 ], [ -70.40756, -23.46019, 0.0 ] ] ] } },
{ "type": "Feature", "properties": { "nombre": "Area Features (#4)" }, "geometry": { "type": "Polygon", "coordinates": [ [ [ -70.38811, -23.46222, 0.0 ], [ -70.38515, -23.43795, 0.0 ], [ -70.38489, -23.43229, 0.0 ], [ -70.38571, -23.42382, 0.0 ], [ -70.38828, -23.41468, 0.0 ], [ -70.39305, -23.40527, 0.0 ], [ -70.39968, -23.39687, 0.0 ], [ -70.40792, -23.3898, 0.0 ], [ -70.41747, -23.3843, 0.0 ], [ -70.42798, -23.38059, 0.0 ], [ -70.44008, -23.37873, 0.0 ], [ -70.45132, -23.3791, 0.0 ], [ -70.46325, -23.38176, 0.0 ], [ -70.46893, -23.38393, 0.0 ], [ -70.47433, -23.38664, 0.0 ], [ -70.47939, -23.38986, 0.0 ], [ -70.48406, -23.39354, 0.0 ], [ -70.48828, -23.39766, 0.0 ], [ -70.49202, -23.40216, 0.0 ], [ -70.49747, -23.41125, 0.0 ], [ -70.49992, -23.41747, 0.0 ], [ -70.50153, -23.42391, 0.0 ], [ -70.50493, -23.45098, 0.0 ], [ -70.50501, -23.46043, 0.0 ], [ -70.50357, -23.46882, 0.0 ], [ -70.50147, -23.47515, 0.0 ], [ -70.49901, -23.48035, 0.0 ], [ -70.49598, -23.48528, 0.0 ], [ -70.49241, -23.4899, 0.0 ], [ -70.48761, -23.49481, 0.0 ], [ -70.483, -23.49857, 0.0 ], [ -70.47799, -23.50186, 0.0 ], [ -70.47264, -23.50465, 0.0 ], [ -70.46603, -23.50723, 0.0 ], [ -70.45914, -23.50905, 0.0 ], [ -70.45205, -23.51008, 0.0 ], [ -70.44488, -23.5103, 0.0 ], [ -70.43773, -23.50972, 0.0 ], [ -70.43072, -23.50834, 0.0 ], [ -70.42394, -23.50618, 0.0 ], [ -70.41839, -23.50373, 0.0 ], [ -70.41315, -23.50076, 0.0 ], [ -70.4075, -23.49669, 0.0 ], [ -70.40244, -23.492, 0.0 ], [ -70.39803, -23.48678, 0.0 ], [ -70.39434, -23.48111, 0.0 ], [ -70.39143, -23.47506, 0.0 ], [ -70.38934, -23.46873, 0.0 ], [ -70.38811, -23.46222, 0.0 ] ] ] } },
{ "type": "Feature", "properties": { "nombre": "Area Features (#4)" }, "geometry": { "type": "Polygon", "coordinates": [ [ [ -70.4482, -23.47001, 0.0 ], [ -70.4482, -23.46999, 0.0 ], [ -70.44821, -23.47, 0.0 ], [ -70.4482, -23.47001, 0.0 ] ] ] } },
{ "type": "Feature", "properties": { "nombre": "Area Features (#4)" }, "geometry": { "type": "Polygon", "coordinates": [ ] } },
{ "type": "Feature", "properties": { "nombre": "Area Features (#4)" }, "geometry": { "type": "Polygon", "coordinates": [ ] } },
{ "type": "Feature", "properties": { "nombre": "Area Features (#4)" }, "geometry": { "type": "Polygon", "coordinates": [ ] } },
{ "type": "Feature", "properties": { "nombre": "Area Features (#4)" }, "geometry": { "type": "Polygon", "coordinates": [ ] } },
{ "type": "Feature", "properties": { "nombre": "Area Features (#4)" }, "geometry": { "type": "Polygon", "coordinates": [ [ [ -70.4482, -23.47002, 0.0 ], [ -70.44819, -23.47003, 0.0 ], [ -70.4482, -23.46997, 0.0 ], [ -70.4482, -23.47002, 0.0 ] ] ] } },
{ "type": "Feature", "properties": { "nombre": "Area Features (#4)" }, "geometry": { "type": "Polygon", "coordinates": [ [ [ -70.44819, -23.47003, 0.0 ], [ -70.44819, -23.46997, 0.0 ], [ -70.4482, -23.46997, 0.0 ], [ -70.44819, -23.47003, 0.0 ] ] ] } },
{ "type": "Feature", "properties": { "nombre": "Area Features (#4)" }, "geometry": { "type": "Polygon", "coordinates": [ [ [ -70.44819, -23.47003, 0.0 ], [ -70.44818, -23.47004, 0.0 ], [ -70.44819, -23.46997, 0.0 ], [ -70.44819, -23.47003, 0.0 ] ] ] } },
{ "type": "Feature", "properties": { "nombre": "Area Features (#4)" }, "geometry": { "type": "Polygon", "coordinates": [ [ [ -70.44818, -23.47004, 0.0 ], [ -70.44818, -23.46996, 0.0 ], [ -70.44819, -23.46997, 0.0 ], [ -70.44818, -23.47004, 0.0 ] ] ] } },
{ "type": "Feature", "properties": { "nombre": "Area Features (#4)" }, "geometry": { "type": "Polygon", "coordinates": [ ] } },
{ "type": "Feature", "properties": { "nombre": "Area Features (#4)" }, "geometry": { "type": "Polygon", "coordinates": [ [ [ -70.44818, -23.47004, 0.0 ], [ -70.44817, -23.46996, 0.0 ], [ -70.44818, -23.46996, 0.0 ], [ -70.44818, -23.47004, 0.0 ] ] ] } },
{ "type": "Feature", "properties": { "nombre": "Area Features (#4)" }, "geometry": { "type": "Polygon", "coordinates": [ [ [ -70.44818, -23.47004, 0.0 ], [ -70.44817, -23.47004, 0.0 ], [ -70.44817, -23.46996, 0.0 ], [ -70.44818, -23.47004, 0.0 ] ] ] } },
{ "type": "Feature", "properties": { "nombre": "Area Features (#4)" }, "geometry": { "type": "Polygon", "coordinates": [ ] } },
{ "type": "Feature", "properties": { "nombre": "Area Features (#4)" }, "geometry": { "type": "Polygon", "coordinates": [ [ [ -70.44817, -23.47004, 0.0 ], [ -70.44816, -23.47004, 0.0 ], [ -70.44817, -23.46995, 0.0 ], [ -70.44817, -23.47004, 0.0 ] ] ] } },
{ "type": "Feature", "properties": { "nombre": "Area Features (#4)" }, "geometry": { "type": "Polygon", "coordinates": [ [ [ -70.44816, -23.47004, 0.0 ], [ -70.44816, -23.46995, 0.0 ], [ -70.44817, -23.46995, 0.0 ], [ -70.44816, -23.47004, 0.0 ] ] ] } },
{ "type": "Feature", "properties": { "nombre": "Area Features (#4)" }, "geometry": { "type": "Polygon", "coordinates": [ [ [ -70.44816, -23.47004, 0.0 ], [ -70.44815, -23.47004, 0.0 ], [ -70.44816, -23.46995, 0.0 ], [ -70.44816, -23.47004, 0.0 ] ] ] } },
{ "type": "Feature", "properties": { "nombre": "Area Features (#4)" }, "geometry": { "type": "Polygon", "coordinates": [ [ [ -70.44815, -23.47004, 0.0 ], [ -70.44815, -23.46995, 0.0 ], [ -70.44816, -23.46995, 0.0 ], [ -70.44815, -23.47004, 0.0 ] ] ] } },
{ "type": "Feature", "properties": { "nombre": "Area Features (#4)" }, "geometry": { "type": "Polygon", "coordinates": [ [ [ -70.44815, -23.47004, 0.0 ], [ -70.44814, -23.47004, 0.0 ], [ -70.44815, -23.46995, 0.0 ], [ -70.44815, -23.47004, 0.0 ] ] ] } },
{ "type": "Feature", "properties": { "nombre": "Area Features (#4)" }, "geometry": { "type": "Polygon", "coordinates": [ [ [ -70.44814, -23.47004, 0.0 ], [ -70.44814, -23.46996, 0.0 ], [ -70.44815, -23.46995, 0.0 ], [ -70.44814, -23.47004, 0.0 ] ] ] } },
{ "type": "Feature", "properties": { "nombre": "Area Features (#4)" }, "geometry": { "type": "Polygon", "coordinates": [ [ [ -70.44814, -23.47004, 0.0 ], [ -70.44813, -23.47004, 0.0 ], [ -70.44814, -23.46996, 0.0 ], [ -70.44814, -23.47004, 0.0 ] ] ] } },
{ "type": "Feature", "properties": { "nombre": "Area Features (#4)" }, "geometry": { "type": "Polygon", "coordinates": [ [ [ -70.44813, -23.47004, 0.0 ], [ -70.44813, -23.46996, 0.0 ], [ -70.44814, -23.46996, 0.0 ], [ -70.44813, -23.47004, 0.0 ] ] ] } },
{ "type": "Feature", "properties": { "nombre": "Area Features (#4)" }, "geometry": { "type": "Polygon", "coordinates": [ [ [ -70.44813, -23.47004, 0.0 ], [ -70.44812, -23.47003, 0.0 ], [ -70.44813, -23.46996, 0.0 ], [ -70.44813, -23.47004, 0.0 ] ] ] } },
{ "type": "Feature", "properties": { "nombre": "Area Features (#4)" }, "geometry": { "type": "Polygon", "coordinates": [ [ [ -70.44812, -23.47003, 0.0 ], [ -70.44812, -23.46997, 0.0 ], [ -70.44813, -23.46996, 0.0 ], [ -70.44812, -23.47003, 0.0 ] ] ] } },
{ "type": "Feature", "properties": { "nombre": "Area Features (#4)" }, "geometry": { "type": "Polygon", "coordinates": [ ] } },
{ "type": "Feature", "properties": { "nombre": "Area Features (#4)" }, "geometry": { "type": "Polygon", "coordinates": [ ] } },
{ "type": "Feature", "properties": { "nombre": "Area Features (#4)" }, "geometry": { "type": "Polygon", "coordinates": [ [ [ -70.44812, -23.47002, 0.0 ], [ -70.44811, -23.47002, 0.0 ], [ -70.44812, -23.46997, 0.0 ], [ -70.44812, -23.47002, 0.0 ] ] ] } },
{ "type": "Feature", "properties": { "nombre": "Area Features (#4)" }, "geometry": { "type": "Polygon", "coordinates": [ [ [ -70.44811, -23.47002, 0.0 ], [ -70.44811, -23.46998, 0.0 ], [ -70.44812, -23.46997, 0.0 ], [ -70.44811, -23.47002, 0.0 ] ] ] } },
{ "type": "Feature", "properties": { "nombre": "Area Features (#4)" }, "geometry": { "type": "Polygon", "coordinates": [ ] } },
{ "type": "Feature", "properties": { "nombre": "Area Features (#4)" }, "geometry": { "type": "Polygon", "coordinates": [ ] } },
{ "type": "Feature", "properties": { "nombre": "Area Features (#4)" }, "geometry": { "type": "Polygon", "coordinates": [ ] } },
{ "type": "Feature", "properties": { "nombre": "" }, "geometry": { "type": "LineString", "coordinates": [ [ -70.445, -23.43213, 0.0 ], [ -70.44799, -23.45653, 0.0 ], [ -70.4439, -23.45695, 0.0 ], [ -70.44091, -23.43255, 0.0 ], [ -70.445, -23.43213, 0.0 ] ] } },
{ "type": "Feature", "properties": { "nombre": "" }, "geometry": { "type": "LineString", "coordinates": [ [ -70.44361, -23.43282, 0.0 ], [ -70.44385, -23.43279, 0.0 ], [ -70.44671, -23.45611, 0.0 ], [ -70.44622, -23.45617, 0.0 ], [ -70.44361, -23.43282, 0.0 ] ] } },
{ "type": "Feature", "properties": { "nombre": "" }, "geometry": { "type": "LineString", "coordinates": [ [ -70.4417, -23.43302, 0.0 ], [ -70.44442, -23.45635, 0.0 ], [ -70.44471, -23.45632, 0.0 ], [ -70.44185, -23.433, 0.0 ], [ -70.4417, -23.43302, 0.0 ] ] } },
{ "type": "Feature", "properties": { "nombre": "" }, "geometry": { "type": "LineString", "coordinates": [ [ -70.44455, -23.45508, 0.0 ], [ -70.44426, -23.45511, 0.0 ] ] } },
{ "type": "Feature", "properties": { "nombre": "" }, "geometry": { "type": "LineString", "coordinates": [ [ -70.44169, -23.43411, 0.0 ], [ -70.44198, -23.43408, 0.0 ] ] } },
{ "type": "Feature", "properties": { "nombre": "" }, "geometry": { "type": "LineString", "coordinates": [ [ -70.48642, -23.58884, 0.0 ], [ -70.44799, -23.45653, 0.0 ], [ -70.4439, -23.45695, 0.0 ], [ -70.4385, -23.59383, 0.0 ], [ -70.48642, -23.58884, 0.0 ] ] } },
{ "type": "Feature", "properties": { "nombre": "" }, "geometry": { "type": "LineString", "coordinates": [ [ -70.45004, -23.46358, 0.0 ], [ -70.44361, -23.46425, 0.0 ] ] } },
{ "type": "Feature", "properties": { "nombre": "" }, "geometry": { "type": "LineString", "coordinates": [ [ -70.45388, -23.47681, 0.0 ], [ -70.44307, -23.47794, 0.0 ] ] } },
{ "type": "Feature", "properties": { "nombre": "" }, "geometry": { "type": "LineString", "coordinates": [ [ -70.45039, -23.29524, 0.0 ], [ -70.445, -23.43213, 0.0 ], [ -70.44091, -23.43255, 0.0 ], [ -70.40258, -23.30023, 0.0 ], [ -70.45039, -23.29524, 0.0 ] ] } },
{ "type": "Feature", "properties": { "nombre": "" }, "geometry": { "type": "LineString", "coordinates": [ [ -70.44529, -23.42483, 0.0 ], [ -70.43886, -23.4255, 0.0 ] ] } },
{ "type": "Feature", "properties": { "nombre": "" }, "geometry": { "type": "LineString", "coordinates": [ [ -70.44583, -23.41114, 0.0 ], [ -70.43503, -23.41227, 0.0 ] ] } },
{ "type": "Feature", "properties": { "nombre": "" }, "geometry": { "type": "LineString", "coordinates": [ [ -70.44091, -23.43255, 0.0 ], [ -70.43785, -23.43287, 0.0 ] ] } },
{ "type": "Feature", "properties": { "nombre": "" }, "geometry": { "type": "LineString", "coordinates": [ [ -70.4439, -23.45695, 0.0 ], [ -70.44083, -23.45727, 0.0 ] ] } },
{ "type": "Feature", "properties": { "nombre": "" }, "geometry": { "type": "LineString", "coordinates": [ [ -70.43515, -23.41271, 0.0 ], [ -70.44309, -23.47749, 0.0 ] ] } },
{ "type": "Feature", "properties": { "nombre": "" }, "geometry": { "type": "LineString", "coordinates": [ [ -70.43963, -23.42815, 0.0 ], [ -70.44372, -23.46151, 0.0 ] ] } },
{ "type": "Feature", "properties": { "nombre": "" }, "geometry": { "type": "LineString", "coordinates": [ [ -70.43835, -23.42374, 0.0 ], [ -70.44354, -23.46607, 0.0 ] ] } },
{ "type": "Feature", "properties": { "nombre": "" }, "geometry": { "type": "LineString", "coordinates": [ [ -70.43708, -23.41934, 0.0 ], [ -70.44336, -23.47063, 0.0 ] ] } },
{ "type": "Feature", "properties": { "nombre": "" }, "geometry": { "type": "LineString", "coordinates": [ [ -70.4358, -23.41493, 0.0 ], [ -70.44318, -23.47519, 0.0 ] ] } },
{ "type": "Feature", "properties": { "nombre": "" }, "geometry": { "type": "LineString", "coordinates": [ [ -70.44799, -23.45653, 0.0 ], [ -70.45106, -23.45621, 0.0 ] ] } },
{ "type": "Feature", "properties": { "nombre": "" }, "geometry": { "type": "LineString", "coordinates": [ [ -70.44581, -23.4116, 0.0 ], [ -70.45375, -23.47637, 0.0 ] ] } },
{ "type": "Feature", "properties": { "nombre": "" }, "geometry": { "type": "LineString", "coordinates": [ [ -70.44518, -23.42757, 0.0 ], [ -70.44927, -23.46093, 0.0 ] ] } },
{ "type": "Feature", "properties": { "nombre": "" }, "geometry": { "type": "LineString", "coordinates": [ [ -70.44536, -23.42301, 0.0 ], [ -70.45055, -23.46534, 0.0 ] ] } },
{ "type": "Feature", "properties": { "nombre": "" }, "geometry": { "type": "LineString", "coordinates": [ [ -70.44554, -23.41845, 0.0 ], [ -70.45183, -23.46974, 0.0 ] ] } },
{ "type": "Feature", "properties": { "nombre": "" }, "geometry": { "type": "LineString", "coordinates": [ [ -70.44572, -23.41389, 0.0 ], [ -70.45311, -23.47415, 0.0 ] ] } },
{ "type": "Feature", "properties": { "nombre": "" }, "geometry": { "type": "LineString", "coordinates": [ [ -70.44811, -23.47, 0.0 ], [ -70.44816, -23.46995, 0.0 ], [ -70.44821, -23.47, 0.0 ], [ -70.44816, -23.47004, 0.0 ], [ -70.44811, -23.47, 0.0 ] ] } },
{ "type": "Feature", "properties": { "nombre": "" }, "geometry": { "type": "LineString", "coordinates": [ [ -70.44522, -23.47003, 0.0 ], [ -70.44606, -23.4681, 0.0 ], [ -70.44813, -23.46729, 0.0 ], [ -70.45021, -23.46806, 0.0 ], [ -70.45109, -23.46997, 0.0 ], [ -70.45025, -23.47189, 0.0 ], [ -70.44819, -23.47271, 0.0 ], [ -70.4461, -23.47193, 0.0 ], [ -70.44522, -23.47003, 0.0 ] ] } },
{ "type": "Feature", "properties": { "nombre": "" }, "geometry": { "type": "LineString", "coordinates": [ [ -70.43837, -23.47009, 0.0 ], [ -70.43907, -23.46663, 0.0 ], [ -70.44117, -23.46368, 0.0 ], [ -70.44432, -23.46169, 0.0 ], [ -70.44806, -23.46097, 0.0 ], [ -70.45181, -23.46162, 0.0 ], [ -70.45501, -23.46355, 0.0 ], [ -70.45716, -23.46646, 0.0 ], [ -70.45795, -23.46991, 0.0 ], [ -70.45724, -23.47337, 0.0 ], [ -70.45515, -23.47632, 0.0 ], [ -70.45199, -23.47831, 0.0 ], [ -70.44825, -23.47903, 0.0 ], [ -70.4445, -23.47838, 0.0 ], [ -70.4413, -23.47645, 0.0 ], [ -70.43915, -23.47354, 0.0 ], [ -70.43837, -23.47009, 0.0 ] ] } },
{ "type": "Feature", "properties": { "nombre": "" }, "geometry": { "type": "LineString", "coordinates": [ [ -70.44104, -23.43363, 0.0 ], [ -70.4425, -23.43348, 0.0 ], [ -70.4452, -23.45555, 0.0 ], [ -70.44374, -23.45571, 0.0 ] ] } },
{ "type": "Feature", "properties": { "nombre": "" }, "geometry": { "type": "LineString", "coordinates": [ [ -71.51837, -32.78875, 0.0 ], [ -71.52101, -32.80903, 0.0 ], [ -71.52069, -32.80906, 0.0 ], [ -71.51805, -32.78878, 0.0 ], [ -71.51837, -32.78875, 0.0 ] ] } },
{ "type": "Feature", "properties": { "nombre": "" }, "geometry": { "type": "LineString", "coordinates": [ [ -71.49593, -32.73851, 0.0 ], [ -71.49607, -32.73838, 0.0 ], [ -71.49623, -32.7385, 0.0 ], [ -71.49608, -32.73863, 0.0 ], [ -71.49593, -32.73851, 0.0 ] ] } },
{ "type": "Feature", "properties": { "nombre": "" }, "geometry": { "type": "LineString", "coordinates": [ [ -71.49607, -32.7385, 0.0 ], [ -71.49608, -32.7385, 0.0 ], [ -71.49608, -32.7385, 0.0 ], [ -71.49608, -32.73851, 0.0 ], [ -71.49607, -32.7385, 0.0 ] ] } },
{ "type": "Feature", "properties": { "nombre": "" }, "geometry": { "type": "LineString", "coordinates": [ [ -71.49288, -32.73857, 0.0 ], [ -71.49376, -32.73664, 0.0 ], [ -71.496, -32.7358, 0.0 ], [ -71.49829, -32.73655, 0.0 ], [ -71.49928, -32.73844, 0.0 ], [ -71.49839, -32.74037, 0.0 ], [ -71.49615, -32.74121, 0.0 ], [ -71.49387, -32.74046, 0.0 ], [ -71.49288, -32.73857, 0.0 ] ] } },
{ "type": "Feature", "properties": { "nombre": "" }, "geometry": { "type": "LineString", "coordinates": [ [ -71.48541, -32.73871, 0.0 ], [ -71.48613, -32.73525, 0.0 ], [ -71.48836, -32.73228, 0.0 ], [ -71.49176, -32.73026, 0.0 ], [ -71.49583, -32.72949, 0.0 ], [ -71.49992, -32.7301, 0.0 ], [ -71.50344, -32.73198, 0.0 ], [ -71.50583, -32.73486, 0.0 ], [ -71.50674, -32.73829, 0.0 ], [ -71.50602, -32.74175, 0.0 ], [ -71.50379, -32.74472, 0.0 ], [ -71.50039, -32.74675, 0.0 ], [ -71.49633, -32.74752, 0.0 ], [ -71.49223, -32.74691, 0.0 ], [ -71.48871, -32.74503, 0.0 ], [ -71.48632, -32.74215, 0.0 ], [ -71.48541, -32.73871, 0.0 ] ] } },
{ "type": "Feature", "properties": { "nombre": "" }, "geometry": { "type": "LineString", "coordinates": [ [ -71.51997, -32.81465, 0.0 ], [ -71.51358, -32.95127, 0.0 ], [ -71.56459, -32.94654, 0.0 ], [ -71.52315, -32.81436, 0.0 ], [ -71.51997, -32.81465, 0.0 ] ] } },
{ "type": "Feature", "properties": { "nombre": "" }, "geometry": { "type": "LineString", "coordinates": [ [ -71.52458, -32.81892, 0.0 ], [ -71.51975, -32.81937, 0.0 ] ] } },
{ "type": "Feature", "properties": { "nombre": "" }, "geometry": { "type": "LineString", "coordinates": [ [ -71.51911, -32.83303, 0.0 ], [ -71.52872, -32.83214, 0.0 ] ] } },
{ "type": "Feature", "properties": { "nombre": "" }, "geometry": { "type": "LineString", "coordinates": [ [ -71.51633, -32.7867, 0.0 ], [ -71.47506, -32.65449, 0.0 ], [ -71.5259, -32.64978, 0.0 ], [ -71.51951, -32.7864, 0.0 ], [ -71.51633, -32.7867, 0.0 ] ] } },
{ "type": "Feature", "properties": { "nombre": "" }, "geometry": { "type": "LineString", "coordinates": [ [ -71.51973, -32.78168, 0.0 ], [ -71.5149, -32.78213, 0.0 ] ] } },
{ "type": "Feature", "properties": { "nombre": "" }, "geometry": { "type": "LineString", "coordinates": [ [ -71.51077, -32.76891, 0.0 ], [ -71.52037, -32.76802, 0.0 ] ] } },
{ "type": "Feature", "properties": { "nombre": "" }, "geometry": { "type": "LineString", "coordinates": [ [ -71.52315, -32.81436, 0.0 ], [ -71.52649, -32.81405, 0.0 ] ] } },
{ "type": "Feature", "properties": { "nombre": "" }, "geometry": { "type": "LineString", "coordinates": [ [ -71.51951, -32.7864, 0.0 ], [ -71.52286, -32.78609, 0.0 ] ] } },
{ "type": "Feature", "properties": { "nombre": "" }, "geometry": { "type": "LineString", "coordinates": [ [ -71.51997, -32.81465, 0.0 ], [ -71.51633, -32.7867, 0.0 ], [ -71.51951, -32.7864, 0.0 ], [ -71.52315, -32.81436, 0.0 ], [ -71.51997, -32.81465, 0.0 ] ] } },
{ "type": "Feature", "properties": { "nombre": "" }, "geometry": { "type": "LineString", "coordinates": [ [ -71.52936, -32.83419, 0.0 ], [ -71.52047, -32.76591, 0.0 ] ] } },
{ "type": "Feature", "properties": { "nombre": "" }, "geometry": { "type": "LineString", "coordinates": [ [ -71.52866, -32.83196, 0.0 ], [ -71.52036, -32.7682, 0.0 ] ] } },
{ "type": "Feature", "properties": { "nombre": "" }, "geometry": { "type": "LineString", "coordinates": [ [ -71.52728, -32.82756, 0.0 ], [ -71.52015, -32.77275, 0.0 ] ] } },
{ "type": "Feature", "properties": { "nombre": "" }, "geometry": { "type": "LineString", "coordinates": [ [ -71.52591, -32.82316, 0.0 ], [ -71.51994, -32.7773, 0.0 ] ] } },
{ "type": "Feature", "properties": { "nombre": "" }, "geometry": { "type": "LineString", "coordinates": [ [ -71.52453, -32.81876, 0.0 ], [ -71.51973, -32.78185, 0.0 ] ] } },
{ "type": "Feature", "properties": { "nombre": "" }, "geometry": { "type": "LineString", "coordinates": [ [ -71.51997, -32.81465, 0.0 ], [ -71.51663, -32.81496, 0.0 ] ] } },
{ "type": "Feature", "properties": { "nombre": "" }, "geometry": { "type": "LineString", "coordinates": [ [ -71.51633, -32.7867, 0.0 ], [ -71.51299, -32.78701, 0.0 ] ] } },
{ "type": "Feature", "properties": { "nombre": "" }, "geometry": { "type": "LineString", "coordinates": [ [ -71.51901, -32.83515, 0.0 ], [ -71.51013, -32.76687, 0.0 ] ] } },
{ "type": "Feature", "properties": { "nombre": "" }, "geometry": { "type": "LineString", "coordinates": [ [ -71.51912, -32.83285, 0.0 ], [ -71.51083, -32.76909, 0.0 ] ] } },
{ "type": "Feature", "properties": { "nombre": "" }, "geometry": { "type": "LineString", "coordinates": [ [ -71.51933, -32.8283, 0.0 ], [ -71.5122, -32.77349, 0.0 ] ] } },
{ "type": "Feature", "properties": { "nombre": "" }, "geometry": { "type": "LineString", "coordinates": [ [ -71.51954, -32.82375, 0.0 ], [ -71.51358, -32.77789, 0.0 ] ] } },
{ "type": "Feature", "properties": { "nombre": "" }, "geometry": { "type": "LineString", "coordinates": [ [ -71.51976, -32.8192, 0.0 ], [ -71.51496, -32.78229, 0.0 ] ] } },
{ "type": "Feature", "properties": { "nombre": "" }, "geometry": { "type": "LineString", "coordinates": [ [ -71.45782, -32.81986, 0.0 ], [ -71.45396, -32.78732, 0.0 ], [ -71.45471, -32.77886, 0.0 ], [ -71.45736, -32.7697, 0.0 ], [ -71.46241, -32.76025, 0.0 ], [ -71.46949, -32.75178, 0.0 ], [ -71.47835, -32.74461, 0.0 ], [ -71.48383, -32.74135, 0.0 ], [ -71.48967, -32.73858, 0.0 ], [ -71.49582, -32.73634, 0.0 ], [ -71.50222, -32.73467, 0.0 ], [ -71.51546, -32.73304, 0.0 ], [ -71.52881, -32.73378, 0.0 ], [ -71.54169, -32.73684, 0.0 ], [ -71.54876, -32.73965, 0.0 ], [ -71.55446, -32.74263, 0.0 ], [ -71.55976, -32.74609, 0.0 ], [ -71.5646, -32.75001, 0.0 ], [ -71.56893, -32.75432, 0.0 ], [ -71.57271, -32.759, 0.0 ], [ -71.57588, -32.76399, 0.0 ], [ -71.57842, -32.76922, 0.0 ], [ -71.58135, -32.77929, 0.0 ], [ -71.58536, -32.80992, 0.0 ], [ -71.58522, -32.81935, 0.0 ], [ -71.58344, -32.8277, 0.0 ], [ -71.581, -32.83398, 0.0 ], [ -71.5782, -32.83912, 0.0 ], [ -71.57478, -32.84399, 0.0 ], [ -71.57077, -32.84853, 0.0 ], [ -71.56622, -32.85269, 0.0 ], [ -71.56118, -32.85642, 0.0 ], [ -71.55571, -32.85969, 0.0 ], [ -71.54986, -32.86246, 0.0 ], [ -71.54264, -32.86502, 0.0 ], [ -71.53511, -32.86682, 0.0 ], [ -71.52738, -32.86782, 0.0 ], [ -71.51956, -32.86803, 0.0 ], [ -71.51176, -32.86743, 0.0 ], [ -71.50412, -32.86603, 0.0 ], [ -71.49776, -32.86421, 0.0 ], [ -71.49069, -32.86139, 0.0 ], [ -71.48498, -32.85841, 0.0 ], [ -71.47884, -32.85433, 0.0 ], [ -71.47333, -32.84964, 0.0 ], [ -71.46854, -32.84441, 0.0 ], [ -71.46454, -32.83874, 0.0 ], [ -71.46139, -32.83269, 0.0 ], [ -71.45914, -32.82637, 0.0 ], [ -71.45782, -32.81986, 0.0 ] ] } },
{ "type": "Feature", "properties": { "nombre": "" }, "geometry": { "type": "LineString", "coordinates": [ [ -71.47904, -32.8179, 0.0 ], [ -71.47542, -32.78976, 0.0 ], [ -71.47535, -32.78536, 0.0 ], [ -71.47605, -32.78036, 0.0 ], [ -71.47807, -32.77431, 0.0 ], [ -71.48169, -32.76812, 0.0 ], [ -71.48665, -32.76261, 0.0 ], [ -71.49275, -32.75801, 0.0 ], [ -71.50045, -32.75421, 0.0 ], [ -71.50893, -32.75185, 0.0 ], [ -71.51779, -32.75103, 0.0 ], [ -71.5274, -32.75191, 0.0 ], [ -71.53652, -32.7546, 0.0 ], [ -71.54411, -32.75857, 0.0 ], [ -71.55103, -32.76426, 0.0 ], [ -71.55593, -32.77056, 0.0 ], [ -71.55875, -32.77638, 0.0 ], [ -71.56023, -32.78189, 0.0 ], [ -71.56401, -32.81065, 0.0 ], [ -71.56398, -32.81756, 0.0 ], [ -71.56217, -32.82494, 0.0 ], [ -71.55858, -32.83184, 0.0 ], [ -71.55337, -32.83796, 0.0 ], [ -71.54676, -32.84303, 0.0 ], [ -71.54172, -32.84572, 0.0 ], [ -71.53699, -32.84757, 0.0 ], [ -71.5313, -32.84906, 0.0 ], [ -71.52616, -32.84981, 0.0 ], [ -71.5202, -32.85001, 0.0 ], [ -71.51501, -32.84961, 0.0 ], [ -71.50919, -32.8485, 0.0 ], [ -71.5043, -32.84698, 0.0 ], [ -71.49966, -32.84496, 0.0 ], [ -71.49477, -32.84209, 0.0 ], [ -71.49091, -32.83913, 0.0 ], [ -71.48706, -32.83529, 0.0 ], [ -71.48423, -32.83159, 0.0 ], [ -71.48169, -32.82704, 0.0 ], [ -71.4801, -32.82285, 0.0 ], [ -71.47904, -32.8179, 0.0 ] ] } },
{ "type": "Feature", "properties": { "nombre": "" }, "geometry": { "type": "LineString", "coordinates": [ [ -71.51815, -32.78707, 0.0 ], [ -71.51837, -32.78875, 0.0 ], [ -71.51805, -32.78878, 0.0 ], [ -71.51783, -32.7871, 0.0 ], [ -71.51815, -32.78707, 0.0 ] ] } },
{ "type": "Feature", "properties": { "nombre": "" }, "geometry": { "type": "LineString", "coordinates": [ [ -71.52101, -32.80903, 0.0 ], [ -71.52165, -32.81395, 0.0 ], [ -71.52133, -32.81398, 0.0 ], [ -71.52069, -32.80906, 0.0 ], [ -71.52101, -32.80903, 0.0 ] ] } },
{ "type": "Feature", "properties": { "nombre": "" }, "geometry": { "type": "LineString", "coordinates": [ [ -71.51708, -32.7949, 0.0 ], [ -71.51723, -32.79477, 0.0 ], [ -71.51738, -32.79489, 0.0 ], [ -71.51723, -32.79502, 0.0 ], [ -71.51708, -32.7949, 0.0 ] ] } },
{ "type": "Feature", "properties": { "nombre": "" }, "geometry": { "type": "LineString", "coordinates": [ [ -71.51722, -32.79489, 0.0 ], [ -71.51723, -32.79489, 0.0 ], [ -71.51724, -32.79489, 0.0 ], [ -71.51723, -32.7949, 0.0 ], [ -71.51722, -32.79489, 0.0 ] ] } },
{ "type": "Feature", "properties": { "nombre": "" }, "geometry": { "type": "LineString", "coordinates": [ [ -71.51403, -32.79496, 0.0 ], [ -71.51491, -32.79303, 0.0 ], [ -71.51715, -32.79219, 0.0 ], [ -71.51944, -32.79294, 0.0 ], [ -71.52043, -32.79483, 0.0 ], [ -71.51955, -32.79676, 0.0 ], [ -71.51731, -32.7976, 0.0 ], [ -71.51502, -32.79685, 0.0 ], [ -71.51403, -32.79496, 0.0 ] ] } },
{ "type": "Feature", "properties": { "nombre": "" }, "geometry": { "type": "LineString", "coordinates": [ [ -71.50656, -32.79511, 0.0 ], [ -71.50728, -32.79164, 0.0 ], [ -71.50951, -32.78867, 0.0 ], [ -71.51291, -32.78665, 0.0 ], [ -71.51698, -32.78588, 0.0 ], [ -71.52108, -32.78649, 0.0 ], [ -71.52459, -32.78837, 0.0 ], [ -71.52699, -32.79125, 0.0 ], [ -71.5279, -32.79468, 0.0 ], [ -71.52719, -32.79814, 0.0 ], [ -71.52496, -32.80111, 0.0 ], [ -71.52155, -32.80314, 0.0 ], [ -71.51748, -32.80391, 0.0 ], [ -71.51338, -32.8033, 0.0 ], [ -71.50986, -32.80142, 0.0 ], [ -71.50747, -32.79854, 0.0 ], [ -71.50656, -32.79511, 0.0 ] ] } },
{ "type": "Feature", "properties": { "nombre": "Area Features (#5)" }, "geometry": { "type": "Polygon", "coordinates": [ [ [ -70.14379, -20.55215, 0.0 ], [ -70.14213, -20.52066, 0.0 ], [ -70.14285, -20.51314, 0.0 ], [ -70.14447, -20.50768, 0.0 ], [ -70.14731, -20.50198, 0.0 ], [ -70.15116, -20.49682, 0.0 ], [ -70.1559, -20.49238, 0.0 ], [ -70.16197, -20.48847, 0.0 ], [ -70.16935, -20.48553, 0.0 ], [ -70.17656, -20.48416, 0.0 ], [ -70.18458, -20.48418, 0.0 ], [ -70.19242, -20.48577, 0.0 ], [ -70.19973, -20.48885, 0.0 ], [ -70.20621, -20.4933, 0.0 ], [ -70.21117, -20.49842, 0.0 ], [ -70.21583, -20.50606, 0.0 ], [ -70.21839, -20.51453, 0.0 ], [ -70.22042, -20.5523, 0.0 ], [ -70.21915, -20.55976, 0.0 ], [ -70.21626, -20.56681, 0.0 ], [ -70.21188, -20.57314, 0.0 ], [ -70.20671, -20.57807, 0.0 ], [ -70.20237, -20.58102, 0.0 ], [ -70.19764, -20.58338, 0.0 ], [ -70.19261, -20.5851, 0.0 ], [ -70.18737, -20.58613, 0.0 ], [ -70.18203, -20.58648, 0.0 ], [ -70.17669, -20.58611, 0.0 ], [ -70.17145, -20.58506, 0.0 ], [ -70.16704, -20.58357, 0.0 ], [ -70.16227, -20.58128, 0.0 ], [ -70.1579, -20.57838, 0.0 ], [ -70.15399, -20.57493, 0.0 ], [ -70.15063, -20.571, 0.0 ], [ -70.14788, -20.56668, 0.0 ], [ -70.1458, -20.56203, 0.0 ], [ -70.14443, -20.55716, 0.0 ], [ -70.14379, -20.55215, 0.0 ] ] ] } },
{ "type": "Feature", "properties": { "nombre": "Area Features (#5)" }, "geometry": { "type": "Polygon", "coordinates": [ [ [ -70.12463, -20.55306, 0.0 ], [ -70.12296, -20.51904, 0.0 ], [ -70.12368, -20.51151, 0.0 ], [ -70.12581, -20.50325, 0.0 ], [ -70.12975, -20.49456, 0.0 ], [ -70.13586, -20.48591, 0.0 ], [ -70.14284, -20.47912, 0.0 ], [ -70.15183, -20.47311, 0.0 ], [ -70.16188, -20.46882, 0.0 ], [ -70.1736, -20.4663, 0.0 ], [ -70.18462, -20.46604, 0.0 ], [ -70.19646, -20.46804, 0.0 ], [ -70.2076, -20.4723, 0.0 ], [ -70.21275, -20.47523, 0.0 ], [ -70.21756, -20.47866, 0.0 ], [ -70.22195, -20.48253, 0.0 ], [ -70.22589, -20.48682, 0.0 ], [ -70.2318, -20.49559, 0.0 ], [ -70.23583, -20.50527, 0.0 ], [ -70.23772, -20.51455, 0.0 ], [ -70.23965, -20.54949, 0.0 ], [ -70.23943, -20.55516, 0.0 ], [ -70.23858, -20.56078, 0.0 ], [ -70.23681, -20.56719, 0.0 ], [ -70.23464, -20.57248, 0.0 ], [ -70.2319, -20.57753, 0.0 ], [ -70.22861, -20.58228, 0.0 ], [ -70.22481, -20.58669, 0.0 ], [ -70.22054, -20.59069, 0.0 ], [ -70.21585, -20.59425, 0.0 ], [ -70.21079, -20.59734, 0.0 ], [ -70.20356, -20.60064, 0.0 ], [ -70.19689, -20.60273, 0.0 ], [ -70.19, -20.60403, 0.0 ], [ -70.18299, -20.60454, 0.0 ], [ -70.17497, -20.60413, 0.0 ], [ -70.16806, -20.60291, 0.0 ], [ -70.16137, -20.6009, 0.0 ], [ -70.15498, -20.59815, 0.0 ], [ -70.14899, -20.59468, 0.0 ], [ -70.1435, -20.59054, 0.0 ], [ -70.13858, -20.58581, 0.0 ], [ -70.13377, -20.57976, 0.0 ], [ -70.13032, -20.57399, 0.0 ], [ -70.12733, -20.56698, 0.0 ], [ -70.12559, -20.56056, 0.0 ], [ -70.12463, -20.55306, 0.0 ] ] ] } },
{ "type": "Feature", "properties": { "nombre": "" }, "geometry": { "type": "LineString", "coordinates": [ [ -70.1819, -20.5195, 0.0 ], [ -70.18357, -20.55081, 0.0 ], [ -70.17964, -20.551, 0.0 ], [ -70.17797, -20.51969, 0.0 ], [ -70.1819, -20.5195, 0.0 ] ] } },
{ "type": "Feature", "properties": { "nombre": "" }, "geometry": { "type": "LineString", "coordinates": [ [ -70.1819, -20.5195, 0.0 ], [ -70.18046, -20.51957, 0.0 ] ] } },
{ "type": "Feature", "properties": { "nombre": "" }, "geometry": { "type": "LineString", "coordinates": [ [ -70.18211, -20.55034, 0.0 ], [ -70.18071, -20.5201, 0.0 ], [ -70.18027, -20.52012, 0.0 ], [ -70.18189, -20.55035, 0.0 ], [ -70.18211, -20.55034, 0.0 ] ] } },
{ "type": "Feature", "properties": { "nombre": "" }, "geometry": { "type": "LineString", "coordinates": [ [ -70.17964, -20.551, 0.0 ], [ -70.16532, -20.68736, 0.0 ], [ -70.21239, -20.68513, 0.0 ], [ -70.18357, -20.55081, 0.0 ], [ -70.17964, -20.551, 0.0 ] ] } },
{ "type": "Feature", "properties": { "nombre": "" }, "geometry": { "type": "LineString", "coordinates": [ [ -70.18511, -20.55798, 0.0 ], [ -70.17888, -20.55827, 0.0 ] ] } },
{ "type": "Feature", "properties": { "nombre": "" }, "geometry": { "type": "LineString", "coordinates": [ [ -70.18799, -20.57141, 0.0 ], [ -70.17745, -20.57191, 0.0 ] ] } },
{ "type": "Feature", "properties": { "nombre": "" }, "geometry": { "type": "LineString", "coordinates": [ [ -70.17797, -20.51969, 0.0 ], [ -70.14922, -20.38536, 0.0 ], [ -70.1962, -20.38313, 0.0 ], [ -70.1819, -20.5195, 0.0 ], [ -70.17797, -20.51969, 0.0 ] ] } },
{ "type": "Feature", "properties": { "nombre": "" }, "geometry": { "type": "LineString", "coordinates": [ [ -70.18266, -20.51223, 0.0 ], [ -70.17644, -20.51252, 0.0 ] ] } },
{ "type": "Feature", "properties": { "nombre": "" }, "geometry": { "type": "LineString", "coordinates": [ [ -70.18409, -20.49859, 0.0 ], [ -70.17356, -20.49909, 0.0 ] ] } },
{ "type": "Feature", "properties": { "nombre": "" }, "geometry": { "type": "LineString", "coordinates": [ [ -70.17964, -20.551, 0.0 ], [ -70.17663, -20.55114, 0.0 ] ] } },
{ "type": "Feature", "properties": { "nombre": "" }, "geometry": { "type": "LineString", "coordinates": [ [ -70.17797, -20.51969, 0.0 ], [ -70.17496, -20.51983, 0.0 ] ] } },
{ "type": "Feature", "properties": { "nombre": "" }, "geometry": { "type": "LineString", "coordinates": [ [ -70.17078, -20.48611, 0.0 ], [ -70.17496, -20.51983, 0.0 ], [ -70.17663, -20.55114, 0.0 ], [ -70.17624, -20.5834, 0.0 ] ] } },
{ "type": "Feature", "properties": { "nombre": "" }, "geometry": { "type": "LineString", "coordinates": [ [ -70.17158, -20.48984, 0.0 ], [ -70.17529, -20.51982, 0.0 ], [ -70.17696, -20.55113, 0.0 ], [ -70.17662, -20.5798, 0.0 ] ] } },
{ "type": "Feature", "properties": { "nombre": "" }, "geometry": { "type": "LineString", "coordinates": [ [ -70.17317, -20.4973, 0.0 ], [ -70.17596, -20.51978, 0.0 ], [ -70.17763, -20.55109, 0.0 ], [ -70.17738, -20.5726, 0.0 ] ] } },
{ "type": "Feature", "properties": { "nombre": "" }, "geometry": { "type": "LineString", "coordinates": [ [ -70.17477, -20.50476, 0.0 ], [ -70.17663, -20.51975, 0.0 ], [ -70.1783, -20.55106, 0.0 ], [ -70.17813, -20.5654, 0.0 ] ] } },
{ "type": "Feature", "properties": { "nombre": "" }, "geometry": { "type": "LineString", "coordinates": [ [ -70.17637, -20.51223, 0.0 ], [ -70.1773, -20.51972, 0.0 ], [ -70.17897, -20.55103, 0.0 ], [ -70.17889, -20.5582, 0.0 ] ] } },
{ "type": "Feature", "properties": { "nombre": "" }, "geometry": { "type": "LineString", "coordinates": [ [ -70.18357, -20.55081, 0.0 ], [ -70.18659, -20.55067, 0.0 ] ] } },
{ "type": "Feature", "properties": { "nombre": "" }, "geometry": { "type": "LineString", "coordinates": [ [ -70.1819, -20.5195, 0.0 ], [ -70.18491, -20.51936, 0.0 ] ] } },
{ "type": "Feature", "properties": { "nombre": "" }, "geometry": { "type": "LineString", "coordinates": [ [ -70.18548, -20.48541, 0.0 ], [ -70.18491, -20.51936, 0.0 ], [ -70.18659, -20.55067, 0.0 ], [ -70.19041, -20.58273, 0.0 ] ] } },
{ "type": "Feature", "properties": { "nombre": "" }, "geometry": { "type": "LineString", "coordinates": [ [ -70.18508, -20.4892, 0.0 ], [ -70.18458, -20.51938, 0.0 ], [ -70.18625, -20.55069, 0.0 ], [ -70.18965, -20.57918, 0.0 ] ] } },
{ "type": "Feature", "properties": { "nombre": "" }, "geometry": { "type": "LineString", "coordinates": [ [ -70.18428, -20.49677, 0.0 ], [ -70.18391, -20.51941, 0.0 ], [ -70.18558, -20.55072, 0.0 ], [ -70.18813, -20.57209, 0.0 ] ] } },
{ "type": "Feature", "properties": { "nombre": "" }, "geometry": { "type": "LineString", "coordinates": [ [ -70.18349, -20.50435, 0.0 ], [ -70.18324, -20.51944, 0.0 ], [ -70.18491, -20.55075, 0.0 ], [ -70.18661, -20.565, 0.0 ] ] } },
{ "type": "Feature", "properties": { "nombre": "" }, "geometry": { "type": "LineString", "coordinates": [ [ -70.18269, -20.51193, 0.0 ], [ -70.18257, -20.51947, 0.0 ], [ -70.18424, -20.55078, 0.0 ], [ -70.18509, -20.5579, 0.0 ] ] } },
{ "type": "Feature", "properties": { "nombre": "" }, "geometry": { "type": "LineString", "coordinates": [ [ -70.17252, -20.37456, 0.0 ], [ -70.17265, -20.37443, 0.0 ], [ -70.17279, -20.37455, 0.0 ], [ -70.17265, -20.37468, 0.0 ], [ -70.17252, -20.37456, 0.0 ] ] } },
{ "type": "Feature", "properties": { "nombre": "" }, "geometry": { "type": "LineString", "coordinates": [ [ -70.17265, -20.37455, 0.0 ], [ -70.17265, -20.37455, 0.0 ], [ -70.17266, -20.37455, 0.0 ], [ -70.17265, -20.37456, 0.0 ], [ -70.17265, -20.37455, 0.0 ] ] } },
{ "type": "Feature", "properties": { "nombre": "" }, "geometry": { "type": "LineString", "coordinates": [ [ -70.16978, -20.37457, 0.0 ], [ -70.17061, -20.37265, 0.0 ], [ -70.17263, -20.37184, 0.0 ], [ -70.17467, -20.37262, 0.0 ], [ -70.17553, -20.37454, 0.0 ], [ -70.1747, -20.37646, 0.0 ], [ -70.17267, -20.37726, 0.0 ], [ -70.17064, -20.37648, 0.0 ], [ -70.16978, -20.37457, 0.0 ] ] } },
{ "type": "Feature", "properties": { "nombre": "" }, "geometry": { "type": "LineString", "coordinates": [ [ -70.16307, -20.37462, 0.0 ], [ -70.16378, -20.37116, 0.0 ], [ -70.16583, -20.36821, 0.0 ], [ -70.16892, -20.36623, 0.0 ], [ -70.17259, -20.36552, 0.0 ], [ -70.17626, -20.36618, 0.0 ], [ -70.17938, -20.36812, 0.0 ], [ -70.18148, -20.37104, 0.0 ], [ -70.18223, -20.37449, 0.0 ], [ -70.18153, -20.37795, 0.0 ], [ -70.17948, -20.3809, 0.0 ], [ -70.17638, -20.38288, 0.0 ], [ -70.17272, -20.38359, 0.0 ], [ -70.16905, -20.38293, 0.0 ], [ -70.16593, -20.38099, 0.0 ], [ -70.16383, -20.37807, 0.0 ], [ -70.16307, -20.37462, 0.0 ] ] } },
{ "type": "Feature", "properties": { "nombre": "Area Features (#6)" }, "geometry": { "type": "Polygon", "coordinates": [ [ [ -70.73744, -27.27563, 0.0 ], [ -70.73999, -27.24739, 0.0 ], [ -70.7423, -27.23884, 0.0 ], [ -70.74533, -27.23316, 0.0 ], [ -70.74943, -27.22804, 0.0 ], [ -70.75445, -27.22364, 0.0 ], [ -70.76088, -27.21977, 0.0 ], [ -70.768, -27.21708, 0.0 ], [ -70.77628, -27.21558, 0.0 ], [ -70.78472, -27.21565, 0.0 ], [ -70.79296, -27.21729, 0.0 ], [ -70.80064, -27.22043, 0.0 ], [ -70.80742, -27.22492, 0.0 ], [ -70.81301, -27.23058, 0.0 ], [ -70.81716, -27.23715, 0.0 ], [ -70.8197, -27.24434, 0.0 ], [ -70.8205, -27.25186, 0.0 ], [ -70.81792, -27.28199, 0.0 ], [ -70.81699, -27.28696, 0.0 ], [ -70.81416, -27.29407, 0.0 ], [ -70.80975, -27.3005, 0.0 ], [ -70.80393, -27.30597, 0.0 ], [ -70.79696, -27.31024, 0.0 ], [ -70.79183, -27.31233, 0.0 ], [ -70.78642, -27.31375, 0.0 ], [ -70.78084, -27.3145, 0.0 ], [ -70.77591, -27.31457, 0.0 ], [ -70.77031, -27.31399, 0.0 ], [ -70.76552, -27.31292, 0.0 ], [ -70.76028, -27.31107, 0.0 ], [ -70.75596, -27.30893, 0.0 ], [ -70.75198, -27.30634, 0.0 ], [ -70.74789, -27.30287, 0.0 ], [ -70.74439, -27.29892, 0.0 ], [ -70.74153, -27.29458, 0.0 ], [ -70.73961, -27.29052, 0.0 ], [ -70.73811, -27.28566, 0.0 ], [ -70.73738, -27.28067, 0.0 ], [ -70.73744, -27.27563, 0.0 ] ] ] } },
{ "type": "Feature", "properties": { "nombre": "Area Features (#6)" }, "geometry": { "type": "Polygon", "coordinates": [ [ [ -70.7173, -27.2742, 0.0 ], [ -70.72037, -27.24252, 0.0 ], [ -70.72268, -27.23428, 0.0 ], [ -70.72641, -27.22646, 0.0 ], [ -70.73274, -27.21776, 0.0 ], [ -70.74082, -27.2103, 0.0 ], [ -70.75034, -27.20436, 0.0 ], [ -70.76095, -27.20015, 0.0 ], [ -70.77226, -27.19782, 0.0 ], [ -70.78492, -27.19754, 0.0 ], [ -70.79736, -27.19961, 0.0 ], [ -70.80334, -27.20151, 0.0 ], [ -70.80906, -27.20395, 0.0 ], [ -70.81446, -27.20691, 0.0 ], [ -70.81949, -27.21037, 0.0 ], [ -70.82755, -27.21784, 0.0 ], [ -70.83123, -27.22245, 0.0 ], [ -70.83434, -27.22739, 0.0 ], [ -70.8385, -27.23708, 0.0 ], [ -70.84042, -27.24636, 0.0 ], [ -70.84058, -27.25486, 0.0 ], [ -70.83779, -27.28561, 0.0 ], [ -70.83637, -27.2921, 0.0 ], [ -70.83408, -27.29838, 0.0 ], [ -70.83095, -27.30437, 0.0 ], [ -70.82763, -27.3092, 0.0 ], [ -70.82377, -27.3137, 0.0 ], [ -70.8194, -27.31781, 0.0 ], [ -70.81373, -27.32206, 0.0 ], [ -70.80843, -27.32518, 0.0 ], [ -70.8028, -27.3278, 0.0 ], [ -70.7969, -27.32987, 0.0 ], [ -70.78974, -27.33158, 0.0 ], [ -70.78241, -27.33249, 0.0 ], [ -70.77501, -27.3326, 0.0 ], [ -70.76765, -27.3319, 0.0 ], [ -70.76044, -27.33041, 0.0 ], [ -70.75348, -27.32814, 0.0 ], [ -70.74689, -27.32513, 0.0 ], [ -70.74076, -27.32143, 0.0 ], [ -70.73518, -27.31709, 0.0 ], [ -70.73023, -27.31217, 0.0 ], [ -70.726, -27.30675, 0.0 ], [ -70.72253, -27.30091, 0.0 ], [ -70.71989, -27.29473, 0.0 ], [ -70.71811, -27.28831, 0.0 ], [ -70.71721, -27.28175, 0.0 ], [ -70.7173, -27.2742, 0.0 ] ] ] } },
{ "type": "Feature", "properties": { "nombre": "" }, "geometry": { "type": "LineString", "coordinates": [ [ -70.77749, -27.27942, 0.0 ], [ -70.77763, -27.27929, 0.0 ], [ -70.77777, -27.27941, 0.0 ], [ -70.77763, -27.27954, 0.0 ], [ -70.77749, -27.27942, 0.0 ] ] } },
{ "type": "Feature", "properties": { "nombre": "" }, "geometry": { "type": "LineString", "coordinates": [ [ -70.77762, -27.27941, 0.0 ], [ -70.77763, -27.27941, 0.0 ], [ -70.77763, -27.27941, 0.0 ], [ -70.77763, -27.27942, 0.0 ], [ -70.77762, -27.27941, 0.0 ] ] } },
{ "type": "Feature", "properties": { "nombre": "" }, "geometry": { "type": "LineString", "coordinates": [ [ -70.7746, -27.27945, 0.0 ], [ -70.77545, -27.27753, 0.0 ], [ -70.77758, -27.27671, 0.0 ], [ -70.77974, -27.27747, 0.0 ], [ -70.78066, -27.27938, 0.0 ], [ -70.7798, -27.2813, 0.0 ], [ -70.77767, -27.28212, 0.0 ], [ -70.77552, -27.28136, 0.0 ], [ -70.7746, -27.27945, 0.0 ] ] } },
{ "type": "Feature", "properties": { "nombre": "" }, "geometry": { "type": "LineString", "coordinates": [ [ -70.76753, -27.27954, 0.0 ], [ -70.76824, -27.27608, 0.0 ], [ -70.77038, -27.27312, 0.0 ], [ -70.77363, -27.27113, 0.0 ], [ -70.77748, -27.27039, 0.0 ], [ -70.78136, -27.27103, 0.0 ], [ -70.78467, -27.27294, 0.0 ], [ -70.7869, -27.27584, 0.0 ], [ -70.78773, -27.27929, 0.0 ], [ -70.78701, -27.28275, 0.0 ], [ -70.78487, -27.2857, 0.0 ], [ -70.78163, -27.2877, 0.0 ], [ -70.77777, -27.28844, 0.0 ], [ -70.77389, -27.2878, 0.0 ], [ -70.77059, -27.28589, 0.0 ], [ -70.76835, -27.28299, 0.0 ], [ -70.76753, -27.27954, 0.0 ] ] } },
{ "type": "Feature", "properties": { "nombre": "" }, "geometry": { "type": "LineString", "coordinates": [ [ -70.78167, -27.25108, 0.0 ], [ -70.77917, -27.27915, 0.0 ], [ -70.77615, -27.27894, 0.0 ], [ -70.77865, -27.25087, 0.0 ], [ -70.78167, -27.25108, 0.0 ] ] } },
{ "type": "Feature", "properties": { "nombre": "" }, "geometry": { "type": "LineString", "coordinates": [ [ -70.78011, -27.25152, 0.0 ], [ -70.77858, -27.27132, 0.0 ], [ -70.77812, -27.27129, 0.0 ], [ -70.77989, -27.2515, 0.0 ], [ -70.78011, -27.25152, 0.0 ] ] } },
{ "type": "Feature", "properties": { "nombre": "" }, "geometry": { "type": "LineString", "coordinates": [ [ -70.77812, -27.27129, 0.0 ], [ -70.77748, -27.27849, 0.0 ], [ -70.77793, -27.27852, 0.0 ], [ -70.77858, -27.27132, 0.0 ], [ -70.77812, -27.27129, 0.0 ] ] } },
{ "type": "Feature", "properties": { "nombre": "" }, "geometry": { "type": "LineString", "coordinates": [ [ -70.77615, -27.27894, 0.0 ], [ -70.74144, -27.41227, 0.0 ], [ -70.78982, -27.41571, 0.0 ], [ -70.77917, -27.27915, 0.0 ], [ -70.77615, -27.27894, 0.0 ] ] } },
{ "type": "Feature", "properties": { "nombre": "" }, "geometry": { "type": "LineString", "coordinates": [ [ -70.7743, -27.28605, 0.0 ], [ -70.77974, -27.28644, 0.0 ] ] } },
{ "type": "Feature", "properties": { "nombre": "" }, "geometry": { "type": "LineString", "coordinates": [ [ -70.77083, -27.29938, 0.0 ], [ -70.7808, -27.30009, 0.0 ] ] } },
{ "type": "Feature", "properties": { "nombre": "" }, "geometry": { "type": "LineString", "coordinates": [ [ -70.77865, -27.25087, 0.0 ], [ -70.76804, -27.11431, 0.0 ], [ -70.8163, -27.11775, 0.0 ], [ -70.78167, -27.25108, 0.0 ], [ -70.77865, -27.25087, 0.0 ] ] } },
{ "type": "Feature", "properties": { "nombre": "" }, "geometry": { "type": "LineString", "coordinates": [ [ -70.77808, -27.24359, 0.0 ], [ -70.78352, -27.24397, 0.0 ] ] } },
{ "type": "Feature", "properties": { "nombre": "" }, "geometry": { "type": "LineString", "coordinates": [ [ -70.77702, -27.22993, 0.0 ], [ -70.78698, -27.23064, 0.0 ] ] } },
{ "type": "Feature", "properties": { "nombre": "" }, "geometry": { "type": "LineString", "coordinates": [ [ -70.77615, -27.27894, 0.0 ], [ -70.77298, -27.27871, 0.0 ] ] } },
{ "type": "Feature", "properties": { "nombre": "" }, "geometry": { "type": "LineString", "coordinates": [ [ -70.77865, -27.25087, 0.0 ], [ -70.77548, -27.25064, 0.0 ] ] } },
{ "type": "Feature", "properties": { "nombre": "" }, "geometry": { "type": "LineString", "coordinates": [ [ -70.77599, -27.21673, 0.0 ], [ -70.77548, -27.25064, 0.0 ], [ -70.77298, -27.27871, 0.0 ], [ -70.76748, -27.31227, 0.0 ] ] } },
{ "type": "Feature", "properties": { "nombre": "" }, "geometry": { "type": "LineString", "coordinates": [ [ -70.77629, -27.22052, 0.0 ], [ -70.77583, -27.25067, 0.0 ], [ -70.77333, -27.27874, 0.0 ], [ -70.76844, -27.30857, 0.0 ] ] } },
{ "type": "Feature", "properties": { "nombre": "" }, "geometry": { "type": "LineString", "coordinates": [ [ -70.77688, -27.22811, 0.0 ], [ -70.77654, -27.25072, 0.0 ], [ -70.77404, -27.27879, 0.0 ], [ -70.77037, -27.30116, 0.0 ] ] } },
{ "type": "Feature", "properties": { "nombre": "" }, "geometry": { "type": "LineString", "coordinates": [ [ -70.77747, -27.2357, 0.0 ], [ -70.77724, -27.25077, 0.0 ], [ -70.77474, -27.27884, 0.0 ], [ -70.7723, -27.29375, 0.0 ] ] } },
{ "type": "Feature", "properties": { "nombre": "" }, "geometry": { "type": "LineString", "coordinates": [ [ -70.77806, -27.24328, 0.0 ], [ -70.77795, -27.25082, 0.0 ], [ -70.77545, -27.27889, 0.0 ], [ -70.77422, -27.28634, 0.0 ] ] } },
{ "type": "Feature", "properties": { "nombre": "" }, "geometry": { "type": "LineString", "coordinates": [ [ -70.77917, -27.27915, 0.0 ], [ -70.78234, -27.27938, 0.0 ] ] } },
{ "type": "Feature", "properties": { "nombre": "" }, "geometry": { "type": "LineString", "coordinates": [ [ -70.78167, -27.25108, 0.0 ], [ -70.78484, -27.25131, 0.0 ] ] } },
{ "type": "Feature", "properties": { "nombre": "" }, "geometry": { "type": "LineString", "coordinates": [ [ -70.79033, -27.21775, 0.0 ], [ -70.78484, -27.25131, 0.0 ], [ -70.78234, -27.27938, 0.0 ], [ -70.78183, -27.31329, 0.0 ] ] } },
{ "type": "Feature", "properties": { "nombre": "" }, "geometry": { "type": "LineString", "coordinates": [ [ -70.78937, -27.22145, 0.0 ], [ -70.78449, -27.25128, 0.0 ], [ -70.78199, -27.27935, 0.0 ], [ -70.78153, -27.3095, 0.0 ] ] } },
{ "type": "Feature", "properties": { "nombre": "" }, "geometry": { "type": "LineString", "coordinates": [ [ -70.78745, -27.22886, 0.0 ], [ -70.78378, -27.25123, 0.0 ], [ -70.78128, -27.2793, 0.0 ], [ -70.78094, -27.30191, 0.0 ] ] } },
{ "type": "Feature", "properties": { "nombre": "" }, "geometry": { "type": "LineString", "coordinates": [ [ -70.78552, -27.23627, 0.0 ], [ -70.78308, -27.25118, 0.0 ], [ -70.78058, -27.27925, 0.0 ], [ -70.78035, -27.29432, 0.0 ] ] } },
{ "type": "Feature", "properties": { "nombre": "" }, "geometry": { "type": "LineString", "coordinates": [ [ -70.7836, -27.24368, 0.0 ], [ -70.78237, -27.25113, 0.0 ], [ -70.77987, -27.2792, 0.0 ], [ -70.77976, -27.28674, 0.0 ] ] } },
{ "type": "Feature", "properties": { "nombre": "" }, "geometry": { "type": "LineString", "coordinates": [ [ -70.70662, -32.74062, 0.0 ], [ -70.7031, -32.74989, 0.0 ], [ -70.70371, -32.75006, 0.0 ], [ -70.70723, -32.74079, 0.0 ], [ -70.70662, -32.74062, 0.0 ] ] } },
{ "type": "Feature", "properties": { "nombre": "" }, "geometry": { "type": "LineString", "coordinates": [ [ -70.70683, -32.74096, 0.0 ], [ -70.70667, -32.74092, 0.0 ], [ -70.70335, -32.74968, 0.0 ], [ -70.70365, -32.74976, 0.0 ], [ -70.70683, -32.74096, 0.0 ] ] } },
{ "type": "Feature", "properties": { "nombre": "" }, "geometry": { "type": "LineString", "coordinates": [ [ -70.69386, -32.76785, 0.0 ], [ -70.7031, -32.74989, 0.0 ], [ -70.70371, -32.75006, 0.0 ], [ -70.69886, -32.7692, 0.0 ], [ -70.69386, -32.76785, 0.0 ] ] } },
{ "type": "Feature", "properties": { "nombre": "" }, "geometry": { "type": "LineString", "coordinates": [ [ -70.70173, -32.75255, 0.0 ], [ -70.70299, -32.7529, 0.0 ] ] } },
{ "type": "Feature", "properties": { "nombre": "" }, "geometry": { "type": "LineString", "coordinates": [ [ -70.7012, -32.75999, 0.0 ], [ -70.69831, -32.7592, 0.0 ] ] } },
{ "type": "Feature", "properties": { "nombre": "" }, "geometry": { "type": "LineString", "coordinates": [ [ -70.68382, -32.74563, 0.0 ], [ -70.68417, -32.7421, 0.0 ], [ -70.68532, -32.73871, 0.0 ], [ -70.68723, -32.73556, 0.0 ], [ -70.68983, -32.73279, 0.0 ], [ -70.69302, -32.73051, 0.0 ], [ -70.69668, -32.72879, 0.0 ], [ -70.70066, -32.72771, 0.0 ], [ -70.70482, -32.72731, 0.0 ], [ -70.70899, -32.7276, 0.0 ], [ -70.71301, -32.72857, 0.0 ], [ -70.71673, -32.73018, 0.0 ], [ -70.72001, -32.73238, 0.0 ], [ -70.72271, -32.73508, 0.0 ], [ -70.72475, -32.73817, 0.0 ], [ -70.72602, -32.74154, 0.0 ], [ -70.7265, -32.74505, 0.0 ], [ -70.72616, -32.74857, 0.0 ], [ -70.72501, -32.75197, 0.0 ], [ -70.7231, -32.75512, 0.0 ], [ -70.7205, -32.75789, 0.0 ], [ -70.71731, -32.76017, 0.0 ], [ -70.71365, -32.76189, 0.0 ], [ -70.70966, -32.76297, 0.0 ], [ -70.70551, -32.76337, 0.0 ], [ -70.70134, -32.76308, 0.0 ], [ -70.69731, -32.76211, 0.0 ], [ -70.69359, -32.76049, 0.0 ], [ -70.69032, -32.7583, 0.0 ], [ -70.68761, -32.7556, 0.0 ], [ -70.68558, -32.75251, 0.0 ], [ -70.6843, -32.74914, 0.0 ], [ -70.68382, -32.74563, 0.0 ] ] } },
{ "type": "Feature", "properties": { "nombre": "" }, "geometry": { "type": "LineString", "coordinates": [ [ -70.67636, -32.74573, 0.0 ], [ -70.67682, -32.74097, 0.0 ], [ -70.67837, -32.73638, 0.0 ], [ -70.68096, -32.73214, 0.0 ], [ -70.68447, -32.7284, 0.0 ], [ -70.68878, -32.72531, 0.0 ], [ -70.69371, -32.723, 0.0 ], [ -70.69909, -32.72154, 0.0 ], [ -70.7047, -32.72099, 0.0 ], [ -70.71033, -32.72139, 0.0 ], [ -70.71576, -32.7227, 0.0 ], [ -70.72078, -32.72488, 0.0 ], [ -70.7252, -32.72785, 0.0 ], [ -70.72885, -32.73149, 0.0 ], [ -70.7316, -32.73566, 0.0 ], [ -70.73333, -32.7402, 0.0 ], [ -70.73397, -32.74494, 0.0 ], [ -70.73351, -32.7497, 0.0 ], [ -70.73196, -32.75429, 0.0 ], [ -70.72938, -32.75854, 0.0 ], [ -70.72587, -32.76228, 0.0 ], [ -70.72156, -32.76536, 0.0 ], [ -70.71662, -32.76768, 0.0 ], [ -70.71124, -32.76914, 0.0 ], [ -70.70563, -32.76968, 0.0 ], [ -70.7, -32.76929, 0.0 ], [ -70.69457, -32.76798, 0.0 ], [ -70.68954, -32.7658, 0.0 ], [ -70.68512, -32.76283, 0.0 ], [ -70.68146, -32.75919, 0.0 ], [ -70.67872, -32.75502, 0.0 ], [ -70.677, -32.75047, 0.0 ], [ -70.67636, -32.74573, 0.0 ] ] } },
{ "type": "Feature", "properties": { "nombre": "" }, "geometry": { "type": "LineString", "coordinates": [ [ -70.71146, -32.72148, 0.0 ], [ -70.70662, -32.74062, 0.0 ], [ -70.70723, -32.74079, 0.0 ], [ -70.71646, -32.72283, 0.0 ], [ -70.71146, -32.72148, 0.0 ] ] } },
{ "type": "Feature", "properties": { "nombre": "" }, "geometry": { "type": "LineString", "coordinates": [ [ -70.70734, -32.73778, 0.0 ], [ -70.7086, -32.73813, 0.0 ] ] } },
{ "type": "Feature", "properties": { "nombre": "" }, "geometry": { "type": "LineString", "coordinates": [ [ -70.71201, -32.73148, 0.0 ], [ -70.70913, -32.73069, 0.0 ] ] } },
{ "type": "Feature", "properties": { "nombre": "" }, "geometry": { "type": "LineString", "coordinates": [ [ -70.7031, -32.74989, 0.0 ], [ -70.70081, -32.74927, 0.0 ] ] } },
{ "type": "Feature", "properties": { "nombre": "" }, "geometry": { "type": "LineString", "coordinates": [ [ -70.70662, -32.74062, 0.0 ], [ -70.70433, -32.74, 0.0 ] ] } },
{ "type": "Feature", "properties": { "nombre": "" }, "geometry": { "type": "LineString", "coordinates": [ [ -70.70864, -32.73264, 0.0 ], [ -70.70433, -32.74, 0.0 ], [ -70.70081, -32.74927, 0.0 ], [ -70.69925, -32.75737, 0.0 ] ] } },
{ "type": "Feature", "properties": { "nombre": "" }, "geometry": { "type": "LineString", "coordinates": [ [ -70.70841, -32.73353, 0.0 ], [ -70.70459, -32.74007, 0.0 ], [ -70.70107, -32.74934, 0.0 ], [ -70.69968, -32.75654, 0.0 ] ] } },
{ "type": "Feature", "properties": { "nombre": "" }, "geometry": { "type": "LineString", "coordinates": [ [ -70.70796, -32.7353, 0.0 ], [ -70.70509, -32.74021, 0.0 ], [ -70.70157, -32.74948, 0.0 ], [ -70.70053, -32.75488, 0.0 ] ] } },
{ "type": "Feature", "properties": { "nombre": "" }, "geometry": { "type": "LineString", "coordinates": [ [ -70.70751, -32.73708, 0.0 ], [ -70.7056, -32.74034, 0.0 ], [ -70.70208, -32.74962, 0.0 ], [ -70.70139, -32.75322, 0.0 ] ] } },
{ "type": "Feature", "properties": { "nombre": "" }, "geometry": { "type": "LineString", "coordinates": [ [ -70.70707, -32.73885, 0.0 ], [ -70.70259, -32.74976, 0.0 ], [ -70.70224, -32.75156, 0.0 ] ] } },
{ "type": "Feature", "properties": { "nombre": "" }, "geometry": { "type": "LineString", "coordinates": [ [ -70.70371, -32.75006, 0.0 ], [ -70.706, -32.75068, 0.0 ] ] } },
{ "type": "Feature", "properties": { "nombre": "" }, "geometry": { "type": "LineString", "coordinates": [ [ -70.70723, -32.74079, 0.0 ], [ -70.70951, -32.7414, 0.0 ] ] } },
{ "type": "Feature", "properties": { "nombre": "" }, "geometry": { "type": "LineString", "coordinates": [ [ -70.71107, -32.7333, 0.0 ], [ -70.70951, -32.7414, 0.0 ], [ -70.706, -32.75068, 0.0 ], [ -70.70169, -32.75804, 0.0 ] ] } },
{ "type": "Feature", "properties": { "nombre": "" }, "geometry": { "type": "LineString", "coordinates": [ [ -70.71065, -32.73414, 0.0 ], [ -70.70926, -32.74134, 0.0 ], [ -70.70574, -32.75061, 0.0 ], [ -70.70191, -32.75715, 0.0 ] ] } },
{ "type": "Feature", "properties": { "nombre": "" }, "geometry": { "type": "LineString", "coordinates": [ [ -70.70979, -32.7358, 0.0 ], [ -70.70875, -32.7412, 0.0 ], [ -70.70523, -32.75047, 0.0 ], [ -70.70236, -32.75538, 0.0 ] ] } },
{ "type": "Feature", "properties": { "nombre": "" }, "geometry": { "type": "LineString", "coordinates": [ [ -70.70894, -32.73746, 0.0 ], [ -70.70824, -32.74106, 0.0 ], [ -70.70472, -32.75033, 0.0 ], [ -70.70281, -32.7536, 0.0 ] ] } },
{ "type": "Feature", "properties": { "nombre": "" }, "geometry": { "type": "LineString", "coordinates": [ [ -70.70808, -32.73912, 0.0 ], [ -70.70422, -32.7502, 0.0 ], [ -70.70326, -32.75183, 0.0 ] ] } },
{ "type": "Feature", "properties": { "nombre": "" }, "geometry": { "type": "LineString", "coordinates": [ [ -71.92679, -39.29121, 0.0 ], [ -71.90615, -39.29458, 0.0 ], [ -71.90579, -39.29326, 0.0 ], [ -71.92643, -39.28988, 0.0 ], [ -71.92679, -39.29121, 0.0 ] ] } },
{ "type": "Feature", "properties": { "nombre": "" }, "geometry": { "type": "LineString", "coordinates": [ [ -71.90579, -39.29326, 0.0 ], [ -71.85253, -39.2977, 0.0 ], [ -71.85507, -39.30713, 0.0 ], [ -71.90615, -39.29458, 0.0 ], [ -71.90579, -39.29326, 0.0 ] ] } },
{ "type": "Feature", "properties": { "nombre": "" }, "geometry": { "type": "LineString", "coordinates": [ [ -71.9006, -39.29594, 0.0 ], [ -71.9, -39.29374, 0.0 ] ] } },
{ "type": "Feature", "properties": { "nombre": "" }, "geometry": { "type": "LineString", "coordinates": [ [ -71.88394, -39.30004, 0.0 ], [ -71.88263, -39.29519, 0.0 ] ] } },
{ "type": "Feature", "properties": { "nombre": "" }, "geometry": { "type": "LineString", "coordinates": [ [ -71.92593, -39.29066, 0.0 ], [ -71.92589, -39.29052, 0.0 ], [ -71.90662, -39.29367, 0.0 ], [ -71.90669, -39.29394, 0.0 ], [ -71.92593, -39.29066, 0.0 ] ] } },
{ "type": "Feature", "properties": { "nombre": "" }, "geometry": { "type": "LineString", "coordinates": [ [ -71.92643, -39.28988, 0.0 ], [ -71.97748, -39.2773, 0.0 ], [ -71.98004, -39.28672, 0.0 ], [ -71.92679, -39.29121, 0.0 ], [ -71.92643, -39.28988, 0.0 ] ] } },
{ "type": "Feature", "properties": { "nombre": "" }, "geometry": { "type": "LineString", "coordinates": [ [ -71.93258, -39.29072, 0.0 ], [ -71.93198, -39.28852, 0.0 ] ] } },
{ "type": "Feature", "properties": { "nombre": "" }, "geometry": { "type": "LineString", "coordinates": [ [ -71.94994, -39.28926, 0.0 ], [ -71.94863, -39.28441, 0.0 ] ] } },
{ "type": "Feature", "properties": { "nombre": "" }, "geometry": { "type": "LineString", "coordinates": [ [ -71.86996, -39.29338, 0.0 ], [ -71.87057, -39.28634, 0.0 ], [ -71.87293, -39.27952, 0.0 ], [ -71.87695, -39.27319, 0.0 ], [ -71.88249, -39.26759, 0.0 ], [ -71.88932, -39.26294, 0.0 ], [ -71.89719, -39.25942, 0.0 ], [ -71.90579, -39.25715, 0.0 ], [ -71.9148, -39.25623, 0.0 ], [ -71.92386, -39.2567, 0.0 ], [ -71.93263, -39.25853, 0.0 ], [ -71.94077, -39.26165, 0.0 ], [ -71.94798, -39.26595, 0.0 ], [ -71.95397, -39.27126, 0.0 ], [ -71.95851, -39.27738, 0.0 ], [ -71.96143, -39.28406, 0.0 ], [ -71.96261, -39.29106, 0.0 ], [ -71.96202, -39.29811, 0.0 ], [ -71.95967, -39.30493, 0.0 ], [ -71.95565, -39.31126, 0.0 ], [ -71.95011, -39.31686, 0.0 ], [ -71.94328, -39.32151, 0.0 ], [ -71.93541, -39.32504, 0.0 ], [ -71.9268, -39.32731, 0.0 ], [ -71.91779, -39.32823, 0.0 ], [ -71.90871, -39.32776, 0.0 ], [ -71.89994, -39.32593, 0.0 ], [ -71.89178, -39.3228, 0.0 ], [ -71.88458, -39.3185, 0.0 ], [ -71.87859, -39.31319, 0.0 ], [ -71.87405, -39.30707, 0.0 ], [ -71.87114, -39.30038, 0.0 ], [ -71.86996, -39.29338, 0.0 ] ] } },
{ "type": "Feature", "properties": { "nombre": "" }, "geometry": { "type": "LineString", "coordinates": [ [ -71.91629, -39.29223, 0.0 ], [ -71.91623, -39.29224, 0.0 ] ] } },
{ "type": "Feature", "properties": { "nombre": "" }, "geometry": { "type": "LineString", "coordinates": [ [ -71.91629, -39.29223, 0.0 ], [ -71.91628, -39.29219, 0.0 ] ] } },
{ "type": "Feature", "properties": { "nombre": "" }, "geometry": { "type": "LineString", "coordinates": [ [ -71.91629, -39.29223, 0.0 ], [ -71.91635, -39.29222, 0.0 ] ] } },
{ "type": "Feature", "properties": { "nombre": "" }, "geometry": { "type": "LineString", "coordinates": [ [ -71.91629, -39.29223, 0.0 ], [ -71.9163, -39.29228, 0.0 ] ] } },
{ "type": "Feature", "properties": { "nombre": "" }, "geometry": { "type": "LineString", "coordinates": [ [ -71.85259, -39.29381, 0.0 ], [ -71.8527, -39.28895, 0.0 ], [ -71.85342, -39.28412, 0.0 ], [ -71.85475, -39.27937, 0.0 ], [ -71.85667, -39.27475, 0.0 ], [ -71.86221, -39.26605, 0.0 ], [ -71.86982, -39.25835, 0.0 ], [ -71.87921, -39.25196, 0.0 ], [ -71.89003, -39.24711, 0.0 ], [ -71.90186, -39.244, 0.0 ], [ -71.91424, -39.24274, 0.0 ], [ -71.92669, -39.24337, 0.0 ], [ -71.93875, -39.24589, 0.0 ], [ -71.94995, -39.25019, 0.0 ], [ -71.95985, -39.2561, 0.0 ], [ -71.96809, -39.26339, 0.0 ], [ -71.97433, -39.2718, 0.0 ], [ -71.97835, -39.28099, 0.0 ], [ -71.97947, -39.28577, 0.0 ], [ -71.97998, -39.29062, 0.0 ], [ -71.97988, -39.29548, 0.0 ], [ -71.97917, -39.3003, 0.0 ], [ -71.97785, -39.30505, 0.0 ], [ -71.97594, -39.30968, 0.0 ], [ -71.97041, -39.31839, 0.0 ], [ -71.96281, -39.32609, 0.0 ], [ -71.95341, -39.33249, 0.0 ], [ -71.94258, -39.33734, 0.0 ], [ -71.93074, -39.34046, 0.0 ], [ -71.91835, -39.34173, 0.0 ], [ -71.90587, -39.34109, 0.0 ], [ -71.8938, -39.33857, 0.0 ], [ -71.88259, -39.33427, 0.0 ], [ -71.87268, -39.32835, 0.0 ], [ -71.86445, -39.32105, 0.0 ], [ -71.85821, -39.31263, 0.0 ], [ -71.85421, -39.30344, 0.0 ], [ -71.85309, -39.29866, 0.0 ], [ -71.85259, -39.29381, 0.0 ] ] } },
{ "type": "Feature", "properties": { "nombre": "" }, "geometry": { "type": "LineString", "coordinates": [ [ -71.90579, -39.29326, 0.0 ], [ -71.90504, -39.29048, 0.0 ] ] } },
{ "type": "Feature", "properties": { "nombre": "" }, "geometry": { "type": "LineString", "coordinates": [ [ -71.92643, -39.28988, 0.0 ], [ -71.92568, -39.28711, 0.0 ] ] } },
{ "type": "Feature", "properties": { "nombre": "" }, "geometry": { "type": "LineString", "coordinates": [ [ -71.94143, -39.28619, 0.0 ], [ -71.92568, -39.28711, 0.0 ], [ -71.90504, -39.29048, 0.0 ], [ -71.89277, -39.29435, 0.0 ] ] } },
{ "type": "Feature", "properties": { "nombre": "" }, "geometry": { "type": "LineString", "coordinates": [ [ -71.93975, -39.2866, 0.0 ], [ -71.92576, -39.28742, 0.0 ], [ -71.90513, -39.29079, 0.0 ], [ -71.89422, -39.29422, 0.0 ] ] } },
{ "type": "Feature", "properties": { "nombre": "" }, "geometry": { "type": "LineString", "coordinates": [ [ -71.93642, -39.28742, 0.0 ], [ -71.92593, -39.28804, 0.0 ], [ -71.90529, -39.29141, 0.0 ], [ -71.89712, -39.29398, 0.0 ] ] } },
{ "type": "Feature", "properties": { "nombre": "" }, "geometry": { "type": "LineString", "coordinates": [ [ -71.93309, -39.28824, 0.0 ], [ -71.9261, -39.28865, 0.0 ], [ -71.90546, -39.29202, 0.0 ], [ -71.90001, -39.29374, 0.0 ] ] } },
{ "type": "Feature", "properties": { "nombre": "" }, "geometry": { "type": "LineString", "coordinates": [ [ -71.92976, -39.28906, 0.0 ], [ -71.92626, -39.28927, 0.0 ], [ -71.90563, -39.29264, 0.0 ], [ -71.9029, -39.2935, 0.0 ] ] } },
{ "type": "Feature", "properties": { "nombre": "" }, "geometry": { "type": "LineString", "coordinates": [ [ -71.90615, -39.29458, 0.0 ], [ -71.9069, -39.29735, 0.0 ] ] } },
{ "type": "Feature", "properties": { "nombre": "" }, "geometry": { "type": "LineString", "coordinates": [ [ -71.92679, -39.29121, 0.0 ], [ -71.92754, -39.29398, 0.0 ] ] } },
{ "type": "Feature", "properties": { "nombre": "" }, "geometry": { "type": "LineString", "coordinates": [ [ -71.94243, -39.28989, 0.0 ], [ -71.92754, -39.29398, 0.0 ], [ -71.9069, -39.29735, 0.0 ], [ -71.89366, -39.29765, 0.0 ] ] } },
{ "type": "Feature", "properties": { "nombre": "" }, "geometry": { "type": "LineString", "coordinates": [ [ -71.94068, -39.29004, 0.0 ], [ -71.92745, -39.29367, 0.0 ], [ -71.90682, -39.29704, 0.0 ], [ -71.89506, -39.29731, 0.0 ] ] } },
{ "type": "Feature", "properties": { "nombre": "" }, "geometry": { "type": "LineString", "coordinates": [ [ -71.93721, -39.29033, 0.0 ], [ -71.92729, -39.29306, 0.0 ], [ -71.90665, -39.29643, 0.0 ], [ -71.89783, -39.29662, 0.0 ] ] } },
{ "type": "Feature", "properties": { "nombre": "" }, "geometry": { "type": "LineString", "coordinates": [ [ -71.93373, -39.29062, 0.0 ], [ -71.92712, -39.29244, 0.0 ], [ -71.90648, -39.29581, 0.0 ], [ -71.9006, -39.29594, 0.0 ] ] } },
{ "type": "Feature", "properties": { "nombre": "" }, "geometry": { "type": "LineString", "coordinates": [ [ -71.93026, -39.29091, 0.0 ], [ -71.92695, -39.29182, 0.0 ], [ -71.90632, -39.29519, 0.0 ], [ -71.90338, -39.29526, 0.0 ] ] } },
{ "type": "Feature", "properties": { "nombre": "Area Features (#7)" }, "geometry": { "type": "Polygon", "coordinates": [ [ [ -70.8552, -53.00421, 0.0 ], [ -70.8552, -53.0042, 0.0 ], [ -70.85521, -53.00421, 0.0 ], [ -70.8552, -53.00421, 0.0 ] ] ] } },
{ "type": "Feature", "properties": { "nombre": "Area Features (#7)" }, "geometry": { "type": "Polygon", "coordinates": [ ] } },
{ "type": "Feature", "properties": { "nombre": "Area Features (#7)" }, "geometry": { "type": "Polygon", "coordinates": [ ] } },
{ "type": "Feature", "properties": { "nombre": "Area Features (#7)" }, "geometry": { "type": "Polygon", "coordinates": [ ] } },
{ "type": "Feature", "properties": { "nombre": "Area Features (#7)" }, "geometry": { "type": "Polygon", "coordinates": [ ] } },
{ "type": "Feature", "properties": { "nombre": "Area Features (#7)" }, "geometry": { "type": "Polygon", "coordinates": [ [ [ -70.8552, -53.00422, 0.0 ], [ -70.85519, -53.00422, 0.0 ], [ -70.8552, -53.00419, 0.0 ], [ -70.8552, -53.00422, 0.0 ] ] ] } },
{ "type": "Feature", "properties": { "nombre": "Area Features (#7)" }, "geometry": { "type": "Polygon", "coordinates": [ [ [ -70.85519, -53.00422, 0.0 ], [ -70.85519, -53.00419, 0.0 ], [ -70.8552, -53.00419, 0.0 ], [ -70.85519, -53.00422, 0.0 ] ] ] } },
{ "type": "Feature", "properties": { "nombre": "Area Features (#7)" }, "geometry": { "type": "Polygon", "coordinates": [ ] } },
{ "type": "Feature", "properties": { "nombre": "Area Features (#7)" }, "geometry": { "type": "Polygon", "coordinates": [ ] } },
{ "type": "Feature", "properties": { "nombre": "Area Features (#7)" }, "geometry": { "type": "Polygon", "coordinates": [ [ [ -70.85519, -53.00423, 0.0 ], [ -70.85518, -53.00423, 0.0 ], [ -70.85519, -53.00419, 0.0 ], [ -70.85519, -53.00423, 0.0 ] ] ] } },
{ "type": "Feature", "properties": { "nombre": "Area Features (#7)" }, "geometry": { "type": "Polygon", "coordinates": [ [ [ -70.85518, -53.00423, 0.0 ], [ -70.85518, -53.00419, 0.0 ], [ -70.85519, -53.00419, 0.0 ], [ -70.85518, -53.00423, 0.0 ] ] ] } },
{ "type": "Feature", "properties": { "nombre": "Area Features (#7)" }, "geometry": { "type": "Polygon", "coordinates": [ ] } },
{ "type": "Feature", "properties": { "nombre": "Area Features (#7)" }, "geometry": { "type": "Polygon", "coordinates": [ [ [ -70.85518, -53.00423, 0.0 ], [ -70.85517, -53.00419, 0.0 ], [ -70.85518, -53.00419, 0.0 ], [ -70.85518, -53.00423, 0.0 ] ] ] } },
{ "type": "Feature", "properties": { "nombre": "Area Features (#7)" }, "geometry": { "type": "Polygon", "coordinates": [ [ [ -70.85518, -53.00423, 0.0 ], [ -70.85517, -53.00423, 0.0 ], [ -70.85517, -53.00419, 0.0 ], [ -70.85518, -53.00423, 0.0 ] ] ] } },
{ "type": "Feature", "properties": { "nombre": "Area Features (#7)" }, "geometry": { "type": "Polygon", "coordinates": [ ] } },
{ "type": "Feature", "properties": { "nombre": "Area Features (#7)" }, "geometry": { "type": "Polygon", "coordinates": [ [ [ -70.85517, -53.00423, 0.0 ], [ -70.85516, -53.00423, 0.0 ], [ -70.85517, -53.00419, 0.0 ], [ -70.85517, -53.00423, 0.0 ] ] ] } },
{ "type": "Feature", "properties": { "nombre": "Area Features (#7)" }, "geometry": { "type": "Polygon", "coordinates": [ [ [ -70.85516, -53.00423, 0.0 ], [ -70.85516, -53.00419, 0.0 ], [ -70.85517, -53.00419, 0.0 ], [ -70.85516, -53.00423, 0.0 ] ] ] } },
{ "type": "Feature", "properties": { "nombre": "Area Features (#7)" }, "geometry": { "type": "Polygon", "coordinates": [ [ [ -70.85516, -53.00423, 0.0 ], [ -70.85515, -53.00423, 0.0 ], [ -70.85516, -53.00419, 0.0 ], [ -70.85516, -53.00423, 0.0 ] ] ] } },
{ "type": "Feature", "properties": { "nombre": "Area Features (#7)" }, "geometry": { "type": "Polygon", "coordinates": [ [ [ -70.85515, -53.00423, 0.0 ], [ -70.85515, -53.00419, 0.0 ], [ -70.85516, -53.00419, 0.0 ], [ -70.85515, -53.00423, 0.0 ] ] ] } },
{ "type": "Feature", "properties": { "nombre": "Area Features (#7)" }, "geometry": { "type": "Polygon", "coordinates": [ ] } },
{ "type": "Feature", "properties": { "nombre": "Area Features (#7)" }, "geometry": { "type": "Polygon", "coordinates": [ ] } },
{ "type": "Feature", "properties": { "nombre": "Area Features (#7)" }, "geometry": { "type": "Polygon", "coordinates": [ [ [ -70.85515, -53.00423, 0.0 ], [ -70.85514, -53.00422, 0.0 ], [ -70.85515, -53.00419, 0.0 ], [ -70.85515, -53.00423, 0.0 ] ] ] } },
{ "type": "Feature", "properties": { "nombre": "Area Features (#7)" }, "geometry": { "type": "Polygon", "coordinates": [ [ [ -70.85514, -53.00422, 0.0 ], [ -70.85514, -53.00419, 0.0 ], [ -70.85515, -53.00419, 0.0 ], [ -70.85514, -53.00422, 0.0 ] ] ] } },
{ "type": "Feature", "properties": { "nombre": "Area Features (#7)" }, "geometry": { "type": "Polygon", "coordinates": [ ] } },
{ "type": "Feature", "properties": { "nombre": "Area Features (#7)" }, "geometry": { "type": "Polygon", "coordinates": [ ] } },
{ "type": "Feature", "properties": { "nombre": "Area Features (#7)" }, "geometry": { "type": "Polygon", "coordinates": [ [ [ -70.85514, -53.00422, 0.0 ], [ -70.85513, -53.00422, 0.0 ], [ -70.85514, -53.0042, 0.0 ], [ -70.85514, -53.00422, 0.0 ] ] ] } },
{ "type": "Feature", "properties": { "nombre": "Area Features (#7)" }, "geometry": { "type": "Polygon", "coordinates": [ [ [ -70.85513, -53.00422, 0.0 ], [ -70.85513, -53.0042, 0.0 ], [ -70.85514, -53.0042, 0.0 ], [ -70.85513, -53.00422, 0.0 ] ] ] } },
{ "type": "Feature", "properties": { "nombre": "Area Features (#7)" }, "geometry": { "type": "Polygon", "coordinates": [ ] } },
{ "type": "Feature", "properties": { "nombre": "Area Features (#7)" }, "geometry": { "type": "Polygon", "coordinates": [ ] } },
{ "type": "Feature", "properties": { "nombre": "Area Features (#7)" }, "geometry": { "type": "Polygon", "coordinates": [ ] } },
{ "type": "Feature", "properties": { "nombre": "Area Features (#7)" }, "geometry": { "type": "Polygon", "coordinates": [ ] } },
{ "type": "Feature", "properties": { "nombre": "Area Features (#7)" }, "geometry": { "type": "Polygon", "coordinates": [ ] } },
{ "type": "Feature", "properties": { "nombre": "Area Features (#7)" }, "geometry": { "type": "Polygon", "coordinates": [ ] } },
{ "type": "Feature", "properties": { "nombre": "Area Features (#7)" }, "geometry": { "type": "Polygon", "coordinates": [ ] } },
{ "type": "Feature", "properties": { "nombre": "Area Features (#7)" }, "geometry": { "type": "Polygon", "coordinates": [ [ [ -70.85695, -52.99557, 0.0 ], [ -70.85694, -52.99553, 0.0 ], [ -70.85695, -52.99553, 0.0 ], [ -70.85695, -52.99557, 0.0 ] ] ] } },
{ "type": "Feature", "properties": { "nombre": "Area Features (#7)" }, "geometry": { "type": "Polygon", "coordinates": [ [ [ -70.85695, -52.99557, 0.0 ], [ -70.85694, -52.99557, 0.0 ], [ -70.85694, -52.99553, 0.0 ], [ -70.85695, -52.99557, 0.0 ] ] ] } },
{ "type": "Feature", "properties": { "nombre": "Area Features (#7)" }, "geometry": { "type": "Polygon", "coordinates": [ ] } },
{ "type": "Feature", "properties": { "nombre": "Area Features (#7)" }, "geometry": { "type": "Polygon", "coordinates": [ [ [ -70.85694, -52.99557, 0.0 ], [ -70.85693, -52.99558, 0.0 ], [ -70.85694, -52.99552, 0.0 ], [ -70.85694, -52.99557, 0.0 ] ] ] } },
{ "type": "Feature", "properties": { "nombre": "Area Features (#7)" }, "geometry": { "type": "Polygon", "coordinates": [ [ [ -70.85693, -52.99558, 0.0 ], [ -70.85693, -52.99552, 0.0 ], [ -70.85694, -52.99552, 0.0 ], [ -70.85693, -52.99558, 0.0 ] ] ] } },
{ "type": "Feature", "properties": { "nombre": "Area Features (#7)" }, "geometry": { "type": "Polygon", "coordinates": [ [ [ -70.85693, -52.99558, 0.0 ], [ -70.85692, -52.99558, 0.0 ], [ -70.85693, -52.99552, 0.0 ], [ -70.85693, -52.99558, 0.0 ] ] ] } },
{ "type": "Feature", "properties": { "nombre": "Area Features (#7)" }, "geometry": { "type": "Polygon", "coordinates": [ [ [ -70.85692, -52.99558, 0.0 ], [ -70.85692, -52.99551, 0.0 ], [ -70.85693, -52.99552, 0.0 ], [ -70.85692, -52.99558, 0.0 ] ] ] } },
{ "type": "Feature", "properties": { "nombre": "Area Features (#7)" }, "geometry": { "type": "Polygon", "coordinates": [ [ [ -70.85692, -52.99558, 0.0 ], [ -70.85691, -52.99558, 0.0 ], [ -70.85692, -52.99551, 0.0 ], [ -70.85692, -52.99558, 0.0 ] ] ] } },
{ "type": "Feature", "properties": { "nombre": "Area Features (#7)" }, "geometry": { "type": "Polygon", "coordinates": [ [ [ -70.85691, -52.99558, 0.0 ], [ -70.8569, -52.99551, 0.0 ], [ -70.85692, -52.99551, 0.0 ], [ -70.85691, -52.99558, 0.0 ] ] ] } },
{ "type": "Feature", "properties": { "nombre": "Area Features (#7)" }, "geometry": { "type": "Polygon", "coordinates": [ [ [ -70.85691, -52.99558, 0.0 ], [ -70.8569, -52.99558, 0.0 ], [ -70.8569, -52.99551, 0.0 ], [ -70.85691, -52.99558, 0.0 ] ] ] } },
{ "type": "Feature", "properties": { "nombre": "Area Features (#7)" }, "geometry": { "type": "Polygon", "coordinates": [ [ [ -70.8569, -52.99558, 0.0 ], [ -70.85689, -52.99551, 0.0 ], [ -70.8569, -52.99551, 0.0 ], [ -70.8569, -52.99558, 0.0 ] ] ] } },
{ "type": "Feature", "properties": { "nombre": "Area Features (#7)" }, "geometry": { "type": "Polygon", "coordinates": [ [ [ -70.8569, -52.99558, 0.0 ], [ -70.85688, -52.99558, 0.0 ], [ -70.85689, -52.99551, 0.0 ], [ -70.8569, -52.99558, 0.0 ] ] ] } },
{ "type": "Feature", "properties": { "nombre": "Area Features (#7)" }, "geometry": { "type": "Polygon", "coordinates": [ [ [ -70.85688, -52.99558, 0.0 ], [ -70.85688, -52.99551, 0.0 ], [ -70.85689, -52.99551, 0.0 ], [ -70.85688, -52.99558, 0.0 ] ] ] } },
{ "type": "Feature", "properties": { "nombre": "Area Features (#7)" }, "geometry": { "type": "Polygon", "coordinates": [ [ [ -70.85688, -52.99558, 0.0 ], [ -70.85687, -52.99558, 0.0 ], [ -70.85688, -52.99551, 0.0 ], [ -70.85688, -52.99558, 0.0 ] ] ] } },
{ "type": "Feature", "properties": { "nombre": "Area Features (#7)" }, "geometry": { "type": "Polygon", "coordinates": [ [ [ -70.85687, -52.99558, 0.0 ], [ -70.85687, -52.99551, 0.0 ], [ -70.85688, -52.99551, 0.0 ], [ -70.85687, -52.99558, 0.0 ] ] ] } },
{ "type": "Feature", "properties": { "nombre": "Area Features (#7)" }, "geometry": { "type": "Polygon", "coordinates": [ [ [ -70.85687, -52.99558, 0.0 ], [ -70.85686, -52.99558, 0.0 ], [ -70.85687, -52.99551, 0.0 ], [ -70.85687, -52.99558, 0.0 ] ] ] } },
{ "type": "Feature", "properties": { "nombre": "Area Features (#7)" }, "geometry": { "type": "Polygon", "coordinates": [ [ [ -70.85686, -52.99558, 0.0 ], [ -70.85686, -52.99552, 0.0 ], [ -70.85687, -52.99551, 0.0 ], [ -70.85686, -52.99558, 0.0 ] ] ] } },
{ "type": "Feature", "properties": { "nombre": "Area Features (#7)" }, "geometry": { "type": "Polygon", "coordinates": [ [ [ -70.85686, -52.99558, 0.0 ], [ -70.85685, -52.99557, 0.0 ], [ -70.85686, -52.99552, 0.0 ], [ -70.85686, -52.99558, 0.0 ] ] ] } },
{ "type": "Feature", "properties": { "nombre": "Area Features (#7)" }, "geometry": { "type": "Polygon", "coordinates": [ [ [ -70.85685, -52.99557, 0.0 ], [ -70.85685, -52.99552, 0.0 ], [ -70.85686, -52.99552, 0.0 ], [ -70.85685, -52.99557, 0.0 ] ] ] } },
{ "type": "Feature", "properties": { "nombre": "Area Features (#7)" }, "geometry": { "type": "Polygon", "coordinates": [ ] } },
{ "type": "Feature", "properties": { "nombre": "Area Features (#7)" }, "geometry": { "type": "Polygon", "coordinates": [ [ [ -70.85685, -52.99557, 0.0 ], [ -70.85684, -52.99553, 0.0 ], [ -70.85685, -52.99552, 0.0 ], [ -70.85685, -52.99557, 0.0 ] ] ] } },
{ "type": "Feature", "properties": { "nombre": "Area Features (#7)" }, "geometry": { "type": "Polygon", "coordinates": [ [ [ -70.85685, -52.99557, 0.0 ], [ -70.85684, -52.99556, 0.0 ], [ -70.85684, -52.99553, 0.0 ], [ -70.85685, -52.99557, 0.0 ] ] ] } },
{ "type": "Feature", "properties": { "nombre": "Area Features (#7)" }, "geometry": { "type": "Polygon", "coordinates": [ ] } },
{ "type": "Feature", "properties": { "nombre": "Area Features (#7)" }, "geometry": { "type": "Polygon", "coordinates": [ ] } },
{ "type": "Feature", "properties": { "nombre": "Area Features (#7)" }, "geometry": { "type": "Polygon", "coordinates": [ ] } },
{ "type": "Feature", "properties": { "nombre": "Area Features (#7)" }, "geometry": { "type": "Polygon", "coordinates": [ ] } },
{ "type": "Feature", "properties": { "nombre": "" }, "geometry": { "type": "LineString", "coordinates": [ [ -70.87536, -53.00115, 0.0 ], [ -70.83381, -53.00041, 0.0 ], [ -70.8338, -53.00081, 0.0 ], [ -70.87536, -53.00135, 0.0 ], [ -70.87536, -53.00115, 0.0 ] ] } },
{ "type": "Feature", "properties": { "nombre": "" }, "geometry": { "type": "LineString", "coordinates": [ [ -70.86464, -53.00236, 0.0 ], [ -70.87621, -53.00251, 0.0 ], [ -70.8763, -52.99981, 0.0 ], [ -70.86846, -52.99971, 0.0 ] ] } },
{ "type": "Feature", "properties": { "nombre": "" }, "geometry": { "type": "LineString", "coordinates": [ [ -70.83296, -52.99925, 0.0 ], [ -70.61039, -52.97591, 0.0 ], [ -70.60861, -53.01904, 0.0 ], [ -70.83286, -53.00195, 0.0 ], [ -70.83296, -52.99925, 0.0 ] ] } },
{ "type": "Feature", "properties": { "nombre": "" }, "geometry": { "type": "LineString", "coordinates": [ [ -70.82108, -52.99802, 0.0 ], [ -70.82091, -53.00287, 0.0 ] ] } },
{ "type": "Feature", "properties": { "nombre": "" }, "geometry": { "type": "LineString", "coordinates": [ [ -70.79882, -52.9957, 0.0 ], [ -70.79849, -53.0046, 0.0 ] ] } },
{ "type": "Feature", "properties": { "nombre": "" }, "geometry": { "type": "LineString", "coordinates": [ [ -70.77358, -52.99307, 0.0 ], [ -70.77308, -53.00655, 0.0 ] ] } },
{ "type": "Feature", "properties": { "nombre": "" }, "geometry": { "type": "LineString", "coordinates": [ [ -70.8763, -52.99981, 0.0 ], [ -71.10033, -52.98222, 0.0 ], [ -71.09905, -53.02535, 0.0 ], [ -70.87621, -53.00251, 0.0 ], [ -70.8763, -52.99981, 0.0 ] ] } },
{ "type": "Feature", "properties": { "nombre": "" }, "geometry": { "type": "LineString", "coordinates": [ [ -70.88826, -52.99888, 0.0 ], [ -70.88809, -53.00374, 0.0 ] ] } },
{ "type": "Feature", "properties": { "nombre": "" }, "geometry": { "type": "LineString", "coordinates": [ [ -70.91067, -52.99714, 0.0 ], [ -70.91036, -53.00604, 0.0 ] ] } },
{ "type": "Feature", "properties": { "nombre": "" }, "geometry": { "type": "LineString", "coordinates": [ [ -70.93606, -52.99516, 0.0 ], [ -70.93561, -53.00864, 0.0 ] ] } },
{ "type": "Feature", "properties": { "nombre": "" }, "geometry": { "type": "LineString", "coordinates": [ [ -70.83296, -52.99925, 0.0 ], [ -70.83306, -52.99642, 0.0 ] ] } },
{ "type": "Feature", "properties": { "nombre": "" }, "geometry": { "type": "LineString", "coordinates": [ [ -70.83286, -53.00195, 0.0 ], [ -70.83276, -53.00478, 0.0 ] ] } },
{ "type": "Feature", "properties": { "nombre": "" }, "geometry": { "type": "LineString", "coordinates": [ [ -70.87621, -53.00251, 0.0 ], [ -70.87611, -53.00534, 0.0 ] ] } },
{ "type": "Feature", "properties": { "nombre": "" }, "geometry": { "type": "LineString", "coordinates": [ [ -70.90962, -53.00596, 0.0 ], [ -70.86674, -53.00522, 0.0 ] ] } },
{ "type": "Feature", "properties": { "nombre": "" }, "geometry": { "type": "LineString", "coordinates": [ [ -70.86864, -52.99754, 0.0 ], [ -70.86838, -52.9974, 0.0 ], [ -70.8449, -53.01367, 0.0 ], [ -70.8454, -53.01394, 0.0 ], [ -70.86864, -52.99754, 0.0 ] ] } },
{ "type": "Feature", "properties": { "nombre": "" }, "geometry": { "type": "LineString", "coordinates": [ [ -70.84288, -53.01332, 0.0 ], [ -70.67039, -53.10156, 0.0 ], [ -70.72435, -53.12996, 0.0 ], [ -70.84625, -53.0151, 0.0 ], [ -70.84288, -53.01332, 0.0 ] ] } },
{ "type": "Feature", "properties": { "nombre": "" }, "geometry": { "type": "LineString", "coordinates": [ [ -70.8337, -53.01804, 0.0 ], [ -70.83976, -53.02122, 0.0 ] ] } },
{ "type": "Feature", "properties": { "nombre": "" }, "geometry": { "type": "LineString", "coordinates": [ [ -70.81647, -53.02687, 0.0 ], [ -70.8276, -53.03272, 0.0 ] ] } },
{ "type": "Feature", "properties": { "nombre": "" }, "geometry": { "type": "LineString", "coordinates": [ [ -70.79695, -53.03688, 0.0 ], [ -70.81381, -53.04574, 0.0 ] ] } },
{ "type": "Feature", "properties": { "nombre": "" }, "geometry": { "type": "LineString", "coordinates": [ [ -70.86754, -52.99625, 0.0 ], [ -70.98868, -52.88123, 0.0 ], [ -71.04258, -52.9095, 0.0 ], [ -70.87091, -52.99802, 0.0 ], [ -70.86754, -52.99625, 0.0 ] ] } },
{ "type": "Feature", "properties": { "nombre": "" }, "geometry": { "type": "LineString", "coordinates": [ [ -70.87402, -52.99011, 0.0 ], [ -70.88008, -52.9933, 0.0 ] ] } },
{ "type": "Feature", "properties": { "nombre": "" }, "geometry": { "type": "LineString", "coordinates": [ [ -70.88616, -52.97862, 0.0 ], [ -70.89728, -52.98446, 0.0 ] ] } },
{ "type": "Feature", "properties": { "nombre": "" }, "geometry": { "type": "LineString", "coordinates": [ [ -70.89991, -52.96559, 0.0 ], [ -70.91676, -52.97444, 0.0 ] ] } },
{ "type": "Feature", "properties": { "nombre": "" }, "geometry": { "type": "LineString", "coordinates": [ [ -70.86754, -52.99625, 0.0 ], [ -70.864, -52.99439, 0.0 ] ] } },
{ "type": "Feature", "properties": { "nombre": "" }, "geometry": { "type": "LineString", "coordinates": [ [ -70.84288, -53.01332, 0.0 ], [ -70.83934, -53.01146, 0.0 ] ] } },
{ "type": "Feature", "properties": { "nombre": "" }, "geometry": { "type": "LineString", "coordinates": [ [ -70.88575, -52.979, 0.0 ], [ -70.86055, -52.99678, 0.0 ] ] } },
{ "type": "Feature", "properties": { "nombre": "" }, "geometry": { "type": "LineString", "coordinates": [ [ -70.87091, -52.99802, 0.0 ], [ -70.87428, -52.99979, 0.0 ] ] } },
{ "type": "Feature", "properties": { "nombre": "" }, "geometry": { "type": "LineString", "coordinates": [ [ -70.84625, -53.0151, 0.0 ], [ -70.84979, -53.01696, 0.0 ] ] } },
{ "type": "Feature", "properties": { "nombre": "" }, "geometry": { "type": "LineString", "coordinates": [ [ -70.8967, -52.98475, 0.0 ], [ -70.87869, -52.997, 0.0 ], [ -70.90992, -52.9972, 0.0 ] ] } },
{ "type": "Feature", "properties": { "nombre": "" }, "geometry": { "type": "LineString", "coordinates": [ [ -70.85494, -53.008, 0.0 ], [ -70.85523, -53.00791, 0.0 ], [ -70.84324, -52.99468, 0.0 ], [ -70.84265, -52.99488, 0.0 ], [ -70.85494, -53.008, 0.0 ] ] } },
{ "type": "Feature", "properties": { "nombre": "" }, "geometry": { "type": "LineString", "coordinates": [ [ -70.8435, -52.99398, 0.0 ], [ -70.76592, -52.86597, 0.0 ], [ -70.70526, -52.88597, 0.0 ], [ -70.84154, -52.99463, 0.0 ], [ -70.8435, -52.99398, 0.0 ] ] } },
{ "type": "Feature", "properties": { "nombre": "" }, "geometry": { "type": "LineString", "coordinates": [ [ -70.83425, -52.98884, 0.0 ], [ -70.83935, -52.98716, 0.0 ] ] } },
{ "type": "Feature", "properties": { "nombre": "" }, "geometry": { "type": "LineString", "coordinates": [ [ -70.8206, -52.97798, 0.0 ], [ -70.83157, -52.97436, 0.0 ] ] } },
{ "type": "Feature", "properties": { "nombre": "" }, "geometry": { "type": "LineString", "coordinates": [ [ -70.80513, -52.96567, 0.0 ], [ -70.82276, -52.95985, 0.0 ] ] } },
{ "type": "Feature", "properties": { "nombre": "" }, "geometry": { "type": "LineString", "coordinates": [ [ -70.85635, -53.00815, 0.0 ], [ -70.9934, -53.11663, 0.0 ], [ -70.9325, -53.13675, 0.0 ], [ -70.85439, -53.0088, 0.0 ], [ -70.85635, -53.00815, 0.0 ] ] } },
{ "type": "Feature", "properties": { "nombre": "" }, "geometry": { "type": "LineString", "coordinates": [ [ -70.85854, -53.01563, 0.0 ], [ -70.86364, -53.01394, 0.0 ] ] } },
{ "type": "Feature", "properties": { "nombre": "" }, "geometry": { "type": "LineString", "coordinates": [ [ -70.86633, -53.02842, 0.0 ], [ -70.87732, -53.0248, 0.0 ] ] } },
{ "type": "Feature", "properties": { "nombre": "" }, "geometry": { "type": "LineString", "coordinates": [ [ -70.87517, -53.04293, 0.0 ], [ -70.89283, -53.0371, 0.0 ] ] } },
{ "type": "Feature", "properties": { "nombre": "" }, "geometry": { "type": "LineString", "coordinates": [ [ -70.8435, -52.99398, 0.0 ], [ -70.84762, -52.99263, 0.0 ] ] } },
{ "type": "Feature", "properties": { "nombre": "" }, "geometry": { "type": "LineString", "coordinates": [ [ -70.87686, -53.02444, 0.0 ], [ -70.86203, -53.00848, 0.0 ] ] } },
{ "type": "Feature", "properties": { "nombre": "" }, "geometry": { "type": "LineString", "coordinates": [ [ -70.84154, -52.99463, 0.0 ], [ -70.83742, -52.99599, 0.0 ] ] } },
{ "type": "Feature", "properties": { "nombre": "" }, "geometry": { "type": "LineString", "coordinates": [ [ -70.86607, -53.028, 0.0 ], [ -70.85382, -53.01417, 0.0 ] ] } },
{ "type": "Feature", "properties": { "nombre": "" }, "geometry": { "type": "LineString", "coordinates": [ [ -70.77547, -52.99326, 0.0 ], [ -70.77904, -52.98645, 0.0 ], [ -70.78478, -52.98019, 0.0 ], [ -70.79044, -52.97596, 0.0 ], [ -70.8009, -52.96931, 0.0 ], [ -70.80617, -52.9665, 0.0 ] ] } },
{ "type": "Feature", "properties": { "nombre": "" }, "geometry": { "type": "LineString", "coordinates": [ [ -70.74611, -52.99019, 0.0 ], [ -70.74817, -52.98518, 0.0 ], [ -70.75113, -52.98014, 0.0 ], [ -70.7549, -52.97529, 0.0 ], [ -70.75945, -52.9707, 0.0 ], [ -70.76849, -52.96381, 0.0 ], [ -70.78045, -52.95625, 0.0 ], [ -70.78818, -52.95218, 0.0 ] ] } },
{ "type": "Feature", "properties": { "nombre": "" }, "geometry": { "type": "LineString", "coordinates": [ [ -70.89382, -52.98624, 0.0 ], [ -70.87753, -52.9973, 0.0 ] ] } },
{ "type": "Feature", "properties": { "nombre": "" }, "geometry": { "type": "LineString", "coordinates": [ [ -70.88809, -52.98918, 0.0 ], [ -70.87524, -52.99791, 0.0 ] ] } },
{ "type": "Feature", "properties": { "nombre": "" }, "geometry": { "type": "LineString", "coordinates": [ [ -70.88236, -52.99213, 0.0 ], [ -70.87297, -52.99851, 0.0 ] ] } },
{ "type": "Feature", "properties": { "nombre": "" }, "geometry": { "type": "LineString", "coordinates": [ [ -70.87664, -52.99507, 0.0 ], [ -70.87071, -52.99911, 0.0 ] ] } },
{ "type": "Feature", "properties": { "nombre": "" }, "geometry": { "type": "LineString", "coordinates": [ [ -70.90615, -52.99749, 0.0 ], [ -70.87753, -52.9973, 0.0 ] ] } },
{ "type": "Feature", "properties": { "nombre": "" }, "geometry": { "type": "LineString", "coordinates": [ [ -70.89869, -52.99807, 0.0 ], [ -70.87524, -52.99791, 0.0 ] ] } },
{ "type": "Feature", "properties": { "nombre": "" }, "geometry": { "type": "LineString", "coordinates": [ [ -70.89123, -52.99865, 0.0 ], [ -70.87297, -52.99851, 0.0 ] ] } },
{ "type": "Feature", "properties": { "nombre": "" }, "geometry": { "type": "LineString", "coordinates": [ [ -70.88377, -52.99923, 0.0 ], [ -70.87071, -52.99911, 0.0 ] ] } },
{ "type": "Feature", "properties": { "nombre": "" }, "geometry": { "type": "LineString", "coordinates": [ [ -70.7696, -52.99265, 0.0 ], [ -70.77343, -52.98522, 0.0 ], [ -70.77974, -52.97826, 0.0 ], [ -70.78603, -52.97355, 0.0 ], [ -70.79676, -52.96673, 0.0 ], [ -70.80257, -52.96364, 0.0 ] ] } },
{ "type": "Feature", "properties": { "nombre": "" }, "geometry": { "type": "LineString", "coordinates": [ [ -70.76373, -52.99204, 0.0 ], [ -70.76545, -52.98796, 0.0 ], [ -70.76792, -52.98385, 0.0 ], [ -70.77472, -52.97632, 0.0 ], [ -70.78167, -52.97109, 0.0 ], [ -70.79267, -52.96412, 0.0 ], [ -70.79897, -52.96077, 0.0 ] ] } },
{ "type": "Feature", "properties": { "nombre": "" }, "geometry": { "type": "LineString", "coordinates": [ [ -70.75785, -52.99142, 0.0 ], [ -70.75969, -52.98703, 0.0 ], [ -70.76232, -52.98261, 0.0 ], [ -70.76555, -52.97852, 0.0 ], [ -70.76957, -52.9745, 0.0 ], [ -70.77737, -52.96861, 0.0 ], [ -70.78863, -52.96147, 0.0 ], [ -70.79538, -52.95791, 0.0 ] ] } },
{ "type": "Feature", "properties": { "nombre": "" }, "geometry": { "type": "LineString", "coordinates": [ [ -70.75198, -52.99081, 0.0 ], [ -70.75393, -52.98611, 0.0 ], [ -70.75673, -52.98138, 0.0 ], [ -70.76029, -52.97683, 0.0 ], [ -70.76459, -52.97253, 0.0 ], [ -70.77292, -52.96622, 0.0 ], [ -70.78451, -52.95888, 0.0 ], [ -70.79178, -52.95504, 0.0 ] ] } },
{ "type": "Feature", "properties": { "nombre": "" }, "geometry": { "type": "LineString", "coordinates": [ [ -70.79841, -53.03613, 0.0 ], [ -70.79199, -53.03008, 0.0 ], [ -70.78769, -53.02339, 0.0 ], [ -70.78352, -53.01992, 0.0 ], [ -70.77999, -53.01607, 0.0 ], [ -70.77695, -53.01139, 0.0 ], [ -70.77499, -53.0064, 0.0 ] ] } },
{ "type": "Feature", "properties": { "nombre": "" }, "geometry": { "type": "LineString", "coordinates": [ [ -70.77568, -53.04777, 0.0 ], [ -70.76736, -53.04043, 0.0 ], [ -70.76381, -53.03623, 0.0 ], [ -70.76083, -53.03178, 0.0 ], [ -70.75281, -53.02346, 0.0 ], [ -70.74826, -53.01629, 0.0 ], [ -70.74541, -53.00866, 0.0 ] ] } },
{ "type": "Feature", "properties": { "nombre": "" }, "geometry": { "type": "LineString", "coordinates": [ [ -70.78022, -53.04544, 0.0 ], [ -70.77248, -53.03857, 0.0 ], [ -70.76904, -53.03447, 0.0 ], [ -70.76618, -53.03011, 0.0 ], [ -70.76196, -53.02622, 0.0 ], [ -70.75827, -53.022, 0.0 ], [ -70.754, -53.01532, 0.0 ], [ -70.75132, -53.00821, 0.0 ] ] } },
{ "type": "Feature", "properties": { "nombre": "" }, "geometry": { "type": "LineString", "coordinates": [ [ -70.78477, -53.04311, 0.0 ], [ -70.77758, -53.03671, 0.0 ], [ -70.77426, -53.0327, 0.0 ], [ -70.77154, -53.02844, 0.0 ], [ -70.76727, -53.02457, 0.0 ], [ -70.76365, -53.02046, 0.0 ], [ -70.75969, -53.01425, 0.0 ], [ -70.75724, -53.00776, 0.0 ] ] } },
{ "type": "Feature", "properties": { "nombre": "" }, "geometry": { "type": "LineString", "coordinates": [ [ -70.78932, -53.04079, 0.0 ], [ -70.78274, -53.0349, 0.0 ], [ -70.77948, -53.03092, 0.0 ], [ -70.77691, -53.02676, 0.0 ], [ -70.7727, -53.02304, 0.0 ], [ -70.76915, -53.01907, 0.0 ], [ -70.76545, -53.01332, 0.0 ], [ -70.76315, -53.00731, 0.0 ] ] } },
{ "type": "Feature", "properties": { "nombre": "" }, "geometry": { "type": "LineString", "coordinates": [ [ -70.79387, -53.03846, 0.0 ], [ -70.78787, -53.03307, 0.0 ], [ -70.78475, -53.02921, 0.0 ], [ -70.78229, -53.02508, 0.0 ], [ -70.77805, -53.02142, 0.0 ], [ -70.77451, -53.01749, 0.0 ], [ -70.77117, -53.01229, 0.0 ], [ -70.76907, -53.00685, 0.0 ] ] } },
{ "type": "Feature", "properties": { "nombre": "" }, "geometry": { "type": "LineString", "coordinates": [ [ -70.87614, -53.04452, 0.0 ], [ -70.86884, -53.0468, 0.0 ], [ -70.86143, -53.04839, 0.0 ], [ -70.85339, -53.04941, 0.0 ], [ -70.84555, -53.04975, 0.0 ], [ -70.83734, -53.04944, 0.0 ], [ -70.82963, -53.04852, 0.0 ], [ -70.82219, -53.04698, 0.0 ], [ -70.81484, -53.04476, 0.0 ] ] } },
{ "type": "Feature", "properties": { "nombre": "" }, "geometry": { "type": "LineString", "coordinates": [ [ -70.87823, -53.04795, 0.0 ], [ -70.87024, -53.05034, 0.0 ], [ -70.86217, -53.052, 0.0 ], [ -70.8538, -53.053, 0.0 ], [ -70.8449, -53.05335, 0.0 ], [ -70.836, -53.05296, 0.0 ], [ -70.82764, -53.05191, 0.0 ], [ -70.81959, -53.05022, 0.0 ], [ -70.81163, -53.0478, 0.0 ] ] } },
{ "type": "Feature", "properties": { "nombre": "" }, "geometry": { "type": "LineString", "coordinates": [ [ -70.88032, -53.05137, 0.0 ], [ -70.87165, -53.05388, 0.0 ], [ -70.8629, -53.0556, 0.0 ], [ -70.85344, -53.05665, 0.0 ], [ -70.84425, -53.05694, 0.0 ], [ -70.83466, -53.05648, 0.0 ], [ -70.82566, -53.05531, 0.0 ], [ -70.81698, -53.05346, 0.0 ], [ -70.80841, -53.05083, 0.0 ] ] } },
{ "type": "Feature", "properties": { "nombre": "" }, "geometry": { "type": "LineString", "coordinates": [ [ -70.8824, -53.05479, 0.0 ], [ -70.87304, -53.05741, 0.0 ], [ -70.86363, -53.05919, 0.0 ], [ -70.85391, -53.06024, 0.0 ], [ -70.8436, -53.06053, 0.0 ], [ -70.83331, -53.05999, 0.0 ], [ -70.82367, -53.05871, 0.0 ], [ -70.81438, -53.0567, 0.0 ], [ -70.8052, -53.05386, 0.0 ] ] } },
{ "type": "Feature", "properties": { "nombre": "" }, "geometry": { "type": "LineString", "coordinates": [ [ -70.88448, -53.0582, 0.0 ], [ -70.87444, -53.06094, 0.0 ], [ -70.86436, -53.06278, 0.0 ], [ -70.85349, -53.06388, 0.0 ], [ -70.84295, -53.06412, 0.0 ], [ -70.83245, -53.06355, 0.0 ], [ -70.82169, -53.06211, 0.0 ], [ -70.81178, -53.05994, 0.0 ], [ -70.80199, -53.05689, 0.0 ] ] } },
{ "type": "Feature", "properties": { "nombre": "" }, "geometry": { "type": "LineString", "coordinates": [ [ -70.88656, -53.0616, 0.0 ], [ -70.87584, -53.06446, 0.0 ], [ -70.86509, -53.06637, 0.0 ], [ -70.85351, -53.06749, 0.0 ], [ -70.8423, -53.0677, 0.0 ], [ -70.83063, -53.06701, 0.0 ], [ -70.8197, -53.0655, 0.0 ], [ -70.80917, -53.06318, 0.0 ], [ -70.79878, -53.05992, 0.0 ] ] } },
{ "type": "Feature", "properties": { "nombre": "" }, "geometry": { "type": "LineString", "coordinates": [ [ -70.93372, -53.00845, 0.0 ], [ -70.93157, -53.01311, 0.0 ], [ -70.92839, -53.01756, 0.0 ], [ -70.92425, -53.02171, 0.0 ], [ -70.91946, -53.02534, 0.0 ], [ -70.91394, -53.02856, 0.0 ], [ -70.90806, -53.03121, 0.0 ], [ -70.90106, -53.03359, 0.0 ], [ -70.89359, -53.03538, 0.0 ], [ -70.89178, -53.03627, 0.0 ] ] } },
{ "type": "Feature", "properties": { "nombre": "" }, "geometry": { "type": "LineString", "coordinates": [ [ -70.9396, -53.00905, 0.0 ], [ -70.9373, -53.01412, 0.0 ], [ -70.93407, -53.01875, 0.0 ], [ -70.92969, -53.02329, 0.0 ], [ -70.9246, -53.02727, 0.0 ], [ -70.91871, -53.03082, 0.0 ], [ -70.91211, -53.0339, 0.0 ], [ -70.89545, -53.03918, 0.0 ] ] } },
{ "type": "Feature", "properties": { "nombre": "" }, "geometry": { "type": "LineString", "coordinates": [ [ -70.94548, -53.00966, 0.0 ], [ -70.94304, -53.0151, 0.0 ], [ -70.93962, -53.02009, 0.0 ], [ -70.93497, -53.02499, 0.0 ], [ -70.92957, -53.0293, 0.0 ], [ -70.92331, -53.03316, 0.0 ], [ -70.9163, -53.03652, 0.0 ], [ -70.90937, -53.0391, 0.0 ], [ -70.89915, -53.04211, 0.0 ] ] } },
{ "type": "Feature", "properties": { "nombre": "" }, "geometry": { "type": "LineString", "coordinates": [ [ -70.95135, -53.01026, 0.0 ], [ -70.94879, -53.01606, 0.0 ], [ -70.94521, -53.02139, 0.0 ], [ -70.94033, -53.02662, 0.0 ], [ -70.93466, -53.03124, 0.0 ], [ -70.92809, -53.0354, 0.0 ], [ -70.92072, -53.03905, 0.0 ], [ -70.91304, -53.04199, 0.0 ], [ -70.90283, -53.04503, 0.0 ] ] } },
{ "type": "Feature", "properties": { "nombre": "" }, "geometry": { "type": "LineString", "coordinates": [ [ -70.95723, -53.01086, 0.0 ], [ -70.95455, -53.01702, 0.0 ], [ -70.95079, -53.02268, 0.0 ], [ -70.94568, -53.02825, 0.0 ], [ -70.93974, -53.03318, 0.0 ], [ -70.93251, -53.03783, 0.0 ], [ -70.92474, -53.04172, 0.0 ], [ -70.91625, -53.04503, 0.0 ], [ -70.9065, -53.04794, 0.0 ] ] } },
{ "type": "Feature", "properties": { "nombre": "" }, "geometry": { "type": "LineString", "coordinates": [ [ -70.96311, -53.01147, 0.0 ], [ -70.9603, -53.01798, 0.0 ], [ -70.95637, -53.02397, 0.0 ], [ -70.95103, -53.02988, 0.0 ], [ -70.94481, -53.03512, 0.0 ], [ -70.93725, -53.04007, 0.0 ], [ -70.92912, -53.04425, 0.0 ], [ -70.92021, -53.0478, 0.0 ], [ -70.91017, -53.05084, 0.0 ] ] } },
{ "type": "Feature", "properties": { "nombre": "" }, "geometry": { "type": "LineString", "coordinates": [ [ -70.91597, -52.97484, 0.0 ], [ -70.92256, -52.97921, 0.0 ], [ -70.92788, -52.98416, 0.0 ], [ -70.93178, -52.98958, 0.0 ], [ -70.93416, -52.99531, 0.0 ] ] } },
{ "type": "Feature", "properties": { "nombre": "" }, "geometry": { "type": "LineString", "coordinates": [ [ -70.92053, -52.97249, 0.0 ], [ -70.92762, -52.97728, 0.0 ], [ -70.93334, -52.9827, 0.0 ], [ -70.93752, -52.98861, 0.0 ], [ -70.94007, -52.99485, 0.0 ] ] } },
{ "type": "Feature", "properties": { "nombre": "" }, "geometry": { "type": "LineString", "coordinates": [ [ -70.92508, -52.97015, 0.0 ], [ -70.93268, -52.97536, 0.0 ], [ -70.93879, -52.98124, 0.0 ], [ -70.94327, -52.98764, 0.0 ], [ -70.94598, -52.99439, 0.0 ] ] } },
{ "type": "Feature", "properties": { "nombre": "" }, "geometry": { "type": "LineString", "coordinates": [ [ -70.92963, -52.96781, 0.0 ], [ -70.93773, -52.97344, 0.0 ], [ -70.94425, -52.97978, 0.0 ], [ -70.94901, -52.98667, 0.0 ], [ -70.9519, -52.99392, 0.0 ] ] } },
{ "type": "Feature", "properties": { "nombre": "" }, "geometry": { "type": "LineString", "coordinates": [ [ -70.93418, -52.96546, 0.0 ], [ -70.94278, -52.97152, 0.0 ], [ -70.9497, -52.97832, 0.0 ], [ -70.95475, -52.9857, 0.0 ], [ -70.95781, -52.99346, 0.0 ] ] } },
{ "type": "Feature", "properties": { "nombre": "" }, "geometry": { "type": "LineString", "coordinates": [ [ -70.93872, -52.96312, 0.0 ], [ -70.94783, -52.9696, 0.0 ], [ -70.95515, -52.97686, 0.0 ], [ -70.96049, -52.98473, 0.0 ], [ -70.96372, -52.993, 0.0 ] ] } },
{ "type": "Feature", "properties": { "nombre": "" }, "geometry": { "type": "LineString", "coordinates": [ [ -70.82336, -52.96083, 0.0 ], [ -70.83656, -52.95904, 0.0 ], [ -70.85033, -52.95911, 0.0 ], [ -70.85817, -52.96002, 0.0 ], [ -70.86596, -52.96162, 0.0 ], [ -70.87474, -52.96178, 0.0 ], [ -70.88339, -52.96271, 0.0 ], [ -70.89136, -52.9643, 0.0 ], [ -70.89888, -52.96656, 0.0 ] ] } },
{ "type": "Feature", "properties": { "nombre": "" }, "geometry": { "type": "LineString", "coordinates": [ [ -70.82131, -52.95745, 0.0 ], [ -70.83596, -52.95546, 0.0 ], [ -70.85098, -52.95553, 0.0 ], [ -70.85913, -52.95646, 0.0 ], [ -70.86703, -52.958, 0.0 ], [ -70.87598, -52.95824, 0.0 ], [ -70.885, -52.95924, 0.0 ], [ -70.8937, -52.961, 0.0 ], [ -70.90208, -52.96353, 0.0 ] ] } },
{ "type": "Feature", "properties": { "nombre": "" }, "geometry": { "type": "LineString", "coordinates": [ [ -70.81926, -52.95408, 0.0 ], [ -70.83515, -52.9519, 0.0 ], [ -70.85173, -52.95197, 0.0 ], [ -70.85989, -52.95287, 0.0 ], [ -70.86809, -52.9544, 0.0 ], [ -70.8776, -52.95474, 0.0 ], [ -70.88696, -52.95584, 0.0 ], [ -70.89639, -52.95778, 0.0 ], [ -70.90528, -52.9605, 0.0 ] ] } },
{ "type": "Feature", "properties": { "nombre": "" }, "geometry": { "type": "LineString", "coordinates": [ [ -70.81721, -52.9507, 0.0 ], [ -70.82569, -52.94922, 0.0 ], [ -70.83438, -52.94833, 0.0 ], [ -70.84349, -52.94805, 0.0 ], [ -70.85229, -52.94839, 0.0 ], [ -70.86915, -52.9508, 0.0 ], [ -70.87899, -52.95122, 0.0 ], [ -70.88867, -52.95239, 0.0 ], [ -70.89886, -52.95451, 0.0 ], [ -70.90848, -52.95746, 0.0 ] ] } },
{ "type": "Feature", "properties": { "nombre": "" }, "geometry": { "type": "LineString", "coordinates": [ [ -70.81516, -52.94733, 0.0 ], [ -70.82413, -52.94575, 0.0 ], [ -70.83365, -52.94476, 0.0 ], [ -70.84329, -52.94445, 0.0 ], [ -70.85293, -52.94481, 0.0 ], [ -70.8702, -52.94722, 0.0 ], [ -70.88059, -52.94773, 0.0 ], [ -70.89056, -52.94898, 0.0 ], [ -70.90132, -52.95123, 0.0 ], [ -70.91167, -52.95443, 0.0 ] ] } },
{ "type": "Feature", "properties": { "nombre": "" }, "geometry": { "type": "LineString", "coordinates": [ [ -70.81312, -52.94395, 0.0 ], [ -70.8229, -52.94223, 0.0 ], [ -70.83295, -52.94119, 0.0 ], [ -70.84313, -52.94085, 0.0 ], [ -70.85363, -52.94124, 0.0 ], [ -70.87126, -52.94363, 0.0 ], [ -70.88168, -52.94419, 0.0 ], [ -70.89217, -52.94552, 0.0 ], [ -70.90398, -52.94801, 0.0 ], [ -70.91487, -52.9514, 0.0 ] ] } },
{ "type": "Feature", "properties": { "nombre": "" }, "geometry": { "type": "LineString", "coordinates": [ [ -70.86476, -53.02585, 0.0 ], [ -70.85392, -53.01361, 0.0 ], [ -70.83005, -53.0304, 0.0 ] ] } },
{ "type": "Feature", "properties": { "nombre": "" }, "geometry": { "type": "LineString", "coordinates": [ [ -70.85957, -53.01732, 0.0 ], [ -70.85434, -53.01141, 0.0 ], [ -70.83815, -53.02275, 0.0 ] ] } },
{ "type": "Feature", "properties": { "nombre": "" }, "geometry": { "type": "LineString", "coordinates": [ [ -70.85698, -53.01306, 0.0 ], [ -70.85454, -53.01031, 0.0 ] ] } },
{ "type": "Feature", "properties": { "nombre": "" }, "geometry": { "type": "LineString", "coordinates": [ [ -70.83314, -52.97694, 0.0 ], [ -70.85096, -52.99697, 0.0 ] ] } },
{ "type": "Feature", "properties": { "nombre": "" }, "geometry": { "type": "LineString", "coordinates": [ [ -70.83573, -52.9812, 0.0 ], [ -70.85033, -52.99759, 0.0 ] ] } },
{ "type": "Feature", "properties": { "nombre": "" }, "geometry": { "type": "LineString", "coordinates": [ [ -70.83832, -52.98546, 0.0 ], [ -70.84971, -52.99821, 0.0 ] ] } },
{ "type": "Feature", "properties": { "nombre": "" }, "geometry": { "type": "LineString", "coordinates": [ [ -70.84091, -52.98972, 0.0 ], [ -70.84908, -52.99883, 0.0 ] ] } },
{ "type": "Feature", "properties": { "nombre": "" }, "geometry": { "type": "LineString", "coordinates": [ [ -70.85759, -53.0082, 0.0 ], [ -70.8609, -53.01177, 0.0 ] ] } },
{ "type": "Feature", "properties": { "nombre": "" }, "geometry": { "type": "LineString", "coordinates": [ [ -70.85886, -53.00828, 0.0 ], [ -70.86545, -53.01538, 0.0 ] ] } },
{ "type": "Feature", "properties": { "nombre": "" }, "geometry": { "type": "LineString", "coordinates": [ [ -70.86651, -53.0049, 0.0 ], [ -70.90588, -53.00557, 0.0 ] ] } },
{ "type": "Feature", "properties": { "nombre": "" }, "geometry": { "type": "LineString", "coordinates": [ [ -70.86604, -53.00426, 0.0 ], [ -70.89846, -53.00481, 0.0 ] ] } },
{ "type": "Feature", "properties": { "nombre": "" }, "geometry": { "type": "LineString", "coordinates": [ [ -70.86558, -53.00363, 0.0 ], [ -70.89104, -53.00404, 0.0 ] ] } },
{ "type": "Feature", "properties": { "nombre": "" }, "geometry": { "type": "LineString", "coordinates": [ [ -70.86511, -53.00299, 0.0 ], [ -70.88363, -53.00327, 0.0 ] ] } },
{ "type": "Feature", "properties": { "nombre": "" }, "geometry": { "type": "LineString", "coordinates": [ [ -70.86218, -52.999, 0.0 ], [ -70.87158, -52.99242, 0.0 ] ] } },
{ "type": "Feature", "properties": { "nombre": "" }, "geometry": { "type": "LineString", "coordinates": [ [ -70.86171, -52.99837, 0.0 ], [ -70.87563, -52.98859, 0.0 ] ] } },
{ "type": "Feature", "properties": { "nombre": "" }, "geometry": { "type": "LineString", "coordinates": [ [ -70.86125, -52.99773, 0.0 ], [ -70.87967, -52.98476, 0.0 ] ] } },
{ "type": "Feature", "properties": { "nombre": "" }, "geometry": { "type": "LineString", "coordinates": [ [ -70.86012, -53.00836, 0.0 ], [ -70.87001, -53.019, 0.0 ] ] } },
{ "type": "Feature", "properties": { "nombre": "" }, "geometry": { "type": "LineString", "coordinates": [ [ -70.86139, -53.00844, 0.0 ], [ -70.87456, -53.02261, 0.0 ] ] } },
{ "type": "Feature", "properties": { "nombre": "" }, "geometry": { "type": "LineString", "coordinates": [ [ -70.85127, -52.99666, 0.0 ], [ -70.83183, -52.97479, 0.0 ] ] } },
{ "type": "Feature", "properties": { "nombre": "" }, "geometry": { "type": "LineString", "coordinates": [ [ -70.86078, -52.9971, 0.0 ], [ -70.88371, -52.98093, 0.0 ] ] } },
{ "type": "Feature", "properties": { "nombre": "" }, "geometry": { "type": "LineString", "coordinates": [ [ -70.85382, -53.01417, 0.0 ], [ -70.828, -53.03233, 0.0 ] ] } },
{ "type": "Feature", "properties": { "nombre": "" }, "geometry": { "type": "LineString", "coordinates": [ [ -70.86464, -53.00236, 0.0 ], [ -70.85632, -53.00812, 0.0 ] ] } },
{ "type": "Feature", "properties": { "nombre": "" }, "geometry": { "type": "LineString", "coordinates": [ [ -70.85454, -53.01031, 0.0 ], [ -70.8422, -53.01892, 0.0 ] ] } },
{ "type": "Feature", "properties": { "nombre": "" }, "geometry": { "type": "LineString", "coordinates": [ [ -70.86264, -52.99964, 0.0 ], [ -70.86754, -52.99625, 0.0 ], [ -70.87091, -52.99802, 0.0 ], [ -70.86846, -52.99971, 0.0 ] ] } },
{ "type": "Feature", "properties": { "nombre": "" }, "geometry": { "type": "LineString", "coordinates": [ [ -70.84588, -52.99942, 0.0 ], [ -70.84154, -52.99463, 0.0 ], [ -70.8435, -52.99398, 0.0 ], [ -70.84846, -52.99945, 0.0 ] ] } },
{ "type": "Feature", "properties": { "nombre": "" }, "geometry": { "type": "LineString", "coordinates": [ [ -70.85093, -53.00218, 0.0 ], [ -70.85403, -53.0056, 0.0 ] ] } },
{ "type": "Feature", "properties": { "nombre": "" }, "geometry": { "type": "LineString", "coordinates": [ [ -70.83787, -52.99648, 0.0 ], [ -70.82105, -52.97834, 0.0 ] ] } },
{ "type": "Feature", "properties": { "nombre": "" }, "geometry": { "type": "LineString", "coordinates": [ [ -70.83877, -52.99681, 0.0 ], [ -70.82335, -52.98017, 0.0 ] ] } },
{ "type": "Feature", "properties": { "nombre": "" }, "geometry": { "type": "LineString", "coordinates": [ [ -70.84054, -52.99747, 0.0 ], [ -70.82789, -52.98378, 0.0 ] ] } },
{ "type": "Feature", "properties": { "nombre": "" }, "geometry": { "type": "LineString", "coordinates": [ [ -70.84232, -52.99812, 0.0 ], [ -70.83244, -52.9874, 0.0 ] ] } },
{ "type": "Feature", "properties": { "nombre": "" }, "geometry": { "type": "LineString", "coordinates": [ [ -70.8441, -52.99877, 0.0 ], [ -70.83699, -52.99102, 0.0 ] ] } },
{ "type": "Feature", "properties": { "nombre": "" }, "geometry": { "type": "LineString", "coordinates": [ [ -70.86264, -52.99964, 0.0 ], [ -70.84846, -52.99945, 0.0 ] ] } },
{ "type": "Feature", "properties": { "nombre": "" }, "geometry": { "type": "LineString", "coordinates": [ [ -70.86218, -52.999, 0.0 ], [ -70.84908, -52.99883, 0.0 ] ] } },
{ "type": "Feature", "properties": { "nombre": "" }, "geometry": { "type": "LineString", "coordinates": [ [ -70.86171, -52.99837, 0.0 ], [ -70.84971, -52.99821, 0.0 ] ] } },
{ "type": "Feature", "properties": { "nombre": "" }, "geometry": { "type": "LineString", "coordinates": [ [ -70.86125, -52.99773, 0.0 ], [ -70.85033, -52.99759, 0.0 ] ] } },
{ "type": "Feature", "properties": { "nombre": "" }, "geometry": { "type": "LineString", "coordinates": [ [ -70.86078, -52.9971, 0.0 ], [ -70.85096, -52.99697, 0.0 ] ] } },
{ "type": "Feature", "properties": { "nombre": "" }, "geometry": { "type": "LineString", "coordinates": [ [ -70.86055, -52.99678, 0.0 ], [ -70.85127, -52.99666, 0.0 ] ] } },
{ "type": "Feature", "properties": { "nombre": "" }, "geometry": { "type": "LineString", "coordinates": [ [ -70.84588, -52.99942, 0.0 ], [ -70.83296, -52.99925, 0.0 ], [ -70.83286, -53.00195, 0.0 ], [ -70.84835, -53.00215, 0.0 ] ] } },
{ "type": "Feature", "properties": { "nombre": "" }, "geometry": { "type": "LineString", "coordinates": [ [ -70.8441, -52.99877, 0.0 ], [ -70.82554, -52.99848, 0.0 ] ] } },
{ "type": "Feature", "properties": { "nombre": "" }, "geometry": { "type": "LineString", "coordinates": [ [ -70.84232, -52.99812, 0.0 ], [ -70.81813, -52.99771, 0.0 ] ] } },
{ "type": "Feature", "properties": { "nombre": "" }, "geometry": { "type": "LineString", "coordinates": [ [ -70.84054, -52.99747, 0.0 ], [ -70.81071, -52.99694, 0.0 ] ] } },
{ "type": "Feature", "properties": { "nombre": "" }, "geometry": { "type": "LineString", "coordinates": [ [ -70.83877, -52.99681, 0.0 ], [ -70.8033, -52.99617, 0.0 ] ] } },
{ "type": "Feature", "properties": { "nombre": "" }, "geometry": { "type": "LineString", "coordinates": [ [ -70.83787, -52.99648, 0.0 ], [ -70.79956, -52.99578, 0.0 ] ] } },
{ "type": "Feature", "properties": { "nombre": "" }, "geometry": { "type": "LineString", "coordinates": [ [ -70.85632, -53.00812, 0.0 ], [ -70.84625, -53.0151, 0.0 ], [ -70.84288, -53.01332, 0.0 ], [ -70.85247, -53.00668, 0.0 ] ] } },
{ "type": "Feature", "properties": { "nombre": "" }, "geometry": { "type": "LineString", "coordinates": [ [ -70.85247, -53.00668, 0.0 ], [ -70.84835, -53.00215, 0.0 ] ] } },
{ "type": "Feature", "properties": { "nombre": "" }, "geometry": { "type": "LineString", "coordinates": [ [ -70.85093, -53.00218, 0.0 ], [ -70.85882, -53.00228, 0.0 ] ] } },
{ "type": "Feature", "properties": { "nombre": "" }, "geometry": { "type": "LineString", "coordinates": [ [ -70.85403, -53.0056, 0.0 ], [ -70.85882, -53.00228, 0.0 ] ] } },
{ "type": "Feature", "properties": { "nombre": "" }, "geometry": { "type": "LineString", "coordinates": [ [ -70.84868, -53.00644, 0.0 ], [ -70.84648, -53.00401, 0.0 ] ] } },
{ "type": "Feature", "properties": { "nombre": "" }, "geometry": { "type": "LineString", "coordinates": [ [ -70.84742, -53.00635, 0.0 ], [ -70.84585, -53.00463, 0.0 ] ] } },
{ "type": "Feature", "properties": { "nombre": "" }, "geometry": { "type": "LineString", "coordinates": [ [ -70.84678, -53.00631, 0.0 ], [ -70.84554, -53.00494, 0.0 ] ] } },
{ "type": "Feature", "properties": { "nombre": "" }, "geometry": { "type": "LineString", "coordinates": [ [ -70.85121, -53.0066, 0.0 ], [ -70.84773, -53.00277, 0.0 ], [ -70.8254, -53.00252, 0.0 ] ] } },
{ "type": "Feature", "properties": { "nombre": "" }, "geometry": { "type": "LineString", "coordinates": [ [ -70.83141, -53.01921, 0.0 ], [ -70.84994, -53.00652, 0.0 ], [ -70.8471, -53.00339, 0.0 ] ] } },
{ "type": "Feature", "properties": { "nombre": "" }, "geometry": { "type": "LineString", "coordinates": [ [ -70.81793, -53.0031, 0.0 ], [ -70.8471, -53.00339, 0.0 ] ] } },
{ "type": "Feature", "properties": { "nombre": "" }, "geometry": { "type": "LineString", "coordinates": [ [ -70.81047, -53.00367, 0.0 ], [ -70.84648, -53.00401, 0.0 ] ] } },
{ "type": "Feature", "properties": { "nombre": "" }, "geometry": { "type": "LineString", "coordinates": [ [ -70.803, -53.00425, 0.0 ], [ -70.84585, -53.00463, 0.0 ] ] } },
{ "type": "Feature", "properties": { "nombre": "" }, "geometry": { "type": "LineString", "coordinates": [ [ -70.81994, -53.02509, 0.0 ], [ -70.84742, -53.00635, 0.0 ] ] } },
{ "type": "Feature", "properties": { "nombre": "" }, "geometry": { "type": "LineString", "coordinates": [ [ -70.84678, -53.00631, 0.0 ], [ -70.81705, -53.02657, 0.0 ] ] } },
{ "type": "Feature", "properties": { "nombre": "" }, "geometry": { "type": "LineString", "coordinates": [ [ -70.84554, -53.00494, 0.0 ], [ -70.79924, -53.00454, 0.0 ] ] } },
{ "type": "Feature", "properties": { "nombre": "" }, "geometry": { "type": "LineString", "coordinates": [ [ -70.83714, -53.01627, 0.0 ], [ -70.85121, -53.0066, 0.0 ] ] } },
{ "type": "Feature", "properties": { "nombre": "" }, "geometry": { "type": "LineString", "coordinates": [ [ -70.82568, -53.02215, 0.0 ], [ -70.84868, -53.00644, 0.0 ] ] } },
{ "type": "Feature", "properties": { "nombre": "" }, "geometry": { "type": "LineString", "coordinates": [ [ -70.85413, -53.01251, 0.0 ], [ -70.84861, -53.01633, 0.0 ] ] } },
{ "type": "Feature", "properties": { "nombre": "" }, "geometry": { "type": "LineString", "coordinates": [ [ -70.84861, -53.01633, 0.0 ], [ -70.8341, -53.02658, 0.0 ] ] } },
{ "type": "Feature", "properties": { "nombre": "" }, "geometry": { "type": "LineString", "coordinates": [ [ -70.86217, -53.02159, 0.0 ], [ -70.85413, -53.01251, 0.0 ] ] } },
{ "type": "Feature", "properties": { "nombre": "" }, "geometry": { "type": "LineString", "coordinates": [ [ -70.85513, -53.00421, 0.0 ], [ -70.85517, -53.00419, 0.0 ], [ -70.85521, -53.00421, 0.0 ], [ -70.85517, -53.00423, 0.0 ], [ -70.85513, -53.00421, 0.0 ] ] } },
{ "type": "Feature", "properties": { "nombre": "" }, "geometry": { "type": "LineString", "coordinates": [ [ -70.8507, -53.00428, 0.0 ], [ -70.851, -53.00324, 0.0 ], [ -70.85193, -53.00235, 0.0 ], [ -70.85505, -53.00151, 0.0 ], [ -70.85825, -53.00225, 0.0 ], [ -70.85964, -53.00414, 0.0 ], [ -70.85934, -53.00517, 0.0 ], [ -70.85841, -53.00606, 0.0 ], [ -70.85528, -53.0069, 0.0 ], [ -70.85209, -53.00616, 0.0 ], [ -70.8507, -53.00428, 0.0 ] ] } },
{ "type": "Feature", "properties": { "nombre": "" }, "geometry": { "type": "LineString", "coordinates": [ [ -70.84027, -53.00444, 0.0 ], [ -70.84126, -53.00098, 0.0 ], [ -70.84437, -52.99802, 0.0 ], [ -70.84911, -52.996, 0.0 ], [ -70.85478, -52.99522, 0.0 ], [ -70.86051, -52.99582, 0.0 ], [ -70.86543, -52.99769, 0.0 ], [ -70.86878, -53.00055, 0.0 ], [ -70.87006, -53.00397, 0.0 ], [ -70.86908, -53.00743, 0.0 ], [ -70.86597, -53.0104, 0.0 ], [ -70.86122, -53.01242, 0.0 ], [ -70.85555, -53.01319, 0.0 ], [ -70.84982, -53.0126, 0.0 ], [ -70.84491, -53.01072, 0.0 ], [ -70.84155, -53.00786, 0.0 ], [ -70.84027, -53.00444, 0.0 ] ] } },
{ "type": "Feature", "properties": { "nombre": "" }, "geometry": { "type": "LineString", "coordinates": [ [ -70.85684, -52.99555, 0.0 ], [ -70.85689, -52.99551, 0.0 ], [ -70.85695, -52.99555, 0.0 ], [ -70.8569, -52.99558, 0.0 ], [ -70.85684, -52.99555, 0.0 ] ] } },
{ "type": "Feature", "properties": { "nombre": "" }, "geometry": { "type": "LineString", "coordinates": [ [ -70.85317, -52.99561, 0.0 ], [ -70.85419, -52.994, 0.0 ], [ -70.8568, -52.9933, 0.0 ], [ -70.85946, -52.99392, 0.0 ], [ -70.86062, -52.99549, 0.0 ], [ -70.8596, -52.99709, 0.0 ], [ -70.85699, -52.99779, 0.0 ], [ -70.85433, -52.99718, 0.0 ], [ -70.85317, -52.99561, 0.0 ] ] } },
{ "type": "Feature", "properties": { "nombre": "" }, "geometry": { "type": "LineString", "coordinates": [ [ -70.842, -52.99578, 0.0 ], [ -70.84299, -52.99232, 0.0 ], [ -70.84609, -52.98936, 0.0 ], [ -70.85084, -52.98734, 0.0 ], [ -70.85651, -52.98656, 0.0 ], [ -70.86224, -52.98716, 0.0 ], [ -70.86715, -52.98903, 0.0 ], [ -70.8705, -52.99189, 0.0 ], [ -70.87179, -52.99531, 0.0 ], [ -70.8708, -52.99877, 0.0 ], [ -70.8677, -53.00174, 0.0 ], [ -70.86295, -53.00376, 0.0 ], [ -70.85728, -53.00453, 0.0 ], [ -70.85155, -53.00394, 0.0 ], [ -70.84664, -53.00206, 0.0 ], [ -70.84328, -52.9992, 0.0 ], [ -70.842, -52.99578, 0.0 ] ] } },
{ "type": "Feature", "properties": { "nombre": "" }, "geometry": { "type": "LineString", "coordinates": [ [ -70.86674, -53.00522, 0.0 ], [ -70.86203, -53.00848, 0.0 ] ] } },
{ "type": "Feature", "properties": { "nombre": "" }, "geometry": { "type": "LineString", "coordinates": [ [ -70.86651, -53.0049, 0.0 ], [ -70.86139, -53.00844, 0.0 ] ] } },
{ "type": "Feature", "properties": { "nombre": "" }, "geometry": { "type": "LineString", "coordinates": [ [ -70.86604, -53.00426, 0.0 ], [ -70.86012, -53.00836, 0.0 ] ] } },
{ "type": "Feature", "properties": { "nombre": "" }, "geometry": { "type": "LineString", "coordinates": [ [ -70.86558, -53.00363, 0.0 ], [ -70.85886, -53.00828, 0.0 ] ] } },
{ "type": "Feature", "properties": { "nombre": "" }, "geometry": { "type": "LineString", "coordinates": [ [ -70.86511, -53.00299, 0.0 ], [ -70.85759, -53.0082, 0.0 ] ] } },
{ "type": "Feature", "properties": { "nombre": "" }, "geometry": { "type": "LineString", "coordinates": [ [ -71.17034, -33.41172, 0.0 ], [ -71.16158, -33.4142, 0.0 ], [ -71.16138, -33.41369, 0.0 ], [ -71.17014, -33.41121, 0.0 ], [ -71.17034, -33.41172, 0.0 ] ] } },
{ "type": "Feature", "properties": { "nombre": "" }, "geometry": { "type": "LineString", "coordinates": [ [ -71.16993, -33.41155, 0.0 ], [ -71.1699, -33.41147, 0.0 ], [ -71.16176, -33.41378, 0.0 ], [ -71.16182, -33.41394, 0.0 ], [ -71.16993, -33.41155, 0.0 ] ] } },
{ "type": "Feature", "properties": { "nombre": "" }, "geometry": { "type": "LineString", "coordinates": [ [ -71.16138, -33.41369, 0.0 ], [ -71.13748, -33.4183, 0.0 ], [ -71.13924, -33.42269, 0.0 ], [ -71.16158, -33.4142, 0.0 ], [ -71.16138, -33.41369, 0.0 ] ] } },
{ "type": "Feature", "properties": { "nombre": "" }, "geometry": { "type": "LineString", "coordinates": [ [ -71.15853, -33.41536, 0.0 ], [ -71.15811, -33.41432, 0.0 ] ] } },
{ "type": "Feature", "properties": { "nombre": "" }, "geometry": { "type": "LineString", "coordinates": [ [ -71.15066, -33.41835, 0.0 ], [ -71.14969, -33.41594, 0.0 ] ] } },
{ "type": "Feature", "properties": { "nombre": "" }, "geometry": { "type": "LineString", "coordinates": [ [ -71.17014, -33.41121, 0.0 ], [ -71.19247, -33.40271, 0.0 ], [ -71.19424, -33.4071, 0.0 ], [ -71.17034, -33.41172, 0.0 ], [ -71.17014, -33.41121, 0.0 ] ] } },
{ "type": "Feature", "properties": { "nombre": "" }, "geometry": { "type": "LineString", "coordinates": [ [ -71.17361, -33.41109, 0.0 ], [ -71.17319, -33.41005, 0.0 ] ] } },
{ "type": "Feature", "properties": { "nombre": "" }, "geometry": { "type": "LineString", "coordinates": [ [ -71.18203, -33.40946, 0.0 ], [ -71.18106, -33.40706, 0.0 ] ] } },
{ "type": "Feature", "properties": { "nombre": "" }, "geometry": { "type": "LineString", "coordinates": [ [ -71.16138, -33.41369, 0.0 ], [ -71.1606, -33.41177, 0.0 ] ] } },
{ "type": "Feature", "properties": { "nombre": "" }, "geometry": { "type": "LineString", "coordinates": [ [ -71.17014, -33.41121, 0.0 ], [ -71.16936, -33.40929, 0.0 ] ] } },
{ "type": "Feature", "properties": { "nombre": "" }, "geometry": { "type": "LineString", "coordinates": [ [ -71.17899, -33.40784, 0.0 ], [ -71.16936, -33.40929, 0.0 ], [ -71.1606, -33.41177, 0.0 ], [ -71.1519, -33.41552, 0.0 ] ] } },
{ "type": "Feature", "properties": { "nombre": "" }, "geometry": { "type": "LineString", "coordinates": [ [ -71.17801, -33.40821, 0.0 ], [ -71.16945, -33.4095, 0.0 ], [ -71.16069, -33.41198, 0.0 ], [ -71.15295, -33.41531, 0.0 ] ] } },
{ "type": "Feature", "properties": { "nombre": "" }, "geometry": { "type": "LineString", "coordinates": [ [ -71.17604, -33.40896, 0.0 ], [ -71.16962, -33.40993, 0.0 ], [ -71.16086, -33.41241, 0.0 ], [ -71.15506, -33.41491, 0.0 ] ] } },
{ "type": "Feature", "properties": { "nombre": "" }, "geometry": { "type": "LineString", "coordinates": [ [ -71.17407, -33.40971, 0.0 ], [ -71.16979, -33.41035, 0.0 ], [ -71.16103, -33.41284, 0.0 ], [ -71.15717, -33.4145, 0.0 ] ] } },
{ "type": "Feature", "properties": { "nombre": "" }, "geometry": { "type": "LineString", "coordinates": [ [ -71.1721, -33.41046, 0.0 ], [ -71.15927, -33.4141, 0.0 ] ] } },
{ "type": "Feature", "properties": { "nombre": "" }, "geometry": { "type": "LineString", "coordinates": [ [ -71.16158, -33.4142, 0.0 ], [ -71.16236, -33.41612, 0.0 ] ] } },
{ "type": "Feature", "properties": { "nombre": "" }, "geometry": { "type": "LineString", "coordinates": [ [ -71.17034, -33.41172, 0.0 ], [ -71.17112, -33.41364, 0.0 ] ] } },
{ "type": "Feature", "properties": { "nombre": "" }, "geometry": { "type": "LineString", "coordinates": [ [ -71.17982, -33.40989, 0.0 ], [ -71.17112, -33.41364, 0.0 ], [ -71.16236, -33.41612, 0.0 ], [ -71.15273, -33.41757, 0.0 ] ] } },
{ "type": "Feature", "properties": { "nombre": "" }, "geometry": { "type": "LineString", "coordinates": [ [ -71.17876, -33.41009, 0.0 ], [ -71.17103, -33.41343, 0.0 ], [ -71.16227, -33.41591, 0.0 ], [ -71.15371, -33.41719, 0.0 ] ] } },
{ "type": "Feature", "properties": { "nombre": "" }, "geometry": { "type": "LineString", "coordinates": [ [ -71.17666, -33.4105, 0.0 ], [ -71.17086, -33.413, 0.0 ], [ -71.1621, -33.41548, 0.0 ], [ -71.15568, -33.41645, 0.0 ] ] } },
{ "type": "Feature", "properties": { "nombre": "" }, "geometry": { "type": "LineString", "coordinates": [ [ -71.17455, -33.41091, 0.0 ], [ -71.17069, -33.41257, 0.0 ], [ -71.16193, -33.41506, 0.0 ], [ -71.15765, -33.4157, 0.0 ] ] } },
{ "type": "Feature", "properties": { "nombre": "" }, "geometry": { "type": "LineString", "coordinates": [ [ -71.17245, -33.41131, 0.0 ], [ -71.15962, -33.41495, 0.0 ] ] } },
{ "type": "Feature", "properties": { "nombre": "" }, "geometry": { "type": "LineString", "coordinates": [ [ -71.16586, -33.4127, 0.0 ], [ -71.16589, -33.4127, 0.0 ] ] } },
{ "type": "Feature", "properties": { "nombre": "" }, "geometry": { "type": "LineString", "coordinates": [ [ -71.13684, -33.41321, 0.0 ], [ -71.13728, -33.40845, 0.0 ], [ -71.13882, -33.40386, 0.0 ], [ -71.1414, -33.3996, 0.0 ], [ -71.14492, -33.39585, 0.0 ], [ -71.14924, -33.39275, 0.0 ], [ -71.1542, -33.39041, 0.0 ], [ -71.15961, -33.38893, 0.0 ], [ -71.16526, -33.38837, 0.0 ], [ -71.17093, -33.38874, 0.0 ], [ -71.1764, -33.39003, 0.0 ], [ -71.18148, -33.39219, 0.0 ], [ -71.18595, -33.39514, 0.0 ], [ -71.18965, -33.39876, 0.0 ], [ -71.19243, -33.40292, 0.0 ], [ -71.1942, -33.40746, 0.0 ], [ -71.19488, -33.41219, 0.0 ], [ -71.19444, -33.41695, 0.0 ], [ -71.1929, -33.42155, 0.0 ], [ -71.19033, -33.4258, 0.0 ], [ -71.18681, -33.42955, 0.0 ], [ -71.18249, -33.43266, 0.0 ], [ -71.17753, -33.43499, 0.0 ], [ -71.17212, -33.43647, 0.0 ], [ -71.16646, -33.43704, 0.0 ], [ -71.16079, -33.43667, 0.0 ], [ -71.15531, -33.43538, 0.0 ], [ -71.15024, -33.43322, 0.0 ], [ -71.14576, -33.43027, 0.0 ], [ -71.14206, -33.42664, 0.0 ], [ -71.13928, -33.42248, 0.0 ], [ -71.13752, -33.41795, 0.0 ], [ -71.13684, -33.41321, 0.0 ] ] } },
{ "type": "Feature", "properties": { "nombre": "" }, "geometry": { "type": "LineString", "coordinates": [ [ -71.14436, -33.41308, 0.0 ], [ -71.14469, -33.40955, 0.0 ], [ -71.14583, -33.40615, 0.0 ], [ -71.14774, -33.403, 0.0 ], [ -71.15035, -33.40022, 0.0 ], [ -71.15355, -33.39792, 0.0 ], [ -71.15722, -33.39619, 0.0 ], [ -71.16123, -33.3951, 0.0 ], [ -71.16541, -33.39468, 0.0 ], [ -71.16961, -33.39495, 0.0 ], [ -71.17367, -33.39591, 0.0 ], [ -71.17743, -33.39751, 0.0 ], [ -71.18074, -33.39969, 0.0 ], [ -71.18348, -33.40238, 0.0 ], [ -71.18555, -33.40546, 0.0 ], [ -71.18685, -33.40882, 0.0 ], [ -71.18735, -33.41233, 0.0 ], [ -71.18703, -33.41585, 0.0 ], [ -71.18589, -33.41925, 0.0 ], [ -71.18398, -33.42241, 0.0 ], [ -71.18138, -33.42518, 0.0 ], [ -71.17818, -33.42748, 0.0 ], [ -71.1745, -33.42921, 0.0 ], [ -71.17049, -33.43031, 0.0 ], [ -71.16631, -33.43073, 0.0 ], [ -71.1621, -33.43046, 0.0 ], [ -71.15805, -33.4295, 0.0 ], [ -71.15429, -33.4279, 0.0 ], [ -71.15097, -33.42572, 0.0 ], [ -71.14823, -33.42303, 0.0 ], [ -71.14617, -33.41995, 0.0 ], [ -71.14486, -33.41659, 0.0 ], [ -71.14436, -33.41308, 0.0 ] ] } },
{ "type": "Feature", "properties": { "nombre": "Area Features (#8)" }, "geometry": { "type": "Polygon", "coordinates": [ [ [ -72.6913, -38.90422, 0.0 ], [ -72.70026, -38.92685, 0.0 ], [ -72.7015, -38.93114, 0.0 ], [ -72.70199, -38.93929, 0.0 ], [ -72.70012, -38.94731, 0.0 ], [ -72.69784, -38.95201, 0.0 ], [ -72.69474, -38.95642, 0.0 ], [ -72.69088, -38.96044, 0.0 ], [ -72.68695, -38.96359, 0.0 ], [ -72.68189, -38.9667, 0.0 ], [ -72.67704, -38.96894, 0.0 ], [ -72.67188, -38.97071, 0.0 ], [ -72.6657, -38.97211, 0.0 ], [ -72.6545, -38.97291, 0.0 ], [ -72.64889, -38.9725, 0.0 ], [ -72.64261, -38.97138, 0.0 ], [ -72.63232, -38.96784, 0.0 ], [ -72.62767, -38.96535, 0.0 ], [ -72.62287, -38.962, 0.0 ], [ -72.61734, -38.95661, 0.0 ], [ -72.61294, -38.94991, 0.0 ], [ -72.60295, -38.9249, 0.0 ], [ -72.60159, -38.91998, 0.0 ], [ -72.60115, -38.91371, 0.0 ], [ -72.60228, -38.90686, 0.0 ], [ -72.60507, -38.90031, 0.0 ], [ -72.6094, -38.89429, 0.0 ], [ -72.61455, -38.88947, 0.0 ], [ -72.62135, -38.88506, 0.0 ], [ -72.6291, -38.88175, 0.0 ], [ -72.63752, -38.87965, 0.0 ], [ -72.6463, -38.87885, 0.0 ], [ -72.65511, -38.87937, 0.0 ], [ -72.66363, -38.88119, 0.0 ], [ -72.67086, -38.88393, 0.0 ], [ -72.67798, -38.88802, 0.0 ], [ -72.68348, -38.89259, 0.0 ], [ -72.68826, -38.89841, 0.0 ], [ -72.6913, -38.90422, 0.0 ] ] ] } },
{ "type": "Feature", "properties": { "nombre": "Area Features (#8)" }, "geometry": { "type": "Polygon", "coordinates": [ [ [ -72.71332, -38.89889, 0.0 ], [ -72.72273, -38.92273, 0.0 ], [ -72.72475, -38.93106, 0.0 ], [ -72.72515, -38.93765, 0.0 ], [ -72.72467, -38.94329, 0.0 ], [ -72.72317, -38.94979, 0.0 ], [ -72.72107, -38.9552, 0.0 ], [ -72.71718, -38.9621, 0.0 ], [ -72.71279, -38.96774, 0.0 ], [ -72.70756, -38.97292, 0.0 ], [ -72.70155, -38.97756, 0.0 ], [ -72.69486, -38.9816, 0.0 ], [ -72.68759, -38.98497, 0.0 ], [ -72.67985, -38.98762, 0.0 ], [ -72.67175, -38.98951, 0.0 ], [ -72.66342, -38.99062, 0.0 ], [ -72.65497, -38.99093, 0.0 ], [ -72.64654, -38.99044, 0.0 ], [ -72.63825, -38.98914, 0.0 ], [ -72.63023, -38.98706, 0.0 ], [ -72.62258, -38.98424, 0.0 ], [ -72.61544, -38.98071, 0.0 ], [ -72.60891, -38.97653, 0.0 ], [ -72.60386, -38.97247, 0.0 ], [ -72.59938, -38.96802, 0.0 ], [ -72.59553, -38.96323, 0.0 ], [ -72.59234, -38.95815, 0.0 ], [ -72.59021, -38.95374, 0.0 ], [ -72.5808, -38.92991, 0.0 ], [ -72.57877, -38.92253, 0.0 ], [ -72.57811, -38.91313, 0.0 ], [ -72.57857, -38.90843, 0.0 ], [ -72.57981, -38.90286, 0.0 ], [ -72.58141, -38.89831, 0.0 ], [ -72.58398, -38.89302, 0.0 ], [ -72.59048, -38.884, 0.0 ], [ -72.59821, -38.87676, 0.0 ], [ -72.60841, -38.87015, 0.0 ], [ -72.62004, -38.86519, 0.0 ], [ -72.63266, -38.86204, 0.0 ], [ -72.64582, -38.86084, 0.0 ], [ -72.65904, -38.86162, 0.0 ], [ -72.67182, -38.86435, 0.0 ], [ -72.68266, -38.86845, 0.0 ], [ -72.69334, -38.87459, 0.0 ], [ -72.7016, -38.88145, 0.0 ], [ -72.70876, -38.89017, 0.0 ], [ -72.71332, -38.89889, 0.0 ] ] ] } },
{ "type": "Feature", "properties": { "nombre": "Area Features (#8)" }, "geometry": { "type": "Polygon", "coordinates": [ ] } },
{ "type": "Feature", "properties": { "nombre": "Area Features (#8)" }, "geometry": { "type": "Polygon", "coordinates": [ ] } },
{ "type": "Feature", "properties": { "nombre": "Area Features (#8)" }, "geometry": { "type": "Polygon", "coordinates": [ ] } },
{ "type": "Feature", "properties": { "nombre": "Area Features (#8)" }, "geometry": { "type": "Polygon", "coordinates": [ [ [ -72.65603, -38.93337, 0.0 ], [ -72.65602, -38.93338, 0.0 ], [ -72.65603, -38.93336, 0.0 ], [ -72.65603, -38.93337, 0.0 ] ] ] } },
{ "type": "Feature", "properties": { "nombre": "Area Features (#8)" }, "geometry": { "type": "Polygon", "coordinates": [ [ [ -72.65602, -38.93338, 0.0 ], [ -72.65602, -38.93335, 0.0 ], [ -72.65603, -38.93336, 0.0 ], [ -72.65602, -38.93338, 0.0 ] ] ] } },
{ "type": "Feature", "properties": { "nombre": "Area Features (#8)" }, "geometry": { "type": "Polygon", "coordinates": [ ] } },
{ "type": "Feature", "properties": { "nombre": "Area Features (#8)" }, "geometry": { "type": "Polygon", "coordinates": [ ] } },
{ "type": "Feature", "properties": { "nombre": "Area Features (#8)" }, "geometry": { "type": "Polygon", "coordinates": [ ] } },
{ "type": "Feature", "properties": { "nombre": "Area Features (#8)" }, "geometry": { "type": "Polygon", "coordinates": [ ] } },
{ "type": "Feature", "properties": { "nombre": "Area Features (#8)" }, "geometry": { "type": "Polygon", "coordinates": [ [ [ -72.65602, -38.93338, 0.0 ], [ -72.65601, -38.93338, 0.0 ], [ -72.65602, -38.93334, 0.0 ], [ -72.65602, -38.93338, 0.0 ] ] ] } },
{ "type": "Feature", "properties": { "nombre": "Area Features (#8)" }, "geometry": { "type": "Polygon", "coordinates": [ [ [ -72.65601, -38.93338, 0.0 ], [ -72.65601, -38.93334, 0.0 ], [ -72.65602, -38.93334, 0.0 ], [ -72.65601, -38.93338, 0.0 ] ] ] } },
{ "type": "Feature", "properties": { "nombre": "Area Features (#8)" }, "geometry": { "type": "Polygon", "coordinates": [ ] } },
{ "type": "Feature", "properties": { "nombre": "Area Features (#8)" }, "geometry": { "type": "Polygon", "coordinates": [ ] } },
{ "type": "Feature", "properties": { "nombre": "Area Features (#8)" }, "geometry": { "type": "Polygon", "coordinates": [ [ [ -72.65601, -38.93339, 0.0 ], [ -72.656, -38.93339, 0.0 ], [ -72.65601, -38.93334, 0.0 ], [ -72.65601, -38.93339, 0.0 ] ] ] } },
{ "type": "Feature", "properties": { "nombre": "Area Features (#8)" }, "geometry": { "type": "Polygon", "coordinates": [ [ [ -72.656, -38.93339, 0.0 ], [ -72.656, -38.93334, 0.0 ], [ -72.65601, -38.93334, 0.0 ], [ -72.656, -38.93339, 0.0 ] ] ] } },
{ "type": "Feature", "properties": { "nombre": "Area Features (#8)" }, "geometry": { "type": "Polygon", "coordinates": [ [ [ -72.656, -38.93339, 0.0 ], [ -72.65599, -38.93339, 0.0 ], [ -72.656, -38.93334, 0.0 ], [ -72.656, -38.93339, 0.0 ] ] ] } },
{ "type": "Feature", "properties": { "nombre": "Area Features (#8)" }, "geometry": { "type": "Polygon", "coordinates": [ ] } },
{ "type": "Feature", "properties": { "nombre": "Area Features (#8)" }, "geometry": { "type": "Polygon", "coordinates": [ [ [ -72.65599, -38.93339, 0.0 ], [ -72.65599, -38.93338, 0.0 ], [ -72.656, -38.93334, 0.0 ], [ -72.65599, -38.93339, 0.0 ] ] ] } },
{ "type": "Feature", "properties": { "nombre": "Area Features (#8)" }, "geometry": { "type": "Polygon", "coordinates": [ [ [ -72.65599, -38.93338, 0.0 ], [ -72.65599, -38.93334, 0.0 ], [ -72.656, -38.93334, 0.0 ], [ -72.65599, -38.93338, 0.0 ] ] ] } },
{ "type": "Feature", "properties": { "nombre": "Area Features (#8)" }, "geometry": { "type": "Polygon", "coordinates": [ [ [ -72.65599, -38.93338, 0.0 ], [ -72.65598, -38.93338, 0.0 ], [ -72.65599, -38.93334, 0.0 ], [ -72.65599, -38.93338, 0.0 ] ] ] } },
{ "type": "Feature", "properties": { "nombre": "Area Features (#8)" }, "geometry": { "type": "Polygon", "coordinates": [ [ [ -72.65598, -38.93338, 0.0 ], [ -72.65598, -38.93334, 0.0 ], [ -72.65599, -38.93334, 0.0 ], [ -72.65598, -38.93338, 0.0 ] ] ] } },
{ "type": "Feature", "properties": { "nombre": "Area Features (#8)" }, "geometry": { "type": "Polygon", "coordinates": [ ] } },
{ "type": "Feature", "properties": { "nombre": "Area Features (#8)" }, "geometry": { "type": "Polygon", "coordinates": [ ] } },
{ "type": "Feature", "properties": { "nombre": "Area Features (#8)" }, "geometry": { "type": "Polygon", "coordinates": [ ] } },
{ "type": "Feature", "properties": { "nombre": "Area Features (#8)" }, "geometry": { "type": "Polygon", "coordinates": [ ] } },
{ "type": "Feature", "properties": { "nombre": "Area Features (#8)" }, "geometry": { "type": "Polygon", "coordinates": [ [ [ -72.65598, -38.93338, 0.0 ], [ -72.65597, -38.93337, 0.0 ], [ -72.65598, -38.93335, 0.0 ], [ -72.65598, -38.93338, 0.0 ] ] ] } },
{ "type": "Feature", "properties": { "nombre": "Area Features (#8)" }, "geometry": { "type": "Polygon", "coordinates": [ [ [ -72.65597, -38.93337, 0.0 ], [ -72.65597, -38.93335, 0.0 ], [ -72.65598, -38.93335, 0.0 ], [ -72.65597, -38.93337, 0.0 ] ] ] } },
{ "type": "Feature", "properties": { "nombre": "Area Features (#8)" }, "geometry": { "type": "Polygon", "coordinates": [ ] } },
{ "type": "Feature", "properties": { "nombre": "Area Features (#8)" }, "geometry": { "type": "Polygon", "coordinates": [ ] } },
{ "type": "Feature", "properties": { "nombre": "Area Features (#8)" }, "geometry": { "type": "Polygon", "coordinates": [ ] } },
{ "type": "Feature", "properties": { "nombre": "" }, "geometry": { "type": "LineString", "coordinates": [ [ -72.65431, -38.9373, 0.0 ], [ -72.64559, -38.91527, 0.0 ], [ -72.6489, -38.91447, 0.0 ], [ -72.65761, -38.9365, 0.0 ], [ -72.65431, -38.9373, 0.0 ] ] } },
{ "type": "Feature", "properties": { "nombre": "" }, "geometry": { "type": "LineString", "coordinates": [ [ -72.6489, -38.91447, 0.0 ], [ -72.64559, -38.91527, 0.0 ], [ -72.56987, -38.79215, 0.0 ], [ -72.62265, -38.77941, 0.0 ], [ -72.6489, -38.91447, 0.0 ] ] } },
{ "type": "Feature", "properties": { "nombre": "" }, "geometry": { "type": "LineString", "coordinates": [ [ -72.64749, -38.90727, 0.0 ], [ -72.64155, -38.9087, 0.0 ] ] } },
{ "type": "Feature", "properties": { "nombre": "" }, "geometry": { "type": "LineString", "coordinates": [ [ -72.64487, -38.89376, 0.0 ], [ -72.63396, -38.89639, 0.0 ] ] } },
{ "type": "Feature", "properties": { "nombre": "" }, "geometry": { "type": "LineString", "coordinates": [ [ -72.6077, -38.85372, 0.0 ], [ -72.63576, -38.84694, 0.0 ] ] } },
{ "type": "Feature", "properties": { "nombre": "" }, "geometry": { "type": "LineString", "coordinates": [ [ -72.65761, -38.9365, 0.0 ], [ -72.65431, -38.9373, 0.0 ], [ -72.68066, -39.07235, 0.0 ], [ -72.73363, -39.05956, 0.0 ], [ -72.65761, -38.9365, 0.0 ] ] } },
{ "type": "Feature", "properties": { "nombre": "" }, "geometry": { "type": "LineString", "coordinates": [ [ -72.66166, -38.94306, 0.0 ], [ -72.65571, -38.9445, 0.0 ] ] } },
{ "type": "Feature", "properties": { "nombre": "" }, "geometry": { "type": "LineString", "coordinates": [ [ -72.66925, -38.95537, 0.0 ], [ -72.65834, -38.95801, 0.0 ] ] } },
{ "type": "Feature", "properties": { "nombre": "" }, "geometry": { "type": "LineString", "coordinates": [ [ -72.66747, -39.00483, 0.0 ], [ -72.69559, -38.99804, 0.0 ] ] } },
{ "type": "Feature", "properties": { "nombre": "" }, "geometry": { "type": "LineString", "coordinates": [ [ -72.65761, -38.9365, 0.0 ], [ -72.66108, -38.93566, 0.0 ] ] } },
{ "type": "Feature", "properties": { "nombre": "" }, "geometry": { "type": "LineString", "coordinates": [ [ -72.65236, -38.91363, 0.0 ], [ -72.6489, -38.91447, 0.0 ] ] } },
{ "type": "Feature", "properties": { "nombre": "" }, "geometry": { "type": "LineString", "coordinates": [ [ -72.669, -38.95496, 0.0 ], [ -72.64495, -38.89421, 0.0 ] ] } },
{ "type": "Feature", "properties": { "nombre": "" }, "geometry": { "type": "LineString", "coordinates": [ [ -72.66014, -38.9406, 0.0 ], [ -72.64802, -38.90997, 0.0 ] ] } },
{ "type": "Feature", "properties": { "nombre": "" }, "geometry": { "type": "LineString", "coordinates": [ [ -72.66267, -38.9447, 0.0 ], [ -72.64714, -38.90547, 0.0 ] ] } },
{ "type": "Feature", "properties": { "nombre": "" }, "geometry": { "type": "LineString", "coordinates": [ [ -72.6652, -38.94881, 0.0 ], [ -72.64627, -38.90096, 0.0 ] ] } },
{ "type": "Feature", "properties": { "nombre": "" }, "geometry": { "type": "LineString", "coordinates": [ [ -72.66774, -38.95291, 0.0 ], [ -72.64539, -38.89646, 0.0 ] ] } },
{ "type": "Feature", "properties": { "nombre": "" }, "geometry": { "type": "LineString", "coordinates": [ [ -72.65431, -38.9373, 0.0 ], [ -72.65084, -38.93813, 0.0 ] ] } },
{ "type": "Feature", "properties": { "nombre": "" }, "geometry": { "type": "LineString", "coordinates": [ [ -72.64212, -38.91611, 0.0 ], [ -72.64559, -38.91527, 0.0 ] ] } },
{ "type": "Feature", "properties": { "nombre": "" }, "geometry": { "type": "LineString", "coordinates": [ [ -72.65826, -38.95756, 0.0 ], [ -72.63422, -38.8968, 0.0 ] ] } },
{ "type": "Feature", "properties": { "nombre": "" }, "geometry": { "type": "LineString", "coordinates": [ [ -72.65519, -38.9418, 0.0 ], [ -72.64306, -38.91116, 0.0 ] ] } },
{ "type": "Feature", "properties": { "nombre": "" }, "geometry": { "type": "LineString", "coordinates": [ [ -72.65606, -38.9463, 0.0 ], [ -72.64054, -38.90706, 0.0 ] ] } },
{ "type": "Feature", "properties": { "nombre": "" }, "geometry": { "type": "LineString", "coordinates": [ [ -72.65694, -38.9508, 0.0 ], [ -72.63801, -38.90296, 0.0 ] ] } },
{ "type": "Feature", "properties": { "nombre": "" }, "geometry": { "type": "LineString", "coordinates": [ [ -72.65782, -38.9553, 0.0 ], [ -72.63548, -38.89885, 0.0 ] ] } },
{ "type": "Feature", "properties": { "nombre": "" }, "geometry": { "type": "LineString", "coordinates": [ [ -72.64745, -38.91539, 0.0 ], [ -72.65552, -38.93644, 0.0 ], [ -72.65599, -38.93632, 0.0 ], [ -72.64768, -38.91533, 0.0 ], [ -72.64745, -38.91539, 0.0 ] ] } },
{ "type": "Feature", "properties": { "nombre": "" }, "geometry": { "type": "LineString", "coordinates": [ [ -72.65597, -38.93336, 0.0 ], [ -72.656, -38.93334, 0.0 ], [ -72.65603, -38.93336, 0.0 ], [ -72.656, -38.93339, 0.0 ], [ -72.65597, -38.93336, 0.0 ] ] } },
{ "type": "Feature", "properties": { "nombre": "" }, "geometry": { "type": "LineString", "coordinates": [ [ -72.65485, -38.93334, 0.0 ], [ -72.65603, -38.93246, 0.0 ], [ -72.65715, -38.93339, 0.0 ], [ -72.65597, -38.93426, 0.0 ], [ -72.65485, -38.93334, 0.0 ] ] } },
{ "type": "Feature", "properties": { "nombre": "" }, "geometry": { "type": "LineString", "coordinates": [ [ -72.65369, -38.93332, 0.0 ], [ -72.65441, -38.93206, 0.0 ], [ -72.65606, -38.93156, 0.0 ], [ -72.65767, -38.93212, 0.0 ], [ -72.65831, -38.93341, 0.0 ], [ -72.65759, -38.93467, 0.0 ], [ -72.65594, -38.93516, 0.0 ], [ -72.65433, -38.9346, 0.0 ], [ -72.65369, -38.93332, 0.0 ] ] } },
{ "type": "Feature", "properties": { "nombre": "" }, "geometry": { "type": "LineString", "coordinates": [ [ -72.65254, -38.93329, 0.0 ], [ -72.65362, -38.9314, 0.0 ], [ -72.65609, -38.93066, 0.0 ], [ -72.65851, -38.9315, 0.0 ], [ -72.65946, -38.93343, 0.0 ], [ -72.65838, -38.93532, 0.0 ], [ -72.65591, -38.93606, 0.0 ], [ -72.65349, -38.93522, 0.0 ], [ -72.65254, -38.93329, 0.0 ] ] } },
{ "type": "Feature", "properties": { "nombre": "" }, "geometry": { "type": "LineString", "coordinates": [ [ -72.64447, -38.93313, 0.0 ], [ -72.64546, -38.9297, 0.0 ], [ -72.64806, -38.92683, 0.0 ], [ -72.65186, -38.92496, 0.0 ], [ -72.6563, -38.92436, 0.0 ], [ -72.66069, -38.92513, 0.0 ], [ -72.66436, -38.92716, 0.0 ], [ -72.66676, -38.93013, 0.0 ], [ -72.66753, -38.93359, 0.0 ], [ -72.66654, -38.93702, 0.0 ], [ -72.66394, -38.93989, 0.0 ], [ -72.66014, -38.94177, 0.0 ], [ -72.6557, -38.94237, 0.0 ], [ -72.65131, -38.94159, 0.0 ], [ -72.64764, -38.93957, 0.0 ], [ -72.64524, -38.93659, 0.0 ], [ -72.64447, -38.93313, 0.0 ] ] } },
{ "type": "Feature", "properties": { "nombre": "" }, "geometry": { "type": "LineString", "coordinates": [ [ -72.92015, -41.45924, 0.0 ], [ -72.91471, -41.45002, 0.0 ], [ -72.91536, -41.44981, 0.0 ], [ -72.92081, -41.45902, 0.0 ], [ -72.92015, -41.45924, 0.0 ] ] } },
{ "type": "Feature", "properties": { "nombre": "" }, "geometry": { "type": "LineString", "coordinates": [ [ -72.92019, -41.45864, 0.0 ], [ -72.91543, -41.45038, 0.0 ], [ -72.91523, -41.45044, 0.0 ], [ -72.92009, -41.45867, 0.0 ], [ -72.92019, -41.45864, 0.0 ] ] } },
{ "type": "Feature", "properties": { "nombre": "" }, "geometry": { "type": "LineString", "coordinates": [ [ -72.91352, -41.44845, 0.0 ], [ -72.91461, -41.44809, 0.0 ] ] } },
{ "type": "Feature", "properties": { "nombre": "" }, "geometry": { "type": "LineString", "coordinates": [ [ -72.90876, -41.44216, 0.0 ], [ -72.9116, -41.44121, 0.0 ] ] } },
{ "type": "Feature", "properties": { "nombre": "" }, "geometry": { "type": "LineString", "coordinates": [ [ -72.92081, -41.45902, 0.0 ], [ -72.92327, -41.4582, 0.0 ] ] } },
{ "type": "Feature", "properties": { "nombre": "" }, "geometry": { "type": "LineString", "coordinates": [ [ -72.91536, -41.44981, 0.0 ], [ -72.91783, -41.44898, 0.0 ] ] } },
{ "type": "Feature", "properties": { "nombre": "" }, "geometry": { "type": "LineString", "coordinates": [ [ -72.92885, -41.46965, 0.0 ], [ -72.92327, -41.4582, 0.0 ], [ -72.91783, -41.44898, 0.0 ], [ -72.91028, -41.43819, 0.0 ] ] } },
{ "type": "Feature", "properties": { "nombre": "" }, "geometry": { "type": "LineString", "coordinates": [ [ -72.92796, -41.46847, 0.0 ], [ -72.92299, -41.45829, 0.0 ], [ -72.91755, -41.44907, 0.0 ], [ -72.91085, -41.43948, 0.0 ] ] } },
{ "type": "Feature", "properties": { "nombre": "" }, "geometry": { "type": "LineString", "coordinates": [ [ -72.92617, -41.46611, 0.0 ], [ -72.92245, -41.45847, 0.0 ], [ -72.91701, -41.44926, 0.0 ], [ -72.91198, -41.44206, 0.0 ] ] } },
{ "type": "Feature", "properties": { "nombre": "" }, "geometry": { "type": "LineString", "coordinates": [ [ -72.92438, -41.46375, 0.0 ], [ -72.9219, -41.45866, 0.0 ], [ -72.9131, -41.44464, 0.0 ] ] } },
{ "type": "Feature", "properties": { "nombre": "" }, "geometry": { "type": "LineString", "coordinates": [ [ -72.92259, -41.46138, 0.0 ], [ -72.91423, -41.44722, 0.0 ] ] } },
{ "type": "Feature", "properties": { "nombre": "" }, "geometry": { "type": "LineString", "coordinates": [ [ -72.90667, -41.4394, 0.0 ], [ -72.91028, -41.43819, 0.0 ] ] } },
{ "type": "Feature", "properties": { "nombre": "" }, "geometry": { "type": "LineString", "coordinates": [ [ -72.92015, -41.45924, 0.0 ], [ -72.91769, -41.46006, 0.0 ] ] } },
{ "type": "Feature", "properties": { "nombre": "" }, "geometry": { "type": "LineString", "coordinates": [ [ -72.91471, -41.45002, 0.0 ], [ -72.91225, -41.45085, 0.0 ] ] } },
{ "type": "Feature", "properties": { "nombre": "" }, "geometry": { "type": "LineString", "coordinates": [ [ -72.92524, -41.47086, 0.0 ], [ -72.91769, -41.46006, 0.0 ], [ -72.91225, -41.45085, 0.0 ], [ -72.90667, -41.4394, 0.0 ] ] } },
{ "type": "Feature", "properties": { "nombre": "" }, "geometry": { "type": "LineString", "coordinates": [ [ -72.92467, -41.46957, 0.0 ], [ -72.91796, -41.45997, 0.0 ], [ -72.91252, -41.45076, 0.0 ], [ -72.90756, -41.44058, 0.0 ] ] } },
{ "type": "Feature", "properties": { "nombre": "" }, "geometry": { "type": "LineString", "coordinates": [ [ -72.92354, -41.46698, 0.0 ], [ -72.91851, -41.45979, 0.0 ], [ -72.91307, -41.45057, 0.0 ], [ -72.90935, -41.44294, 0.0 ] ] } },
{ "type": "Feature", "properties": { "nombre": "" }, "geometry": { "type": "LineString", "coordinates": [ [ -72.92241, -41.4644, 0.0 ], [ -72.91905, -41.45961, 0.0 ], [ -72.91113, -41.4453, 0.0 ] ] } },
{ "type": "Feature", "properties": { "nombre": "" }, "geometry": { "type": "LineString", "coordinates": [ [ -72.92128, -41.46182, 0.0 ], [ -72.91292, -41.44766, 0.0 ] ] } },
{ "type": "Feature", "properties": { "nombre": "" }, "geometry": { "type": "LineString", "coordinates": [ [ -72.88784, -41.45398, 0.0 ], [ -72.88856, -41.4496, 0.0 ], [ -72.8904, -41.44541, 0.0 ], [ -72.89329, -41.44157, 0.0 ], [ -72.89712, -41.43823, 0.0 ], [ -72.90174, -41.43551, 0.0 ], [ -72.90698, -41.43352, 0.0 ], [ -72.91263, -41.43235, 0.0 ], [ -72.91848, -41.43202, 0.0 ], [ -72.9243, -41.43256, 0.0 ], [ -72.92986, -41.43394, 0.0 ], [ -72.93497, -41.43611, 0.0 ], [ -72.93941, -41.43899, 0.0 ], [ -72.94302, -41.44247, 0.0 ], [ -72.94566, -41.44641, 0.0 ], [ -72.94723, -41.45066, 0.0 ], [ -72.94767, -41.45506, 0.0 ], [ -72.94696, -41.45944, 0.0 ], [ -72.94512, -41.46363, 0.0 ], [ -72.94223, -41.46747, 0.0 ], [ -72.9384, -41.47082, 0.0 ], [ -72.93378, -41.47353, 0.0 ], [ -72.92854, -41.47552, 0.0 ], [ -72.92289, -41.4767, 0.0 ], [ -72.91704, -41.47703, 0.0 ], [ -72.91121, -41.47649, 0.0 ], [ -72.90564, -41.47511, 0.0 ], [ -72.90053, -41.47293, 0.0 ], [ -72.89609, -41.47005, 0.0 ], [ -72.89248, -41.46657, 0.0 ], [ -72.88984, -41.46263, 0.0 ], [ -72.88828, -41.45838, 0.0 ], [ -72.88784, -41.45398, 0.0 ] ] } },
{ "type": "Feature", "properties": { "nombre": "" }, "geometry": { "type": "LineString", "coordinates": [ [ -72.87468, -41.45374, 0.0 ], [ -72.87572, -41.44743, 0.0 ], [ -72.87837, -41.4414, 0.0 ], [ -72.88253, -41.43587, 0.0 ], [ -72.88804, -41.43105, 0.0 ], [ -72.8947, -41.42714, 0.0 ], [ -72.90224, -41.42429, 0.0 ], [ -72.91037, -41.42259, 0.0 ], [ -72.91879, -41.42212, 0.0 ], [ -72.92717, -41.42289, 0.0 ], [ -72.93519, -41.42488, 0.0 ], [ -72.94254, -41.42801, 0.0 ], [ -72.94894, -41.43216, 0.0 ], [ -72.95414, -41.43716, 0.0 ], [ -72.95794, -41.44284, 0.0 ], [ -72.9602, -41.44896, 0.0 ], [ -72.96083, -41.4553, 0.0 ], [ -72.95981, -41.4616, 0.0 ], [ -72.95716, -41.46764, 0.0 ], [ -72.95301, -41.47317, 0.0 ], [ -72.94749, -41.47799, 0.0 ], [ -72.94083, -41.4819, 0.0 ], [ -72.93329, -41.48476, 0.0 ], [ -72.92515, -41.48646, 0.0 ], [ -72.91672, -41.48693, 0.0 ], [ -72.90833, -41.48615, 0.0 ], [ -72.90031, -41.48416, 0.0 ], [ -72.89295, -41.48103, 0.0 ], [ -72.88655, -41.47688, 0.0 ], [ -72.88136, -41.47187, 0.0 ], [ -72.87756, -41.4662, 0.0 ], [ -72.8753, -41.46007, 0.0 ], [ -72.87468, -41.45374, 0.0 ] ] } },
{ "type": "Feature", "properties": { "nombre": "" }, "geometry": { "type": "LineString", "coordinates": [ [ -72.91776, -41.45452, 0.0 ], [ -72.91777, -41.45454, 0.0 ] ] } },
{ "type": "Feature", "properties": { "nombre": "" }, "geometry": { "type": "LineString", "coordinates": [ [ -72.89448, -41.42329, 0.0 ], [ -72.91471, -41.45002, 0.0 ], [ -72.91536, -41.44981, 0.0 ], [ -72.90258, -41.42058, 0.0 ], [ -72.89448, -41.42329, 0.0 ] ] } },
{ "type": "Feature", "properties": { "nombre": "" }, "geometry": { "type": "LineString", "coordinates": [ [ -72.9209, -41.46096, 0.0 ], [ -72.922, -41.46059, 0.0 ] ] } },
{ "type": "Feature", "properties": { "nombre": "" }, "geometry": { "type": "LineString", "coordinates": [ [ -72.92391, -41.46784, 0.0 ], [ -72.92676, -41.46689, 0.0 ] ] } },
{ "type": "Feature", "properties": { "nombre": "" }, "geometry": { "type": "LineString", "coordinates": [ [ -72.92524, -41.47086, 0.0 ], [ -72.92885, -41.46965, 0.0 ] ] } },
{ "type": "Feature", "properties": { "nombre": "" }, "geometry": { "type": "LineString", "coordinates": [ [ -72.93295, -41.48846, 0.0 ], [ -72.92015, -41.45924, 0.0 ], [ -72.92081, -41.45902, 0.0 ], [ -72.94105, -41.48576, 0.0 ], [ -72.93295, -41.48846, 0.0 ] ] } },
{ "type": "Feature", "properties": { "nombre": "Area Features (#9)" }, "geometry": { "type": "Polygon", "coordinates": [ [ [ -70.72095, -33.5367, 0.0 ], [ -70.7315, -33.55269, 0.0 ], [ -70.73419, -33.55788, 0.0 ], [ -70.73559, -33.56213, 0.0 ], [ -70.73636, -33.56649, 0.0 ], [ -70.73609, -33.57465, 0.0 ], [ -70.73484, -33.57957, 0.0 ], [ -70.73308, -33.58372, 0.0 ], [ -70.73034, -33.5882, 0.0 ], [ -70.72735, -33.59183, 0.0 ], [ -70.72333, -33.59556, 0.0 ], [ -70.71932, -33.59842, 0.0 ], [ -70.71427, -33.60115, 0.0 ], [ -70.70952, -33.60304, 0.0 ], [ -70.69937, -33.60531, 0.0 ], [ -70.68886, -33.60545, 0.0 ], [ -70.67863, -33.60346, 0.0 ], [ -70.66928, -33.59945, 0.0 ], [ -70.66291, -33.59504, 0.0 ], [ -70.65726, -33.58918, 0.0 ], [ -70.64483, -33.57046, 0.0 ], [ -70.64182, -33.56402, 0.0 ], [ -70.6404, -33.55785, 0.0 ], [ -70.64028, -33.55156, 0.0 ], [ -70.64147, -33.54536, 0.0 ], [ -70.64424, -33.53884, 0.0 ], [ -70.64801, -33.5334, 0.0 ], [ -70.65338, -33.52816, 0.0 ], [ -70.65923, -33.52421, 0.0 ], [ -70.66649, -33.52092, 0.0 ], [ -70.67363, -33.51899, 0.0 ], [ -70.68182, -33.5181, 0.0 ], [ -70.68931, -33.51844, 0.0 ], [ -70.69733, -33.52006, 0.0 ], [ -70.70484, -33.52294, 0.0 ], [ -70.71098, -33.52655, 0.0 ], [ -70.71676, -33.53149, 0.0 ], [ -70.72095, -33.5367, 0.0 ] ] ] } },
{ "type": "Feature", "properties": { "nombre": "Area Features (#9)" }, "geometry": { "type": "Polygon", "coordinates": [ [ [ -70.7398, -33.52798, 0.0 ], [ -70.75155, -33.54593, 0.0 ], [ -70.75587, -33.55564, 0.0 ], [ -70.75744, -33.56212, 0.0 ], [ -70.75802, -33.56776, 0.0 ], [ -70.75781, -33.57436, 0.0 ], [ -70.75686, -33.57997, 0.0 ], [ -70.75452, -33.58726, 0.0 ], [ -70.75149, -33.59336, 0.0 ], [ -70.7476, -33.5991, 0.0 ], [ -70.7429, -33.60441, 0.0 ], [ -70.73746, -33.6092, 0.0 ], [ -70.73136, -33.61339, 0.0 ], [ -70.7247, -33.61693, 0.0 ], [ -70.71757, -33.61977, 0.0 ], [ -70.71008, -33.62186, 0.0 ], [ -70.70234, -33.62317, 0.0 ], [ -70.69447, -33.62368, 0.0 ], [ -70.6877, -33.62347, 0.0 ], [ -70.6799, -33.62248, 0.0 ], [ -70.67229, -33.62071, 0.0 ], [ -70.66602, -33.61858, 0.0 ], [ -70.65909, -33.61542, 0.0 ], [ -70.65355, -33.61216, 0.0 ], [ -70.64845, -33.60844, 0.0 ], [ -70.64384, -33.60429, 0.0 ], [ -70.63978, -33.59976, 0.0 ], [ -70.62561, -33.57862, 0.0 ], [ -70.6211, -33.56896, 0.0 ], [ -70.61897, -33.5597, 0.0 ], [ -70.6188, -33.55027, 0.0 ], [ -70.62059, -33.54096, 0.0 ], [ -70.62475, -33.53119, 0.0 ], [ -70.6304, -33.52303, 0.0 ], [ -70.63846, -33.51516, 0.0 ], [ -70.64722, -33.50924, 0.0 ], [ -70.65811, -33.50431, 0.0 ], [ -70.66882, -33.50141, 0.0 ], [ -70.6811, -33.50007, 0.0 ], [ -70.69234, -33.50058, 0.0 ], [ -70.70437, -33.50302, 0.0 ], [ -70.71563, -33.50733, 0.0 ], [ -70.72484, -33.51275, 0.0 ], [ -70.73351, -33.52015, 0.0 ], [ -70.7398, -33.52798, 0.0 ] ] ] } },
{ "type": "Feature", "properties": { "nombre": "" }, "geometry": { "type": "LineString", "coordinates": [ [ -70.69202, -33.57024, 0.0 ], [ -70.68183, -33.5548, 0.0 ], [ -70.68466, -33.55349, 0.0 ], [ -70.69485, -33.56893, 0.0 ], [ -70.69202, -33.57024, 0.0 ] ] } },
{ "type": "Feature", "properties": { "nombre": "" }, "geometry": { "type": "LineString", "coordinates": [ [ -70.68466, -33.55349, 0.0 ], [ -70.67188, -33.5285, 0.0 ], [ -70.66339, -33.53242, 0.0 ], [ -70.68183, -33.5548, 0.0 ], [ -70.68466, -33.55349, 0.0 ] ] } },
{ "type": "Feature", "properties": { "nombre": "" }, "geometry": { "type": "LineString", "coordinates": [ [ -70.67987, -33.55241, 0.0 ], [ -70.6833, -33.55082, 0.0 ] ] } },
{ "type": "Feature", "properties": { "nombre": "" }, "geometry": { "type": "LineString", "coordinates": [ [ -70.67495, -33.54644, 0.0 ], [ -70.67989, -33.54416, 0.0 ] ] } },
{ "type": "Feature", "properties": { "nombre": "" }, "geometry": { "type": "LineString", "coordinates": [ [ -70.69485, -33.56893, 0.0 ], [ -70.71331, -33.5913, 0.0 ], [ -70.70482, -33.59522, 0.0 ], [ -70.69202, -33.57024, 0.0 ], [ -70.69485, -33.56893, 0.0 ] ] } },
{ "type": "Feature", "properties": { "nombre": "" }, "geometry": { "type": "LineString", "coordinates": [ [ -70.69338, -33.5729, 0.0 ], [ -70.69682, -33.57131, 0.0 ] ] } },
{ "type": "Feature", "properties": { "nombre": "" }, "geometry": { "type": "LineString", "coordinates": [ [ -70.6968, -33.57956, 0.0 ], [ -70.70174, -33.57728, 0.0 ] ] } },
{ "type": "Feature", "properties": { "nombre": "" }, "geometry": { "type": "LineString", "coordinates": [ [ -70.69312, -33.56911, 0.0 ], [ -70.68375, -33.55453, 0.0 ], [ -70.68337, -33.5547, 0.0 ], [ -70.69293, -33.5692, 0.0 ], [ -70.69312, -33.56911, 0.0 ] ] } },
{ "type": "Feature", "properties": { "nombre": "" }, "geometry": { "type": "LineString", "coordinates": [ [ -70.69485, -33.56893, 0.0 ], [ -70.69782, -33.56756, 0.0 ] ] } },
{ "type": "Feature", "properties": { "nombre": "" }, "geometry": { "type": "LineString", "coordinates": [ [ -70.68466, -33.55349, 0.0 ], [ -70.68763, -33.55212, 0.0 ] ] } },
{ "type": "Feature", "properties": { "nombre": "" }, "geometry": { "type": "LineString", "coordinates": [ [ -70.70592, -33.58235, 0.0 ], [ -70.69782, -33.56756, 0.0 ], [ -70.68763, -33.55212, 0.0 ], [ -70.67699, -33.5385, 0.0 ] ] } },
{ "type": "Feature", "properties": { "nombre": "" }, "geometry": { "type": "LineString", "coordinates": [ [ -70.70468, -33.58085, 0.0 ], [ -70.69749, -33.56771, 0.0 ], [ -70.6873, -33.55227, 0.0 ], [ -70.67785, -33.54018, 0.0 ] ] } },
{ "type": "Feature", "properties": { "nombre": "" }, "geometry": { "type": "LineString", "coordinates": [ [ -70.70222, -33.57787, 0.0 ], [ -70.69683, -33.56801, 0.0 ], [ -70.68664, -33.55258, 0.0 ], [ -70.67955, -33.5435, 0.0 ] ] } },
{ "type": "Feature", "properties": { "nombre": "" }, "geometry": { "type": "LineString", "coordinates": [ [ -70.69976, -33.57489, 0.0 ], [ -70.69617, -33.56832, 0.0 ], [ -70.68598, -33.55288, 0.0 ], [ -70.68126, -33.54683, 0.0 ] ] } },
{ "type": "Feature", "properties": { "nombre": "" }, "geometry": { "type": "LineString", "coordinates": [ [ -70.69731, -33.57191, 0.0 ], [ -70.69551, -33.56862, 0.0 ], [ -70.68296, -33.55016, 0.0 ] ] } },
{ "type": "Feature", "properties": { "nombre": "" }, "geometry": { "type": "LineString", "coordinates": [ [ -70.69202, -33.57024, 0.0 ], [ -70.68905, -33.57161, 0.0 ] ] } },
{ "type": "Feature", "properties": { "nombre": "" }, "geometry": { "type": "LineString", "coordinates": [ [ -70.68183, -33.5548, 0.0 ], [ -70.67887, -33.55617, 0.0 ] ] } },
{ "type": "Feature", "properties": { "nombre": "" }, "geometry": { "type": "LineString", "coordinates": [ [ -70.6997, -33.58523, 0.0 ], [ -70.68905, -33.57161, 0.0 ], [ -70.67887, -33.55617, 0.0 ], [ -70.67077, -33.54137, 0.0 ] ] } },
{ "type": "Feature", "properties": { "nombre": "" }, "geometry": { "type": "LineString", "coordinates": [ [ -70.69884, -33.58355, 0.0 ], [ -70.68938, -33.57146, 0.0 ], [ -70.6792, -33.55602, 0.0 ], [ -70.67201, -33.54288, 0.0 ] ] } },
{ "type": "Feature", "properties": { "nombre": "" }, "geometry": { "type": "LineString", "coordinates": [ [ -70.69713, -33.58022, 0.0 ], [ -70.69004, -33.57115, 0.0 ], [ -70.67986, -33.55571, 0.0 ], [ -70.67446, -33.54586, 0.0 ] ] } },
{ "type": "Feature", "properties": { "nombre": "" }, "geometry": { "type": "LineString", "coordinates": [ [ -70.69543, -33.57689, 0.0 ], [ -70.6907, -33.57085, 0.0 ], [ -70.68052, -33.55541, 0.0 ], [ -70.67692, -33.54884, 0.0 ] ] } },
{ "type": "Feature", "properties": { "nombre": "" }, "geometry": { "type": "LineString", "coordinates": [ [ -70.69372, -33.57356, 0.0 ], [ -70.69136, -33.57054, 0.0 ], [ -70.67938, -33.55182, 0.0 ] ] } },
{ "type": "Feature", "properties": { "nombre": "" }, "geometry": { "type": "LineString", "coordinates": [ [ -70.69312, -33.56911, 0.0 ], [ -70.68356, -33.55462, 0.0 ] ] } },
{ "type": "Feature", "properties": { "nombre": "" }, "geometry": { "type": "LineString", "coordinates": [ [ -70.54784, -33.4618, 0.0 ], [ -70.54505, -33.45197, 0.0 ], [ -70.54589, -33.4518, 0.0 ], [ -70.54868, -33.46163, 0.0 ], [ -70.54784, -33.4618, 0.0 ] ] } },
{ "type": "Feature", "properties": { "nombre": "" }, "geometry": { "type": "LineString", "coordinates": [ [ -70.54811, -33.46119, 0.0 ], [ -70.54586, -33.45268, 0.0 ], [ -70.54555, -33.45274, 0.0 ], [ -70.54795, -33.46122, 0.0 ], [ -70.54811, -33.46119, 0.0 ] ] } },
{ "type": "Feature", "properties": { "nombre": "" }, "geometry": { "type": "LineString", "coordinates": [ [ -70.54586, -33.45268, 0.0 ], [ -70.54577, -33.45238, 0.0 ], [ -70.54546, -33.45245, 0.0 ], [ -70.54555, -33.45274, 0.0 ], [ -70.54586, -33.45268, 0.0 ] ] } },
{ "type": "Feature", "properties": { "nombre": "" }, "geometry": { "type": "LineString", "coordinates": [ [ -70.54589, -33.4518, 0.0 ], [ -70.54227, -33.42935, 0.0 ], [ -70.5362, -33.43056, 0.0 ], [ -70.54505, -33.45197, 0.0 ], [ -70.54589, -33.4518, 0.0 ] ] } },
{ "type": "Feature", "properties": { "nombre": "" }, "geometry": { "type": "LineString", "coordinates": [ [ -70.54544, -33.44907, 0.0 ], [ -70.54397, -33.44936, 0.0 ] ] } },
{ "type": "Feature", "properties": { "nombre": "" }, "geometry": { "type": "LineString", "coordinates": [ [ -70.54429, -33.44188, 0.0 ], [ -70.54114, -33.44251, 0.0 ] ] } },
{ "type": "Feature", "properties": { "nombre": "" }, "geometry": { "type": "LineString", "coordinates": [ [ -70.54868, -33.46163, 0.0 ], [ -70.55753, -33.48304, 0.0 ], [ -70.55146, -33.48425, 0.0 ], [ -70.54784, -33.4618, 0.0 ], [ -70.54868, -33.46163, 0.0 ] ] } },
{ "type": "Feature", "properties": { "nombre": "" }, "geometry": { "type": "LineString", "coordinates": [ [ -70.54976, -33.46424, 0.0 ], [ -70.54828, -33.46454, 0.0 ] ] } },
{ "type": "Feature", "properties": { "nombre": "" }, "geometry": { "type": "LineString", "coordinates": [ [ -70.55259, -33.47109, 0.0 ], [ -70.54944, -33.47172, 0.0 ] ] } },
{ "type": "Feature", "properties": { "nombre": "" }, "geometry": { "type": "LineString", "coordinates": [ [ -70.54686, -33.4568, 0.0 ], [ -70.5469, -33.45679, 0.0 ] ] } },
{ "type": "Feature", "properties": { "nombre": "" }, "geometry": { "type": "LineString", "coordinates": [ [ -70.51997, -33.45713, 0.0 ], [ -70.52041, -33.45273, 0.0 ], [ -70.52187, -33.44848, 0.0 ], [ -70.52429, -33.44455, 0.0 ], [ -70.52757, -33.4411, 0.0 ], [ -70.53159, -33.43824, 0.0 ], [ -70.53621, -33.4361, 0.0 ], [ -70.54123, -33.43476, 0.0 ], [ -70.54646, -33.43426, 0.0 ], [ -70.55172, -33.43463, 0.0 ], [ -70.55678, -33.43585, 0.0 ], [ -70.56147, -33.43787, 0.0 ], [ -70.56559, -33.44062, 0.0 ], [ -70.569, -33.444, 0.0 ], [ -70.57155, -33.44786, 0.0 ], [ -70.57316, -33.45207, 0.0 ], [ -70.57376, -33.45646, 0.0 ], [ -70.57332, -33.46087, 0.0 ], [ -70.57186, -33.46511, 0.0 ], [ -70.56945, -33.46904, 0.0 ], [ -70.56617, -33.4725, 0.0 ], [ -70.56214, -33.47535, 0.0 ], [ -70.55753, -33.4775, 0.0 ], [ -70.5525, -33.47884, 0.0 ], [ -70.54726, -33.47934, 0.0 ], [ -70.54201, -33.47897, 0.0 ], [ -70.53694, -33.47775, 0.0 ], [ -70.53225, -33.47573, 0.0 ], [ -70.52813, -33.47298, 0.0 ], [ -70.52472, -33.4696, 0.0 ], [ -70.52217, -33.46573, 0.0 ], [ -70.52057, -33.46152, 0.0 ], [ -70.51997, -33.45713, 0.0 ] ] } },
{ "type": "Feature", "properties": { "nombre": "" }, "geometry": { "type": "LineString", "coordinates": [ [ -70.50814, -33.45728, 0.0 ], [ -70.50877, -33.45094, 0.0 ], [ -70.51087, -33.44482, 0.0 ], [ -70.51435, -33.43916, 0.0 ], [ -70.51908, -33.43419, 0.0 ], [ -70.52488, -33.43008, 0.0 ], [ -70.53152, -33.427, 0.0 ], [ -70.53875, -33.42506, 0.0 ], [ -70.54629, -33.42434, 0.0 ], [ -70.55385, -33.42487, 0.0 ], [ -70.56115, -33.42663, 0.0 ], [ -70.56789, -33.42954, 0.0 ], [ -70.57383, -33.4335, 0.0 ], [ -70.57873, -33.43836, 0.0 ], [ -70.58241, -33.44393, 0.0 ], [ -70.58473, -33.44999, 0.0 ], [ -70.58559, -33.45631, 0.0 ], [ -70.58496, -33.46265, 0.0 ], [ -70.58287, -33.46877, 0.0 ], [ -70.57939, -33.47443, 0.0 ], [ -70.57466, -33.47941, 0.0 ], [ -70.56886, -33.48352, 0.0 ], [ -70.56222, -33.4866, 0.0 ], [ -70.55499, -33.48854, 0.0 ], [ -70.54744, -33.48926, 0.0 ], [ -70.53987, -33.48873, 0.0 ], [ -70.53257, -33.48697, 0.0 ], [ -70.52582, -33.48406, 0.0 ], [ -70.51988, -33.48009, 0.0 ], [ -70.51498, -33.47523, 0.0 ], [ -70.5113, -33.46966, 0.0 ], [ -70.50899, -33.4636, 0.0 ], [ -70.50814, -33.45728, 0.0 ] ] } },
{ "type": "Feature", "properties": { "nombre": "" }, "geometry": { "type": "LineString", "coordinates": [ [ -70.54589, -33.4518, 0.0 ], [ -70.54824, -33.45133, 0.0 ] ] } },
{ "type": "Feature", "properties": { "nombre": "" }, "geometry": { "type": "LineString", "coordinates": [ [ -70.54868, -33.46163, 0.0 ], [ -70.55103, -33.46116, 0.0 ] ] } },
{ "type": "Feature", "properties": { "nombre": "" }, "geometry": { "type": "LineString", "coordinates": [ [ -70.55266, -33.47126, 0.0 ], [ -70.55103, -33.46116, 0.0 ], [ -70.54824, -33.45133, 0.0 ], [ -70.54426, -33.4417, 0.0 ] ] } },
{ "type": "Feature", "properties": { "nombre": "" }, "geometry": { "type": "LineString", "coordinates": [ [ -70.55222, -33.47019, 0.0 ], [ -70.55077, -33.46121, 0.0 ], [ -70.54798, -33.45139, 0.0 ], [ -70.54444, -33.44282, 0.0 ] ] } },
{ "type": "Feature", "properties": { "nombre": "" }, "geometry": { "type": "LineString", "coordinates": [ [ -70.55133, -33.46805, 0.0 ], [ -70.55025, -33.46132, 0.0 ], [ -70.54746, -33.45149, 0.0 ], [ -70.5448, -33.44507, 0.0 ] ] } },
{ "type": "Feature", "properties": { "nombre": "" }, "geometry": { "type": "LineString", "coordinates": [ [ -70.55045, -33.46591, 0.0 ], [ -70.54973, -33.46142, 0.0 ], [ -70.54693, -33.4516, 0.0 ], [ -70.54516, -33.44731, 0.0 ] ] } },
{ "type": "Feature", "properties": { "nombre": "" }, "geometry": { "type": "LineString", "coordinates": [ [ -70.54956, -33.46377, 0.0 ], [ -70.54552, -33.44956, 0.0 ] ] } },
{ "type": "Feature", "properties": { "nombre": "" }, "geometry": { "type": "LineString", "coordinates": [ [ -70.54505, -33.45197, 0.0 ], [ -70.54269, -33.45244, 0.0 ] ] } },
{ "type": "Feature", "properties": { "nombre": "" }, "geometry": { "type": "LineString", "coordinates": [ [ -70.54784, -33.4618, 0.0 ], [ -70.54549, -33.46227, 0.0 ] ] } },
{ "type": "Feature", "properties": { "nombre": "" }, "geometry": { "type": "LineString", "coordinates": [ [ -70.54947, -33.4719, 0.0 ], [ -70.54549, -33.46227, 0.0 ], [ -70.54269, -33.45244, 0.0 ], [ -70.54107, -33.44234, 0.0 ] ] } },
{ "type": "Feature", "properties": { "nombre": "" }, "geometry": { "type": "LineString", "coordinates": [ [ -70.54929, -33.47078, 0.0 ], [ -70.54575, -33.46221, 0.0 ], [ -70.54296, -33.45239, 0.0 ], [ -70.54151, -33.44341, 0.0 ] ] } },
{ "type": "Feature", "properties": { "nombre": "" }, "geometry": { "type": "LineString", "coordinates": [ [ -70.54893, -33.46853, 0.0 ], [ -70.54627, -33.46211, 0.0 ], [ -70.54348, -33.45228, 0.0 ], [ -70.54239, -33.44555, 0.0 ] ] } },
{ "type": "Feature", "properties": { "nombre": "" }, "geometry": { "type": "LineString", "coordinates": [ [ -70.54857, -33.46629, 0.0 ], [ -70.5468, -33.462, 0.0 ], [ -70.544, -33.45218, 0.0 ], [ -70.54328, -33.44769, 0.0 ] ] } },
{ "type": "Feature", "properties": { "nombre": "" }, "geometry": { "type": "LineString", "coordinates": [ [ -70.5482, -33.46404, 0.0 ], [ -70.54416, -33.44983, 0.0 ] ] } },
{ "type": "Feature", "properties": { "nombre": "" }, "geometry": { "type": "LineString", "coordinates": [ [ -70.58539, -33.38146, 0.0 ], [ -70.57714, -33.38017, 0.0 ], [ -70.57726, -33.37964, 0.0 ], [ -70.5855, -33.38093, 0.0 ], [ -70.58539, -33.38146, 0.0 ] ] } },
{ "type": "Feature", "properties": { "nombre": "" }, "geometry": { "type": "LineString", "coordinates": [ [ -70.58513, -33.38114, 0.0 ], [ -70.57753, -33.37991, 0.0 ], [ -70.57751, -33.37999, 0.0 ], [ -70.58512, -33.38118, 0.0 ], [ -70.58513, -33.38114, 0.0 ] ] } },
{ "type": "Feature", "properties": { "nombre": "" }, "geometry": { "type": "LineString", "coordinates": [ [ -70.57726, -33.37964, 0.0 ], [ -70.55331, -33.37377, 0.0 ], [ -70.55228, -33.3784, 0.0 ], [ -70.57714, -33.38017, 0.0 ], [ -70.57726, -33.37964, 0.0 ] ] } },
{ "type": "Feature", "properties": { "nombre": "" }, "geometry": { "type": "LineString", "coordinates": [ [ -70.5737, -33.37992, 0.0 ], [ -70.57394, -33.37883, 0.0 ] ] } },
{ "type": "Feature", "properties": { "nombre": "" }, "geometry": { "type": "LineString", "coordinates": [ [ -70.56509, -33.37931, 0.0 ], [ -70.56565, -33.37679, 0.0 ] ] } },
{ "type": "Feature", "properties": { "nombre": "" }, "geometry": { "type": "LineString", "coordinates": [ [ -70.56746, -33.37948, 0.0 ], [ -70.56793, -33.37735, 0.0 ] ] } },
{ "type": "Feature", "properties": { "nombre": "" }, "geometry": { "type": "LineString", "coordinates": [ [ -70.55982, -33.37894, 0.0 ], [ -70.56057, -33.37555, 0.0 ] ] } },
{ "type": "Feature", "properties": { "nombre": "" }, "geometry": { "type": "LineString", "coordinates": [ [ -70.5855, -33.38093, 0.0 ], [ -70.61037, -33.38269, 0.0 ], [ -70.60934, -33.38732, 0.0 ], [ -70.58539, -33.38146, 0.0 ], [ -70.5855, -33.38093, 0.0 ] ] } },
{ "type": "Feature", "properties": { "nombre": "" }, "geometry": { "type": "LineString", "coordinates": [ [ -70.5887, -33.38227, 0.0 ], [ -70.58895, -33.38117, 0.0 ] ] } },
{ "type": "Feature", "properties": { "nombre": "" }, "geometry": { "type": "LineString", "coordinates": [ [ -70.597, -33.3843, 0.0 ], [ -70.59756, -33.38178, 0.0 ] ] } },
{ "type": "Feature", "properties": { "nombre": "" }, "geometry": { "type": "LineString", "coordinates": [ [ -70.59472, -33.38374, 0.0 ], [ -70.59519, -33.38162, 0.0 ] ] } },
{ "type": "Feature", "properties": { "nombre": "" }, "geometry": { "type": "LineString", "coordinates": [ [ -70.60208, -33.38554, 0.0 ], [ -70.60283, -33.38216, 0.0 ] ] } },
{ "type": "Feature", "properties": { "nombre": "" }, "geometry": { "type": "LineString", "coordinates": [ [ -70.55983, -33.38082, 0.0 ], [ -70.56018, -33.3773, 0.0 ], [ -70.56134, -33.3739, 0.0 ], [ -70.56327, -33.37076, 0.0 ], [ -70.5659, -33.36799, 0.0 ], [ -70.56911, -33.36571, 0.0 ], [ -70.5728, -33.36399, 0.0 ], [ -70.57681, -33.36292, 0.0 ], [ -70.581, -33.36252, 0.0 ], [ -70.5852, -33.36281, 0.0 ], [ -70.58925, -33.36378, 0.0 ], [ -70.59299, -33.3654, 0.0 ], [ -70.59629, -33.3676, 0.0 ], [ -70.59901, -33.3703, 0.0 ], [ -70.60106, -33.37339, 0.0 ], [ -70.60234, -33.37676, 0.0 ], [ -70.60282, -33.38027, 0.0 ], [ -70.60247, -33.3838, 0.0 ], [ -70.60131, -33.3872, 0.0 ], [ -70.59938, -33.39034, 0.0 ], [ -70.59676, -33.39311, 0.0 ], [ -70.59354, -33.39539, 0.0 ], [ -70.58985, -33.3971, 0.0 ], [ -70.58584, -33.39818, 0.0 ], [ -70.58165, -33.39858, 0.0 ], [ -70.57745, -33.39829, 0.0 ], [ -70.5734, -33.39731, 0.0 ], [ -70.56965, -33.39569, 0.0 ], [ -70.56635, -33.39349, 0.0 ], [ -70.56363, -33.39079, 0.0 ], [ -70.56159, -33.3877, 0.0 ], [ -70.56031, -33.38433, 0.0 ], [ -70.55983, -33.38082, 0.0 ] ] } },
{ "type": "Feature", "properties": { "nombre": "" }, "geometry": { "type": "LineString", "coordinates": [ [ -70.55231, -33.38092, 0.0 ], [ -70.55278, -33.37616, 0.0 ], [ -70.55435, -33.37157, 0.0 ], [ -70.55696, -33.36733, 0.0 ], [ -70.5605, -33.3636, 0.0 ], [ -70.56484, -33.36051, 0.0 ], [ -70.56982, -33.3582, 0.0 ], [ -70.57523, -33.35675, 0.0 ], [ -70.58088, -33.35621, 0.0 ], [ -70.58655, -33.3566, 0.0 ], [ -70.59202, -33.35792, 0.0 ], [ -70.59707, -33.3601, 0.0 ], [ -70.60153, -33.36307, 0.0 ], [ -70.6052, -33.36672, 0.0 ], [ -70.60796, -33.37089, 0.0 ], [ -70.6097, -33.37543, 0.0 ], [ -70.61034, -33.38018, 0.0 ], [ -70.60987, -33.38493, 0.0 ], [ -70.6083, -33.38952, 0.0 ], [ -70.6057, -33.39376, 0.0 ], [ -70.60216, -33.3975, 0.0 ], [ -70.59782, -33.40058, 0.0 ], [ -70.59284, -33.4029, 0.0 ], [ -70.58742, -33.40435, 0.0 ], [ -70.58176, -33.40489, 0.0 ], [ -70.57609, -33.4045, 0.0 ], [ -70.57062, -33.40318, 0.0 ], [ -70.56557, -33.401, 0.0 ], [ -70.56111, -33.39802, 0.0 ], [ -70.55744, -33.39438, 0.0 ], [ -70.55468, -33.3902, 0.0 ], [ -70.55295, -33.38566, 0.0 ], [ -70.55231, -33.38092, 0.0 ] ] } },
{ "type": "Feature", "properties": { "nombre": "" }, "geometry": { "type": "LineString", "coordinates": [ [ -70.56793, -33.37735, 0.0 ], [ -70.57771, -33.37764, 0.0 ], [ -70.58595, -33.37893, 0.0 ], [ -70.59519, -33.38162, 0.0 ] ] } },
{ "type": "Feature", "properties": { "nombre": "" }, "geometry": { "type": "LineString", "coordinates": [ [ -70.5855, -33.38093, 0.0 ], [ -70.58595, -33.37893, 0.0 ] ] } },
{ "type": "Feature", "properties": { "nombre": "" }, "geometry": { "type": "LineString", "coordinates": [ [ -70.57771, -33.37764, 0.0 ], [ -70.57726, -33.37964, 0.0 ] ] } },
{ "type": "Feature", "properties": { "nombre": "" }, "geometry": { "type": "LineString", "coordinates": [ [ -70.56897, -33.37761, 0.0 ], [ -70.57766, -33.37786, 0.0 ], [ -70.5859, -33.37915, 0.0 ], [ -70.59411, -33.38154, 0.0 ] ] } },
{ "type": "Feature", "properties": { "nombre": "" }, "geometry": { "type": "LineString", "coordinates": [ [ -70.57104, -33.37811, 0.0 ], [ -70.57756, -33.37831, 0.0 ], [ -70.5858, -33.3796, 0.0 ], [ -70.59196, -33.38139, 0.0 ] ] } },
{ "type": "Feature", "properties": { "nombre": "" }, "geometry": { "type": "LineString", "coordinates": [ [ -70.57311, -33.37862, 0.0 ], [ -70.57746, -33.37875, 0.0 ], [ -70.5857, -33.38004, 0.0 ], [ -70.58981, -33.38123, 0.0 ] ] } },
{ "type": "Feature", "properties": { "nombre": "" }, "geometry": { "type": "LineString", "coordinates": [ [ -70.57519, -33.37913, 0.0 ], [ -70.58766, -33.38108, 0.0 ] ] } },
{ "type": "Feature", "properties": { "nombre": "" }, "geometry": { "type": "LineString", "coordinates": [ [ -70.58539, -33.38146, 0.0 ], [ -70.58494, -33.38345, 0.0 ] ] } },
{ "type": "Feature", "properties": { "nombre": "" }, "geometry": { "type": "LineString", "coordinates": [ [ -70.5767, -33.38216, 0.0 ], [ -70.57714, -33.38017, 0.0 ] ] } },
{ "type": "Feature", "properties": { "nombre": "" }, "geometry": { "type": "LineString", "coordinates": [ [ -70.56746, -33.37948, 0.0 ], [ -70.5767, -33.38216, 0.0 ], [ -70.58494, -33.38345, 0.0 ], [ -70.59472, -33.38374, 0.0 ] ] } },
{ "type": "Feature", "properties": { "nombre": "" }, "geometry": { "type": "LineString", "coordinates": [ [ -70.56853, -33.37956, 0.0 ], [ -70.57675, -33.38194, 0.0 ], [ -70.58499, -33.38323, 0.0 ], [ -70.59368, -33.38349, 0.0 ] ] } },
{ "type": "Feature", "properties": { "nombre": "" }, "geometry": { "type": "LineString", "coordinates": [ [ -70.57069, -33.37971, 0.0 ], [ -70.57685, -33.3815, 0.0 ], [ -70.58509, -33.38279, 0.0 ], [ -70.59161, -33.38298, 0.0 ] ] } },
{ "type": "Feature", "properties": { "nombre": "" }, "geometry": { "type": "LineString", "coordinates": [ [ -70.57284, -33.37986, 0.0 ], [ -70.57695, -33.38106, 0.0 ], [ -70.58519, -33.38235, 0.0 ], [ -70.58953, -33.38247, 0.0 ] ] } },
{ "type": "Feature", "properties": { "nombre": "" }, "geometry": { "type": "LineString", "coordinates": [ [ -70.57499, -33.38002, 0.0 ], [ -70.58746, -33.38197, 0.0 ] ] } },
{ "type": "Feature", "properties": { "nombre": "SLO_Gamboa" }, "geometry": { "type": "LineString", "coordinates": [ [ -73.77231, -42.5031, 0.0 ], [ -73.77617, -42.49542, 0.0 ], [ -73.77882, -42.48607, 0.0 ], [ -73.77946, -42.47789, 0.0 ] ] } },
{ "type": "Feature", "properties": { "nombre": "SLO_Gamboa" }, "geometry": { "type": "LineString", "coordinates": [ [ -73.76945, -42.50265, 0.0 ], [ -73.77009, -42.49447, 0.0 ], [ -73.77274, -42.48513, 0.0 ], [ -73.7766, -42.47745, 0.0 ] ] } },
{ "type": "Feature", "properties": { "nombre": "SLO_Gamboa" }, "geometry": { "type": "LineString", "coordinates": [ [ -73.77244, -42.5022, 0.0 ], [ -73.77587, -42.49537, 0.0 ], [ -73.77852, -42.48603, 0.0 ], [ -73.77909, -42.47876, 0.0 ] ] } },
{ "type": "Feature", "properties": { "nombre": "SLO_Gamboa" }, "geometry": { "type": "LineString", "coordinates": [ [ -73.7727, -42.5004, 0.0 ], [ -73.77527, -42.49528, 0.0 ], [ -73.77792, -42.48594, 0.0 ], [ -73.77835, -42.48048, 0.0 ] ] } },
{ "type": "Feature", "properties": { "nombre": "SLO_Gamboa" }, "geometry": { "type": "LineString", "coordinates": [ [ -73.77296, -42.4986, 0.0 ], [ -73.77468, -42.49519, 0.0 ], [ -73.77733, -42.48584, 0.0 ], [ -73.77761, -42.48221, 0.0 ] ] } },
{ "type": "Feature", "properties": { "nombre": "SLO_Gamboa" }, "geometry": { "type": "LineString", "coordinates": [ [ -73.77323, -42.4968, 0.0 ], [ -73.77408, -42.49509, 0.0 ], [ -73.77673, -42.48575, 0.0 ], [ -73.77687, -42.48393, 0.0 ] ] } },
{ "type": "Feature", "properties": { "nombre": "SLO_Gamboa" }, "geometry": { "type": "LineString", "coordinates": [ [ -73.77349, -42.495, 0.0 ], [ -73.77617, -42.49542, 0.0 ] ] } },
{ "type": "Feature", "properties": { "nombre": "SLO_Gamboa" }, "geometry": { "type": "LineString", "coordinates": [ [ -73.77882, -42.48607, 0.0 ], [ -73.77614, -42.48566, 0.0 ] ] } },
{ "type": "Feature", "properties": { "nombre": "SLO_Gamboa" }, "geometry": { "type": "LineString", "coordinates": [ [ -73.77277, -42.49489, 0.0 ], [ -73.77009, -42.49447, 0.0 ] ] } },
{ "type": "Feature", "properties": { "nombre": "SLO_Gamboa" }, "geometry": { "type": "LineString", "coordinates": [ [ -73.77274, -42.48513, 0.0 ], [ -73.77542, -42.48555, 0.0 ] ] } },
{ "type": "Feature", "properties": { "nombre": "SLO_Gamboa" }, "geometry": { "type": "LineString", "coordinates": [ [ -73.76982, -42.50179, 0.0 ], [ -73.77039, -42.49452, 0.0 ], [ -73.77304, -42.48518, 0.0 ], [ -73.77647, -42.47835, 0.0 ] ] } },
{ "type": "Feature", "properties": { "nombre": "SLO_Gamboa" }, "geometry": { "type": "LineString", "coordinates": [ [ -73.77056, -42.50007, 0.0 ], [ -73.77099, -42.49461, 0.0 ], [ -73.77364, -42.48527, 0.0 ], [ -73.77621, -42.48015, 0.0 ] ] } },
{ "type": "Feature", "properties": { "nombre": "SLO_Gamboa" }, "geometry": { "type": "LineString", "coordinates": [ [ -73.7713, -42.49834, 0.0 ], [ -73.77158, -42.4947, 0.0 ], [ -73.77423, -42.48536, 0.0 ], [ -73.77594, -42.48195, 0.0 ] ] } },
{ "type": "Feature", "properties": { "nombre": "SLO_Gamboa" }, "geometry": { "type": "LineString", "coordinates": [ [ -73.77204, -42.49661, 0.0 ], [ -73.77218, -42.4948, 0.0 ], [ -73.77483, -42.48546, 0.0 ], [ -73.77568, -42.48375, 0.0 ] ] } },
{ "type": "Feature", "properties": { "nombre": "" }, "geometry": { "type": "LineString", "coordinates": [ [ -73.77331, -42.4947, 0.0 ], [ -73.7731, -42.49466, 0.0 ], [ -73.77581, -42.48588, 0.0 ], [ -73.77331, -42.4947, 0.0 ] ] } },
{ "type": "Feature", "properties": { "nombre": "" }, "geometry": { "type": "LineString", "coordinates": [ [ -73.77321, -42.49468, 0.0 ], [ -73.7752, -42.48763, 0.0 ] ] } },
{ "type": "Feature", "properties": { "nombre": "" }, "geometry": { "type": "LineString", "coordinates": [ [ -73.77456, -42.49121, 0.0 ], [ -73.77614, -42.48566, 0.0 ], [ -73.77542, -42.48555, 0.0 ], [ -73.77277, -42.49489, 0.0 ], [ -73.77349, -42.495, 0.0 ], [ -73.77456, -42.49121, 0.0 ] ] } },
{ "type": "Feature", "properties": { "nombre": "" }, "geometry": { "type": "LineString", "coordinates": [ [ -73.7751, -42.48761, 0.0 ], [ -73.77531, -42.48765, 0.0 ] ] } },
{ "type": "Feature", "properties": { "nombre": "" }, "geometry": { "type": "LineString", "coordinates": [ [ -73.7741, -42.49022, 0.0 ], [ -73.77481, -42.49033, 0.0 ] ] } },
{ "type": "Feature", "properties": { "nombre": "" }, "geometry": { "type": "LineString", "coordinates": [ [ -73.75012, -42.49001, 0.0 ], [ -73.75066, -42.4865, 0.0 ], [ -73.75211, -42.48314, 0.0 ], [ -73.75442, -42.48005, 0.0 ], [ -73.7575, -42.47736, 0.0 ], [ -73.76123, -42.47516, 0.0 ], [ -73.76547, -42.47354, 0.0 ], [ -73.77005, -42.47256, 0.0 ], [ -73.77481, -42.47227, 0.0 ], [ -73.77954, -42.47266, 0.0 ], [ -73.78409, -42.47374, 0.0 ], [ -73.78826, -42.47544, 0.0 ], [ -73.7919, -42.47772, 0.0 ], [ -73.79488, -42.48048, 0.0 ], [ -73.79707, -42.48362, 0.0 ], [ -73.79839, -42.48701, 0.0 ], [ -73.79879, -42.49053, 0.0 ], [ -73.79825, -42.49404, 0.0 ], [ -73.7968, -42.4974, 0.0 ], [ -73.79449, -42.50049, 0.0 ], [ -73.79141, -42.50319, 0.0 ], [ -73.78768, -42.50539, 0.0 ], [ -73.78344, -42.50701, 0.0 ], [ -73.77886, -42.50799, 0.0 ], [ -73.7741, -42.50828, 0.0 ], [ -73.76936, -42.50788, 0.0 ], [ -73.76482, -42.50681, 0.0 ], [ -73.76064, -42.5051, 0.0 ], [ -73.757, -42.50282, 0.0 ], [ -73.75403, -42.50006, 0.0 ], [ -73.75184, -42.49692, 0.0 ], [ -73.75052, -42.49353, 0.0 ], [ -73.75012, -42.49001, 0.0 ] ] } },
{ "type": "Feature", "properties": { "nombre": "" }, "geometry": { "type": "LineString", "coordinates": [ [ -73.74161, -42.48992, 0.0 ], [ -73.74233, -42.48518, 0.0 ], [ -73.74429, -42.48064, 0.0 ], [ -73.74741, -42.47647, 0.0 ], [ -73.75157, -42.47283, 0.0 ], [ -73.75661, -42.46986, 0.0 ], [ -73.76233, -42.46768, 0.0 ], [ -73.76851, -42.46636, 0.0 ], [ -73.77493, -42.46596, 0.0 ], [ -73.78133, -42.4665, 0.0 ], [ -73.78746, -42.46795, 0.0 ], [ -73.79309, -42.47025, 0.0 ], [ -73.79801, -42.47333, 0.0 ], [ -73.80202, -42.47706, 0.0 ], [ -73.80498, -42.48129, 0.0 ], [ -73.80676, -42.48587, 0.0 ], [ -73.8073, -42.49062, 0.0 ], [ -73.80658, -42.49536, 0.0 ], [ -73.80462, -42.4999, 0.0 ], [ -73.80151, -42.50407, 0.0 ], [ -73.79735, -42.50771, 0.0 ], [ -73.79231, -42.51068, 0.0 ], [ -73.78659, -42.51287, 0.0 ], [ -73.7804, -42.51419, 0.0 ], [ -73.77398, -42.51458, 0.0 ], [ -73.76758, -42.51405, 0.0 ], [ -73.76144, -42.5126, 0.0 ], [ -73.7558, -42.51029, 0.0 ], [ -73.75089, -42.50721, 0.0 ], [ -73.74687, -42.50348, 0.0 ], [ -73.74392, -42.49925, 0.0 ], [ -73.74214, -42.49467, 0.0 ], [ -73.74161, -42.48992, 0.0 ] ] } },
{ "type": "Feature", "properties": { "nombre": "" }, "geometry": { "type": "LineString", "coordinates": [ [ -73.78153, -42.47304, 0.0 ], [ -73.77614, -42.48566, 0.0 ], [ -73.77542, -42.48555, 0.0 ], [ -73.77733, -42.47239, 0.0 ] ] } },
{ "type": "Feature", "properties": { "nombre": "" }, "geometry": { "type": "LineString", "coordinates": [ [ -73.77157, -42.50816, 0.0 ], [ -73.77349, -42.495, 0.0 ], [ -73.77277, -42.49489, 0.0 ], [ -73.76738, -42.50751, 0.0 ] ] } },
{ "type": "Feature", "properties": { "nombre": "" }, "geometry": { "type": "LineString", "coordinates": [ [ -73.77798, -42.48134, 0.0 ], [ -73.77608, -42.48105, 0.0 ] ] } },
{ "type": "Feature", "properties": { "nombre": "" }, "geometry": { "type": "LineString", "coordinates": [ [ -73.78093, -42.47444, 0.0 ], [ -73.77712, -42.47385, 0.0 ] ] } },
{ "type": "Feature", "properties": { "nombre": "" }, "geometry": { "type": "LineString", "coordinates": [ [ -73.77283, -42.4995, 0.0 ], [ -73.77093, -42.4992, 0.0 ] ] } },
{ "type": "Feature", "properties": { "nombre": "" }, "geometry": { "type": "LineString", "coordinates": [ [ -73.77179, -42.5067, 0.0 ], [ -73.76798, -42.50611, 0.0 ] ] } },
{ "type": "Feature", "properties": { "nombre": "" }, "geometry": { "type": "LineString", "coordinates": [ [ -73.7766, -42.47745, 0.0 ], [ -73.77946, -42.47789, 0.0 ] ] } },
{ "type": "Feature", "properties": { "nombre": "" }, "geometry": { "type": "LineString", "coordinates": [ [ -73.76945, -42.50265, 0.0 ], [ -73.77231, -42.5031, 0.0 ] ] } },
{ "type": "Feature", "properties": { "nombre": "Area Features (#10)" }, "geometry": { "type": "Polygon", "coordinates": [ [ [ -71.17226, -29.88792, 0.0 ], [ -71.19289, -29.87916, 0.0 ], [ -71.19767, -29.87775, 0.0 ], [ -71.20334, -29.87677, 0.0 ], [ -71.20983, -29.87649, 0.0 ], [ -71.21699, -29.87723, 0.0 ], [ -71.2239, -29.87905, 0.0 ], [ -71.23035, -29.88188, 0.0 ], [ -71.23667, -29.88606, 0.0 ], [ -71.24152, -29.89071, 0.0 ], [ -71.2457, -29.89659, 0.0 ], [ -71.24832, -29.90245, 0.0 ], [ -71.2498, -29.90925, 0.0 ], [ -71.24984, -29.91554, 0.0 ], [ -71.24843, -29.92234, 0.0 ], [ -71.24587, -29.92822, 0.0 ], [ -71.243, -29.9326, 0.0 ], [ -71.23994, -29.9361, 0.0 ], [ -71.23247, -29.94202, 0.0 ], [ -71.22689, -29.94491, 0.0 ], [ -71.20353, -29.95455, 0.0 ], [ -71.19435, -29.95621, 0.0 ], [ -71.18569, -29.95611, 0.0 ], [ -71.17656, -29.95424, 0.0 ], [ -71.16876, -29.95096, 0.0 ], [ -71.16463, -29.94842, 0.0 ], [ -71.16039, -29.945, 0.0 ], [ -71.15715, -29.94161, 0.0 ], [ -71.15407, -29.93735, 0.0 ], [ -71.15196, -29.93335, 0.0 ], [ -71.15025, -29.92854, 0.0 ], [ -71.14932, -29.92358, 0.0 ], [ -71.1492, -29.91854, 0.0 ], [ -71.14975, -29.91416, 0.0 ], [ -71.15113, -29.90928, 0.0 ], [ -71.15296, -29.90517, 0.0 ], [ -71.15574, -29.90076, 0.0 ], [ -71.15873, -29.89721, 0.0 ], [ -71.16273, -29.89357, 0.0 ], [ -71.16727, -29.89046, 0.0 ], [ -71.17226, -29.88792, 0.0 ] ] ] } },
{ "type": "Feature", "properties": { "nombre": "Area Features (#10)" }, "geometry": { "type": "Polygon", "coordinates": [ [ [ -71.1654, -29.87579, 0.0 ], [ -71.18886, -29.86601, 0.0 ], [ -71.19746, -29.8639, 0.0 ], [ -71.20633, -29.86299, 0.0 ], [ -71.21624, -29.8634, 0.0 ], [ -71.22592, -29.86531, 0.0 ], [ -71.23507, -29.86865, 0.0 ], [ -71.24341, -29.87333, 0.0 ], [ -71.25136, -29.87984, 0.0 ], [ -71.25723, -29.88681, 0.0 ], [ -71.26163, -29.89457, 0.0 ], [ -71.26441, -29.90287, 0.0 ], [ -71.26551, -29.91233, 0.0 ], [ -71.26469, -29.92095, 0.0 ], [ -71.26217, -29.92931, 0.0 ], [ -71.25801, -29.93716, 0.0 ], [ -71.2542, -29.94223, 0.0 ], [ -71.25039, -29.94622, 0.0 ], [ -71.24537, -29.95041, 0.0 ], [ -71.24062, -29.95356, 0.0 ], [ -71.23465, -29.95666, 0.0 ], [ -71.21486, -29.96516, 0.0 ], [ -71.20458, -29.96837, 0.0 ], [ -71.19775, -29.9695, 0.0 ], [ -71.1918, -29.96988, 0.0 ], [ -71.18485, -29.96964, 0.0 ], [ -71.17896, -29.96885, 0.0 ], [ -71.16761, -29.96569, 0.0 ], [ -71.16229, -29.96335, 0.0 ], [ -71.15647, -29.96003, 0.0 ], [ -71.15116, -29.95611, 0.0 ], [ -71.14645, -29.95166, 0.0 ], [ -71.14238, -29.94674, 0.0 ], [ -71.13863, -29.94064, 0.0 ], [ -71.13617, -29.93498, 0.0 ], [ -71.13452, -29.92909, 0.0 ], [ -71.13371, -29.92308, 0.0 ], [ -71.13381, -29.91616, 0.0 ], [ -71.13482, -29.91016, 0.0 ], [ -71.13665, -29.90432, 0.0 ], [ -71.13929, -29.89872, 0.0 ], [ -71.14323, -29.89271, 0.0 ], [ -71.14744, -29.88789, 0.0 ], [ -71.15304, -29.88298, 0.0 ], [ -71.15854, -29.87927, 0.0 ], [ -71.1654, -29.87579, 0.0 ] ] ] } },
{ "type": "Feature", "properties": { "nombre": "" }, "geometry": { "type": "LineString", "coordinates": [ [ -71.20981, -29.91353, 0.0 ], [ -71.1907, -29.92174, 0.0 ], [ -71.18932, -29.91931, 0.0 ], [ -71.20843, -29.9111, 0.0 ], [ -71.20981, -29.91353, 0.0 ] ] } },
{ "type": "Feature", "properties": { "nombre": "" }, "geometry": { "type": "LineString", "coordinates": [ [ -71.20856, -29.91256, 0.0 ], [ -71.20846, -29.91237, 0.0 ], [ -71.19046, -29.9201, 0.0 ], [ -71.19067, -29.92047, 0.0 ], [ -71.20856, -29.91256, 0.0 ] ] } },
{ "type": "Feature", "properties": { "nombre": "" }, "geometry": { "type": "LineString", "coordinates": [ [ -71.1145, -29.9401, 0.0 ], [ -71.18932, -29.91931, 0.0 ], [ -71.1907, -29.92174, 0.0 ], [ -71.12617, -29.96074, 0.0 ], [ -71.1145, -29.9401, 0.0 ] ] } },
{ "type": "Feature", "properties": { "nombre": "" }, "geometry": { "type": "LineString", "coordinates": [ [ -71.18622, -29.92444, 0.0 ], [ -71.18414, -29.92075, 0.0 ] ] } },
{ "type": "Feature", "properties": { "nombre": "" }, "geometry": { "type": "LineString", "coordinates": [ [ -71.17332, -29.93225, 0.0 ], [ -71.16917, -29.92491, 0.0 ] ] } },
{ "type": "Feature", "properties": { "nombre": "" }, "geometry": { "type": "LineString", "coordinates": [ [ -71.2729, -29.87207, 0.0 ], [ -71.20843, -29.9111, 0.0 ], [ -71.20981, -29.91353, 0.0 ], [ -71.28459, -29.89269, 0.0 ], [ -71.2729, -29.87207, 0.0 ] ] } },
{ "type": "Feature", "properties": { "nombre": "" }, "geometry": { "type": "LineString", "coordinates": [ [ -71.21499, -29.91209, 0.0 ], [ -71.2129, -29.9084, 0.0 ] ] } },
{ "type": "Feature", "properties": { "nombre": "" }, "geometry": { "type": "LineString", "coordinates": [ [ -71.22995, -29.90792, 0.0 ], [ -71.2258, -29.90059, 0.0 ] ] } },
{ "type": "Feature", "properties": { "nombre": "" }, "geometry": { "type": "LineString", "coordinates": [ [ -71.18932, -29.91931, 0.0 ], [ -71.18788, -29.91677, 0.0 ] ] } },
{ "type": "Feature", "properties": { "nombre": "" }, "geometry": { "type": "LineString", "coordinates": [ [ -71.20843, -29.9111, 0.0 ], [ -71.20699, -29.90856, 0.0 ] ] } },
{ "type": "Feature", "properties": { "nombre": "" }, "geometry": { "type": "LineString", "coordinates": [ [ -71.22778, -29.8994, 0.0 ], [ -71.16688, -29.92555, 0.0 ] ] } },
{ "type": "Feature", "properties": { "nombre": "" }, "geometry": { "type": "LineString", "coordinates": [ [ -71.22563, -29.9007, 0.0 ], [ -71.16937, -29.92486, 0.0 ] ] } },
{ "type": "Feature", "properties": { "nombre": "" }, "geometry": { "type": "LineString", "coordinates": [ [ -71.22133, -29.9033, 0.0 ], [ -71.17436, -29.92347, 0.0 ] ] } },
{ "type": "Feature", "properties": { "nombre": "" }, "geometry": { "type": "LineString", "coordinates": [ [ -71.21703, -29.9059, 0.0 ], [ -71.17935, -29.92209, 0.0 ] ] } },
{ "type": "Feature", "properties": { "nombre": "" }, "geometry": { "type": "LineString", "coordinates": [ [ -71.21273, -29.9085, 0.0 ], [ -71.18433, -29.9207, 0.0 ] ] } },
{ "type": "Feature", "properties": { "nombre": "" }, "geometry": { "type": "LineString", "coordinates": [ [ -71.1907, -29.92174, 0.0 ], [ -71.19214, -29.92429, 0.0 ] ] } },
{ "type": "Feature", "properties": { "nombre": "" }, "geometry": { "type": "LineString", "coordinates": [ [ -71.20981, -29.91353, 0.0 ], [ -71.21125, -29.91608, 0.0 ] ] } },
{ "type": "Feature", "properties": { "nombre": "" }, "geometry": { "type": "LineString", "coordinates": [ [ -71.23224, -29.90728, 0.0 ], [ -71.17134, -29.93344, 0.0 ] ] } },
{ "type": "Feature", "properties": { "nombre": "" }, "geometry": { "type": "LineString", "coordinates": [ [ -71.22975, -29.90798, 0.0 ], [ -71.17349, -29.93214, 0.0 ] ] } },
{ "type": "Feature", "properties": { "nombre": "" }, "geometry": { "type": "LineString", "coordinates": [ [ -71.22477, -29.90937, 0.0 ], [ -71.17779, -29.92954, 0.0 ] ] } },
{ "type": "Feature", "properties": { "nombre": "" }, "geometry": { "type": "LineString", "coordinates": [ [ -71.21978, -29.91075, 0.0 ], [ -71.18209, -29.92694, 0.0 ] ] } },
{ "type": "Feature", "properties": { "nombre": "" }, "geometry": { "type": "LineString", "coordinates": [ [ -71.21479, -29.91214, 0.0 ], [ -71.18639, -29.92434, 0.0 ] ] } },
{ "type": "Feature", "properties": { "nombre": "" }, "geometry": { "type": "LineString", "coordinates": [ [ -71.19691, -29.91554, 0.0 ], [ -71.19705, -29.91541, 0.0 ], [ -71.1972, -29.91554, 0.0 ], [ -71.19705, -29.91567, 0.0 ], [ -71.19691, -29.91554, 0.0 ] ] } },
{ "type": "Feature", "properties": { "nombre": "" }, "geometry": { "type": "LineString", "coordinates": [ [ -71.19705, -29.91554, 0.0 ], [ -71.19705, -29.91554, 0.0 ], [ -71.19706, -29.91554, 0.0 ], [ -71.19705, -29.91554, 0.0 ], [ -71.19705, -29.91554, 0.0 ] ] } },
{ "type": "Feature", "properties": { "nombre": "" }, "geometry": { "type": "LineString", "coordinates": [ [ -71.19395, -29.91559, 0.0 ], [ -71.19481, -29.91366, 0.0 ], [ -71.19699, -29.91283, 0.0 ], [ -71.19921, -29.91359, 0.0 ], [ -71.20016, -29.91549, 0.0 ], [ -71.19929, -29.91742, 0.0 ], [ -71.19711, -29.91825, 0.0 ], [ -71.1949, -29.91749, 0.0 ], [ -71.19395, -29.91559, 0.0 ] ] } },
{ "type": "Feature", "properties": { "nombre": "" }, "geometry": { "type": "LineString", "coordinates": [ [ -71.1867, -29.91571, 0.0 ], [ -71.18741, -29.91225, 0.0 ], [ -71.18959, -29.90928, 0.0 ], [ -71.19291, -29.90727, 0.0 ], [ -71.19685, -29.90652, 0.0 ], [ -71.20083, -29.90714, 0.0 ], [ -71.20423, -29.90904, 0.0 ], [ -71.20654, -29.91193, 0.0 ], [ -71.2074, -29.91537, 0.0 ], [ -71.20669, -29.91883, 0.0 ], [ -71.20451, -29.92179, 0.0 ], [ -71.2012, -29.92381, 0.0 ], [ -71.19725, -29.92456, 0.0 ], [ -71.19327, -29.92394, 0.0 ], [ -71.18987, -29.92204, 0.0 ], [ -71.18756, -29.91915, 0.0 ], [ -71.1867, -29.91571, 0.0 ] ] } },
{ "type": "Feature", "properties": { "nombre": "" }, "geometry": { "type": "LineString", "coordinates": [ [ -71.21701, -29.90894, 0.0 ], [ -71.21702, -29.90893, 0.0 ], [ -71.21703, -29.90894, 0.0 ], [ -71.21702, -29.90895, 0.0 ], [ -71.21701, -29.90894, 0.0 ] ] } },
{ "type": "Feature", "properties": { "nombre": "" }, "geometry": { "type": "LineString", "coordinates": [ [ -71.21599, -29.90896, 0.0 ], [ -71.217, -29.90804, 0.0 ], [ -71.21806, -29.90892, 0.0 ], [ -71.21704, -29.90984, 0.0 ], [ -71.21599, -29.90896, 0.0 ] ] } },
{ "type": "Feature", "properties": { "nombre": "" }, "geometry": { "type": "LineString", "coordinates": [ [ -109.43828, -27.15878, 0.0 ], [ -109.40709, -27.17301, 0.0 ], [ -109.40572, -27.1706, 0.0 ], [ -109.43691, -27.15637, 0.0 ], [ -109.43828, -27.15878, 0.0 ] ] } },
{ "type": "Feature", "properties": { "nombre": "" }, "geometry": { "type": "LineString", "coordinates": [ [ -109.40694, -27.17156, 0.0 ], [ -109.40705, -27.17174, 0.0 ], [ -109.43716, -27.158, 0.0 ], [ -109.43695, -27.15764, 0.0 ], [ -109.40694, -27.17156, 0.0 ] ] } },
{ "type": "Feature", "properties": { "nombre": "" }, "geometry": { "type": "LineString", "coordinates": [ [ -109.4365, -27.15784, 0.0 ], [ -109.43671, -27.15821, 0.0 ] ] } },
{ "type": "Feature", "properties": { "nombre": "" }, "geometry": { "type": "LineString", "coordinates": [ [ -109.40709, -27.17301, 0.0 ], [ -109.37578, -27.19301, 0.0 ], [ -109.36923, -27.1815, 0.0 ], [ -109.40572, -27.1706, 0.0 ], [ -109.40709, -27.17301, 0.0 ] ] } },
{ "type": "Feature", "properties": { "nombre": "" }, "geometry": { "type": "LineString", "coordinates": [ [ -109.40277, -27.17577, 0.0 ], [ -109.40068, -27.1721, 0.0 ] ] } },
{ "type": "Feature", "properties": { "nombre": "" }, "geometry": { "type": "LineString", "coordinates": [ [ -109.39447, -27.18107, 0.0 ], [ -109.39101, -27.17499, 0.0 ] ] } },
{ "type": "Feature", "properties": { "nombre": "" }, "geometry": { "type": "LineString", "coordinates": [ [ -109.43828, -27.15878, 0.0 ], [ -109.47476, -27.14786, 0.0 ], [ -109.46819, -27.13635, 0.0 ], [ -109.43691, -27.15637, 0.0 ], [ -109.43828, -27.15878, 0.0 ] ] } },
{ "type": "Feature", "properties": { "nombre": "" }, "geometry": { "type": "LineString", "coordinates": [ [ -109.44332, -27.15727, 0.0 ], [ -109.44122, -27.15361, 0.0 ] ] } },
{ "type": "Feature", "properties": { "nombre": "" }, "geometry": { "type": "LineString", "coordinates": [ [ -109.45299, -27.15438, 0.0 ], [ -109.44952, -27.1483, 0.0 ] ] } },
{ "type": "Feature", "properties": { "nombre": "" }, "geometry": { "type": "LineString", "coordinates": [ [ -109.43706, -27.15782, 0.0 ], [ -109.40694, -27.17156, 0.0 ] ] } },
{ "type": "Feature", "properties": { "nombre": "" }, "geometry": { "type": "LineString", "coordinates": [ [ -109.38164, -27.16423, 0.0 ], [ -109.38252, -27.1572, 0.0 ], [ -109.38491, -27.15045, 0.0 ], [ -109.38873, -27.14425, 0.0 ], [ -109.39383, -27.13884, 0.0 ], [ -109.40001, -27.13442, 0.0 ], [ -109.40703, -27.13116, 0.0 ], [ -109.41463, -27.12919, 0.0 ], [ -109.42251, -27.12859, 0.0 ], [ -109.43037, -27.12937, 0.0 ], [ -109.43791, -27.13151, 0.0 ], [ -109.44484, -27.13492, 0.0 ], [ -109.45089, -27.13948, 0.0 ], [ -109.45584, -27.14501, 0.0 ], [ -109.45948, -27.15129, 0.0 ], [ -109.46168, -27.15809, 0.0 ], [ -109.46236, -27.16514, 0.0 ], [ -109.46149, -27.17217, 0.0 ], [ -109.4591, -27.17892, 0.0 ], [ -109.45528, -27.18512, 0.0 ], [ -109.45019, -27.19053, 0.0 ], [ -109.44401, -27.19496, 0.0 ], [ -109.43698, -27.19821, 0.0 ], [ -109.42938, -27.20018, 0.0 ], [ -109.42149, -27.20079, 0.0 ], [ -109.41363, -27.20001, 0.0 ], [ -109.40608, -27.19787, 0.0 ], [ -109.39915, -27.19445, 0.0 ], [ -109.3931, -27.18989, 0.0 ], [ -109.38815, -27.18436, 0.0 ], [ -109.38451, -27.17808, 0.0 ], [ -109.38232, -27.17128, 0.0 ], [ -109.38164, -27.16423, 0.0 ] ] } },
{ "type": "Feature", "properties": { "nombre": "" }, "geometry": { "type": "LineString", "coordinates": [ [ -109.36651, -27.16405, 0.0 ], [ -109.36771, -27.15438, 0.0 ], [ -109.37101, -27.14511, 0.0 ], [ -109.37626, -27.13659, 0.0 ], [ -109.38327, -27.12914, 0.0 ], [ -109.39176, -27.12307, 0.0 ], [ -109.40142, -27.11859, 0.0 ], [ -109.41186, -27.11588, 0.0 ], [ -109.4227, -27.11505, 0.0 ], [ -109.43351, -27.11613, 0.0 ], [ -109.44387, -27.11907, 0.0 ], [ -109.4534, -27.12376, 0.0 ], [ -109.46172, -27.13002, 0.0 ], [ -109.46852, -27.13762, 0.0 ], [ -109.47353, -27.14626, 0.0 ], [ -109.47656, -27.15561, 0.0 ], [ -109.4775, -27.1653, 0.0 ], [ -109.4763, -27.17497, 0.0 ], [ -109.47301, -27.18425, 0.0 ], [ -109.46777, -27.19278, 0.0 ], [ -109.46076, -27.20022, 0.0 ], [ -109.45226, -27.2063, 0.0 ], [ -109.4426, -27.21078, 0.0 ], [ -109.43215, -27.21349, 0.0 ], [ -109.4213, -27.21433, 0.0 ], [ -109.41048, -27.21325, 0.0 ], [ -109.40011, -27.21031, 0.0 ], [ -109.39058, -27.20561, 0.0 ], [ -109.38225, -27.19934, 0.0 ], [ -109.37546, -27.19174, 0.0 ], [ -109.37046, -27.1831, 0.0 ], [ -109.36743, -27.17375, 0.0 ], [ -109.36651, -27.16405, 0.0 ] ] } },
{ "type": "Feature", "properties": { "nombre": "" }, "geometry": { "type": "LineString", "coordinates": [ [ -109.40572, -27.1706, 0.0 ], [ -109.40427, -27.16806, 0.0 ] ] } },
{ "type": "Feature", "properties": { "nombre": "" }, "geometry": { "type": "LineString", "coordinates": [ [ -109.43691, -27.15637, 0.0 ], [ -109.43546, -27.15383, 0.0 ] ] } },
{ "type": "Feature", "properties": { "nombre": "" }, "geometry": { "type": "LineString", "coordinates": [ [ -109.46803, -27.13646, 0.0 ], [ -109.43546, -27.15383, 0.0 ], [ -109.40427, -27.16806, 0.0 ], [ -109.36942, -27.18144, 0.0 ] ] } },
{ "type": "Feature", "properties": { "nombre": "" }, "geometry": { "type": "LineString", "coordinates": [ [ -109.46454, -27.13869, 0.0 ], [ -109.43563, -27.15412, 0.0 ], [ -109.40443, -27.16835, 0.0 ], [ -109.37349, -27.18023, 0.0 ] ] } },
{ "type": "Feature", "properties": { "nombre": "" }, "geometry": { "type": "LineString", "coordinates": [ [ -109.45764, -27.14311, 0.0 ], [ -109.43595, -27.15468, 0.0 ], [ -109.40475, -27.16891, 0.0 ], [ -109.38154, -27.17782, 0.0 ] ] } },
{ "type": "Feature", "properties": { "nombre": "" }, "geometry": { "type": "LineString", "coordinates": [ [ -109.45073, -27.14753, 0.0 ], [ -109.43627, -27.15524, 0.0 ], [ -109.40508, -27.16947, 0.0 ], [ -109.3896, -27.17541, 0.0 ] ] } },
{ "type": "Feature", "properties": { "nombre": "" }, "geometry": { "type": "LineString", "coordinates": [ [ -109.44382, -27.15195, 0.0 ], [ -109.43659, -27.1558, 0.0 ], [ -109.4054, -27.17003, 0.0 ], [ -109.39766, -27.173, 0.0 ] ] } },
{ "type": "Feature", "properties": { "nombre": "" }, "geometry": { "type": "LineString", "coordinates": [ [ -109.40709, -27.17301, 0.0 ], [ -109.40854, -27.17554, 0.0 ] ] } },
{ "type": "Feature", "properties": { "nombre": "" }, "geometry": { "type": "LineString", "coordinates": [ [ -109.43828, -27.15878, 0.0 ], [ -109.43973, -27.16131, 0.0 ] ] } },
{ "type": "Feature", "properties": { "nombre": "" }, "geometry": { "type": "LineString", "coordinates": [ [ -109.47457, -27.14792, 0.0 ], [ -109.43973, -27.16131, 0.0 ], [ -109.40854, -27.17554, 0.0 ], [ -109.37595, -27.1929, 0.0 ] ] } },
{ "type": "Feature", "properties": { "nombre": "" }, "geometry": { "type": "LineString", "coordinates": [ [ -109.4705, -27.14913, 0.0 ], [ -109.43957, -27.16103, 0.0 ], [ -109.40837, -27.17526, 0.0 ], [ -109.37944, -27.19067, 0.0 ] ] } },
{ "type": "Feature", "properties": { "nombre": "" }, "geometry": { "type": "LineString", "coordinates": [ [ -109.46245, -27.15154, 0.0 ], [ -109.43925, -27.16047, 0.0 ], [ -109.40805, -27.1747, 0.0 ], [ -109.38635, -27.18626, 0.0 ] ] } },
{ "type": "Feature", "properties": { "nombre": "" }, "geometry": { "type": "LineString", "coordinates": [ [ -109.45439, -27.15396, 0.0 ], [ -109.43893, -27.1599, 0.0 ], [ -109.40773, -27.17413, 0.0 ], [ -109.39327, -27.18184, 0.0 ] ] } },
{ "type": "Feature", "properties": { "nombre": "" }, "geometry": { "type": "LineString", "coordinates": [ [ -109.44634, -27.15637, 0.0 ], [ -109.4386, -27.15934, 0.0 ], [ -109.40741, -27.17357, 0.0 ], [ -109.40018, -27.17743, 0.0 ] ] } },
{ "type": "Feature", "properties": { "nombre": "" }, "geometry": { "type": "LineString", "coordinates": [ [ -72.42578, -37.41094, 0.0 ], [ -72.42378, -37.39371, 0.0 ], [ -72.42547, -37.39359, 0.0 ], [ -72.42746, -37.41081, 0.0 ], [ -72.42578, -37.41094, 0.0 ] ] } },
{ "type": "Feature", "properties": { "nombre": "" }, "geometry": { "type": "LineString", "coordinates": [ [ -72.42469, -37.39419, 0.0 ], [ -72.42629, -37.40945, 0.0 ], [ -72.42662, -37.40943, 0.0 ], [ -72.42485, -37.39418, 0.0 ], [ -72.42469, -37.39419, 0.0 ] ] } },
{ "type": "Feature", "properties": { "nombre": "" }, "geometry": { "type": "LineString", "coordinates": [ [ -72.42662, -37.40943, 0.0 ], [ -72.42673, -37.41032, 0.0 ], [ -72.42639, -37.41035, 0.0 ], [ -72.42629, -37.40945, 0.0 ] ] } },
{ "type": "Feature", "properties": { "nombre": "" }, "geometry": { "type": "LineString", "coordinates": [ [ -72.42327, -37.44627, 0.0 ], [ -72.41561, -37.44529, 0.0 ], [ -72.40795, -37.44317, 0.0 ], [ -72.40119, -37.44015, 0.0 ], [ -72.39492, -37.43605, 0.0 ], [ -72.38987, -37.43136, 0.0 ], [ -72.38575, -37.42579, 0.0 ], [ -72.38304, -37.42, 0.0 ], [ -72.38158, -37.41365, 0.0 ], [ -72.37966, -37.39694, 0.0 ], [ -72.37958, -37.39244, 0.0 ], [ -72.38078, -37.38577, 0.0 ], [ -72.38366, -37.37913, 0.0 ], [ -72.38873, -37.37239, 0.0 ], [ -72.39551, -37.36669, 0.0 ], [ -72.40368, -37.36229, 0.0 ], [ -72.41319, -37.35934, 0.0 ] ] } },
{ "type": "Feature", "properties": { "nombre": "" }, "geometry": { "type": "LineString", "coordinates": [ [ -72.42231, -37.45976, 0.0 ], [ -72.41174, -37.45845, 0.0 ], [ -72.40116, -37.45555, 0.0 ], [ -72.39181, -37.45141, 0.0 ], [ -72.38315, -37.44577, 0.0 ], [ -72.37617, -37.43931, 0.0 ], [ -72.37048, -37.43164, 0.0 ], [ -72.36673, -37.42365, 0.0 ], [ -72.36471, -37.41488, 0.0 ], [ -72.3627, -37.39719, 0.0 ], [ -72.36283, -37.38982, 0.0 ], [ -72.36508, -37.38031, 0.0 ], [ -72.36961, -37.37132, 0.0 ], [ -72.37655, -37.3629, 0.0 ], [ -72.38078, -37.35916, 0.0 ], [ -72.38585, -37.35554, 0.0 ], [ -72.39688, -37.34989, 0.0 ], [ -72.40915, -37.34622, 0.0 ] ] } },
{ "type": "Feature", "properties": { "nombre": "" }, "geometry": { "type": "LineString", "coordinates": [ [ -72.42547, -37.39359, 0.0 ], [ -72.43031, -37.32538, 0.0 ], [ -72.40335, -37.32737, 0.0 ], [ -72.42378, -37.39371, 0.0 ], [ -72.42547, -37.39359, 0.0 ] ] } },
{ "type": "Feature", "properties": { "nombre": "" }, "geometry": { "type": "LineString", "coordinates": [ [ -72.4258, -37.38886, 0.0 ], [ -72.42236, -37.38911, 0.0 ] ] } },
{ "type": "Feature", "properties": { "nombre": "" }, "geometry": { "type": "LineString", "coordinates": [ [ -72.42677, -37.37522, 0.0 ], [ -72.41827, -37.37585, 0.0 ] ] } },
{ "type": "Feature", "properties": { "nombre": "" }, "geometry": { "type": "LineString", "coordinates": [ [ -72.42746, -37.41081, 0.0 ], [ -72.44794, -37.47715, 0.0 ], [ -72.42093, -37.47914, 0.0 ], [ -72.42578, -37.41094, 0.0 ], [ -72.42746, -37.41081, 0.0 ] ] } },
{ "type": "Feature", "properties": { "nombre": "" }, "geometry": { "type": "LineString", "coordinates": [ [ -72.42888, -37.41541, 0.0 ], [ -72.42544, -37.41566, 0.0 ] ] } },
{ "type": "Feature", "properties": { "nombre": "" }, "geometry": { "type": "LineString", "coordinates": [ [ -72.43298, -37.42868, 0.0 ], [ -72.42447, -37.42931, 0.0 ] ] } },
{ "type": "Feature", "properties": { "nombre": "" }, "geometry": { "type": "LineString", "coordinates": [ [ -72.42663, -37.37722, 0.0 ], [ -72.43101, -37.41055, 0.0 ], [ -72.43238, -37.42673, 0.0 ] ] } },
{ "type": "Feature", "properties": { "nombre": "" }, "geometry": { "type": "LineString", "coordinates": [ [ -72.41887, -37.37779, 0.0 ], [ -72.42224, -37.4112, 0.0 ], [ -72.42461, -37.42731, 0.0 ] ] } },
{ "type": "Feature", "properties": { "nombre": "" }, "geometry": { "type": "LineString", "coordinates": [ [ -72.42478, -37.4066, 0.0 ], [ -72.42483, -37.40655, 0.0 ], [ -72.42489, -37.4066, 0.0 ], [ -72.42483, -37.40664, 0.0 ], [ -72.42478, -37.4066, 0.0 ] ] } },
{ "type": "Feature", "properties": { "nombre": "" }, "geometry": { "type": "LineString", "coordinates": [ [ -72.42483, -37.4066, 0.0 ], [ -72.42478, -37.4066, 0.0 ], [ -72.42483, -37.4066, 0.0 ] ] } },
{ "type": "Feature", "properties": { "nombre": "" }, "geometry": { "type": "LineString", "coordinates": [ [ -72.42145, -37.40652, 0.0 ], [ -72.4225, -37.40464, 0.0 ], [ -72.42492, -37.4039, 0.0 ], [ -72.42729, -37.40474, 0.0 ], [ -72.42822, -37.40667, 0.0 ], [ -72.42716, -37.40856, 0.0 ], [ -72.42474, -37.4093, 0.0 ], [ -72.42237, -37.40846, 0.0 ], [ -72.42145, -37.40652, 0.0 ] ] } },
{ "type": "Feature", "properties": { "nombre": "" }, "geometry": { "type": "LineString", "coordinates": [ [ -72.41354, -37.40635, 0.0 ], [ -72.41452, -37.40292, 0.0 ], [ -72.41707, -37.40006, 0.0 ], [ -72.4208, -37.39818, 0.0 ], [ -72.42514, -37.39759, 0.0 ], [ -72.42944, -37.39837, 0.0 ], [ -72.43303, -37.4004, 0.0 ], [ -72.43538, -37.40338, 0.0 ], [ -72.43612, -37.40684, 0.0 ], [ -72.43514, -37.41027, 0.0 ], [ -72.4326, -37.41314, 0.0 ], [ -72.42887, -37.41501, 0.0 ], [ -72.42452, -37.4156, 0.0 ], [ -72.42023, -37.41482, 0.0 ], [ -72.41663, -37.41279, 0.0 ], [ -72.41428, -37.40982, 0.0 ], [ -72.41354, -37.40635, 0.0 ] ] } },
{ "type": "Feature", "properties": { "nombre": "" }, "geometry": { "type": "LineString", "coordinates": [ [ -72.42798, -37.35825, 0.0 ], [ -72.438, -37.35976, 0.0 ], [ -72.44704, -37.36288, 0.0 ], [ -72.45502, -37.3675, 0.0 ], [ -72.46155, -37.37338, 0.0 ], [ -72.46591, -37.37948, 0.0 ], [ -72.46862, -37.38587, 0.0 ], [ -72.46958, -37.3903, 0.0 ], [ -72.47154, -37.40701, 0.0 ], [ -72.47156, -37.41347, 0.0 ], [ -72.47023, -37.41956, 0.0 ], [ -72.46746, -37.42563, 0.0 ], [ -72.46358, -37.43099, 0.0 ], [ -72.45836, -37.43593, 0.0 ], [ -72.4524, -37.43989, 0.0 ], [ -72.44537, -37.4431, 0.0 ], [ -72.43807, -37.44518, 0.0 ] ] } },
{ "type": "Feature", "properties": { "nombre": "" }, "geometry": { "type": "LineString", "coordinates": [ [ -72.42893, -37.34476, 0.0 ], [ -72.44183, -37.34657, 0.0 ], [ -72.45398, -37.35051, 0.0 ], [ -72.46481, -37.35638, 0.0 ], [ -72.47357, -37.36364, 0.0 ], [ -72.48008, -37.37181, 0.0 ], [ -72.48448, -37.38084, 0.0 ], [ -72.48631, -37.38806, 0.0 ], [ -72.4884, -37.40575, 0.0 ], [ -72.48843, -37.41467, 0.0 ], [ -72.48659, -37.42307, 0.0 ], [ -72.48276, -37.43144, 0.0 ], [ -72.47739, -37.43882, 0.0 ], [ -72.47017, -37.44562, 0.0 ], [ -72.46193, -37.45107, 0.0 ], [ -72.4522, -37.45546, 0.0 ], [ -72.44212, -37.4583, 0.0 ] ] } },
{ "type": "Feature", "properties": { "nombre": "Area Features (#11)" }, "geometry": { "type": "Polygon", "coordinates": [ [ [ -72.64582, -38.73069, 0.0 ], [ -72.6669, -38.73764, 0.0 ], [ -72.67387, -38.74075, 0.0 ], [ -72.67887, -38.7439, 0.0 ], [ -72.68276, -38.74707, 0.0 ], [ -72.68612, -38.7506, 0.0 ], [ -72.68891, -38.75442, 0.0 ], [ -72.69134, -38.75907, 0.0 ], [ -72.69292, -38.76394, 0.0 ], [ -72.69363, -38.76894, 0.0 ], [ -72.69343, -38.77396, 0.0 ], [ -72.69235, -38.77892, 0.0 ], [ -72.69039, -38.7837, 0.0 ], [ -72.6876, -38.78823, 0.0 ], [ -72.68452, -38.79191, 0.0 ], [ -72.68033, -38.79572, 0.0 ], [ -72.67614, -38.79865, 0.0 ], [ -72.66654, -38.8032, 0.0 ], [ -72.65583, -38.80581, 0.0 ], [ -72.64462, -38.80631, 0.0 ], [ -72.63904, -38.80575, 0.0 ], [ -72.63283, -38.80447, 0.0 ], [ -72.608, -38.79635, 0.0 ], [ -72.59982, -38.79238, 0.0 ], [ -72.59236, -38.78669, 0.0 ], [ -72.58824, -38.78204, 0.0 ], [ -72.58483, -38.77636, 0.0 ], [ -72.58287, -38.77091, 0.0 ], [ -72.58201, -38.76467, 0.0 ], [ -72.58242, -38.75903, 0.0 ], [ -72.5842, -38.7529, 0.0 ], [ -72.58694, -38.74767, 0.0 ], [ -72.59116, -38.74233, 0.0 ], [ -72.59593, -38.73809, 0.0 ], [ -72.60214, -38.73412, 0.0 ], [ -72.60841, -38.73131, 0.0 ], [ -72.61593, -38.72914, 0.0 ], [ -72.62382, -38.72803, 0.0 ], [ -72.63104, -38.72796, 0.0 ], [ -72.63896, -38.72891, 0.0 ], [ -72.64582, -38.73069, 0.0 ] ] ] } },
{ "type": "Feature", "properties": { "nombre": "Area Features (#11)" }, "geometry": { "type": "Polygon", "coordinates": [ [ [ -72.65249, -38.71823, 0.0 ], [ -72.67512, -38.72573, 0.0 ], [ -72.68637, -38.73118, 0.0 ], [ -72.69295, -38.73578, 0.0 ], [ -72.698, -38.74036, 0.0 ], [ -72.70229, -38.74539, 0.0 ], [ -72.70577, -38.75079, 0.0 ], [ -72.70868, -38.75732, 0.0 ], [ -72.71026, -38.76324, 0.0 ], [ -72.71092, -38.77013, 0.0 ], [ -72.71049, -38.77617, 0.0 ], [ -72.70884, -38.78296, 0.0 ], [ -72.70643, -38.7887, 0.0 ], [ -72.70259, -38.79493, 0.0 ], [ -72.69836, -38.79999, 0.0 ], [ -72.69337, -38.80461, 0.0 ], [ -72.68769, -38.80872, 0.0 ], [ -72.68142, -38.81225, 0.0 ], [ -72.67464, -38.81516, 0.0 ], [ -72.66746, -38.8174, 0.0 ], [ -72.65998, -38.81894, 0.0 ], [ -72.65232, -38.81976, 0.0 ], [ -72.64459, -38.81984, 0.0 ], [ -72.63691, -38.81918, 0.0 ], [ -72.62833, -38.81753, 0.0 ], [ -72.60049, -38.80851, 0.0 ], [ -72.58924, -38.80306, 0.0 ], [ -72.58422, -38.79967, 0.0 ], [ -72.57898, -38.79522, 0.0 ], [ -72.57333, -38.78883, 0.0 ], [ -72.56863, -38.78102, 0.0 ], [ -72.56594, -38.77354, 0.0 ], [ -72.56476, -38.76495, 0.0 ], [ -72.56533, -38.75719, 0.0 ], [ -72.56777, -38.74877, 0.0 ], [ -72.57154, -38.74158, 0.0 ], [ -72.57735, -38.73424, 0.0 ], [ -72.5839, -38.7284, 0.0 ], [ -72.59244, -38.72294, 0.0 ], [ -72.60106, -38.71909, 0.0 ], [ -72.6114, -38.71611, 0.0 ], [ -72.62225, -38.71457, 0.0 ], [ -72.63217, -38.71448, 0.0 ], [ -72.64307, -38.71579, 0.0 ], [ -72.65249, -38.71823, 0.0 ] ] ] } },
{ "type": "Feature", "properties": { "nombre": "" }, "geometry": { "type": "LineString", "coordinates": [ [ -72.64794, -38.77119, 0.0 ], [ -72.64861, -38.76994, 0.0 ], [ -72.62771, -38.76307, 0.0 ], [ -72.62704, -38.76432, 0.0 ], [ -72.64794, -38.77119, 0.0 ] ] } },
{ "type": "Feature", "properties": { "nombre": "" }, "geometry": { "type": "LineString", "coordinates": [ [ -72.62801, -38.76391, 0.0 ], [ -72.64754, -38.77054, 0.0 ], [ -72.64774, -38.77017, 0.0 ], [ -72.62811, -38.76372, 0.0 ], [ -72.62801, -38.76391, 0.0 ] ] } },
{ "type": "Feature", "properties": { "nombre": "" }, "geometry": { "type": "LineString", "coordinates": [ [ -72.57366, -38.73732, 0.0 ], [ -72.62771, -38.76307, 0.0 ], [ -72.62704, -38.76432, 0.0 ], [ -72.56572, -38.75212, 0.0 ], [ -72.57366, -38.73732, 0.0 ] ] } },
{ "type": "Feature", "properties": { "nombre": "" }, "geometry": { "type": "LineString", "coordinates": [ [ -72.62118, -38.76316, 0.0 ], [ -72.62254, -38.76061, 0.0 ] ] } },
{ "type": "Feature", "properties": { "nombre": "" }, "geometry": { "type": "LineString", "coordinates": [ [ -72.60427, -38.75979, 0.0 ], [ -72.60764, -38.75351, 0.0 ] ] } },
{ "type": "Feature", "properties": { "nombre": "" }, "geometry": { "type": "LineString", "coordinates": [ [ -72.70997, -38.7821, 0.0 ], [ -72.64861, -38.76994, 0.0 ], [ -72.64794, -38.77119, 0.0 ], [ -72.70205, -38.79691, 0.0 ], [ -72.70997, -38.7821, 0.0 ] ] } },
{ "type": "Feature", "properties": { "nombre": "" }, "geometry": { "type": "LineString", "coordinates": [ [ -72.65311, -38.77365, 0.0 ], [ -72.65447, -38.7711, 0.0 ] ] } },
{ "type": "Feature", "properties": { "nombre": "" }, "geometry": { "type": "LineString", "coordinates": [ [ -72.66803, -38.78074, 0.0 ], [ -72.67139, -38.77446, 0.0 ] ] } },
{ "type": "Feature", "properties": { "nombre": "" }, "geometry": { "type": "LineString", "coordinates": [ [ -72.62771, -38.76307, 0.0 ], [ -72.62911, -38.76046, 0.0 ] ] } },
{ "type": "Feature", "properties": { "nombre": "" }, "geometry": { "type": "LineString", "coordinates": [ [ -72.64861, -38.76994, 0.0 ], [ -72.65001, -38.76732, 0.0 ] ] } },
{ "type": "Feature", "properties": { "nombre": "" }, "geometry": { "type": "LineString", "coordinates": [ [ -72.67399, -38.77497, 0.0 ], [ -72.60535, -38.75243, 0.0 ] ] } },
{ "type": "Feature", "properties": { "nombre": "" }, "geometry": { "type": "LineString", "coordinates": [ [ -72.65424, -38.77106, 0.0 ], [ -72.62275, -38.76071, 0.0 ] ] } },
{ "type": "Feature", "properties": { "nombre": "" }, "geometry": { "type": "LineString", "coordinates": [ [ -72.65988, -38.77218, 0.0 ], [ -72.61778, -38.75835, 0.0 ] ] } },
{ "type": "Feature", "properties": { "nombre": "" }, "geometry": { "type": "LineString", "coordinates": [ [ -72.66551, -38.77329, 0.0 ], [ -72.61282, -38.75598, 0.0 ] ] } },
{ "type": "Feature", "properties": { "nombre": "" }, "geometry": { "type": "LineString", "coordinates": [ [ -72.67114, -38.77441, 0.0 ], [ -72.60786, -38.75362, 0.0 ] ] } },
{ "type": "Feature", "properties": { "nombre": "" }, "geometry": { "type": "LineString", "coordinates": [ [ -72.62704, -38.76432, 0.0 ], [ -72.62564, -38.76694, 0.0 ] ] } },
{ "type": "Feature", "properties": { "nombre": "" }, "geometry": { "type": "LineString", "coordinates": [ [ -72.64794, -38.77119, 0.0 ], [ -72.64654, -38.7738, 0.0 ] ] } },
{ "type": "Feature", "properties": { "nombre": "" }, "geometry": { "type": "LineString", "coordinates": [ [ -72.67032, -38.78183, 0.0 ], [ -72.60168, -38.75928, 0.0 ] ] } },
{ "type": "Feature", "properties": { "nombre": "" }, "geometry": { "type": "LineString", "coordinates": [ [ -72.65291, -38.77355, 0.0 ], [ -72.62141, -38.7632, 0.0 ] ] } },
{ "type": "Feature", "properties": { "nombre": "" }, "geometry": { "type": "LineString", "coordinates": [ [ -72.65788, -38.77591, 0.0 ], [ -72.61578, -38.76208, 0.0 ] ] } },
{ "type": "Feature", "properties": { "nombre": "" }, "geometry": { "type": "LineString", "coordinates": [ [ -72.66284, -38.77827, 0.0 ], [ -72.61015, -38.76096, 0.0 ] ] } },
{ "type": "Feature", "properties": { "nombre": "" }, "geometry": { "type": "LineString", "coordinates": [ [ -72.66781, -38.78064, 0.0 ], [ -72.60452, -38.75984, 0.0 ] ] } },
{ "type": "Feature", "properties": { "nombre": "" }, "geometry": { "type": "LineString", "coordinates": [ [ -72.63058, -38.76629, 0.0 ], [ -72.63072, -38.76619, 0.0 ], [ -72.63085, -38.7663, 0.0 ], [ -72.63071, -38.7664, 0.0 ], [ -72.63058, -38.76629, 0.0 ] ] } },
{ "type": "Feature", "properties": { "nombre": "" }, "geometry": { "type": "LineString", "coordinates": [ [ -72.62727, -38.76622, 0.0 ], [ -72.62834, -38.76433, 0.0 ], [ -72.63081, -38.76359, 0.0 ], [ -72.63322, -38.76443, 0.0 ], [ -72.63417, -38.76636, 0.0 ], [ -72.63309, -38.76825, 0.0 ], [ -72.63063, -38.76899, 0.0 ], [ -72.62821, -38.76815, 0.0 ], [ -72.62727, -38.76622, 0.0 ] ] } },
{ "type": "Feature", "properties": { "nombre": "" }, "geometry": { "type": "LineString", "coordinates": [ [ -72.61922, -38.76606, 0.0 ], [ -72.62021, -38.76263, 0.0 ], [ -72.6228, -38.75976, 0.0 ], [ -72.62659, -38.75789, 0.0 ], [ -72.63101, -38.75729, 0.0 ], [ -72.63539, -38.75806, 0.0 ], [ -72.63906, -38.76009, 0.0 ], [ -72.64146, -38.76306, 0.0 ], [ -72.64222, -38.76653, 0.0 ], [ -72.64123, -38.76995, 0.0 ], [ -72.63864, -38.77282, 0.0 ], [ -72.63484, -38.7747, 0.0 ], [ -72.63042, -38.7753, 0.0 ], [ -72.62604, -38.77452, 0.0 ], [ -72.62237, -38.77249, 0.0 ], [ -72.61998, -38.76952, 0.0 ], [ -72.61922, -38.76606, 0.0 ] ] } },
{ "type": "Feature", "properties": { "nombre": "" }, "geometry": { "type": "LineString", "coordinates": [ [ -73.06594, -40.60411, 0.0 ], [ -73.05695, -40.619, 0.0 ], [ -73.05534, -40.61843, 0.0 ], [ -73.06433, -40.60354, 0.0 ], [ -73.06594, -40.60411, 0.0 ] ] } },
{ "type": "Feature", "properties": { "nombre": "" }, "geometry": { "type": "LineString", "coordinates": [ [ -73.05534, -40.61843, 0.0 ], [ -73.01967, -40.65985, 0.0 ], [ -73.03881, -40.66657, 0.0 ], [ -73.05695, -40.619, 0.0 ], [ -73.05534, -40.61843, 0.0 ] ] } },
{ "type": "Feature", "properties": { "nombre": "" }, "geometry": { "type": "LineString", "coordinates": [ [ -73.05193, -40.62239, 0.0 ], [ -73.05522, -40.62354, 0.0 ] ] } },
{ "type": "Feature", "properties": { "nombre": "" }, "geometry": { "type": "LineString", "coordinates": [ [ -73.0421, -40.63381, 0.0 ], [ -73.05022, -40.63666, 0.0 ] ] } },
{ "type": "Feature", "properties": { "nombre": "" }, "geometry": { "type": "LineString", "coordinates": [ [ -73.06433, -40.60354, 0.0 ], [ -73.08243, -40.55596, 0.0 ], [ -73.10155, -40.56267, 0.0 ], [ -73.06594, -40.60411, 0.0 ], [ -73.06433, -40.60354, 0.0 ] ] } },
{ "type": "Feature", "properties": { "nombre": "" }, "geometry": { "type": "LineString", "coordinates": [ [ -73.06606, -40.59899, 0.0 ], [ -73.06935, -40.60015, 0.0 ] ] } },
{ "type": "Feature", "properties": { "nombre": "" }, "geometry": { "type": "LineString", "coordinates": [ [ -73.07106, -40.58587, 0.0 ], [ -73.07917, -40.58872, 0.0 ] ] } },
{ "type": "Feature", "properties": { "nombre": "" }, "geometry": { "type": "LineString", "coordinates": [ [ -73.06484, -40.60431, 0.0 ], [ -73.05668, -40.61831, 0.0 ], [ -73.0562, -40.61814, 0.0 ], [ -73.0646, -40.60423, 0.0 ], [ -73.06484, -40.60431, 0.0 ] ] } },
{ "type": "Feature", "properties": { "nombre": "" }, "geometry": { "type": "LineString", "coordinates": [ [ -73.09138, -40.57451, 0.0 ], [ -73.09923, -40.57961, 0.0 ], [ -73.10544, -40.58588, 0.0 ], [ -73.10972, -40.59303, 0.0 ], [ -73.11187, -40.60072, 0.0 ], [ -73.11189, -40.60774, 0.0 ], [ -73.11023, -40.61436, 0.0 ], [ -73.10809, -40.61885, 0.0 ], [ -73.09939, -40.63328, 0.0 ], [ -73.09517, -40.63888, 0.0 ], [ -73.08997, -40.64362, 0.0 ], [ -73.08347, -40.64778, 0.0 ], [ -73.07644, -40.65086, 0.0 ], [ -73.06846, -40.65306, 0.0 ], [ -73.06047, -40.65411, 0.0 ], [ -73.05235, -40.65411, 0.0 ], [ -73.044, -40.65298, 0.0 ] ] } },
{ "type": "Feature", "properties": { "nombre": "" }, "geometry": { "type": "LineString", "coordinates": [ [ -73.10109, -40.56321, 0.0 ], [ -73.10677, -40.56648, 0.0 ], [ -73.1116, -40.56992, 0.0 ], [ -73.11626, -40.57403, 0.0 ], [ -73.12003, -40.57817, 0.0 ], [ -73.12345, -40.58293, 0.0 ], [ -73.126, -40.58758, 0.0 ], [ -73.12792, -40.59241, 0.0 ], [ -73.12918, -40.59736, 0.0 ], [ -73.12978, -40.60238, 0.0 ], [ -73.12973, -40.60703, 0.0 ], [ -73.12793, -40.61623, 0.0 ], [ -73.12491, -40.62323, 0.0 ], [ -73.11551, -40.63892, 0.0 ], [ -73.10968, -40.64665, 0.0 ], [ -73.1025, -40.65319, 0.0 ], [ -73.09353, -40.65891, 0.0 ], [ -73.08381, -40.66315, 0.0 ], [ -73.07329, -40.66606, 0.0 ], [ -73.06176, -40.66759, 0.0 ], [ -73.05056, -40.66755, 0.0 ], [ -73.03905, -40.66595, 0.0 ] ] } },
{ "type": "Feature", "properties": { "nombre": "" }, "geometry": { "type": "LineString", "coordinates": [ [ -73.05534, -40.61843, 0.0 ], [ -73.05196, -40.61724, 0.0 ] ] } },
{ "type": "Feature", "properties": { "nombre": "" }, "geometry": { "type": "LineString", "coordinates": [ [ -73.06433, -40.60354, 0.0 ], [ -73.06095, -40.60236, 0.0 ] ] } },
{ "type": "Feature", "properties": { "nombre": "" }, "geometry": { "type": "LineString", "coordinates": [ [ -73.07182, -40.58386, 0.0 ], [ -73.04059, -40.63557, 0.0 ] ] } },
{ "type": "Feature", "properties": { "nombre": "" }, "geometry": { "type": "LineString", "coordinates": [ [ -73.07099, -40.58605, 0.0 ], [ -73.04223, -40.63366, 0.0 ] ] } },
{ "type": "Feature", "properties": { "nombre": "" }, "geometry": { "type": "LineString", "coordinates": [ [ -73.06933, -40.59042, 0.0 ], [ -73.04551, -40.62985, 0.0 ] ] } },
{ "type": "Feature", "properties": { "nombre": "" }, "geometry": { "type": "LineString", "coordinates": [ [ -73.06766, -40.5948, 0.0 ], [ -73.04879, -40.62605, 0.0 ] ] } },
{ "type": "Feature", "properties": { "nombre": "" }, "geometry": { "type": "LineString", "coordinates": [ [ -73.066, -40.59917, 0.0 ], [ -73.05206, -40.62224, 0.0 ] ] } },
{ "type": "Feature", "properties": { "nombre": "" }, "geometry": { "type": "LineString", "coordinates": [ [ -73.05695, -40.619, 0.0 ], [ -73.06033, -40.62018, 0.0 ] ] } },
{ "type": "Feature", "properties": { "nombre": "" }, "geometry": { "type": "LineString", "coordinates": [ [ -73.06594, -40.60411, 0.0 ], [ -73.06932, -40.60529, 0.0 ] ] } },
{ "type": "Feature", "properties": { "nombre": "" }, "geometry": { "type": "LineString", "coordinates": [ [ -73.08068, -40.58697, 0.0 ], [ -73.04945, -40.63867, 0.0 ] ] } },
{ "type": "Feature", "properties": { "nombre": "" }, "geometry": { "type": "LineString", "coordinates": [ [ -73.07904, -40.58887, 0.0 ], [ -73.05029, -40.63649, 0.0 ] ] } },
{ "type": "Feature", "properties": { "nombre": "" }, "geometry": { "type": "LineString", "coordinates": [ [ -73.07577, -40.59268, 0.0 ], [ -73.05195, -40.63211, 0.0 ] ] } },
{ "type": "Feature", "properties": { "nombre": "" }, "geometry": { "type": "LineString", "coordinates": [ [ -73.07249, -40.59649, 0.0 ], [ -73.05362, -40.62774, 0.0 ] ] } },
{ "type": "Feature", "properties": { "nombre": "" }, "geometry": { "type": "LineString", "coordinates": [ [ -73.06922, -40.6003, 0.0 ], [ -73.05528, -40.62337, 0.0 ] ] } },
{ "type": "Feature", "properties": { "nombre": "" }, "geometry": { "type": "LineString", "coordinates": [ [ -73.02987, -40.64802, 0.0 ], [ -73.02357, -40.64412, 0.0 ], [ -73.01803, -40.63923, 0.0 ], [ -73.01388, -40.63392, 0.0 ], [ -73.01089, -40.62787, 0.0 ], [ -73.0094, -40.62179, 0.0 ], [ -73.00932, -40.61533, 0.0 ], [ -73.01067, -40.60924, 0.0 ], [ -73.01351, -40.60315, 0.0 ], [ -73.02223, -40.58874, 0.0 ], [ -73.02531, -40.58458, 0.0 ], [ -73.03083, -40.57931, 0.0 ], [ -73.03784, -40.57475, 0.0 ], [ -73.04689, -40.57099, 0.0 ], [ -73.05679, -40.56882, 0.0 ], [ -73.06708, -40.56833, 0.0 ], [ -73.07726, -40.56956, 0.0 ] ] } },
{ "type": "Feature", "properties": { "nombre": "" }, "geometry": { "type": "LineString", "coordinates": [ [ -73.02014, -40.65931, 0.0 ], [ -73.01142, -40.65396, 0.0 ], [ -73.00375, -40.64724, 0.0 ], [ -72.998, -40.63992, 0.0 ], [ -72.99385, -40.63159, 0.0 ], [ -72.99177, -40.62321, 0.0 ], [ -72.99165, -40.6143, 0.0 ], [ -72.99349, -40.60589, 0.0 ], [ -72.99741, -40.5975, 0.0 ], [ -73.00693, -40.58185, 0.0 ], [ -73.01195, -40.57555, 0.0 ], [ -73.01993, -40.56852, 0.0 ], [ -73.02992, -40.56255, 0.0 ], [ -73.0422, -40.55789, 0.0 ], [ -73.05548, -40.5553, 0.0 ], [ -73.06918, -40.55489, 0.0 ], [ -73.0822, -40.55658, 0.0 ] ] } },
{ "type": "Feature", "properties": { "nombre": "Area Features (#12)" }, "geometry": { "type": "Polygon", "coordinates": [ [ [ -73.05534, -40.61843, 0.0 ], [ -73.06557, -40.6015, 0.0 ], [ -73.06718, -40.60206, 0.0 ], [ -73.05695, -40.619, 0.0 ], [ -73.05534, -40.61843, 0.0 ] ] ] } },
{ "type": "Feature", "properties": { "nombre": "Area Features (#12)" }, "geometry": { "type": "Polygon", "coordinates": [ [ [ -73.0562, -40.61814, 0.0 ], [ -73.06583, -40.60218, 0.0 ], [ -73.06632, -40.60235, 0.0 ], [ -73.05668, -40.61831, 0.0 ], [ -73.0562, -40.61814, 0.0 ] ] ] } },
{ "type": "Feature", "properties": { "nombre": "" }, "geometry": { "type": "LineString", "coordinates": [ [ -73.05193, -40.62239, 0.0 ], [ -73.05522, -40.62354, 0.0 ] ] } },
{ "type": "Feature", "properties": { "nombre": "" }, "geometry": { "type": "LineString", "coordinates": [ [ -73.0421, -40.63381, 0.0 ], [ -73.05022, -40.63666, 0.0 ] ] } },
{ "type": "Feature", "properties": { "nombre": "" }, "geometry": { "type": "LineString", "coordinates": [ [ -73.05534, -40.61843, 0.0 ], [ -73.05695, -40.619, 0.0 ], [ -73.03881, -40.66657, 0.0 ], [ -73.01967, -40.65985, 0.0 ], [ -73.05534, -40.61843, 0.0 ], [ -73.05196, -40.61724, 0.0 ] ] } },
{ "type": "Feature", "properties": { "nombre": "" }, "geometry": { "type": "LineString", "coordinates": [ [ -73.05695, -40.619, 0.0 ], [ -73.06033, -40.62018, 0.0 ] ] } },
{ "type": "Feature", "properties": { "nombre": "" }, "geometry": { "type": "LineString", "coordinates": [ [ -73.07056, -40.60325, 0.0 ], [ -73.06718, -40.60206, 0.0 ], [ -73.10278, -40.56062, 0.0 ], [ -73.08367, -40.55392, 0.0 ], [ -73.06557, -40.6015, 0.0 ], [ -73.06718, -40.60206, 0.0 ] ] } },
{ "type": "Feature", "properties": { "nombre": "" }, "geometry": { "type": "LineString", "coordinates": [ [ -73.07058, -40.5981, 0.0 ], [ -73.0673, -40.59695, 0.0 ] ] } },
{ "type": "Feature", "properties": { "nombre": "" }, "geometry": { "type": "LineString", "coordinates": [ [ -73.0804, -40.58667, 0.0 ], [ -73.07229, -40.58383, 0.0 ] ] } },
{ "type": "Feature", "properties": { "nombre": "" }, "geometry": { "type": "LineString", "coordinates": [ [ -73.02987, -40.64802, 0.0 ], [ -73.02357, -40.64412, 0.0 ], [ -73.01803, -40.63923, 0.0 ], [ -73.01388, -40.63392, 0.0 ], [ -73.01089, -40.62787, 0.0 ], [ -73.0094, -40.62179, 0.0 ], [ -73.00932, -40.61533, 0.0 ], [ -73.01067, -40.60924, 0.0 ], [ -73.01351, -40.60315, 0.0 ], [ -73.02347, -40.58669, 0.0 ], [ -73.02615, -40.583, 0.0 ], [ -73.03155, -40.57767, 0.0 ], [ -73.03847, -40.57303, 0.0 ], [ -73.04744, -40.56917, 0.0 ], [ -73.05766, -40.56682, 0.0 ], [ -73.06832, -40.56629, 0.0 ], [ -73.0785, -40.56751, 0.0 ] ] } },
{ "type": "Feature", "properties": { "nombre": "" }, "geometry": { "type": "LineString", "coordinates": [ [ -73.09261, -40.57246, 0.0 ], [ -73.10072, -40.57777, 0.0 ], [ -73.10686, -40.58408, 0.0 ], [ -73.11118, -40.59152, 0.0 ], [ -73.11317, -40.59923, 0.0 ], [ -73.11305, -40.60626, 0.0 ], [ -73.11126, -40.61286, 0.0 ], [ -73.10932, -40.61681, 0.0 ], [ -73.09939, -40.63328, 0.0 ], [ -73.09517, -40.63888, 0.0 ], [ -73.08997, -40.64362, 0.0 ], [ -73.08347, -40.64778, 0.0 ], [ -73.07644, -40.65086, 0.0 ], [ -73.06846, -40.65306, 0.0 ], [ -73.06047, -40.65411, 0.0 ], [ -73.05235, -40.65411, 0.0 ], [ -73.044, -40.65298, 0.0 ] ] } },
{ "type": "Feature", "properties": { "nombre": "" }, "geometry": { "type": "LineString", "coordinates": [ [ -73.02014, -40.65931, 0.0 ], [ -73.01142, -40.65396, 0.0 ], [ -73.00375, -40.64724, 0.0 ], [ -72.998, -40.63992, 0.0 ], [ -72.99385, -40.63159, 0.0 ], [ -72.99177, -40.62321, 0.0 ], [ -72.99165, -40.6143, 0.0 ], [ -72.99349, -40.60589, 0.0 ], [ -72.99741, -40.5975, 0.0 ], [ -73.00794, -40.58015, 0.0 ], [ -73.0126, -40.57414, 0.0 ], [ -73.02044, -40.56702, 0.0 ], [ -73.0303, -40.56092, 0.0 ], [ -73.04248, -40.55612, 0.0 ], [ -73.04925, -40.55443, 0.0 ], [ -73.05621, -40.55331, 0.0 ], [ -73.06991, -40.55282, 0.0 ], [ -73.08343, -40.55454, 0.0 ] ] } },
{ "type": "Feature", "properties": { "nombre": "" }, "geometry": { "type": "LineString", "coordinates": [ [ -73.10232, -40.56116, 0.0 ], [ -73.108, -40.56443, 0.0 ], [ -73.11318, -40.56816, 0.0 ], [ -73.1178, -40.57229, 0.0 ], [ -73.12153, -40.57645, 0.0 ], [ -73.1249, -40.58124, 0.0 ], [ -73.12741, -40.5859, 0.0 ], [ -73.12939, -40.59112, 0.0 ], [ -73.13055, -40.59608, 0.0 ], [ -73.13105, -40.60111, 0.0 ], [ -73.1309, -40.60576, 0.0 ], [ -73.12891, -40.61494, 0.0 ], [ -73.12595, -40.62154, 0.0 ], [ -73.11551, -40.63892, 0.0 ], [ -73.10968, -40.64665, 0.0 ], [ -73.1025, -40.65319, 0.0 ], [ -73.09353, -40.65891, 0.0 ], [ -73.08381, -40.66315, 0.0 ], [ -73.07329, -40.66606, 0.0 ], [ -73.06176, -40.66759, 0.0 ], [ -73.05056, -40.66755, 0.0 ], [ -73.03905, -40.66595, 0.0 ] ] } },
{ "type": "Feature", "properties": { "nombre": "" }, "geometry": { "type": "LineString", "coordinates": [ [ -73.04945, -40.63867, 0.0 ], [ -73.08191, -40.58492, 0.0 ] ] } },
{ "type": "Feature", "properties": { "nombre": "" }, "geometry": { "type": "LineString", "coordinates": [ [ -73.05029, -40.63649, 0.0 ], [ -73.08027, -40.58683, 0.0 ] ] } },
{ "type": "Feature", "properties": { "nombre": "" }, "geometry": { "type": "LineString", "coordinates": [ [ -73.05195, -40.63211, 0.0 ], [ -73.077, -40.59064, 0.0 ] ] } },
{ "type": "Feature", "properties": { "nombre": "" }, "geometry": { "type": "LineString", "coordinates": [ [ -73.05362, -40.62774, 0.0 ], [ -73.07373, -40.59444, 0.0 ] ] } },
{ "type": "Feature", "properties": { "nombre": "" }, "geometry": { "type": "LineString", "coordinates": [ [ -73.05528, -40.62337, 0.0 ], [ -73.07045, -40.59825, 0.0 ] ] } },
{ "type": "Feature", "properties": { "nombre": "" }, "geometry": { "type": "LineString", "coordinates": [ [ -73.06557, -40.6015, 0.0 ], [ -73.06219, -40.60031, 0.0 ] ] } },
{ "type": "Feature", "properties": { "nombre": "" }, "geometry": { "type": "LineString", "coordinates": [ [ -73.04059, -40.63557, 0.0 ], [ -73.07306, -40.58182, 0.0 ] ] } },
{ "type": "Feature", "properties": { "nombre": "" }, "geometry": { "type": "LineString", "coordinates": [ [ -73.04223, -40.63366, 0.0 ], [ -73.07223, -40.584, 0.0 ] ] } },
{ "type": "Feature", "properties": { "nombre": "" }, "geometry": { "type": "LineString", "coordinates": [ [ -73.04551, -40.62985, 0.0 ], [ -73.07056, -40.58838, 0.0 ] ] } },
{ "type": "Feature", "properties": { "nombre": "" }, "geometry": { "type": "LineString", "coordinates": [ [ -73.04879, -40.62605, 0.0 ], [ -73.0689, -40.59275, 0.0 ] ] } },
{ "type": "Feature", "properties": { "nombre": "" }, "geometry": { "type": "LineString", "coordinates": [ [ -73.05206, -40.62224, 0.0 ], [ -73.06723, -40.59712, 0.0 ] ] } },
{ "type": "Feature", "properties": { "nombre": "" }, "geometry": { "type": "LineString", "coordinates": [ [ -71.21549, -34.96806, 0.0 ], [ -71.21564, -34.96793, 0.0 ], [ -71.21579, -34.96805, 0.0 ], [ -71.21564, -34.96818, 0.0 ], [ -71.21549, -34.96806, 0.0 ] ] } },
{ "type": "Feature", "properties": { "nombre": "" }, "geometry": { "type": "LineString", "coordinates": [ [ -71.21563, -34.96806, 0.0 ], [ -71.21564, -34.96805, 0.0 ], [ -71.21564, -34.96806, 0.0 ], [ -71.21564, -34.96806, 0.0 ], [ -71.21563, -34.96806, 0.0 ] ] } },
{ "type": "Feature", "properties": { "nombre": "" }, "geometry": { "type": "LineString", "coordinates": [ [ -71.21236, -34.96812, 0.0 ], [ -71.21327, -34.96619, 0.0 ], [ -71.21557, -34.96535, 0.0 ], [ -71.21791, -34.9661, 0.0 ], [ -71.21892, -34.968, 0.0 ], [ -71.21801, -34.96993, 0.0 ], [ -71.21571, -34.97076, 0.0 ], [ -71.21337, -34.97001, 0.0 ], [ -71.21236, -34.96812, 0.0 ] ] } },
{ "type": "Feature", "properties": { "nombre": "" }, "geometry": { "type": "LineString", "coordinates": [ [ -71.20469, -34.96826, 0.0 ], [ -71.20543, -34.96479, 0.0 ], [ -71.20773, -34.96183, 0.0 ], [ -71.21123, -34.95981, 0.0 ], [ -71.2154, -34.95905, 0.0 ], [ -71.2196, -34.95966, 0.0 ], [ -71.22321, -34.96154, 0.0 ], [ -71.22566, -34.96442, 0.0 ], [ -71.22659, -34.96786, 0.0 ], [ -71.22585, -34.97132, 0.0 ], [ -71.22355, -34.97429, 0.0 ], [ -71.22005, -34.97631, 0.0 ], [ -71.21588, -34.97707, 0.0 ], [ -71.21167, -34.97646, 0.0 ], [ -71.20807, -34.97457, 0.0 ], [ -71.20562, -34.97169, 0.0 ], [ -71.20469, -34.96826, 0.0 ] ] } },
{ "type": "Feature", "properties": { "nombre": "" }, "geometry": { "type": "LineString", "coordinates": [ [ -71.21687, -34.96994, 0.0 ], [ -71.21463, -34.96195, 0.0 ], [ -71.21549, -34.96179, 0.0 ], [ -71.21773, -34.96978, 0.0 ], [ -71.21687, -34.96994, 0.0 ] ] } },
{ "type": "Feature", "properties": { "nombre": "" }, "geometry": { "type": "LineString", "coordinates": [ [ -71.21715, -34.96934, 0.0 ], [ -71.21528, -34.96229, 0.0 ], [ -71.21509, -34.96233, 0.0 ], [ -71.21706, -34.96935, 0.0 ], [ -71.21715, -34.96934, 0.0 ] ] } },
{ "type": "Feature", "properties": { "nombre": "" }, "geometry": { "type": "LineString", "coordinates": [ [ -71.21725, -34.96932, 0.0 ], [ -71.21732, -34.96958, 0.0 ], [ -71.21713, -34.96962, 0.0 ], [ -71.21706, -34.96935, 0.0 ], [ -71.21725, -34.96932, 0.0 ] ] } },
{ "type": "Feature", "properties": { "nombre": "" }, "geometry": { "type": "LineString", "coordinates": [ [ -71.21549, -34.96179, 0.0 ], [ -71.21277, -34.93321, 0.0 ], [ -71.20185, -34.93529, 0.0 ], [ -71.21463, -34.96195, 0.0 ], [ -71.21549, -34.96179, 0.0 ] ] } },
{ "type": "Feature", "properties": { "nombre": "" }, "geometry": { "type": "LineString", "coordinates": [ [ -71.21522, -34.95902, 0.0 ], [ -71.21339, -34.95937, 0.0 ] ] } },
{ "type": "Feature", "properties": { "nombre": "" }, "geometry": { "type": "LineString", "coordinates": [ [ -71.21453, -34.95175, 0.0 ], [ -71.21014, -34.95258, 0.0 ] ] } },
{ "type": "Feature", "properties": { "nombre": "" }, "geometry": { "type": "LineString", "coordinates": [ [ -71.21773, -34.96978, 0.0 ], [ -71.23052, -34.99644, 0.0 ], [ -71.2196, -34.99852, 0.0 ], [ -71.21687, -34.96994, 0.0 ], [ -71.21773, -34.96978, 0.0 ] ] } },
{ "type": "Feature", "properties": { "nombre": "" }, "geometry": { "type": "LineString", "coordinates": [ [ -71.21897, -34.97237, 0.0 ], [ -71.21714, -34.97271, 0.0 ] ] } },
{ "type": "Feature", "properties": { "nombre": "" }, "geometry": { "type": "LineString", "coordinates": [ [ -71.22222, -34.97915, 0.0 ], [ -71.21783, -34.97998, 0.0 ] ] } },
{ "type": "Feature", "properties": { "nombre": "" }, "geometry": { "type": "LineString", "coordinates": [ [ -71.21617, -34.96582, 0.0 ], [ -71.21618, -34.96585, 0.0 ] ] } },
{ "type": "Feature", "properties": { "nombre": "" }, "geometry": { "type": "LineString", "coordinates": [ [ -71.1888, -34.96632, 0.0 ], [ -71.18921, -34.96191, 0.0 ], [ -71.19066, -34.95766, 0.0 ], [ -71.19308, -34.95372, 0.0 ], [ -71.19639, -34.95025, 0.0 ], [ -71.20046, -34.94737, 0.0 ], [ -71.20514, -34.9452, 0.0 ], [ -71.21024, -34.94383, 0.0 ], [ -71.21556, -34.9433, 0.0 ], [ -71.22091, -34.94363, 0.0 ], [ -71.22608, -34.94482, 0.0 ], [ -71.23086, -34.94681, 0.0 ], [ -71.23509, -34.94954, 0.0 ], [ -71.23858, -34.95289, 0.0 ], [ -71.24122, -34.95674, 0.0 ], [ -71.24289, -34.96094, 0.0 ], [ -71.24353, -34.96532, 0.0 ], [ -71.24313, -34.96972, 0.0 ], [ -71.24168, -34.97398, 0.0 ], [ -71.23926, -34.97792, 0.0 ], [ -71.23595, -34.9814, 0.0 ], [ -71.23188, -34.98427, 0.0 ], [ -71.2272, -34.98644, 0.0 ], [ -71.2221, -34.98782, 0.0 ], [ -71.21678, -34.98835, 0.0 ], [ -71.21142, -34.98801, 0.0 ], [ -71.20625, -34.98683, 0.0 ], [ -71.20147, -34.98483, 0.0 ], [ -71.19724, -34.9821, 0.0 ], [ -71.19375, -34.97875, 0.0 ], [ -71.19112, -34.9749, 0.0 ], [ -71.18945, -34.9707, 0.0 ], [ -71.1888, -34.96632, 0.0 ] ] } },
{ "type": "Feature", "properties": { "nombre": "" }, "geometry": { "type": "LineString", "coordinates": [ [ -71.17676, -34.96654, 0.0 ], [ -71.17735, -34.96019, 0.0 ], [ -71.17943, -34.95407, 0.0 ], [ -71.18293, -34.94839, 0.0 ], [ -71.18769, -34.94339, 0.0 ], [ -71.19356, -34.93925, 0.0 ], [ -71.20029, -34.93613, 0.0 ], [ -71.20763, -34.93415, 0.0 ], [ -71.2153, -34.93338, 0.0 ], [ -71.223, -34.93387, 0.0 ], [ -71.23044, -34.93558, 0.0 ], [ -71.23733, -34.93845, 0.0 ], [ -71.24341, -34.94237, 0.0 ], [ -71.24844, -34.9472, 0.0 ], [ -71.25223, -34.95274, 0.0 ], [ -71.25464, -34.95878, 0.0 ], [ -71.25557, -34.9651, 0.0 ], [ -71.25499, -34.97144, 0.0 ], [ -71.25291, -34.97757, 0.0 ], [ -71.24943, -34.98324, 0.0 ], [ -71.24466, -34.98825, 0.0 ], [ -71.23879, -34.99239, 0.0 ], [ -71.23206, -34.99552, 0.0 ], [ -71.22472, -34.9975, 0.0 ], [ -71.21704, -34.99826, 0.0 ], [ -71.20934, -34.99778, 0.0 ], [ -71.20189, -34.99607, 0.0 ], [ -71.195, -34.99319, 0.0 ], [ -71.18891, -34.98927, 0.0 ], [ -71.18388, -34.98444, 0.0 ], [ -71.18009, -34.9789, 0.0 ], [ -71.17769, -34.97285, 0.0 ], [ -71.17676, -34.96654, 0.0 ] ] } },
{ "type": "Feature", "properties": { "nombre": "" }, "geometry": { "type": "LineString", "coordinates": [ [ -71.21773, -34.96978, 0.0 ], [ -71.22013, -34.96932, 0.0 ] ] } },
{ "type": "Feature", "properties": { "nombre": "" }, "geometry": { "type": "LineString", "coordinates": [ [ -71.21549, -34.96179, 0.0 ], [ -71.21789, -34.96133, 0.0 ] ] } },
{ "type": "Feature", "properties": { "nombre": "" }, "geometry": { "type": "LineString", "coordinates": [ [ -71.2223, -34.97932, 0.0 ], [ -71.22013, -34.96932, 0.0 ], [ -71.21451, -34.95157, 0.0 ] ] } },
{ "type": "Feature", "properties": { "nombre": "" }, "geometry": { "type": "LineString", "coordinates": [ [ -71.22179, -34.97826, 0.0 ], [ -71.21986, -34.96938, 0.0 ], [ -71.21462, -34.9527, 0.0 ] ] } },
{ "type": "Feature", "properties": { "nombre": "" }, "geometry": { "type": "LineString", "coordinates": [ [ -71.22078, -34.97614, 0.0 ], [ -71.21933, -34.96948, 0.0 ], [ -71.21484, -34.95498, 0.0 ] ] } },
{ "type": "Feature", "properties": { "nombre": "" }, "geometry": { "type": "LineString", "coordinates": [ [ -71.21976, -34.97402, 0.0 ], [ -71.21505, -34.95725, 0.0 ] ] } },
{ "type": "Feature", "properties": { "nombre": "" }, "geometry": { "type": "LineString", "coordinates": [ [ -71.21874, -34.9719, 0.0 ], [ -71.21527, -34.95952, 0.0 ] ] } },
{ "type": "Feature", "properties": { "nombre": "" }, "geometry": { "type": "LineString", "coordinates": [ [ -71.21687, -34.96994, 0.0 ], [ -71.21447, -34.9704, 0.0 ] ] } },
{ "type": "Feature", "properties": { "nombre": "" }, "geometry": { "type": "LineString", "coordinates": [ [ -71.21463, -34.96195, 0.0 ], [ -71.21223, -34.96241, 0.0 ] ] } },
{ "type": "Feature", "properties": { "nombre": "" }, "geometry": { "type": "LineString", "coordinates": [ [ -71.21785, -34.98017, 0.0 ], [ -71.21447, -34.9704, 0.0 ], [ -71.21006, -34.95242, 0.0 ] ] } },
{ "type": "Feature", "properties": { "nombre": "" }, "geometry": { "type": "LineString", "coordinates": [ [ -71.21774, -34.97903, 0.0 ], [ -71.21474, -34.97035, 0.0 ], [ -71.21057, -34.95348, 0.0 ] ] } },
{ "type": "Feature", "properties": { "nombre": "" }, "geometry": { "type": "LineString", "coordinates": [ [ -71.21752, -34.97676, 0.0 ], [ -71.21527, -34.97025, 0.0 ], [ -71.21158, -34.95559, 0.0 ] ] } },
{ "type": "Feature", "properties": { "nombre": "" }, "geometry": { "type": "LineString", "coordinates": [ [ -71.21731, -34.97449, 0.0 ], [ -71.2126, -34.95771, 0.0 ] ] } },
{ "type": "Feature", "properties": { "nombre": "" }, "geometry": { "type": "LineString", "coordinates": [ [ -71.21709, -34.97222, 0.0 ], [ -71.21362, -34.95983, 0.0 ] ] } },
{ "type": "Feature", "properties": { "nombre": "Area Features (#13)" }, "geometry": { "type": "Polygon", "coordinates": [ ] } },
{ "type": "Feature", "properties": { "nombre": "Area Features (#13)" }, "geometry": { "type": "Polygon", "coordinates": [ ] } },
{ "type": "Feature", "properties": { "nombre": "Area Features (#13)" }, "geometry": { "type": "Polygon", "coordinates": [ ] } },
{ "type": "Feature", "properties": { "nombre": "Area Features (#13)" }, "geometry": { "type": "Polygon", "coordinates": [ ] } },
{ "type": "Feature", "properties": { "nombre": "Area Features (#13)" }, "geometry": { "type": "Polygon", "coordinates": [ ] } },
{ "type": "Feature", "properties": { "nombre": "Area Features (#13)" }, "geometry": { "type": "Polygon", "coordinates": [ ] } },
{ "type": "Feature", "properties": { "nombre": "Area Features (#13)" }, "geometry": { "type": "Polygon", "coordinates": [ ] } },
{ "type": "Feature", "properties": { "nombre": "Area Features (#13)" }, "geometry": { "type": "Polygon", "coordinates": [ ] } },
{ "type": "Feature", "properties": { "nombre": "Area Features (#13)" }, "geometry": { "type": "Polygon", "coordinates": [ ] } },
{ "type": "Feature", "properties": { "nombre": "Area Features (#13)" }, "geometry": { "type": "Polygon", "coordinates": [ ] } },
{ "type": "Feature", "properties": { "nombre": "Area Features (#13)" }, "geometry": { "type": "Polygon", "coordinates": [ ] } },
{ "type": "Feature", "properties": { "nombre": "Area Features (#13)" }, "geometry": { "type": "Polygon", "coordinates": [ ] } },
{ "type": "Feature", "properties": { "nombre": "Area Features (#13)" }, "geometry": { "type": "Polygon", "coordinates": [ ] } },
{ "type": "Feature", "properties": { "nombre": "Area Features (#13)" }, "geometry": { "type": "Polygon", "coordinates": [ ] } },
{ "type": "Feature", "properties": { "nombre": "Area Features (#13)" }, "geometry": { "type": "Polygon", "coordinates": [ ] } },
{ "type": "Feature", "properties": { "nombre": "Area Features (#13)" }, "geometry": { "type": "Polygon", "coordinates": [ ] } },
{ "type": "Feature", "properties": { "nombre": "Area Features (#13)" }, "geometry": { "type": "Polygon", "coordinates": [ ] } },
{ "type": "Feature", "properties": { "nombre": "Area Features (#13)" }, "geometry": { "type": "Polygon", "coordinates": [ ] } },
{ "type": "Feature", "properties": { "nombre": "Area Features (#13)" }, "geometry": { "type": "Polygon", "coordinates": [ ] } },
{ "type": "Feature", "properties": { "nombre": "Area Features (#13)" }, "geometry": { "type": "Polygon", "coordinates": [ ] } },
{ "type": "Feature", "properties": { "nombre": "Area Features (#13)" }, "geometry": { "type": "Polygon", "coordinates": [ ] } },
{ "type": "Feature", "properties": { "nombre": "Area Features (#13)" }, "geometry": { "type": "Polygon", "coordinates": [ ] } },
{ "type": "Feature", "properties": { "nombre": "Area Features (#13)" }, "geometry": { "type": "Polygon", "coordinates": [ ] } },
{ "type": "Feature", "properties": { "nombre": "Area Features (#13)" }, "geometry": { "type": "Polygon", "coordinates": [ ] } },
{ "type": "Feature", "properties": { "nombre": "Area Features (#13)" }, "geometry": { "type": "Polygon", "coordinates": [ ] } },
{ "type": "Feature", "properties": { "nombre": "Area Features (#13)" }, "geometry": { "type": "Polygon", "coordinates": [ ] } },
{ "type": "Feature", "properties": { "nombre": "Area Features (#13)" }, "geometry": { "type": "Polygon", "coordinates": [ ] } },
{ "type": "Feature", "properties": { "nombre": "Area Features (#13)" }, "geometry": { "type": "Polygon", "coordinates": [ ] } },
{ "type": "Feature", "properties": { "nombre": "Area Features (#13)" }, "geometry": { "type": "Polygon", "coordinates": [ ] } },
{ "type": "Feature", "properties": { "nombre": "Area Features (#13)" }, "geometry": { "type": "Polygon", "coordinates": [ ] } },
{ "type": "Feature", "properties": { "nombre": "Area Features (#13)" }, "geometry": { "type": "Polygon", "coordinates": [ ] } },
{ "type": "Feature", "properties": { "nombre": "Area Features (#13)" }, "geometry": { "type": "Polygon", "coordinates": [ ] } },
{ "type": "Feature", "properties": { "nombre": "Area Features (#13)" }, "geometry": { "type": "Polygon", "coordinates": [ ] } },
{ "type": "Feature", "properties": { "nombre": "Area Features (#13)" }, "geometry": { "type": "Polygon", "coordinates": [ ] } },
{ "type": "Feature", "properties": { "nombre": "Area Features (#13)" }, "geometry": { "type": "Polygon", "coordinates": [ ] } },
{ "type": "Feature", "properties": { "nombre": "Area Features (#13)" }, "geometry": { "type": "Polygon", "coordinates": [ ] } },
{ "type": "Feature", "properties": { "nombre": "Area Features (#13)" }, "geometry": { "type": "Polygon", "coordinates": [ ] } },
{ "type": "Feature", "properties": { "nombre": "Area Features (#13)" }, "geometry": { "type": "Polygon", "coordinates": [ ] } },
{ "type": "Feature", "properties": { "nombre": "Area Features (#13)" }, "geometry": { "type": "Polygon", "coordinates": [ ] } },
{ "type": "Feature", "properties": { "nombre": "Area Features (#13)" }, "geometry": { "type": "Polygon", "coordinates": [ ] } },
{ "type": "Feature", "properties": { "nombre": "Area Features (#13)" }, "geometry": { "type": "Polygon", "coordinates": [ ] } },
{ "type": "Feature", "properties": { "nombre": "Area Features (#13)" }, "geometry": { "type": "Polygon", "coordinates": [ ] } },
{ "type": "Feature", "properties": { "nombre": "Area Features (#13)" }, "geometry": { "type": "Polygon", "coordinates": [ ] } },
{ "type": "Feature", "properties": { "nombre": "Area Features (#13)" }, "geometry": { "type": "Polygon", "coordinates": [ ] } },
{ "type": "Feature", "properties": { "nombre": "Area Features (#13)" }, "geometry": { "type": "Polygon", "coordinates": [ ] } },
{ "type": "Feature", "properties": { "nombre": "Area Features (#13)" }, "geometry": { "type": "Polygon", "coordinates": [ ] } },
{ "type": "Feature", "properties": { "nombre": "Area Features (#13)" }, "geometry": { "type": "Polygon", "coordinates": [ ] } },
{ "type": "Feature", "properties": { "nombre": "Area Features (#13)" }, "geometry": { "type": "Polygon", "coordinates": [ ] } },
{ "type": "Feature", "properties": { "nombre": "Area Features (#13)" }, "geometry": { "type": "Polygon", "coordinates": [ ] } },
{ "type": "Feature", "properties": { "nombre": "Area Features (#13)" }, "geometry": { "type": "Polygon", "coordinates": [ ] } },
{ "type": "Feature", "properties": { "nombre": "Area Features (#13)" }, "geometry": { "type": "Polygon", "coordinates": [ ] } },
{ "type": "Feature", "properties": { "nombre": "Area Features (#13)" }, "geometry": { "type": "Polygon", "coordinates": [ ] } },
{ "type": "Feature", "properties": { "nombre": "Area Features (#13)" }, "geometry": { "type": "Polygon", "coordinates": [ ] } },
{ "type": "Feature", "properties": { "nombre": "Area Features (#13)" }, "geometry": { "type": "Polygon", "coordinates": [ ] } },
{ "type": "Feature", "properties": { "nombre": "Area Features (#13)" }, "geometry": { "type": "Polygon", "coordinates": [ ] } },
{ "type": "Feature", "properties": { "nombre": "Area Features (#13)" }, "geometry": { "type": "Polygon", "coordinates": [ ] } },
{ "type": "Feature", "properties": { "nombre": "Area Features (#13)" }, "geometry": { "type": "Polygon", "coordinates": [ ] } },
{ "type": "Feature", "properties": { "nombre": "Area Features (#13)" }, "geometry": { "type": "Polygon", "coordinates": [ ] } },
{ "type": "Feature", "properties": { "nombre": "Area Features (#13)" }, "geometry": { "type": "Polygon", "coordinates": [ ] } },
{ "type": "Feature", "properties": { "nombre": "Area Features (#13)" }, "geometry": { "type": "Polygon", "coordinates": [ ] } },
{ "type": "Feature", "properties": { "nombre": "Area Features (#13)" }, "geometry": { "type": "Polygon", "coordinates": [ ] } },
{ "type": "Feature", "properties": { "nombre": "Area Features (#13)" }, "geometry": { "type": "Polygon", "coordinates": [ ] } },
{ "type": "Feature", "properties": { "nombre": "Area Features (#13)" }, "geometry": { "type": "Polygon", "coordinates": [ ] } },
{ "type": "Feature", "properties": { "nombre": "Area Features (#13)" }, "geometry": { "type": "Polygon", "coordinates": [ ] } },
{ "type": "Feature", "properties": { "nombre": "Area Features (#13)" }, "geometry": { "type": "Polygon", "coordinates": [ ] } },
{ "type": "Feature", "properties": { "nombre": "Area Features (#13)" }, "geometry": { "type": "Polygon", "coordinates": [ ] } },
{ "type": "Feature", "properties": { "nombre": "Area Features (#13)" }, "geometry": { "type": "Polygon", "coordinates": [ ] } },
{ "type": "Feature", "properties": { "nombre": "Area Features (#13)" }, "geometry": { "type": "Polygon", "coordinates": [ ] } },
{ "type": "Feature", "properties": { "nombre": "Area Features (#13)" }, "geometry": { "type": "Polygon", "coordinates": [ ] } },
{ "type": "Feature", "properties": { "nombre": "Area Features (#13)" }, "geometry": { "type": "Polygon", "coordinates": [ ] } },
{ "type": "Feature", "properties": { "nombre": "Area Features (#13)" }, "geometry": { "type": "Polygon", "coordinates": [ ] } },
{ "type": "Feature", "properties": { "nombre": "Area Features (#13)" }, "geometry": { "type": "Polygon", "coordinates": [ ] } },
{ "type": "Feature", "properties": { "nombre": "Area Features (#13)" }, "geometry": { "type": "Polygon", "coordinates": [ ] } },
{ "type": "Feature", "properties": { "nombre": "Area Features (#13)" }, "geometry": { "type": "Polygon", "coordinates": [ ] } },
{ "type": "Feature", "properties": { "nombre": "Area Features (#13)" }, "geometry": { "type": "Polygon", "coordinates": [ ] } },
{ "type": "Feature", "properties": { "nombre": "Area Features (#13)" }, "geometry": { "type": "Polygon", "coordinates": [ ] } },
{ "type": "Feature", "properties": { "nombre": "Area Features (#13)" }, "geometry": { "type": "Polygon", "coordinates": [ ] } },
{ "type": "Feature", "properties": { "nombre": "Area Features (#13)" }, "geometry": { "type": "Polygon", "coordinates": [ ] } },
{ "type": "Feature", "properties": { "nombre": "Area Features (#13)" }, "geometry": { "type": "Polygon", "coordinates": [ ] } },
{ "type": "Feature", "properties": { "nombre": "Area Features (#13)" }, "geometry": { "type": "Polygon", "coordinates": [ ] } },
{ "type": "Feature", "properties": { "nombre": "Area Features (#13)" }, "geometry": { "type": "Polygon", "coordinates": [ ] } },
{ "type": "Feature", "properties": { "nombre": "Area Features (#13)" }, "geometry": { "type": "Polygon", "coordinates": [ ] } },
{ "type": "Feature", "properties": { "nombre": "Area Features (#13)" }, "geometry": { "type": "Polygon", "coordinates": [ ] } },
{ "type": "Feature", "properties": { "nombre": "Area Features (#13)" }, "geometry": { "type": "Polygon", "coordinates": [ ] } },
{ "type": "Feature", "properties": { "nombre": "Area Features (#13)" }, "geometry": { "type": "Polygon", "coordinates": [ ] } },
{ "type": "Feature", "properties": { "nombre": "Area Features (#13)" }, "geometry": { "type": "Polygon", "coordinates": [ ] } },
{ "type": "Feature", "properties": { "nombre": "Area Features (#13)" }, "geometry": { "type": "Polygon", "coordinates": [ ] } },
{ "type": "Feature", "properties": { "nombre": "Area Features (#13)" }, "geometry": { "type": "Polygon", "coordinates": [ ] } },
{ "type": "Feature", "properties": { "nombre": "Area Features (#13)" }, "geometry": { "type": "Polygon", "coordinates": [ [ [ -70.64017, -33.44852, 0.0 ], [ -70.64016, -33.44852, 0.0 ], [ -70.64017, -33.44851, 0.0 ], [ -70.64017, -33.44852, 0.0 ] ] ] } },
{ "type": "Feature", "properties": { "nombre": "Area Features (#13)" }, "geometry": { "type": "Polygon", "coordinates": [ [ [ -70.64016, -33.44852, 0.0 ], [ -70.64016, -33.44851, 0.0 ], [ -70.64017, -33.44851, 0.0 ], [ -70.64016, -33.44852, 0.0 ] ] ] } },
{ "type": "Feature", "properties": { "nombre": "Area Features (#13)" }, "geometry": { "type": "Polygon", "coordinates": [ ] } },
{ "type": "Feature", "properties": { "nombre": "Area Features (#13)" }, "geometry": { "type": "Polygon", "coordinates": [ ] } },
{ "type": "Feature", "properties": { "nombre": "Area Features (#13)" }, "geometry": { "type": "Polygon", "coordinates": [ ] } },
{ "type": "Feature", "properties": { "nombre": "Area Features (#13)" }, "geometry": { "type": "Polygon", "coordinates": [ ] } },
{ "type": "Feature", "properties": { "nombre": "Area Features (#13)" }, "geometry": { "type": "Polygon", "coordinates": [ ] } },
{ "type": "Feature", "properties": { "nombre": "Area Features (#13)" }, "geometry": { "type": "Polygon", "coordinates": [ ] } },
{ "type": "Feature", "properties": { "nombre": "Area Features (#13)" }, "geometry": { "type": "Polygon", "coordinates": [ ] } },
{ "type": "Feature", "properties": { "nombre": "Area Features (#13)" }, "geometry": { "type": "Polygon", "coordinates": [ ] } },
{ "type": "Feature", "properties": { "nombre": "Area Features (#13)" }, "geometry": { "type": "Polygon", "coordinates": [ ] } },
{ "type": "Feature", "properties": { "nombre": "Area Features (#13)" }, "geometry": { "type": "Polygon", "coordinates": [ ] } },
{ "type": "Feature", "properties": { "nombre": "Area Features (#13)" }, "geometry": { "type": "Polygon", "coordinates": [ ] } },
{ "type": "Feature", "properties": { "nombre": "Area Features (#13)" }, "geometry": { "type": "Polygon", "coordinates": [ ] } },
{ "type": "Feature", "properties": { "nombre": "Area Features (#13)" }, "geometry": { "type": "Polygon", "coordinates": [ ] } },
{ "type": "Feature", "properties": { "nombre": "Area Features (#13)" }, "geometry": { "type": "Polygon", "coordinates": [ ] } },
{ "type": "Feature", "properties": { "nombre": "Area Features (#13)" }, "geometry": { "type": "Polygon", "coordinates": [ ] } },
{ "type": "Feature", "properties": { "nombre": "Area Features (#13)" }, "geometry": { "type": "Polygon", "coordinates": [ ] } },
{ "type": "Feature", "properties": { "nombre": "Area Features (#13)" }, "geometry": { "type": "Polygon", "coordinates": [ ] } },
{ "type": "Feature", "properties": { "nombre": "Area Features (#13)" }, "geometry": { "type": "Polygon", "coordinates": [ ] } },
{ "type": "Feature", "properties": { "nombre": "Area Features (#13)" }, "geometry": { "type": "Polygon", "coordinates": [ ] } },
{ "type": "Feature", "properties": { "nombre": "Area Features (#13)" }, "geometry": { "type": "Polygon", "coordinates": [ ] } },
{ "type": "Feature", "properties": { "nombre": "Area Features (#13)" }, "geometry": { "type": "Polygon", "coordinates": [ ] } },
{ "type": "Feature", "properties": { "nombre": "Area Features (#13)" }, "geometry": { "type": "Polygon", "coordinates": [ ] } },
{ "type": "Feature", "properties": { "nombre": "Area Features (#13)" }, "geometry": { "type": "Polygon", "coordinates": [ ] } },
{ "type": "Feature", "properties": { "nombre": "Area Features (#13)" }, "geometry": { "type": "Polygon", "coordinates": [ ] } },
{ "type": "Feature", "properties": { "nombre": "Area Features (#13)" }, "geometry": { "type": "Polygon", "coordinates": [ ] } },
{ "type": "Feature", "properties": { "nombre": "Area Features (#13)" }, "geometry": { "type": "Polygon", "coordinates": [ ] } },
{ "type": "Feature", "properties": { "nombre": "Area Features (#13)" }, "geometry": { "type": "Polygon", "coordinates": [ ] } },
{ "type": "Feature", "properties": { "nombre": "Area Features (#13)" }, "geometry": { "type": "Polygon", "coordinates": [ ] } },
{ "type": "Feature", "properties": { "nombre": "Area Features (#13)" }, "geometry": { "type": "Polygon", "coordinates": [ ] } },
{ "type": "Feature", "properties": { "nombre": "Area Features (#13)" }, "geometry": { "type": "Polygon", "coordinates": [ ] } },
{ "type": "Feature", "properties": { "nombre": "Area Features (#13)" }, "geometry": { "type": "Polygon", "coordinates": [ ] } },
{ "type": "Feature", "properties": { "nombre": "Area Features (#13)" }, "geometry": { "type": "Polygon", "coordinates": [ ] } },
{ "type": "Feature", "properties": { "nombre": "Area Features (#13)" }, "geometry": { "type": "Polygon", "coordinates": [ ] } },
{ "type": "Feature", "properties": { "nombre": "Area Features (#13)" }, "geometry": { "type": "Polygon", "coordinates": [ ] } },
{ "type": "Feature", "properties": { "nombre": "Area Features (#13)" }, "geometry": { "type": "Polygon", "coordinates": [ ] } },
{ "type": "Feature", "properties": { "nombre": "Area Features (#13)" }, "geometry": { "type": "Polygon", "coordinates": [ ] } },
{ "type": "Feature", "properties": { "nombre": "Area Features (#13)" }, "geometry": { "type": "Polygon", "coordinates": [ ] } },
{ "type": "Feature", "properties": { "nombre": "Area Features (#13)" }, "geometry": { "type": "Polygon", "coordinates": [ ] } },
{ "type": "Feature", "properties": { "nombre": "Area Features (#13)" }, "geometry": { "type": "Polygon", "coordinates": [ ] } },
{ "type": "Feature", "properties": { "nombre": "Area Features (#13)" }, "geometry": { "type": "Polygon", "coordinates": [ ] } },
{ "type": "Feature", "properties": { "nombre": "Area Features (#13)" }, "geometry": { "type": "Polygon", "coordinates": [ ] } },
{ "type": "Feature", "properties": { "nombre": "Area Features (#13)" }, "geometry": { "type": "Polygon", "coordinates": [ ] } },
{ "type": "Feature", "properties": { "nombre": "Area Features (#13)" }, "geometry": { "type": "Polygon", "coordinates": [ ] } },
{ "type": "Feature", "properties": { "nombre": "Area Features (#13)" }, "geometry": { "type": "Polygon", "coordinates": [ ] } },
{ "type": "Feature", "properties": { "nombre": "Area Features (#13)" }, "geometry": { "type": "Polygon", "coordinates": [ ] } },
{ "type": "Feature", "properties": { "nombre": "Area Features (#13)" }, "geometry": { "type": "Polygon", "coordinates": [ ] } },
{ "type": "Feature", "properties": { "nombre": "Area Features (#13)" }, "geometry": { "type": "Polygon", "coordinates": [ ] } },
{ "type": "Feature", "properties": { "nombre": "Area Features (#13)" }, "geometry": { "type": "Polygon", "coordinates": [ ] } },
{ "type": "Feature", "properties": { "nombre": "Area Features (#13)" }, "geometry": { "type": "Polygon", "coordinates": [ ] } },
{ "type": "Feature", "properties": { "nombre": "Area Features (#13)" }, "geometry": { "type": "Polygon", "coordinates": [ ] } },
{ "type": "Feature", "properties": { "nombre": "Area Features (#13)" }, "geometry": { "type": "Polygon", "coordinates": [ ] } },
{ "type": "Feature", "properties": { "nombre": "Area Features (#13)" }, "geometry": { "type": "Polygon", "coordinates": [ ] } },
{ "type": "Feature", "properties": { "nombre": "Area Features (#13)" }, "geometry": { "type": "Polygon", "coordinates": [ ] } },
{ "type": "Feature", "properties": { "nombre": "Area Features (#13)" }, "geometry": { "type": "Polygon", "coordinates": [ ] } },
{ "type": "Feature", "properties": { "nombre": "Area Features (#13)" }, "geometry": { "type": "Polygon", "coordinates": [ ] } },
{ "type": "Feature", "properties": { "nombre": "Area Features (#13)" }, "geometry": { "type": "Polygon", "coordinates": [ ] } },
{ "type": "Feature", "properties": { "nombre": "Area Features (#13)" }, "geometry": { "type": "Polygon", "coordinates": [ ] } },
{ "type": "Feature", "properties": { "nombre": "Area Features (#13)" }, "geometry": { "type": "Polygon", "coordinates": [ ] } },
{ "type": "Feature", "properties": { "nombre": "Area Features (#13)" }, "geometry": { "type": "Polygon", "coordinates": [ ] } },
{ "type": "Feature", "properties": { "nombre": "Area Features (#13)" }, "geometry": { "type": "Polygon", "coordinates": [ ] } },
{ "type": "Feature", "properties": { "nombre": "Area Features (#13)" }, "geometry": { "type": "Polygon", "coordinates": [ ] } },
{ "type": "Feature", "properties": { "nombre": "Area Features (#13)" }, "geometry": { "type": "Polygon", "coordinates": [ ] } },
{ "type": "Feature", "properties": { "nombre": "Area Features (#13)" }, "geometry": { "type": "Polygon", "coordinates": [ ] } },
{ "type": "Feature", "properties": { "nombre": "Area Features (#13)" }, "geometry": { "type": "Polygon", "coordinates": [ ] } },
{ "type": "Feature", "properties": { "nombre": "Area Features (#13)" }, "geometry": { "type": "Polygon", "coordinates": [ ] } },
{ "type": "Feature", "properties": { "nombre": "Area Features (#13)" }, "geometry": { "type": "Polygon", "coordinates": [ ] } },
{ "type": "Feature", "properties": { "nombre": "Area Features (#13)" }, "geometry": { "type": "Polygon", "coordinates": [ ] } },
{ "type": "Feature", "properties": { "nombre": "Area Features (#13)" }, "geometry": { "type": "Polygon", "coordinates": [ ] } },
{ "type": "Feature", "properties": { "nombre": "Area Features (#13)" }, "geometry": { "type": "Polygon", "coordinates": [ ] } },
{ "type": "Feature", "properties": { "nombre": "Area Features (#13)" }, "geometry": { "type": "Polygon", "coordinates": [ ] } },
{ "type": "Feature", "properties": { "nombre": "Area Features (#13)" }, "geometry": { "type": "Polygon", "coordinates": [ ] } },
{ "type": "Feature", "properties": { "nombre": "Area Features (#13)" }, "geometry": { "type": "Polygon", "coordinates": [ ] } },
{ "type": "Feature", "properties": { "nombre": "Area Features (#13)" }, "geometry": { "type": "Polygon", "coordinates": [ ] } },
{ "type": "Feature", "properties": { "nombre": "Area Features (#13)" }, "geometry": { "type": "Polygon", "coordinates": [ ] } },
{ "type": "Feature", "properties": { "nombre": "Area Features (#13)" }, "geometry": { "type": "Polygon", "coordinates": [ ] } },
{ "type": "Feature", "properties": { "nombre": "Area Features (#13)" }, "geometry": { "type": "Polygon", "coordinates": [ ] } },
{ "type": "Feature", "properties": { "nombre": "Area Features (#13)" }, "geometry": { "type": "Polygon", "coordinates": [ ] } },
{ "type": "Feature", "properties": { "nombre": "Area Features (#13)" }, "geometry": { "type": "Polygon", "coordinates": [ ] } },
{ "type": "Feature", "properties": { "nombre": "Area Features (#13)" }, "geometry": { "type": "Polygon", "coordinates": [ ] } },
{ "type": "Feature", "properties": { "nombre": "Area Features (#13)" }, "geometry": { "type": "Polygon", "coordinates": [ ] } },
{ "type": "Feature", "properties": { "nombre": "Area Features (#13)" }, "geometry": { "type": "Polygon", "coordinates": [ ] } },
{ "type": "Feature", "properties": { "nombre": "Area Features (#13)" }, "geometry": { "type": "Polygon", "coordinates": [ ] } },
{ "type": "Feature", "properties": { "nombre": "Area Features (#13)" }, "geometry": { "type": "Polygon", "coordinates": [ ] } },
{ "type": "Feature", "properties": { "nombre": "Area Features (#13)" }, "geometry": { "type": "Polygon", "coordinates": [ ] } },
{ "type": "Feature", "properties": { "nombre": "Area Features (#13)" }, "geometry": { "type": "Polygon", "coordinates": [ ] } },
{ "type": "Feature", "properties": { "nombre": "Area Features (#13)" }, "geometry": { "type": "Polygon", "coordinates": [ ] } },
{ "type": "Feature", "properties": { "nombre": "Area Features (#13)" }, "geometry": { "type": "Polygon", "coordinates": [ ] } },
{ "type": "Feature", "properties": { "nombre": "Area Features (#13)" }, "geometry": { "type": "Polygon", "coordinates": [ ] } },
{ "type": "Feature", "properties": { "nombre": "Area Features (#13)" }, "geometry": { "type": "Polygon", "coordinates": [ ] } },
{ "type": "Feature", "properties": { "nombre": "Area Features (#13)" }, "geometry": { "type": "Polygon", "coordinates": [ ] } },
{ "type": "Feature", "properties": { "nombre": "Area Features (#13)" }, "geometry": { "type": "Polygon", "coordinates": [ ] } },
{ "type": "Feature", "properties": { "nombre": "Area Features (#13)" }, "geometry": { "type": "Polygon", "coordinates": [ ] } },
{ "type": "Feature", "properties": { "nombre": "Area Features (#13)" }, "geometry": { "type": "Polygon", "coordinates": [ ] } },
{ "type": "Feature", "properties": { "nombre": "Area Features (#13)" }, "geometry": { "type": "Polygon", "coordinates": [ ] } },
{ "type": "Feature", "properties": { "nombre": "Area Features (#13)" }, "geometry": { "type": "Polygon", "coordinates": [ ] } },
{ "type": "Feature", "properties": { "nombre": "Area Features (#13)" }, "geometry": { "type": "Polygon", "coordinates": [ ] } },
{ "type": "Feature", "properties": { "nombre": "Area Features (#13)" }, "geometry": { "type": "Polygon", "coordinates": [ ] } },
{ "type": "Feature", "properties": { "nombre": "Area Features (#13)" }, "geometry": { "type": "Polygon", "coordinates": [ ] } },
{ "type": "Feature", "properties": { "nombre": "Area Features (#13)" }, "geometry": { "type": "Polygon", "coordinates": [ ] } },
{ "type": "Feature", "properties": { "nombre": "Area Features (#13)" }, "geometry": { "type": "Polygon", "coordinates": [ ] } },
{ "type": "Feature", "properties": { "nombre": "Area Features (#13)" }, "geometry": { "type": "Polygon", "coordinates": [ ] } },
{ "type": "Feature", "properties": { "nombre": "Area Features (#13)" }, "geometry": { "type": "Polygon", "coordinates": [ ] } },
{ "type": "Feature", "properties": { "nombre": "Area Features (#13)" }, "geometry": { "type": "Polygon", "coordinates": [ ] } },
{ "type": "Feature", "properties": { "nombre": "Area Features (#13)" }, "geometry": { "type": "Polygon", "coordinates": [ ] } },
{ "type": "Feature", "properties": { "nombre": "Area Features (#13)" }, "geometry": { "type": "Polygon", "coordinates": [ ] } },
{ "type": "Feature", "properties": { "nombre": "Area Features (#13)" }, "geometry": { "type": "Polygon", "coordinates": [ ] } },
{ "type": "Feature", "properties": { "nombre": "Area Features (#13)" }, "geometry": { "type": "Polygon", "coordinates": [ ] } },
{ "type": "Feature", "properties": { "nombre": "Area Features (#13)" }, "geometry": { "type": "Polygon", "coordinates": [ ] } },
{ "type": "Feature", "properties": { "nombre": "Area Features (#13)" }, "geometry": { "type": "Polygon", "coordinates": [ ] } },
{ "type": "Feature", "properties": { "nombre": "Area Features (#13)" }, "geometry": { "type": "Polygon", "coordinates": [ ] } },
{ "type": "Feature", "properties": { "nombre": "Area Features (#13)" }, "geometry": { "type": "Polygon", "coordinates": [ ] } },
{ "type": "Feature", "properties": { "nombre": "Area Features (#13)" }, "geometry": { "type": "Polygon", "coordinates": [ ] } },
{ "type": "Feature", "properties": { "nombre": "Area Features (#13)" }, "geometry": { "type": "Polygon", "coordinates": [ ] } },
{ "type": "Feature", "properties": { "nombre": "Area Features (#13)" }, "geometry": { "type": "Polygon", "coordinates": [ ] } },
{ "type": "Feature", "properties": { "nombre": "Area Features (#13)" }, "geometry": { "type": "Polygon", "coordinates": [ ] } },
{ "type": "Feature", "properties": { "nombre": "Area Features (#13)" }, "geometry": { "type": "Polygon", "coordinates": [ ] } },
{ "type": "Feature", "properties": { "nombre": "Area Features (#13)" }, "geometry": { "type": "Polygon", "coordinates": [ ] } },
{ "type": "Feature", "properties": { "nombre": "Area Features (#13)" }, "geometry": { "type": "Polygon", "coordinates": [ ] } },
{ "type": "Feature", "properties": { "nombre": "Area Features (#13)" }, "geometry": { "type": "Polygon", "coordinates": [ ] } },
{ "type": "Feature", "properties": { "nombre": "Area Features (#13)" }, "geometry": { "type": "Polygon", "coordinates": [ ] } },
{ "type": "Feature", "properties": { "nombre": "Area Features (#13)" }, "geometry": { "type": "Polygon", "coordinates": [ ] } },
{ "type": "Feature", "properties": { "nombre": "Area Features (#13)" }, "geometry": { "type": "Polygon", "coordinates": [ ] } },
{ "type": "Feature", "properties": { "nombre": "Area Features (#13)" }, "geometry": { "type": "Polygon", "coordinates": [ ] } },
{ "type": "Feature", "properties": { "nombre": "Area Features (#13)" }, "geometry": { "type": "Polygon", "coordinates": [ ] } },
{ "type": "Feature", "properties": { "nombre": "Area Features (#13)" }, "geometry": { "type": "Polygon", "coordinates": [ ] } },
{ "type": "Feature", "properties": { "nombre": "Area Features (#13)" }, "geometry": { "type": "Polygon", "coordinates": [ ] } },
{ "type": "Feature", "properties": { "nombre": "Area Features (#13)" }, "geometry": { "type": "Polygon", "coordinates": [ ] } },
{ "type": "Feature", "properties": { "nombre": "Area Features (#13)" }, "geometry": { "type": "Polygon", "coordinates": [ ] } },
{ "type": "Feature", "properties": { "nombre": "Area Features (#13)" }, "geometry": { "type": "Polygon", "coordinates": [ ] } },
{ "type": "Feature", "properties": { "nombre": "Area Features (#13)" }, "geometry": { "type": "Polygon", "coordinates": [ ] } },
{ "type": "Feature", "properties": { "nombre": "Area Features (#13)" }, "geometry": { "type": "Polygon", "coordinates": [ ] } },
{ "type": "Feature", "properties": { "nombre": "Area Features (#13)" }, "geometry": { "type": "Polygon", "coordinates": [ ] } },
{ "type": "Feature", "properties": { "nombre": "Area Features (#13)" }, "geometry": { "type": "Polygon", "coordinates": [ ] } },
{ "type": "Feature", "properties": { "nombre": "Area Features (#13)" }, "geometry": { "type": "Polygon", "coordinates": [ ] } },
{ "type": "Feature", "properties": { "nombre": "Area Features (#13)" }, "geometry": { "type": "Polygon", "coordinates": [ ] } },
{ "type": "Feature", "properties": { "nombre": "Area Features (#13)" }, "geometry": { "type": "Polygon", "coordinates": [ ] } },
{ "type": "Feature", "properties": { "nombre": "Area Features (#13)" }, "geometry": { "type": "Polygon", "coordinates": [ ] } },
{ "type": "Feature", "properties": { "nombre": "Area Features (#13)" }, "geometry": { "type": "Polygon", "coordinates": [ ] } },
{ "type": "Feature", "properties": { "nombre": "Area Features (#13)" }, "geometry": { "type": "Polygon", "coordinates": [ ] } },
{ "type": "Feature", "properties": { "nombre": "Area Features (#13)" }, "geometry": { "type": "Polygon", "coordinates": [ ] } },
{ "type": "Feature", "properties": { "nombre": "Area Features (#13)" }, "geometry": { "type": "Polygon", "coordinates": [ ] } },
{ "type": "Feature", "properties": { "nombre": "Area Features (#13)" }, "geometry": { "type": "Polygon", "coordinates": [ ] } },
{ "type": "Feature", "properties": { "nombre": "Area Features (#13)" }, "geometry": { "type": "Polygon", "coordinates": [ ] } },
{ "type": "Feature", "properties": { "nombre": "Area Features (#13)" }, "geometry": { "type": "Polygon", "coordinates": [ ] } },
{ "type": "Feature", "properties": { "nombre": "Area Features (#13)" }, "geometry": { "type": "Polygon", "coordinates": [ ] } },
{ "type": "Feature", "properties": { "nombre": "Area Features (#13)" }, "geometry": { "type": "Polygon", "coordinates": [ ] } },
{ "type": "Feature", "properties": { "nombre": "Area Features (#13)" }, "geometry": { "type": "Polygon", "coordinates": [ ] } },
{ "type": "Feature", "properties": { "nombre": "Area Features (#13)" }, "geometry": { "type": "Polygon", "coordinates": [ ] } },
{ "type": "Feature", "properties": { "nombre": "Area Features (#13)" }, "geometry": { "type": "Polygon", "coordinates": [ ] } },
{ "type": "Feature", "properties": { "nombre": "Area Features (#13)" }, "geometry": { "type": "Polygon", "coordinates": [ ] } },
{ "type": "Feature", "properties": { "nombre": "Area Features (#13)" }, "geometry": { "type": "Polygon", "coordinates": [ ] } },
{ "type": "Feature", "properties": { "nombre": "Area Features (#13)" }, "geometry": { "type": "Polygon", "coordinates": [ ] } },
{ "type": "Feature", "properties": { "nombre": "Area Features (#13)" }, "geometry": { "type": "Polygon", "coordinates": [ ] } },
{ "type": "Feature", "properties": { "nombre": "Area Features (#13)" }, "geometry": { "type": "Polygon", "coordinates": [ ] } },
{ "type": "Feature", "properties": { "nombre": "Area Features (#13)" }, "geometry": { "type": "Polygon", "coordinates": [ ] } },
{ "type": "Feature", "properties": { "nombre": "Area Features (#13)" }, "geometry": { "type": "Polygon", "coordinates": [ ] } },
{ "type": "Feature", "properties": { "nombre": "Area Features (#13)" }, "geometry": { "type": "Polygon", "coordinates": [ ] } },
{ "type": "Feature", "properties": { "nombre": "Area Features (#13)" }, "geometry": { "type": "Polygon", "coordinates": [ ] } },
{ "type": "Feature", "properties": { "nombre": "Area Features (#13)" }, "geometry": { "type": "Polygon", "coordinates": [ ] } },
{ "type": "Feature", "properties": { "nombre": "Area Features (#13)" }, "geometry": { "type": "Polygon", "coordinates": [ ] } },
{ "type": "Feature", "properties": { "nombre": "Area Features (#13)" }, "geometry": { "type": "Polygon", "coordinates": [ ] } },
{ "type": "Feature", "properties": { "nombre": "Area Features (#13)" }, "geometry": { "type": "Polygon", "coordinates": [ ] } },
{ "type": "Feature", "properties": { "nombre": "Area Features (#13)" }, "geometry": { "type": "Polygon", "coordinates": [ ] } },
{ "type": "Feature", "properties": { "nombre": "Area Features (#13)" }, "geometry": { "type": "Polygon", "coordinates": [ ] } },
{ "type": "Feature", "properties": { "nombre": "Area Features (#13)" }, "geometry": { "type": "Polygon", "coordinates": [ ] } },
{ "type": "Feature", "properties": { "nombre": "Area Features (#13)" }, "geometry": { "type": "Polygon", "coordinates": [ ] } },
{ "type": "Feature", "properties": { "nombre": "Area Features (#13)" }, "geometry": { "type": "Polygon", "coordinates": [ [ [ -70.63748, -33.4445, 0.0 ], [ -70.63747, -33.44441, 0.0 ], [ -70.63752, -33.44445, 0.0 ], [ -70.63748, -33.4445, 0.0 ] ] ] } },
{ "type": "Feature", "properties": { "nombre": "Area Features (#13)" }, "geometry": { "type": "Polygon", "coordinates": [ [ [ -70.63741, -33.44439, 0.0 ], [ -70.63753, -33.44452, 0.0 ], [ -70.63738, -33.44449, 0.0 ], [ -70.63741, -33.44439, 0.0 ] ] ] } },
{ "type": "Feature", "properties": { "nombre": "Area Features (#13)" }, "geometry": { "type": "Polygon", "coordinates": [ [ [ -70.63737, -33.44434, 0.0 ], [ -70.63758, -33.44456, 0.0 ], [ -70.63732, -33.44451, 0.0 ], [ -70.63737, -33.44434, 0.0 ] ] ] } },
{ "type": "Feature", "properties": { "nombre": "" }, "geometry": { "type": "LineString", "coordinates": [ [ -70.6426, -33.44617, 0.0 ], [ -70.63763, -33.4444, 0.0 ] ] } },
{ "type": "Feature", "properties": { "nombre": "" }, "geometry": { "type": "LineString", "coordinates": [ [ -70.6426, -33.44617, 0.0 ], [ -70.64164, -33.44752, 0.0 ], [ -70.64018, -33.44851, 0.0 ], [ -70.63653, -33.44899, 0.0 ] ] } },
{ "type": "Feature", "properties": { "nombre": "" }, "geometry": { "type": "LineString", "coordinates": [ [ -70.63715, -33.44679, 0.0 ], [ -70.63899, -33.44648, 0.0 ], [ -70.64014, -33.44524, 0.0 ] ] } },
{ "type": "Feature", "properties": { "nombre": "" }, "geometry": { "type": "LineString", "coordinates": [ [ -70.64016, -33.44852, 0.0 ], [ -70.64016, -33.44851, 0.0 ], [ -70.64017, -33.44852, 0.0 ], [ -70.64016, -33.44852, 0.0 ], [ -70.64016, -33.44852, 0.0 ] ] } },
{ "type": "Feature", "properties": { "nombre": "" }, "geometry": { "type": "LineString", "coordinates": [ [ -70.63882, -33.44656, 0.0 ], [ -70.63883, -33.44656, 0.0 ], [ -70.63884, -33.44656, 0.0 ], [ -70.63883, -33.44656, 0.0 ], [ -70.63882, -33.44656, 0.0 ] ] } },
{ "type": "Feature", "properties": { "nombre": "" }, "geometry": { "type": "LineString", "coordinates": [ [ -70.63816, -33.44558, 0.0 ], [ -70.63816, -33.44557, 0.0 ], [ -70.63817, -33.44558, 0.0 ], [ -70.63816, -33.44558, 0.0 ], [ -70.63816, -33.44558, 0.0 ] ] } },
{ "type": "Feature", "properties": { "nombre": "" }, "geometry": { "type": "LineString", "coordinates": [ [ -70.63255, -33.4466, 0.0 ], [ -70.63331, -33.44408, 0.0 ] ] } },
{ "type": "Feature", "properties": { "nombre": "" }, "geometry": { "type": "LineString", "coordinates": [ [ -70.63517, -33.44865, 0.0 ], [ -70.63255, -33.4466, 0.0 ] ] } },
{ "type": "Feature", "properties": { "nombre": "" }, "geometry": { "type": "LineString", "coordinates": [ [ -70.63653, -33.44899, 0.0 ], [ -70.63727, -33.44645, 0.0 ], [ -70.63596, -33.44614, 0.0 ], [ -70.63517, -33.44865, 0.0 ] ] } },
{ "type": "Feature", "properties": { "nombre": "" }, "geometry": { "type": "LineString", "coordinates": [ [ -70.63737, -33.44434, 0.0 ], [ -70.63577, -33.44415, 0.0 ], [ -70.63548, -33.44483, 0.0 ], [ -70.63331, -33.44408, 0.0 ] ] } },
{ "type": "Feature", "properties": { "nombre": "" }, "geometry": { "type": "LineString", "coordinates": [ [ -70.63585, -33.4464, 0.0 ], [ -70.63496, -33.44559, 0.0 ], [ -70.63463, -33.44453, 0.0 ] ] } },
{ "type": "Feature", "properties": { "nombre": "" }, "geometry": { "type": "LineString", "coordinates": [ [ -70.63749, -33.44444, 0.0 ], [ -70.63745, -33.44446, 0.0 ] ] } },
{ "type": "Feature", "properties": { "nombre": "" }, "geometry": { "type": "LineString", "coordinates": [ [ -70.63746, -33.44444, 0.0 ], [ -70.63748, -33.44447, 0.0 ] ] } },
{ "type": "Feature", "properties": { "nombre": "" }, "geometry": { "type": "LineString", "coordinates": [ [ -72.03818, -36.58893, 0.0 ], [ -72.02402, -36.5775, 0.0 ], [ -72.02521, -36.57655, 0.0 ], [ -72.03937, -36.58798, 0.0 ], [ -72.03818, -36.58893, 0.0 ] ] } },
{ "type": "Feature", "properties": { "nombre": "" }, "geometry": { "type": "LineString", "coordinates": [ [ -72.0383, -36.58807, 0.0 ], [ -72.02521, -36.57731, 0.0 ], [ -72.02497, -36.5775, 0.0 ], [ -72.03818, -36.58817, 0.0 ], [ -72.0383, -36.58807, 0.0 ] ] } },
{ "type": "Feature", "properties": { "nombre": "" }, "geometry": { "type": "LineString", "coordinates": [ [ -72.02521, -36.57655, 0.0 ], [ -71.99434, -36.54282, 0.0 ], [ -71.98224, -36.55257, 0.0 ], [ -72.02402, -36.5775, 0.0 ], [ -72.02521, -36.57655, 0.0 ] ] } },
{ "type": "Feature", "properties": { "nombre": "" }, "geometry": { "type": "LineString", "coordinates": [ [ -72.0193, -36.57469, 0.0 ], [ -72.02172, -36.57274, 0.0 ] ] } },
{ "type": "Feature", "properties": { "nombre": "" }, "geometry": { "type": "LineString", "coordinates": [ [ -72.00568, -36.56656, 0.0 ], [ -72.01166, -36.56175, 0.0 ] ] } },
{ "type": "Feature", "properties": { "nombre": "" }, "geometry": { "type": "LineString", "coordinates": [ [ -72.03937, -36.58798, 0.0 ], [ -72.08118, -36.6129, 0.0 ], [ -72.06909, -36.62265, 0.0 ], [ -72.03818, -36.58893, 0.0 ], [ -72.03937, -36.58798, 0.0 ] ] } },
{ "type": "Feature", "properties": { "nombre": "" }, "geometry": { "type": "LineString", "coordinates": [ [ -72.04167, -36.59274, 0.0 ], [ -72.04409, -36.59079, 0.0 ] ] } },
{ "type": "Feature", "properties": { "nombre": "" }, "geometry": { "type": "LineString", "coordinates": [ [ -72.05174, -36.60373, 0.0 ], [ -72.05772, -36.59891, 0.0 ] ] } },
{ "type": "Feature", "properties": { "nombre": "" }, "geometry": { "type": "LineString", "coordinates": [ [ -72.03169, -36.58274, 0.0 ], [ -72.03172, -36.58272, 0.0 ] ] } },
{ "type": "Feature", "properties": { "nombre": "" }, "geometry": { "type": "LineString", "coordinates": [ [ -71.98704, -36.58162, 0.0 ], [ -71.98817, -36.57462, 0.0 ], [ -71.99098, -36.56792, 0.0 ], [ -71.99534, -36.5618, 0.0 ], [ -72.00111, -36.55649, 0.0 ], [ -72.00804, -36.55218, 0.0 ], [ -72.01589, -36.54904, 0.0 ], [ -72.02434, -36.5472, 0.0 ], [ -72.03307, -36.54673, 0.0 ], [ -72.04175, -36.54764, 0.0 ], [ -72.05005, -36.54989, 0.0 ], [ -72.05764, -36.55341, 0.0 ], [ -72.06423, -36.55806, 0.0 ], [ -72.06958, -36.56365, 0.0 ], [ -72.07347, -36.56998, 0.0 ], [ -72.07576, -36.5768, 0.0 ], [ -72.07635, -36.58384, 0.0 ], [ -72.07523, -36.59085, 0.0 ], [ -72.07243, -36.59754, 0.0 ], [ -72.06807, -36.60367, 0.0 ], [ -72.0623, -36.60899, 0.0 ], [ -72.05536, -36.6133, 0.0 ], [ -72.04751, -36.61644, 0.0 ], [ -72.03906, -36.61828, 0.0 ], [ -72.03031, -36.61875, 0.0 ], [ -72.02162, -36.61784, 0.0 ], [ -72.01332, -36.61558, 0.0 ], [ -72.00573, -36.61206, 0.0 ], [ -71.99913, -36.60741, 0.0 ], [ -71.99379, -36.60182, 0.0 ], [ -71.98991, -36.59549, 0.0 ], [ -71.98763, -36.58867, 0.0 ], [ -71.98704, -36.58162, 0.0 ] ] } },
{ "type": "Feature", "properties": { "nombre": "" }, "geometry": { "type": "LineString", "coordinates": [ [ -71.9703, -36.58119, 0.0 ], [ -71.97186, -36.57156, 0.0 ], [ -71.97571, -36.56237, 0.0 ], [ -71.98172, -36.55395, 0.0 ], [ -71.98964, -36.54664, 0.0 ], [ -71.99918, -36.54072, 0.0 ], [ -72.00996, -36.53641, 0.0 ], [ -72.02158, -36.53388, 0.0 ], [ -72.03359, -36.53322, 0.0 ], [ -72.04552, -36.53447, 0.0 ], [ -72.05693, -36.53758, 0.0 ], [ -72.06736, -36.54241, 0.0 ], [ -72.07643, -36.5488, 0.0 ], [ -72.08378, -36.55649, 0.0 ], [ -72.08913, -36.56519, 0.0 ], [ -72.09228, -36.57457, 0.0 ], [ -72.09309, -36.58425, 0.0 ], [ -72.09155, -36.59389, 0.0 ], [ -72.08771, -36.60309, 0.0 ], [ -72.08171, -36.61151, 0.0 ], [ -72.07379, -36.61883, 0.0 ], [ -72.06424, -36.62476, 0.0 ], [ -72.05345, -36.62907, 0.0 ], [ -72.04182, -36.6316, 0.0 ], [ -72.02979, -36.63226, 0.0 ], [ -72.01785, -36.63101, 0.0 ], [ -72.00643, -36.6279, 0.0 ], [ -71.99599, -36.62306, 0.0 ], [ -71.98692, -36.61666, 0.0 ], [ -71.97957, -36.60897, 0.0 ], [ -71.97423, -36.60026, 0.0 ], [ -71.9711, -36.59088, 0.0 ], [ -71.9703, -36.58119, 0.0 ] ] } },
{ "type": "Feature", "properties": { "nombre": "" }, "geometry": { "type": "LineString", "coordinates": [ [ -72.02521, -36.57655, 0.0 ], [ -72.02769, -36.57454, 0.0 ] ] } },
{ "type": "Feature", "properties": { "nombre": "" }, "geometry": { "type": "LineString", "coordinates": [ [ -72.03937, -36.58798, 0.0 ], [ -72.04186, -36.58597, 0.0 ] ] } },
{ "type": "Feature", "properties": { "nombre": "" }, "geometry": { "type": "LineString", "coordinates": [ [ -72.05981, -36.60016, 0.0 ], [ -72.01011, -36.56006, 0.0 ] ] } },
{ "type": "Feature", "properties": { "nombre": "" }, "geometry": { "type": "LineString", "coordinates": [ [ -72.05752, -36.5988, 0.0 ], [ -72.0118, -36.56191, 0.0 ] ] } },
{ "type": "Feature", "properties": { "nombre": "" }, "geometry": { "type": "LineString", "coordinates": [ [ -72.05298, -36.59609, 0.0 ], [ -72.01515, -36.56557, 0.0 ] ] } },
{ "type": "Feature", "properties": { "nombre": "" }, "geometry": { "type": "LineString", "coordinates": [ [ -72.04844, -36.59339, 0.0 ], [ -72.0185, -36.56923, 0.0 ] ] } },
{ "type": "Feature", "properties": { "nombre": "" }, "geometry": { "type": "LineString", "coordinates": [ [ -72.04391, -36.59068, 0.0 ], [ -72.02185, -36.57289, 0.0 ] ] } },
{ "type": "Feature", "properties": { "nombre": "" }, "geometry": { "type": "LineString", "coordinates": [ [ -72.02402, -36.5775, 0.0 ], [ -72.02153, -36.57951, 0.0 ] ] } },
{ "type": "Feature", "properties": { "nombre": "" }, "geometry": { "type": "LineString", "coordinates": [ [ -72.03818, -36.58893, 0.0 ], [ -72.0357, -36.59094, 0.0 ] ] } },
{ "type": "Feature", "properties": { "nombre": "" }, "geometry": { "type": "LineString", "coordinates": [ [ -72.05329, -36.60541, 0.0 ], [ -72.0036, -36.56532, 0.0 ] ] } },
{ "type": "Feature", "properties": { "nombre": "" }, "geometry": { "type": "LineString", "coordinates": [ [ -72.0516, -36.60357, 0.0 ], [ -72.00588, -36.56668, 0.0 ] ] } },
{ "type": "Feature", "properties": { "nombre": "" }, "geometry": { "type": "LineString", "coordinates": [ [ -72.04824, -36.59991, 0.0 ], [ -72.01042, -36.56939, 0.0 ] ] } },
{ "type": "Feature", "properties": { "nombre": "" }, "geometry": { "type": "LineString", "coordinates": [ [ -72.04489, -36.59625, 0.0 ], [ -72.01495, -36.57209, 0.0 ] ] } },
{ "type": "Feature", "properties": { "nombre": "" }, "geometry": { "type": "LineString", "coordinates": [ [ -72.04154, -36.59259, 0.0 ], [ -72.01949, -36.5748, 0.0 ] ] } },
{ "type": "Feature", "properties": { "nombre": "" }, "geometry": { "type": "LineString", "coordinates": [ [ -72.11316, -45.60004, 0.0 ], [ -72.09654, -45.58855, 0.0 ], [ -72.09788, -45.58759, 0.0 ], [ -72.1145, -45.59907, 0.0 ], [ -72.11316, -45.60004, 0.0 ] ] } },
{ "type": "Feature", "properties": { "nombre": "" }, "geometry": { "type": "LineString", "coordinates": [ [ -72.09776, -45.58845, 0.0 ], [ -72.09789, -45.58835, 0.0 ], [ -72.09926, -45.5893, 0.0 ], [ -72.09899, -45.58949, 0.0 ], [ -72.09776, -45.58845, 0.0 ] ] } },
{ "type": "Feature", "properties": { "nombre": "" }, "geometry": { "type": "LineString", "coordinates": [ [ -72.11328, -45.59918, 0.0 ], [ -72.09926, -45.5893, 0.0 ], [ -72.09899, -45.58949, 0.0 ], [ -72.11315, -45.59927, 0.0 ], [ -72.11328, -45.59918, 0.0 ] ] } },
{ "type": "Feature", "properties": { "nombre": "" }, "geometry": { "type": "LineString", "coordinates": [ [ -72.09788, -45.58759, 0.0 ], [ -72.07246, -45.56611, 0.0 ], [ -72.06556, -45.57103, 0.0 ], [ -72.09654, -45.58855, 0.0 ], [ -72.09788, -45.58759, 0.0 ] ] } },
{ "type": "Feature", "properties": { "nombre": "" }, "geometry": { "type": "LineString", "coordinates": [ [ -72.09537, -45.58547, 0.0 ], [ -72.09348, -45.58682, 0.0 ] ] } },
{ "type": "Feature", "properties": { "nombre": "" }, "geometry": { "type": "LineString", "coordinates": [ [ -72.08714, -45.57852, 0.0 ], [ -72.08345, -45.58115, 0.0 ] ] } },
{ "type": "Feature", "properties": { "nombre": "" }, "geometry": { "type": "LineString", "coordinates": [ [ -72.1145, -45.59907, 0.0 ], [ -72.14552, -45.61658, 0.0 ], [ -72.13861, -45.62151, 0.0 ], [ -72.11316, -45.60004, 0.0 ], [ -72.1145, -45.59907, 0.0 ] ] } },
{ "type": "Feature", "properties": { "nombre": "" }, "geometry": { "type": "LineString", "coordinates": [ [ -72.11756, -45.6008, 0.0 ], [ -72.11567, -45.60215, 0.0 ] ] } },
{ "type": "Feature", "properties": { "nombre": "" }, "geometry": { "type": "LineString", "coordinates": [ [ -72.1276, -45.60647, 0.0 ], [ -72.1239, -45.6091, 0.0 ] ] } },
{ "type": "Feature", "properties": { "nombre": "" }, "geometry": { "type": "LineString", "coordinates": [ [ -72.0543, -45.5925, 0.0 ], [ -72.05565, -45.58551, 0.0 ], [ -72.05892, -45.57884, 0.0 ], [ -72.06398, -45.57275, 0.0 ], [ -72.07063, -45.56746, 0.0 ], [ -72.07862, -45.56319, 0.0 ], [ -72.08764, -45.56009, 0.0 ], [ -72.09735, -45.55829, 0.0 ], [ -72.10737, -45.55785, 0.0 ], [ -72.11732, -45.5588, 0.0 ], [ -72.12682, -45.56109, 0.0 ], [ -72.1355, -45.56463, 0.0 ], [ -72.14303, -45.5693, 0.0 ], [ -72.14912, -45.57491, 0.0 ], [ -72.15354, -45.58124, 0.0 ], [ -72.15611, -45.58806, 0.0 ], [ -72.15674, -45.5951, 0.0 ], [ -72.1554, -45.60209, 0.0 ], [ -72.15214, -45.60876, 0.0 ], [ -72.14709, -45.61486, 0.0 ], [ -72.14044, -45.62015, 0.0 ], [ -72.13245, -45.62443, 0.0 ], [ -72.12342, -45.62753, 0.0 ], [ -72.1137, -45.62933, 0.0 ], [ -72.10367, -45.62977, 0.0 ], [ -72.09371, -45.62883, 0.0 ], [ -72.0842, -45.62653, 0.0 ], [ -72.07551, -45.62298, 0.0 ], [ -72.06798, -45.61831, 0.0 ], [ -72.06189, -45.6127, 0.0 ], [ -72.05748, -45.60636, 0.0 ], [ -72.05492, -45.59954, 0.0 ], [ -72.0543, -45.5925, 0.0 ] ] } },
{ "type": "Feature", "properties": { "nombre": "" }, "geometry": { "type": "LineString", "coordinates": [ [ -72.04022, -45.59214, 0.0 ], [ -72.04077, -45.58765, 0.0 ], [ -72.04194, -45.58323, 0.0 ], [ -72.04611, -45.57472, 0.0 ], [ -72.05256, -45.56695, 0.0 ], [ -72.06104, -45.56022, 0.0 ], [ -72.07122, -45.55477, 0.0 ], [ -72.08273, -45.55082, 0.0 ], [ -72.0951, -45.54852, 0.0 ], [ -72.10788, -45.54797, 0.0 ], [ -72.12056, -45.54917, 0.0 ], [ -72.13267, -45.55209, 0.0 ], [ -72.14374, -45.55661, 0.0 ], [ -72.15334, -45.56255, 0.0 ], [ -72.1611, -45.5697, 0.0 ], [ -72.16674, -45.57778, 0.0 ], [ -72.16868, -45.58207, 0.0 ], [ -72.17002, -45.58647, 0.0 ], [ -72.17074, -45.59095, 0.0 ], [ -72.17083, -45.59545, 0.0 ], [ -72.17029, -45.59994, 0.0 ], [ -72.16912, -45.60436, 0.0 ], [ -72.16497, -45.61287, 0.0 ], [ -72.15853, -45.62065, 0.0 ], [ -72.15005, -45.62739, 0.0 ], [ -72.13986, -45.63285, 0.0 ], [ -72.12835, -45.6368, 0.0 ], [ -72.11595, -45.6391, 0.0 ], [ -72.10316, -45.63966, 0.0 ], [ -72.09045, -45.63845, 0.0 ], [ -72.07833, -45.63553, 0.0 ], [ -72.06725, -45.63101, 0.0 ], [ -72.05765, -45.62505, 0.0 ], [ -72.04989, -45.61789, 0.0 ], [ -72.04427, -45.60981, 0.0 ], [ -72.04233, -45.60552, 0.0 ], [ -72.041, -45.60111, 0.0 ], [ -72.0403, -45.59664, 0.0 ], [ -72.04022, -45.59214, 0.0 ] ] } },
{ "type": "Feature", "properties": { "nombre": "" }, "geometry": { "type": "LineString", "coordinates": [ [ -72.09788, -45.58759, 0.0 ], [ -72.10072, -45.58557, 0.0 ] ] } },
{ "type": "Feature", "properties": { "nombre": "" }, "geometry": { "type": "LineString", "coordinates": [ [ -72.1145, -45.59907, 0.0 ], [ -72.11734, -45.59705, 0.0 ] ] } },
{ "type": "Feature", "properties": { "nombre": "" }, "geometry": { "type": "LineString", "coordinates": [ [ -72.12806, -45.60673, 0.0 ], [ -72.11734, -45.59705, 0.0 ], [ -72.10072, -45.58557, 0.0 ], [ -72.08676, -45.5782, 0.0 ] ] } },
{ "type": "Feature", "properties": { "nombre": "" }, "geometry": { "type": "LineString", "coordinates": [ [ -72.12656, -45.60588, 0.0 ], [ -72.11702, -45.59728, 0.0 ], [ -72.1004, -45.58579, 0.0 ], [ -72.088, -45.57924, 0.0 ] ] } },
{ "type": "Feature", "properties": { "nombre": "" }, "geometry": { "type": "LineString", "coordinates": [ [ -72.12354, -45.60418, 0.0 ], [ -72.11639, -45.59773, 0.0 ], [ -72.09977, -45.58624, 0.0 ], [ -72.09047, -45.58133, 0.0 ] ] } },
{ "type": "Feature", "properties": { "nombre": "" }, "geometry": { "type": "LineString", "coordinates": [ [ -72.12053, -45.60248, 0.0 ], [ -72.11576, -45.59818, 0.0 ], [ -72.09914, -45.58669, 0.0 ], [ -72.09294, -45.58341, 0.0 ] ] } },
{ "type": "Feature", "properties": { "nombre": "" }, "geometry": { "type": "LineString", "coordinates": [ [ -72.11752, -45.60078, 0.0 ], [ -72.11513, -45.59862, 0.0 ], [ -72.09851, -45.58714, 0.0 ], [ -72.09541, -45.5855, 0.0 ] ] } },
{ "type": "Feature", "properties": { "nombre": "" }, "geometry": { "type": "LineString", "coordinates": [ [ -72.09654, -45.58855, 0.0 ], [ -72.09371, -45.59057, 0.0 ] ] } },
{ "type": "Feature", "properties": { "nombre": "" }, "geometry": { "type": "LineString", "coordinates": [ [ -72.11316, -45.60004, 0.0 ], [ -72.11033, -45.60205, 0.0 ] ] } },
{ "type": "Feature", "properties": { "nombre": "" }, "geometry": { "type": "LineString", "coordinates": [ [ -72.12429, -45.60943, 0.0 ], [ -72.11033, -45.60205, 0.0 ], [ -72.09371, -45.59057, 0.0 ], [ -72.08299, -45.58089, 0.0 ] ] } },
{ "type": "Feature", "properties": { "nombre": "" }, "geometry": { "type": "LineString", "coordinates": [ [ -72.12305, -45.60838, 0.0 ], [ -72.11064, -45.60183, 0.0 ], [ -72.09402, -45.59035, 0.0 ], [ -72.08449, -45.58174, 0.0 ] ] } },
{ "type": "Feature", "properties": { "nombre": "" }, "geometry": { "type": "LineString", "coordinates": [ [ -72.12058, -45.6063, 0.0 ], [ -72.11127, -45.60138, 0.0 ], [ -72.09465, -45.5899, 0.0 ], [ -72.0875, -45.58344, 0.0 ] ] } },
{ "type": "Feature", "properties": { "nombre": "" }, "geometry": { "type": "LineString", "coordinates": [ [ -72.1181, -45.60421, 0.0 ], [ -72.1119, -45.60093, 0.0 ], [ -72.09528, -45.58945, 0.0 ], [ -72.09051, -45.58515, 0.0 ] ] } },
{ "type": "Feature", "properties": { "nombre": "" }, "geometry": { "type": "LineString", "coordinates": [ [ -72.11563, -45.60212, 0.0 ], [ -72.11253, -45.60048, 0.0 ], [ -72.09591, -45.589, 0.0 ], [ -72.09352, -45.58685, 0.0 ] ] } },
{ "type": "Feature", "properties": { "nombre": "" }, "geometry": { "type": "LineString", "coordinates": [ [ -72.10552, -45.59381, 0.0 ], [ -72.10549, -45.59383, 0.0 ] ] } },
{ "type": "Feature", "properties": { "nombre": "" }, "geometry": { "type": "LineString", "coordinates": [ [ -73.08513, -39.65751, 0.0 ], [ -73.08574, -39.64112, 0.0 ], [ -73.08748, -39.64116, 0.0 ], [ -73.08688, -39.65755, 0.0 ], [ -73.08513, -39.65751, 0.0 ] ] } },
{ "type": "Feature", "properties": { "nombre": "" }, "geometry": { "type": "LineString", "coordinates": [ [ -73.08602, -39.65699, 0.0 ], [ -73.08628, -39.65699, 0.0 ], [ -73.08685, -39.64169, 0.0 ], [ -73.08633, -39.64168, 0.0 ], [ -73.08602, -39.65699, 0.0 ] ] } },
{ "type": "Feature", "properties": { "nombre": "" }, "geometry": { "type": "LineString", "coordinates": [ [ -73.08748, -39.64116, 0.0 ], [ -73.09703, -39.60001, 0.0 ], [ -73.07926, -39.59962, 0.0 ], [ -73.08574, -39.64112, 0.0 ], [ -73.08748, -39.64116, 0.0 ] ] } },
{ "type": "Feature", "properties": { "nombre": "" }, "geometry": { "type": "LineString", "coordinates": [ [ -73.08857, -39.6365, 0.0 ], [ -73.085, -39.63642, 0.0 ] ] } },
{ "type": "Feature", "properties": { "nombre": "" }, "geometry": { "type": "LineString", "coordinates": [ [ -73.09169, -39.62305, 0.0 ], [ -73.08288, -39.62286, 0.0 ] ] } },
{ "type": "Feature", "properties": { "nombre": "" }, "geometry": { "type": "LineString", "coordinates": [ [ -73.08688, -39.65755, 0.0 ], [ -73.09336, -39.69905, 0.0 ], [ -73.07557, -39.69866, 0.0 ], [ -73.08513, -39.65751, 0.0 ], [ -73.08688, -39.65755, 0.0 ] ] } },
{ "type": "Feature", "properties": { "nombre": "" }, "geometry": { "type": "LineString", "coordinates": [ [ -73.08761, -39.66225, 0.0 ], [ -73.08405, -39.66217, 0.0 ] ] } },
{ "type": "Feature", "properties": { "nombre": "" }, "geometry": { "type": "LineString", "coordinates": [ [ -73.08973, -39.67581, 0.0 ], [ -73.08092, -39.67562, 0.0 ] ] } },
{ "type": "Feature", "properties": { "nombre": "" }, "geometry": { "type": "LineString", "coordinates": [ [ -73.08631, -39.64933, 0.0 ], [ -73.08634, -39.64933, 0.0 ] ] } },
{ "type": "Feature", "properties": { "nombre": "" }, "geometry": { "type": "LineString", "coordinates": [ [ -73.03971, -39.64856, 0.0 ], [ -73.0408, -39.64154, 0.0 ], [ -73.04365, -39.63483, 0.0 ], [ -73.04813, -39.62868, 0.0 ], [ -73.05407, -39.62332, 0.0 ], [ -73.06125, -39.61895, 0.0 ], [ -73.0694, -39.61576, 0.0 ], [ -73.07819, -39.61385, 0.0 ], [ -73.0873, -39.61331, 0.0 ], [ -73.09637, -39.61415, 0.0 ], [ -73.10505, -39.61635, 0.0 ], [ -73.11301, -39.61981, 0.0 ], [ -73.11995, -39.6244, 0.0 ], [ -73.12559, -39.62995, 0.0 ], [ -73.12973, -39.63625, 0.0 ], [ -73.1322, -39.64305, 0.0 ], [ -73.1329, -39.65009, 0.0 ], [ -73.13182, -39.65711, 0.0 ], [ -73.12898, -39.66382, 0.0 ], [ -73.12451, -39.66998, 0.0 ], [ -73.11856, -39.67534, 0.0 ], [ -73.11138, -39.67971, 0.0 ], [ -73.10323, -39.68291, 0.0 ], [ -73.09443, -39.68481, 0.0 ], [ -73.08531, -39.68536, 0.0 ], [ -73.07624, -39.68451, 0.0 ], [ -73.06755, -39.68232, 0.0 ], [ -73.05958, -39.67885, 0.0 ], [ -73.05264, -39.67426, 0.0 ], [ -73.047, -39.6687, 0.0 ], [ -73.04287, -39.6624, 0.0 ], [ -73.04041, -39.6556, 0.0 ], [ -73.03971, -39.64856, 0.0 ] ] } },
{ "type": "Feature", "properties": { "nombre": "" }, "geometry": { "type": "LineString", "coordinates": [ [ -73.02224, -39.64826, 0.0 ], [ -73.02268, -39.64341, 0.0 ], [ -73.02374, -39.63862, 0.0 ], [ -73.02765, -39.62939, 0.0 ], [ -73.03381, -39.62093, 0.0 ], [ -73.04199, -39.61356, 0.0 ], [ -73.05187, -39.60756, 0.0 ], [ -73.06306, -39.60317, 0.0 ], [ -73.07515, -39.60055, 0.0 ], [ -73.08767, -39.5998, 0.0 ], [ -73.10013, -39.60096, 0.0 ], [ -73.11207, -39.60398, 0.0 ], [ -73.12302, -39.60873, 0.0 ], [ -73.13255, -39.61505, 0.0 ], [ -73.14032, -39.62268, 0.0 ], [ -73.14601, -39.63134, 0.0 ], [ -73.148, -39.63595, 0.0 ], [ -73.1494, -39.64069, 0.0 ], [ -73.1502, -39.64551, 0.0 ], [ -73.15038, -39.65037, 0.0 ], [ -73.14994, -39.65522, 0.0 ], [ -73.14889, -39.66002, 0.0 ], [ -73.14499, -39.66925, 0.0 ], [ -73.13884, -39.67772, 0.0 ], [ -73.13067, -39.6851, 0.0 ], [ -73.12079, -39.6911, 0.0 ], [ -73.10958, -39.6955, 0.0 ], [ -73.09747, -39.69812, 0.0 ], [ -73.08494, -39.69886, 0.0 ], [ -73.07246, -39.6977, 0.0 ], [ -73.06051, -39.69469, 0.0 ], [ -73.04955, -39.68992, 0.0 ], [ -73.04001, -39.6836, 0.0 ], [ -73.03225, -39.67596, 0.0 ], [ -73.02657, -39.6673, 0.0 ], [ -73.02459, -39.66268, 0.0 ], [ -73.02319, -39.65794, 0.0 ], [ -73.02241, -39.65312, 0.0 ], [ -73.02224, -39.64826, 0.0 ] ] } },
{ "type": "Feature", "properties": { "nombre": "" }, "geometry": { "type": "LineString", "coordinates": [ [ -73.08748, -39.64116, 0.0 ], [ -73.09115, -39.64124, 0.0 ] ] } },
{ "type": "Feature", "properties": { "nombre": "" }, "geometry": { "type": "LineString", "coordinates": [ [ -73.08688, -39.65755, 0.0 ], [ -73.09054, -39.65763, 0.0 ] ] } },
{ "type": "Feature", "properties": { "nombre": "" }, "geometry": { "type": "LineString", "coordinates": [ [ -73.09006, -39.67789, 0.0 ], [ -73.09216, -39.62099, 0.0 ] ] } },
{ "type": "Feature", "properties": { "nombre": "" }, "geometry": { "type": "LineString", "coordinates": [ [ -73.0897, -39.67561, 0.0 ], [ -73.09164, -39.62325, 0.0 ] ] } },
{ "type": "Feature", "properties": { "nombre": "" }, "geometry": { "type": "LineString", "coordinates": [ [ -73.08899, -39.6711, 0.0 ], [ -73.0906, -39.62773, 0.0 ] ] } },
{ "type": "Feature", "properties": { "nombre": "" }, "geometry": { "type": "LineString", "coordinates": [ [ -73.08829, -39.66658, 0.0 ], [ -73.08956, -39.6322, 0.0 ] ] } },
{ "type": "Feature", "properties": { "nombre": "" }, "geometry": { "type": "LineString", "coordinates": [ [ -73.08758, -39.66206, 0.0 ], [ -73.08852, -39.63668, 0.0 ] ] } },
{ "type": "Feature", "properties": { "nombre": "" }, "geometry": { "type": "LineString", "coordinates": [ [ -73.08574, -39.64112, 0.0 ], [ -73.08207, -39.64104, 0.0 ] ] } },
{ "type": "Feature", "properties": { "nombre": "" }, "geometry": { "type": "LineString", "coordinates": [ [ -73.08513, -39.65751, 0.0 ], [ -73.08146, -39.65743, 0.0 ] ] } },
{ "type": "Feature", "properties": { "nombre": "" }, "geometry": { "type": "LineString", "coordinates": [ [ -73.08044, -39.67768, 0.0 ], [ -73.08256, -39.62078, 0.0 ] ] } },
{ "type": "Feature", "properties": { "nombre": "" }, "geometry": { "type": "LineString", "coordinates": [ [ -73.08097, -39.67542, 0.0 ], [ -73.08291, -39.62305, 0.0 ] ] } },
{ "type": "Feature", "properties": { "nombre": "" }, "geometry": { "type": "LineString", "coordinates": [ [ -73.08201, -39.67094, 0.0 ], [ -73.08362, -39.62757, 0.0 ] ] } },
{ "type": "Feature", "properties": { "nombre": "" }, "geometry": { "type": "LineString", "coordinates": [ [ -73.08305, -39.66646, 0.0 ], [ -73.08433, -39.63209, 0.0 ] ] } },
{ "type": "Feature", "properties": { "nombre": "" }, "geometry": { "type": "LineString", "coordinates": [ [ -73.08409, -39.66199, 0.0 ], [ -73.08503, -39.6366, 0.0 ] ] } },
{ "type": "Feature", "properties": { "nombre": "" }, "geometry": { "type": "LineString", "coordinates": [ [ -73.06732, -36.78308, 0.0 ], [ -73.05584, -36.76332, 0.0 ], [ -73.05889, -36.76218, 0.0 ], [ -73.07036, -36.78194, 0.0 ], [ -73.06732, -36.78308, 0.0 ] ] } },
{ "type": "Feature", "properties": { "nombre": "" }, "geometry": { "type": "LineString", "coordinates": [ [ -73.05889, -36.76218, 0.0 ], [ -73.01068, -36.63112, 0.0 ], [ -72.96204, -36.64941, 0.0 ], [ -73.05584, -36.76332, 0.0 ], [ -73.05889, -36.76218, 0.0 ] ] } },
{ "type": "Feature", "properties": { "nombre": "" }, "geometry": { "type": "LineString", "coordinates": [ [ -73.05021, -36.75649, 0.0 ], [ -73.05599, -36.75432, 0.0 ] ] } },
{ "type": "Feature", "properties": { "nombre": "" }, "geometry": { "type": "LineString", "coordinates": [ [ -73.04082, -36.7451, 0.0 ], [ -73.05116, -36.74121, 0.0 ] ] } },
{ "type": "Feature", "properties": { "nombre": "" }, "geometry": { "type": "LineString", "coordinates": [ [ -73.06856, -36.78202, 0.0 ], [ -73.06833, -36.78211, 0.0 ], [ -73.05742, -36.76333, 0.0 ], [ -73.05788, -36.76316, 0.0 ], [ -73.06856, -36.78202, 0.0 ] ] } },
{ "type": "Feature", "properties": { "nombre": "" }, "geometry": { "type": "LineString", "coordinates": [ [ -73.07036, -36.78194, 0.0 ], [ -73.16448, -36.89578, 0.0 ], [ -73.1157, -36.91412, 0.0 ], [ -73.06732, -36.78308, 0.0 ], [ -73.07036, -36.78194, 0.0 ] ] } },
{ "type": "Feature", "properties": { "nombre": "" }, "geometry": { "type": "LineString", "coordinates": [ [ -73.07022, -36.79094, 0.0 ], [ -73.076, -36.78877, 0.0 ] ] } },
{ "type": "Feature", "properties": { "nombre": "" }, "geometry": { "type": "LineString", "coordinates": [ [ -73.07505, -36.80405, 0.0 ], [ -73.0854, -36.80016, 0.0 ] ] } },
{ "type": "Feature", "properties": { "nombre": "" }, "geometry": { "type": "LineString", "coordinates": [ [ -73.06304, -36.77265, 0.0 ], [ -73.06313, -36.77267, 0.0 ] ] } },
{ "type": "Feature", "properties": { "nombre": "" }, "geometry": { "type": "LineString", "coordinates": [ [ -73.01831, -36.77189, 0.0 ], [ -73.01935, -36.76488, 0.0 ], [ -73.02207, -36.75816, 0.0 ], [ -73.02637, -36.752, 0.0 ], [ -73.03208, -36.74663, 0.0 ], [ -73.03898, -36.74226, 0.0 ], [ -73.0468, -36.73906, 0.0 ], [ -73.05525, -36.73714, 0.0 ], [ -73.06401, -36.73659, 0.0 ], [ -73.07273, -36.73743, 0.0 ], [ -73.08107, -36.73961, 0.0 ], [ -73.08873, -36.74307, 0.0 ], [ -73.09541, -36.74766, 0.0 ], [ -73.10084, -36.75321, 0.0 ], [ -73.10483, -36.75951, 0.0 ], [ -73.10721, -36.76631, 0.0 ], [ -73.1079, -36.77335, 0.0 ], [ -73.10687, -36.78037, 0.0 ], [ -73.10415, -36.78709, 0.0 ], [ -73.09985, -36.79325, 0.0 ], [ -73.09415, -36.79863, 0.0 ], [ -73.08724, -36.803, 0.0 ], [ -73.07941, -36.8062, 0.0 ], [ -73.07095, -36.80812, 0.0 ], [ -73.06219, -36.80867, 0.0 ], [ -73.05347, -36.80783, 0.0 ], [ -73.04511, -36.80564, 0.0 ], [ -73.03745, -36.80219, 0.0 ], [ -73.03077, -36.79759, 0.0 ], [ -73.02534, -36.79204, 0.0 ], [ -73.02136, -36.78574, 0.0 ], [ -73.01898, -36.77894, 0.0 ], [ -73.01831, -36.77189, 0.0 ] ] } },
{ "type": "Feature", "properties": { "nombre": "" }, "geometry": { "type": "LineString", "coordinates": [ [ -72.99591, -36.77152, 0.0 ], [ -72.99637, -36.76622, 0.0 ], [ -72.99747, -36.76099, 0.0 ], [ -72.99921, -36.75587, 0.0 ], [ -73.00156, -36.75092, 0.0 ], [ -73.0045, -36.74617, 0.0 ], [ -73.00801, -36.74168, 0.0 ], [ -73.01657, -36.73362, 0.0 ], [ -73.02692, -36.72707, 0.0 ], [ -73.03866, -36.72227, 0.0 ], [ -73.05133, -36.7194, 0.0 ], [ -73.06446, -36.71857, 0.0 ], [ -73.07753, -36.71982, 0.0 ], [ -73.09005, -36.7231, 0.0 ], [ -73.10154, -36.72828, 0.0 ], [ -73.11155, -36.73517, 0.0 ], [ -73.11971, -36.74349, 0.0 ], [ -73.12299, -36.7481, 0.0 ], [ -73.12569, -36.75294, 0.0 ], [ -73.12779, -36.75797, 0.0 ], [ -73.12926, -36.76314, 0.0 ], [ -73.1301, -36.7684, 0.0 ], [ -73.1303, -36.77371, 0.0 ], [ -73.12985, -36.779, 0.0 ], [ -73.12875, -36.78423, 0.0 ], [ -73.12702, -36.78935, 0.0 ], [ -73.12468, -36.79431, 0.0 ], [ -73.12174, -36.79906, 0.0 ], [ -73.11824, -36.80356, 0.0 ], [ -73.10968, -36.81162, 0.0 ], [ -73.09932, -36.81818, 0.0 ], [ -73.08757, -36.82299, 0.0 ], [ -73.07488, -36.82586, 0.0 ], [ -73.06174, -36.82669, 0.0 ], [ -73.04865, -36.82543, 0.0 ], [ -73.03611, -36.82215, 0.0 ], [ -73.02462, -36.81696, 0.0 ], [ -73.0146, -36.81007, 0.0 ], [ -73.00645, -36.80174, 0.0 ], [ -73.00318, -36.79713, 0.0 ], [ -73.00048, -36.79229, 0.0 ], [ -72.99839, -36.78726, 0.0 ], [ -72.99692, -36.78208, 0.0 ], [ -72.99609, -36.77682, 0.0 ], [ -72.99591, -36.77152, 0.0 ] ] } },
{ "type": "Feature", "properties": { "nombre": "" }, "geometry": { "type": "LineString", "coordinates": [ [ -73.07036, -36.78194, 0.0 ], [ -73.07356, -36.78074, 0.0 ] ] } },
{ "type": "Feature", "properties": { "nombre": "" }, "geometry": { "type": "LineString", "coordinates": [ [ -73.05889, -36.76218, 0.0 ], [ -73.06208, -36.76098, 0.0 ] ] } },
{ "type": "Feature", "properties": { "nombre": "" }, "geometry": { "type": "LineString", "coordinates": [ [ -73.08446, -36.79902, 0.0 ], [ -73.05165, -36.74252, 0.0 ] ] } },
{ "type": "Feature", "properties": { "nombre": "" }, "geometry": { "type": "LineString", "coordinates": [ [ -73.08288, -36.7971, 0.0 ], [ -73.05246, -36.74472, 0.0 ] ] } },
{ "type": "Feature", "properties": { "nombre": "" }, "geometry": { "type": "LineString", "coordinates": [ [ -73.07975, -36.79331, 0.0 ], [ -73.05406, -36.74909, 0.0 ] ] } },
{ "type": "Feature", "properties": { "nombre": "" }, "geometry": { "type": "LineString", "coordinates": [ [ -73.07662, -36.78952, 0.0 ], [ -73.05567, -36.75345, 0.0 ] ] } },
{ "type": "Feature", "properties": { "nombre": "" }, "geometry": { "type": "LineString", "coordinates": [ [ -73.07349, -36.78573, 0.0 ], [ -73.05728, -36.75782, 0.0 ] ] } },
{ "type": "Feature", "properties": { "nombre": "" }, "geometry": { "type": "LineString", "coordinates": [ [ -73.06732, -36.78308, 0.0 ], [ -73.06412, -36.78428, 0.0 ] ] } },
{ "type": "Feature", "properties": { "nombre": "" }, "geometry": { "type": "LineString", "coordinates": [ [ -73.05584, -36.76332, 0.0 ], [ -73.05265, -36.76453, 0.0 ] ] } },
{ "type": "Feature", "properties": { "nombre": "" }, "geometry": { "type": "LineString", "coordinates": [ [ -73.07457, -36.80274, 0.0 ], [ -73.04175, -36.74624, 0.0 ] ] } },
{ "type": "Feature", "properties": { "nombre": "" }, "geometry": { "type": "LineString", "coordinates": [ [ -73.07375, -36.80054, 0.0 ], [ -73.04333, -36.74815, 0.0 ] ] } },
{ "type": "Feature", "properties": { "nombre": "" }, "geometry": { "type": "LineString", "coordinates": [ [ -73.07214, -36.79617, 0.0 ], [ -73.04646, -36.75195, 0.0 ] ] } },
{ "type": "Feature", "properties": { "nombre": "" }, "geometry": { "type": "LineString", "coordinates": [ [ -73.07053, -36.79181, 0.0 ], [ -73.04959, -36.75574, 0.0 ] ] } },
{ "type": "Feature", "properties": { "nombre": "" }, "geometry": { "type": "LineString", "coordinates": [ [ -73.06893, -36.78745, 0.0 ], [ -73.05271, -36.75953, 0.0 ] ] } },
{ "type": "Feature", "properties": { "nombre": "" }, "geometry": { "type": "LineString", "coordinates": [ [ -73.04976, -36.75543, 0.0 ], [ -73.0508, -36.75353, 0.0 ], [ -73.05319, -36.75278, 0.0 ], [ -73.05555, -36.75361, 0.0 ], [ -73.05648, -36.75554, 0.0 ], [ -73.05545, -36.75743, 0.0 ], [ -73.05306, -36.75819, 0.0 ], [ -73.0507, -36.75736, 0.0 ], [ -73.04976, -36.75543, 0.0 ] ] } },
{ "type": "Feature", "properties": { "nombre": "" }, "geometry": { "type": "LineString", "coordinates": [ [ -73.04193, -36.7553, 0.0 ], [ -73.04287, -36.75187, 0.0 ], [ -73.04537, -36.74898, 0.0 ], [ -73.04905, -36.74709, 0.0 ], [ -73.05335, -36.74647, 0.0 ], [ -73.05762, -36.74723, 0.0 ], [ -73.0612, -36.74924, 0.0 ], [ -73.06355, -36.75221, 0.0 ], [ -73.06432, -36.75567, 0.0 ], [ -73.06338, -36.7591, 0.0 ], [ -73.06088, -36.76198, 0.0 ], [ -73.0572, -36.76388, 0.0 ], [ -73.0529, -36.76449, 0.0 ], [ -73.04863, -36.76374, 0.0 ], [ -73.04504, -36.76172, 0.0 ], [ -73.04269, -36.75876, 0.0 ], [ -73.04193, -36.7553, 0.0 ] ] } },
{ "type": "Feature", "properties": { "nombre": "" }, "geometry": { "type": "LineString", "coordinates": [ [ -73.05309, -36.75548, 0.0 ], [ -73.05312, -36.75546, 0.0 ], [ -73.05316, -36.75548, 0.0 ], [ -73.05312, -36.75551, 0.0 ], [ -73.05309, -36.75548, 0.0 ] ] } },
{ "type": "Feature", "properties": { "nombre": "Primera Sección" }, "geometry": { "type": "Polygon", "coordinates": [ [ [ -70.61286, -33.45143, 0.0 ], [ -70.60961, -33.45091, 0.0 ], [ -70.60976, -33.4503, 0.0 ], [ -70.613, -33.45083, 0.0 ], [ -70.61286, -33.45143, 0.0 ] ] ] } },
{ "type": "Feature", "properties": { "nombre": "Segunda Sección" }, "geometry": { "type": "Polygon", "coordinates": [ [ [ -70.61577, -33.45246, 0.0 ], [ -70.61286, -33.45143, 0.0 ], [ -70.613, -33.45083, 0.0 ], [ -70.61612, -33.4509, 0.0 ], [ -70.61577, -33.45246, 0.0 ] ] ] } },
{ "type": "Feature", "properties": { "nombre": "Área de Toma de Contacto y de Elevación Inicial" }, "geometry": { "type": "Polygon", "coordinates": [ [ [ -70.6097, -33.45055, 0.0 ], [ -70.60936, -33.45066, 0.0 ], [ -70.6094, -33.4505, 0.0 ], [ -70.6097, -33.45055, 0.0 ] ] ] } },
{ "type": "Feature", "properties": { "nombre": "Area Features (#14)" }, "geometry": { "type": "Polygon", "coordinates": [ [ [ -73.09589, -41.42757, 0.0 ], [ -73.09642, -41.45017, 0.0 ], [ -73.09562, -41.42757, 0.0 ], [ -73.09589, -41.42757, 0.0 ] ] ] } },
{ "type": "Feature", "properties": { "nombre": "Area Features (#14)" }, "geometry": { "type": "Polygon", "coordinates": [ [ [ -73.14136, -41.42601, 0.0 ], [ -73.14222, -41.45175, 0.0 ], [ -73.14145, -41.45737, 0.0 ], [ -73.13978, -41.46224, 0.0 ], [ -73.13564, -41.4691, 0.0 ], [ -73.13025, -41.47469, 0.0 ], [ -73.12354, -41.4794, 0.0 ], [ -73.11576, -41.48306, 0.0 ], [ -73.10638, -41.4857, 0.0 ], [ -73.09564, -41.48684, 0.0 ], [ -73.08566, -41.48626, 0.0 ], [ -73.07529, -41.48388, 0.0 ], [ -73.06657, -41.48017, 0.0 ], [ -73.05851, -41.47471, 0.0 ], [ -73.05229, -41.46803, 0.0 ], [ -73.04823, -41.46047, 0.0 ], [ -73.04658, -41.45305, 0.0 ], [ -73.04566, -41.42731, 0.0 ], [ -73.04607, -41.42229, 0.0 ], [ -73.0474, -41.41737, 0.0 ], [ -73.05107, -41.41036, 0.0 ], [ -73.05659, -41.40408, 0.0 ], [ -73.06372, -41.3988, 0.0 ], [ -73.07215, -41.39476, 0.0 ], [ -73.07753, -41.39304, 0.0 ], [ -73.08396, -41.39169, 0.0 ], [ -73.09558, -41.391, 0.0 ], [ -73.10221, -41.39156, 0.0 ], [ -73.10788, -41.39263, 0.0 ], [ -73.11849, -41.39626, 0.0 ], [ -73.12393, -41.39917, 0.0 ], [ -73.1282, -41.40217, 0.0 ], [ -73.13196, -41.40554, 0.0 ], [ -73.13515, -41.40922, 0.0 ], [ -73.13771, -41.41317, 0.0 ], [ -73.13962, -41.41733, 0.0 ], [ -73.14084, -41.42163, 0.0 ], [ -73.14136, -41.42601, 0.0 ] ] ] } },
{ "type": "Feature", "properties": { "nombre": "Area Features (#14)" }, "geometry": { "type": "Polygon", "coordinates": [ [ [ -73.16528, -41.42552, 0.0 ], [ -73.16617, -41.45031, 0.0 ], [ -73.16586, -41.45597, 0.0 ], [ -73.16359, -41.46523, 0.0 ], [ -73.15922, -41.47405, 0.0 ], [ -73.15564, -41.47903, 0.0 ], [ -73.15139, -41.48369, 0.0 ], [ -73.14201, -41.49127, 0.0 ], [ -73.13613, -41.4948, 0.0 ], [ -73.12979, -41.49784, 0.0 ], [ -73.11721, -41.50206, 0.0 ], [ -73.10254, -41.50452, 0.0 ], [ -73.08751, -41.50462, 0.0 ], [ -73.07279, -41.50237, 0.0 ], [ -73.06574, -41.50039, 0.0 ], [ -73.05793, -41.4974, 0.0 ], [ -73.05165, -41.49428, 0.0 ], [ -73.04585, -41.49068, 0.0 ], [ -73.04058, -41.48665, 0.0 ], [ -73.0359, -41.48222, 0.0 ], [ -73.03186, -41.47745, 0.0 ], [ -73.0285, -41.47239, 0.0 ], [ -73.02587, -41.46709, 0.0 ], [ -73.02375, -41.46069, 0.0 ], [ -73.02262, -41.4532, 0.0 ], [ -73.0218, -41.42463, 0.0 ], [ -73.02344, -41.4153, 0.0 ], [ -73.0272, -41.40632, 0.0 ], [ -73.03044, -41.40121, 0.0 ], [ -73.03436, -41.39639, 0.0 ], [ -73.03894, -41.39191, 0.0 ], [ -73.04411, -41.3878, 0.0 ], [ -73.04982, -41.38413, 0.0 ], [ -73.056, -41.38093, 0.0 ], [ -73.0626, -41.37823, 0.0 ], [ -73.07072, -41.37575, 0.0 ], [ -73.07918, -41.37405, 0.0 ], [ -73.08785, -41.37312, 0.0 ], [ -73.09661, -41.37301, 0.0 ], [ -73.10408, -41.37354, 0.0 ], [ -73.11265, -41.37491, 0.0 ], [ -73.12093, -41.37705, 0.0 ], [ -73.12881, -41.37994, 0.0 ], [ -73.13514, -41.38297, 0.0 ], [ -73.14196, -41.38712, 0.0 ], [ -73.14805, -41.39186, 0.0 ], [ -73.15333, -41.39712, 0.0 ], [ -73.15715, -41.40199, 0.0 ], [ -73.16072, -41.40802, 0.0 ], [ -73.16299, -41.41341, 0.0 ], [ -73.16468, -41.41988, 0.0 ], [ -73.16528, -41.42552, 0.0 ] ] ] } },
{ "type": "Feature", "properties": { "nombre": "" }, "geometry": { "type": "LineString", "coordinates": [ [ -73.0941, -41.45084, 0.0 ], [ -73.09325, -41.42699, 0.0 ], [ -73.09379, -41.42698, 0.0 ], [ -73.09463, -41.45083, 0.0 ], [ -73.0941, -41.45084, 0.0 ] ] } },
{ "type": "Feature", "properties": { "nombre": "" }, "geometry": { "type": "LineString", "coordinates": [ [ -73.09352, -41.42698, 0.0 ], [ -73.09437, -41.45084, 0.0 ] ] } },
{ "type": "Feature", "properties": { "nombre": "" }, "geometry": { "type": "LineString", "coordinates": [ [ -73.09394, -41.43891, 0.0 ], [ -73.09367, -41.43892, 0.0 ] ] } },
{ "type": "Feature", "properties": { "nombre": "" }, "geometry": { "type": "LineString", "coordinates": [ [ -73.0917, -41.42648, 0.0 ], [ -73.09259, -41.45141, 0.0 ], [ -73.0975, -41.45132, 0.0 ], [ -73.09661, -41.42638, 0.0 ], [ -73.0917, -41.42648, 0.0 ] ] } },
{ "type": "Feature", "properties": { "nombre": "" }, "geometry": { "type": "LineString", "coordinates": [ [ -73.09629, -41.43886, 0.0 ], [ -73.09615, -41.43887, 0.0 ] ] } },
{ "type": "Feature", "properties": { "nombre": "" }, "geometry": { "type": "LineString", "coordinates": [ [ -73.09575, -41.42757, 0.0 ], [ -73.09656, -41.45016, 0.0 ] ] } },
{ "type": "Feature", "properties": { "nombre": "" }, "geometry": { "type": "LineString", "coordinates": [ [ -73.09416, -41.42643, 0.0 ], [ -73.09416, -41.42657, 0.0 ] ] } },
{ "type": "Feature", "properties": { "nombre": "" }, "geometry": { "type": "LineString", "coordinates": [ [ -73.09504, -41.45123, 0.0 ], [ -73.09504, -41.45137, 0.0 ] ] } },
{ "type": "Feature", "properties": { "nombre": "" }, "geometry": { "type": "LineString", "coordinates": [ [ -73.11866, -41.29081, 0.0 ], [ -73.09661, -41.42638, 0.0 ], [ -73.0917, -41.42648, 0.0 ], [ -73.06006, -41.29199, 0.0 ], [ -73.11866, -41.29081, 0.0 ] ] } },
{ "type": "Feature", "properties": { "nombre": "" }, "geometry": { "type": "LineString", "coordinates": [ [ -73.10014, -41.40469, 0.0 ], [ -73.08663, -41.40496, 0.0 ] ] } },
{ "type": "Feature", "properties": { "nombre": "" }, "geometry": { "type": "LineString", "coordinates": [ [ -73.09793, -41.41825, 0.0 ], [ -73.0898, -41.41841, 0.0 ] ] } },
{ "type": "Feature", "properties": { "nombre": "" }, "geometry": { "type": "LineString", "coordinates": [ [ -73.12928, -41.58579, 0.0 ], [ -73.0975, -41.45132, 0.0 ], [ -73.09259, -41.45141, 0.0 ], [ -73.07041, -41.58697, 0.0 ], [ -73.12928, -41.58579, 0.0 ] ] } },
{ "type": "Feature", "properties": { "nombre": "" }, "geometry": { "type": "LineString", "coordinates": [ [ -73.10257, -41.47283, 0.0 ], [ -73.08905, -41.4731, 0.0 ] ] } },
{ "type": "Feature", "properties": { "nombre": "" }, "geometry": { "type": "LineString", "coordinates": [ [ -73.0994, -41.45938, 0.0 ], [ -73.09126, -41.45955, 0.0 ] ] } },
{ "type": "Feature", "properties": { "nombre": "" }, "geometry": { "type": "LineString", "coordinates": [ [ -73.10225, -41.47149, 0.0 ], [ -73.09992, -41.40605, 0.0 ] ] } },
{ "type": "Feature", "properties": { "nombre": "" }, "geometry": { "type": "LineString", "coordinates": [ [ -73.0975, -41.45132, 0.0 ], [ -73.10126, -41.45124, 0.0 ] ] } },
{ "type": "Feature", "properties": { "nombre": "" }, "geometry": { "type": "LineString", "coordinates": [ [ -73.10038, -41.42631, 0.0 ], [ -73.09661, -41.42638, 0.0 ] ] } },
{ "type": "Feature", "properties": { "nombre": "" }, "geometry": { "type": "LineString", "coordinates": [ [ -73.09855, -41.45579, 0.0 ], [ -73.09734, -41.42187, 0.0 ] ] } },
{ "type": "Feature", "properties": { "nombre": "" }, "geometry": { "type": "LineString", "coordinates": [ [ -73.09961, -41.46027, 0.0 ], [ -73.09808, -41.41735, 0.0 ] ] } },
{ "type": "Feature", "properties": { "nombre": "" }, "geometry": { "type": "LineString", "coordinates": [ [ -73.10066, -41.46475, 0.0 ], [ -73.09882, -41.41284, 0.0 ] ] } },
{ "type": "Feature", "properties": { "nombre": "" }, "geometry": { "type": "LineString", "coordinates": [ [ -73.10172, -41.46923, 0.0 ], [ -73.09955, -41.40832, 0.0 ] ] } },
{ "type": "Feature", "properties": { "nombre": "" }, "geometry": { "type": "LineString", "coordinates": [ [ -73.09259, -41.45141, 0.0 ], [ -73.08882, -41.45149, 0.0 ] ] } },
{ "type": "Feature", "properties": { "nombre": "" }, "geometry": { "type": "LineString", "coordinates": [ [ -73.08794, -41.42656, 0.0 ], [ -73.0917, -41.42648, 0.0 ] ] } },
{ "type": "Feature", "properties": { "nombre": "" }, "geometry": { "type": "LineString", "coordinates": [ [ -73.08927, -41.47175, 0.0 ], [ -73.08695, -41.40631, 0.0 ] ] } },
{ "type": "Feature", "properties": { "nombre": "" }, "geometry": { "type": "LineString", "coordinates": [ [ -73.09185, -41.45593, 0.0 ], [ -73.09065, -41.422, 0.0 ] ] } },
{ "type": "Feature", "properties": { "nombre": "" }, "geometry": { "type": "LineString", "coordinates": [ [ -73.09112, -41.46044, 0.0 ], [ -73.08959, -41.41752, 0.0 ] ] } },
{ "type": "Feature", "properties": { "nombre": "" }, "geometry": { "type": "LineString", "coordinates": [ [ -73.09038, -41.46496, 0.0 ], [ -73.08854, -41.41305, 0.0 ] ] } },
{ "type": "Feature", "properties": { "nombre": "" }, "geometry": { "type": "LineString", "coordinates": [ [ -73.08964, -41.46947, 0.0 ], [ -73.08748, -41.40857, 0.0 ] ] } },
{ "type": "Feature", "properties": { "nombre": "" }, "geometry": { "type": "LineString", "coordinates": [ [ -73.08465, -41.43587, 0.0 ], [ -73.08557, -41.43429, 0.0 ], [ -73.0877, -41.43367, 0.0 ], [ -73.0898, -41.43436, 0.0 ], [ -73.09063, -41.43597, 0.0 ], [ -73.08971, -41.43755, 0.0 ], [ -73.08757, -41.43817, 0.0 ], [ -73.08548, -41.43748, 0.0 ], [ -73.08465, -41.43587, 0.0 ] ] } },
{ "type": "Feature", "properties": { "nombre": "" }, "geometry": { "type": "LineString", "coordinates": [ [ -73.08761, -41.43592, 0.0 ], [ -73.08764, -41.4359, 0.0 ], [ -73.08766, -41.43592, 0.0 ], [ -73.08764, -41.43594, 0.0 ], [ -73.08761, -41.43592, 0.0 ] ] } },
{ "type": "Feature", "properties": { "nombre": "" }, "geometry": { "type": "LineString", "coordinates": [ [ -73.08764, -41.43592, 0.0 ], [ -73.08764, -41.4359, 0.0 ] ] } },
{ "type": "Feature", "properties": { "nombre": "" }, "geometry": { "type": "LineString", "coordinates": [ [ -73.09188, -41.42927, 0.0 ], [ -73.09191, -41.42925, 0.0 ], [ -73.09194, -41.42927, 0.0 ], [ -73.09191, -41.42929, 0.0 ], [ -73.09188, -41.42927, 0.0 ] ] } },
{ "type": "Feature", "properties": { "nombre": "" }, "geometry": { "type": "LineString", "coordinates": [ [ -73.08832, -41.42921, 0.0 ], [ -73.08943, -41.42732, 0.0 ], [ -73.09199, -41.42657, 0.0 ], [ -73.0945, -41.4274, 0.0 ], [ -73.0955, -41.42933, 0.0 ], [ -73.09439, -41.43122, 0.0 ], [ -73.09183, -41.43197, 0.0 ], [ -73.08932, -41.43114, 0.0 ], [ -73.08832, -41.42921, 0.0 ] ] } },
{ "type": "Feature", "properties": { "nombre": "" }, "geometry": { "type": "LineString", "coordinates": [ [ -73.07995, -41.42907, 0.0 ], [ -73.08096, -41.42564, 0.0 ], [ -73.08364, -41.42276, 0.0 ], [ -73.08758, -41.42088, 0.0 ], [ -73.09217, -41.42027, 0.0 ], [ -73.09673, -41.42103, 0.0 ], [ -73.10055, -41.42304, 0.0 ], [ -73.10306, -41.42601, 0.0 ], [ -73.10387, -41.42947, 0.0 ], [ -73.10286, -41.4329, 0.0 ], [ -73.10018, -41.43577, 0.0 ], [ -73.09624, -41.43766, 0.0 ], [ -73.09165, -41.43827, 0.0 ], [ -73.08709, -41.43751, 0.0 ], [ -73.08326, -41.43549, 0.0 ], [ -73.08076, -41.43253, 0.0 ], [ -73.07995, -41.42907, 0.0 ] ] } },
{ "type": "Feature", "properties": { "nombre": "" }, "geometry": { "type": "LineString", "coordinates": [ [ -73.09191, -41.42927, 0.0 ], [ -73.09191, -41.42925, 0.0 ] ] } }
]
}
