{"type":"FeatureCollection","features":[{"type":"Feature","geometry":{"type":"Point","coordinates":[-70.84928,-34.37575]},"properties":{"nombre":"Bastián Solar","tecnologia":"Solar Fotovoltaico","estado":"En Calificación","potencia_mw":150.0,"medio":"-","titular":"CVE Proyecto Cincuenta y Ocho SpA","region":"O'Higgins","comuna":"Rengo"}},{"type":"Feature","geometry":{"type":"Point","coordinates":[-70.79793,-33.31873]},"properties":{"nombre":"Bruno Solar","tecnologia":"Solar Fotovoltaico","estado":"En Calificación","potencia_mw":9.0,"medio":"-","titular":"CVE Proyecto Cuarenta y Cuatro SpA","region":"Metropolitana","comuna":"Lampa"}},{"type":"Feature","geometry":{"type":"Point","coordinates":[-70.60497,-27.3307]},"properties":{"nombre":"Cayena","tecnologia":"Solar Fotovoltaico","estado":"En Calificación","potencia_mw":7.0,"medio":"-","titular":"Energética Solar Cayena SpA","region":"Atacama","comuna":"Copiapó"}},{"type":"Feature","geometry":{"type":"Point","coordinates":[-70.71576,-28.19775]},"properties":{"nombre":"Ceibo","tecnologia":"Solar Fotovoltaico","estado":"En Calificación","potencia_mw":250.0,"medio":"-","titular":"Energía Renovables Violeta SpA","region":"Atacama","comuna":"Vallenar"}},{"type":"Feature","geometry":{"type":"Point","coordinates":[-73.12528,-40.484]},"properties":{"nombre":"Chacayal","tecnologia":"Solar Fotovoltaico","estado":"En Calificación","potencia_mw":9.0,"medio":"-","titular":"IM2 Solar Chile SpA","region":"Los Lagos","comuna":"Osorno"}},{"type":"Feature","geometry":{"type":"Point","coordinates":[-70.78138,-34.37417]},"properties":{"nombre":"Chanqueahue","tecnologia":"Solar Fotovoltaico","estado":"En Calificación","potencia_mw":150.0,"medio":"-","titular":"GR Las Chinchillas SpA","region":"O'Higgins","comuna":"Rengo"}},{"type":"Feature","geometry":{"type":"Point","coordinates":[-70.29508,-23.98186]},"properties":{"nombre":"Ckoirama Solar","tecnologia":"Solar Fotovoltaico","estado":"En Calificación","potencia_mw":300.0,"medio":"-","titular":"CI GMF II La Negra ProjectCo SpA","region":"Antofagasta","comuna":"Antofagasta"}},{"type":"Feature","geometry":{"type":"Point","coordinates":[-69.99685,-26.53817]},"properties":{"nombre":"Copao Diego de Almagro","tecnologia":"Solar Fotovoltaico","estado":"En Calificación","potencia_mw":351.0,"medio":"-","titular":"Copao Energía SpA","region":"Atacama","comuna":"Diego de Almagro"}},{"type":"Feature","geometry":{"type":"Point","coordinates":[-70.86698,-34.49261]},"properties":{"nombre":"Cumbres del Sol","tecnologia":"Solar Fotovoltaico","estado":"En Calificación","potencia_mw":140.0,"medio":"-","titular":"Los Llanos Solar SpA","region":"O'Higgins","comuna":"Malloa"}},{"type":"Feature","geometry":{"type":"Point","coordinates":[-70.39737,-27.28906]},"properties":{"nombre":"El Pitotoy","tecnologia":"Solar Fotovoltaico","estado":"En Calificación","potencia_mw":100.0,"medio":"-","titular":"PFV El Pitotoy SpA","region":"Atacama","comuna":"Copiapó"}},{"type":"Feature","geometry":{"type":"Point","coordinates":[-72.10997,-35.55326]},"properties":{"nombre":"El Cardonal","tecnologia":"Solar Fotovoltaico","estado":"En Calificación","potencia_mw":5.0,"medio":"-","titular":"Parsosy Magec SpA","region":"Maule","comuna":"San Javier"}},{"type":"Feature","geometry":{"type":"Point","coordinates":[-70.99373,-34.92177]},"properties":{"nombre":"El Coipo","tecnologia":"Solar Fotovoltaico","estado":"En Calificación","potencia_mw":120.0,"medio":"-","titular":"Mariquina Solar I SpA","region":"Maule","comuna":"Teno"}},{"type":"Feature","geometry":{"type":"Point","coordinates":[-71.34698,-35.1452]},"properties":{"nombre":"El Colorado","tecnologia":"Solar Fotovoltaico","estado":"En Calificación","potencia_mw":114.0,"medio":"-","titular":"ENERGIA RENOVABLE TOPACIO SPA","region":"Maule","comuna":"Río Claro"}},{"type":"Feature","geometry":{"type":"Point","coordinates":[-71.35535,-35.38122]},"properties":{"nombre":"El Retiro","tecnologia":"Solar Fotovoltaico","estado":"En Calificación","potencia_mw":241.97,"medio":"-","titular":"Austriaenergy Chile Once SpA","region":"Maule","comuna":"Pelarco"}},{"type":"Feature","geometry":{"type":"Point","coordinates":[-73.05851,-41.31192]},"properties":{"nombre":"El Roble Norte","tecnologia":"Solar Fotovoltaico","estado":"En Calificación","potencia_mw":9.0,"medio":"-","titular":"Energía Renovable Opalo SpA","region":"Los Lagos","comuna":"Puerto Varas"}},{"type":"Feature","geometry":{"type":"Point","coordinates":[-73.08568,-41.39229]},"properties":{"nombre":"El Tepual Norte","tecnologia":"Solar Fotovoltaico","estado":"En Calificación","potencia_mw":9.0,"medio":"-","titular":"Energía Renovable Platino SpA","region":"Los Lagos","comuna":"Puerto Varas"}},{"type":"Feature","geometry":{"type":"Point","coordinates":[-69.48633,-22.14498]},"properties":{"nombre":"Elena 2","tecnologia":"Solar Fotovoltaico","estado":"En Calificación","potencia_mw":467.5,"medio":"-","titular":"GR Cabo de Hornos SpA","region":"Antofagasta","comuna":"María Elena"}},{"type":"Feature","geometry":{"type":"Point","coordinates":[-69.42387,-20.26917]},"properties":{"nombre":"Euclides","tecnologia":"Solar Fotovoltaico","estado":"En Calificación","potencia_mw":9.0,"medio":"-","titular":"Euclides SpA","region":"Tarapacá","comuna":"Pica"}},{"type":"Feature","geometry":{"type":"Point","coordinates":[-70.85629,-33.51333]},"properties":{"nombre":"Gabriela Solar","tecnologia":"Solar Fotovoltaico","estado":"En Calificación","potencia_mw":9.0,"medio":"-","titular":"CVE Proyecto Treinta y Dos SpA.","region":"Metropolitana","comuna":"Maipú"}},{"type":"Feature","geometry":{"type":"Point","coordinates":[-71.31561,-33.96437]},"properties":{"nombre":"Graneros II","tecnologia":"Solar Fotovoltaico","estado":"En Calificación","potencia_mw":6.5,"medio":"PMGD","titular":"CLD Generación 2 SpA","region":"Metropolitana","comuna":"San Pedro de Melipilla"}},{"type":"Feature","geometry":{"type":"Point","coordinates":[-71.11466,-30.50586]},"properties":{"nombre":"Hanna","tecnologia":"Solar Fotovoltaico","estado":"En Calificación","potencia_mw":7.15,"medio":"PMGD","titular":"Hanna Solar SpA","region":"Coquimbo","comuna":"Ovalle"}},{"type":"Feature","geometry":{"type":"Point","coordinates":[-71.32171,-35.17937]},"properties":{"nombre":"Hemera","tecnologia":"Solar Fotovoltaico","estado":"En Calificación","potencia_mw":90.0,"medio":"-","titular":"Bellavista Solar SpA","region":"Maule","comuna":"Río Claro"}},{"type":"Feature","geometry":{"type":"Point","coordinates":[-72.39155,-37.523]},"properties":{"nombre":"Inambú","tecnologia":"Solar Fotovoltaico","estado":"En Calificación","potencia_mw":21.0,"medio":"-","titular":"Wpd Inambú SpA","region":"Biobío","comuna":"Los Ángeles"}},{"type":"Feature","geometry":{"type":"Point","coordinates":[-70.10215,-26.36664]},"properties":{"nombre":"Isidora","tecnologia":"Solar Fotovoltaico","estado":"En Calificación","potencia_mw":150.0,"medio":"-","titular":"Isidora Solar SpA","region":"Atacama","comuna":"Diego de Almagro"}},{"type":"Feature","geometry":{"type":"Point","coordinates":[-70.59865,-33.91868]},"properties":{"nombre":"La Hornilla","tecnologia":"Solar Fotovoltaico","estado":"En Calificación","potencia_mw":151.6,"medio":"-","titular":"La Hornilla SpA","region":"O'Higgins","comuna":"Mostazal"}},{"type":"Feature","geometry":{"type":"Point","coordinates":[-71.21489,-30.45228]},"properties":{"nombre":"La Verdiona","tecnologia":"Solar Fotovoltaico","estado":"En Calificación","potencia_mw":70.3,"medio":"-","titular":"Central Eléctrica El Peumo SpA","region":"Coquimbo","comuna":"Ovalle"}},{"type":"Feature","geometry":{"type":"Point","coordinates":[-70.49478,-28.25462]},"properties":{"nombre":"Las Cunas","tecnologia":"Solar Fotovoltaico","estado":"En Calificación","potencia_mw":540.0,"medio":"-","titular":"Parque Solar Las Cunas SpA","region":"Atacama","comuna":"Vallenar"}},{"type":"Feature","geometry":{"type":"Point","coordinates":[-72.26832,-36.98253]},"properties":{"nombre":"Las Mellizas","tecnologia":"Solar Fotovoltaico","estado":"En Calificación","potencia_mw":173.0,"medio":"-","titular":"Las Mellizas Generación SpA.","region":"Ñuble","comuna":"Pemuco"}},{"type":"Feature","geometry":{"type":"Point","coordinates":[-70.94154,-32.43156]},"properties":{"nombre":"Laurel","tecnologia":"Solar Fotovoltaico","estado":"En Calificación","potencia_mw":7.0,"medio":"PMGD","titular":"Energética Solar Laurel SpA","region":"Valparaíso","comuna":"Cabildo"}},{"type":"Feature","geometry":{"type":"Point","coordinates":[-71.39928,-33.6269]},"properties":{"nombre":"Leyda (Valparaíso)","tecnologia":"Solar Fotovoltaico","estado":"En Calificación","potencia_mw":9.0,"medio":"-","titular":"SUSTERRA SpA","region":"Valparaíso","comuna":"San Antonio"}},{"type":"Feature","geometry":{"type":"Point","coordinates":[-71.32791,-32.99518]},"properties":{"nombre":"Limachino III","tecnologia":"Solar Fotovoltaico","estado":"En Calificación","potencia_mw":7.14,"medio":"-","titular":"PFV Limachino III SpA","region":"Valparaíso","comuna":"Limache"}},{"type":"Feature","geometry":{"type":"Point","coordinates":[-69.96482,-25.02804]},"properties":{"nombre":"Llanura Solar","tecnologia":"Solar Fotovoltaico","estado":"En Calificación","potencia_mw":1004.037,"medio":"-","titular":"CI GMF II Llanura Solar ProjectCo SpA","region":"Antofagasta","comuna":"Taltal"}},{"type":"Feature","geometry":{"type":"Point","coordinates":[-71.58627,-33.37636]},"properties":{"nombre":"Loma Verde","tecnologia":"Solar Fotovoltaico","estado":"En Calificación","potencia_mw":90.0,"medio":"-","titular":"KSR SEIS SpA","region":"Valparaíso","comuna":"Algarrobo"}},{"type":"Feature","geometry":{"type":"Point","coordinates":[-71.34073,-32.37066]},"properties":{"nombre":"Longotoma","tecnologia":"Solar Fotovoltaico","estado":"En Calificación","potencia_mw":5.5,"medio":"-","titular":"CLD GENERACION 8 SPA","region":"Valparaíso","comuna":"La Ligua"}},{"type":"Feature","geometry":{"type":"Point","coordinates":[-71.23337,-32.28012]},"properties":{"nombre":"Los Boldos","tecnologia":"Solar Fotovoltaico","estado":"En Calificación","potencia_mw":240.8,"medio":"-","titular":"Longotoma Solar SpA","region":"Valparaíso","comuna":"La Ligua"}},{"type":"Feature","geometry":{"type":"Point","coordinates":[-73.23295,-40.80173]},"properties":{"nombre":"Los Maquis","tecnologia":"Solar Fotovoltaico","estado":"En Calificación","potencia_mw":9.0,"medio":"PMGD","titular":"Energía Renovable Turquesa SpA","region":"Los Lagos","comuna":"Río Negro"}},{"type":"Feature","geometry":{"type":"Point","coordinates":[-71.56673,-37.35178]},"properties":{"nombre":"Manquel","tecnologia":"Solar Fotovoltaico","estado":"En Calificación","potencia_mw":65.0,"medio":"-","titular":"Manquel Solar SpA","region":"Biobío","comuna":"Antuco"}},{"type":"Feature","geometry":{"type":"Point","coordinates":[-70.92801,-30.74708]},"properties":{"nombre":"Monte Patria III","tecnologia":"Solar Fotovoltaico","estado":"En Calificación","potencia_mw":6.39,"medio":"-","titular":"CLD Generación 5 SpA","region":"Coquimbo","comuna":"Monte Patria"}},{"type":"Feature","geometry":{"type":"Point","coordinates":[-71.96959,-36.59343]},"properties":{"nombre":"Monterrico","tecnologia":"Solar Fotovoltaico","estado":"En Calificación","potencia_mw":200.0,"medio":"-","titular":"Unión Solar SpA","region":"Ñuble","comuna":"Coihueco"}},{"type":"Feature","geometry":{"type":"Point","coordinates":[-72.223,-37.67433]},"properties":{"nombre":"Neutrón","tecnologia":"Solar Fotovoltaico","estado":"En Calificación","potencia_mw":9.0,"medio":"-","titular":"Parque Solar Neutrón SpA","region":"Biobío","comuna":"Mulchén"}},{"type":"Feature","geometry":{"type":"Point","coordinates":[-69.42958,-20.80841]},"properties":{"nombre":"Pampino","tecnologia":"Solar Fotovoltaico","estado":"En Calificación","potencia_mw":170.0,"medio":"-","titular":"Pampino Solar SpA","region":"Tarapacá","comuna":"Pozo Almonte"}},{"type":"Feature","geometry":{"type":"Point","coordinates":[-71.85341,-36.14479]},"properties":{"nombre":"Parral","tecnologia":"Solar Fotovoltaico","estado":"En Calificación","potencia_mw":6.5,"medio":"-","titular":"CLD Generación 7 SPA","region":"Maule","comuna":"Parral"}},{"type":"Feature","geometry":{"type":"Point","coordinates":[-71.25608,-30.77414]},"properties":{"nombre":"Perico","tecnologia":"Solar Fotovoltaico","estado":"En Calificación","potencia_mw":6.02,"medio":"-","titular":"CLD GENERACION 3 SPA","region":"Coquimbo","comuna":"Punitaqui"}},{"type":"Feature","geometry":{"type":"Point","coordinates":[-69.8664,-27.01577]},"properties":{"nombre":"Peuco","tecnologia":"Solar Fotovoltaico","estado":"En Calificación","potencia_mw":285.0,"medio":"-","titular":"PFV Peuco SpA","region":"Atacama","comuna":"Copiapó"}},{"type":"Feature","geometry":{"type":"Point","coordinates":[-72.87718,-39.53762]},"properties":{"nombre":"Puile","tecnologia":"Solar Fotovoltaico","estado":"En Calificación","potencia_mw":9.0,"medio":"-","titular":"PSF BESS Puile SpA","region":"Los Ríos","comuna":"Mariquina"}},{"type":"Feature","geometry":{"type":"Point","coordinates":[-71.33904,-32.47305]},"properties":{"nombre":"Pullalli","tecnologia":"Solar Fotovoltaico","estado":"En Calificación","potencia_mw":299.0,"medio":"-","titular":"Cerro Blanco SpA","region":"Valparaíso","comuna":"La Ligua"}},{"type":"Feature","geometry":{"type":"Point","coordinates":[-71.46896,-33.55547]},"properties":{"nombre":"Radal","tecnologia":"Solar Fotovoltaico","estado":"En Calificación","potencia_mw":200.0,"medio":"-","titular":"Energía Renovable SPA","region":"Valparaíso","comuna":"Cartagena"}},{"type":"Feature","geometry":{"type":"Point","coordinates":[-70.8575,-33.4969]},"properties":{"nombre":"Rinconada Solar","tecnologia":"Solar Fotovoltaico","estado":"En Calificación","potencia_mw":254.3,"medio":"-","titular":"Los Carpinteros Solar SpA","region":"Metropolitana","comuna":"Maipú"}},{"type":"Feature","geometry":{"type":"Point","coordinates":[-71.44938,-32.82455]},"properties":{"nombre":"Ritoque Solar (Ampliación)","tecnologia":"Solar Fotovoltaico","estado":"En Calificación","potencia_mw":120.0,"medio":"-","titular":"Luz del Sol 5 SpA","region":"Valparaíso","comuna":"Quintero"}},{"type":"Feature","geometry":{"type":"Point","coordinates":[-70.78442,-33.23159]},"properties":{"nombre":"Santa Carolina (RM)","tecnologia":"Solar Fotovoltaico","estado":"En Calificación","potencia_mw":12.49,"medio":"-","titular":"CLD GENERACION 9 SPA","region":"Metropolitana","comuna":"Lampa"}},{"type":"Feature","geometry":{"type":"Point","coordinates":[-69.62797,-20.24308]},"properties":{"nombre":"Semillero","tecnologia":"Solar Fotovoltaico","estado":"En Calificación","potencia_mw":57.0,"medio":"-","titular":"PFV Semillero SpA","region":"Tarapacá","comuna":"Pozo Almonte"}},{"type":"Feature","geometry":{"type":"Point","coordinates":[-69.56414,-22.40086]},"properties":{"nombre":"SFV SQM Antofagasta","tecnologia":"Solar Fotovoltaico","estado":"En Calificación","potencia_mw":76.5,"medio":"-","titular":"SQM S.A.","region":"Antofagasta","comuna":"María Elena"}},{"type":"Feature","geometry":{"type":"Point","coordinates":[-69.70804,-20.79736]},"properties":{"nombre":"SFV SQM Tarapacá","tecnologia":"Solar Fotovoltaico","estado":"En Calificación","potencia_mw":76.5,"medio":"-","titular":"SQM S.A.","region":"Tarapacá","comuna":"Pozo Almonte"}},{"type":"Feature","geometry":{"type":"Point","coordinates":[-72.24365,-37.03113]},"properties":{"nombre":"Sidon","tecnologia":"Solar Fotovoltaico","estado":"En Calificación","potencia_mw":160.5,"medio":"-","titular":"Sidon Solar SpA","region":"Biobío","comuna":"Cabrero"}},{"type":"Feature","geometry":{"type":"Point","coordinates":[-70.68999,-32.66169]},"properties":{"nombre":"SLK CB Nueve (Modificación)","tecnologia":"Solar Fotovoltaico","estado":"En Calificación","potencia_mw":0.5,"medio":"-","titular":"SLK CB Nueve SpA","region":"Valparaíso","comuna":"Putaendo"}},{"type":"Feature","geometry":{"type":"Point","coordinates":[-70.6861,-28.15298]},"properties":{"nombre":"Sol de Algarrobal","tecnologia":"Solar Fotovoltaico","estado":"En Calificación","potencia_mw":390.774,"medio":"-","titular":"AustriaEnergy Chile Nueve SpA","region":"Atacama","comuna":"Vallenar"}},{"type":"Feature","geometry":{"type":"Point","coordinates":[-72.72795,-37.81295]},"properties":{"nombre":"Solango","tecnologia":"Solar Fotovoltaico","estado":"En Calificación","potencia_mw":8.0,"medio":"-","titular":"Hidroenersur SpA","region":"Araucanía","comuna":"Angol"}},{"type":"Feature","geometry":{"type":"Point","coordinates":[-71.583,-34.3072]},"properties":{"nombre":"Solar Portezuelo","tecnologia":"Solar Fotovoltaico","estado":"En Calificación","potencia_mw":121.0,"medio":"-","titular":"Portezuelo SpA","region":"O'Higgins","comuna":"Marchihue"}},{"type":"Feature","geometry":{"type":"Point","coordinates":[-69.9353,-24.95904]},"properties":{"nombre":"Thayari","tecnologia":"Solar Fotovoltaico","estado":"En Calificación","potencia_mw":100.0,"medio":"-","titular":"Parque Eolico Thayari SpA","region":"Antofagasta","comuna":"Taltal"}},{"type":"Feature","geometry":{"type":"Point","coordinates":[-70.0488,-26.18616]},"properties":{"nombre":"Tres Cruces (Modificación)","tecnologia":"Solar Fotovoltaico","estado":"En Calificación","potencia_mw":150.0,"medio":"-","titular":"Sonnedix Chile Holding SpA","region":"Atacama","comuna":"Chañaral"}},{"type":"Feature","geometry":{"type":"Point","coordinates":[-71.34464,-32.41744]},"properties":{"nombre":"Venus","tecnologia":"Solar Fotovoltaico","estado":"En Calificación","potencia_mw":14.98,"medio":"-","titular":"Parque Solar Venus SpA","region":"Valparaíso","comuna":"Papudo"}},{"type":"Feature","geometry":{"type":"Point","coordinates":[-69.95463,-24.97597]},"properties":{"nombre":"Vientos de Taltal","tecnologia":"Solar Fotovoltaico","estado":"En Calificación","potencia_mw":283.0,"medio":"-","titular":"Vientos de Taltal SpA","region":"Antofagasta","comuna":"Taltal"}},{"type":"Feature","geometry":{"type":"Point","coordinates":[-70.80565,-28.61219]},"properties":{"nombre":"Abasol","tecnologia":"Solar Fotovoltaico","estado":"Aprobado","potencia_mw":61.5,"medio":"-","titular":"Avantia","region":"Atacama","comuna":"Vallenar"}},{"type":"Feature","geometry":{"type":"Point","coordinates":[-71.42621,-33.32519]},"properties":{"nombre":"Acuyo","tecnologia":"Solar Fotovoltaico","estado":"Aprobado","potencia_mw":82.0,"medio":"-","titular":"Fontus SCL III SpA","region":"Valparaíso","comuna":"Casablanca"}},{"type":"Feature","geometry":{"type":"Point","coordinates":[-70.79904,-34.19669]},"properties":{"nombre":"Agnis","tecnologia":"Solar Fotovoltaico","estado":"Aprobado","potencia_mw":9.0,"medio":"-","titular":"PER Licancabur SpA","region":"O'Higgins","comuna":"Olivar"}},{"type":"Feature","geometry":{"type":"Point","coordinates":[-71.76138,-36.50867]},"properties":{"nombre":"Agrícola Josefina","tecnologia":"Solar Fotovoltaico","estado":"Aprobado","potencia_mw":9.0,"medio":"PMGD","titular":"Sol del Sur 26 SpA","region":"Ñuble","comuna":"Coihueco"}},{"type":"Feature","geometry":{"type":"Point","coordinates":[-71.99926,-37.07963]},"properties":{"nombre":"Agrovisión","tecnologia":"Solar Fotovoltaico","estado":"Aprobado","potencia_mw":9.0,"medio":"PMGD","titular":"MVC SOLAR 11 SPA","region":"Ñuble","comuna":"Yungay"}},{"type":"Feature","geometry":{"type":"Point","coordinates":[-69.84289,-24.11926]},"properties":{"nombre":"Aguas Blancas I","tecnologia":"Solar Fotovoltaico","estado":"Aprobado","potencia_mw":8.8,"medio":"-","titular":"Aguas Blancas Solar 1","region":"Antofagasta","comuna":"Antofagasta"}},{"type":"Feature","geometry":{"type":"Point","coordinates":[-69.50649,-22.23719]},"properties":{"nombre":"Alfa Solar","tecnologia":"Solar Fotovoltaico","estado":"Aprobado","potencia_mw":854.0,"medio":"-","titular":"Pleiades S.A.","region":"Antofagasta","comuna":"María Elena"}},{"type":"Feature","geometry":{"type":"Point","coordinates":[-71.58336,-33.3179]},"properties":{"nombre":"Alghero Solar","tecnologia":"Solar Fotovoltaico","estado":"Aprobado","potencia_mw":7.7,"medio":"PMGD","titular":"Alghero Solar SpA","region":"Valparaíso","comuna":"Algarrobo"}},{"type":"Feature","geometry":{"type":"Point","coordinates":[-71.4414,-33.29293]},"properties":{"nombre":"Alicanto","tecnologia":"Solar Fotovoltaico","estado":"Aprobado","potencia_mw":70.0,"medio":"-","titular":"PSF Alicanto Solar SpA","region":"Valparaíso","comuna":"Casablanca"}},{"type":"Feature","geometry":{"type":"Point","coordinates":[-69.73338,-20.26807]},"properties":{"nombre":"Almonte","tecnologia":"Solar Fotovoltaico","estado":"Aprobado","potencia_mw":75.0,"medio":"-","titular":"Andes Mainstream SpA","region":"Tarapacá","comuna":"Pozo Almonte"}},{"type":"Feature","geometry":{"type":"Point","coordinates":[-70.69367,-33.71782]},"properties":{"nombre":"Alto Jahuel Solar","tecnologia":"Solar Fotovoltaico","estado":"Aprobado","potencia_mw":5.6,"medio":"PMGD","titular":"Alto Jahuel Solar SpA","region":"Metropolitana","comuna":"Buin"}},{"type":"Feature","geometry":{"type":"Point","coordinates":[-70.32798,-23.79875]},"properties":{"nombre":"Alto Norte 9 MW","tecnologia":"Solar Fotovoltaico","estado":"Aprobado","potencia_mw":9.0,"medio":"PMGD","titular":"Grenergy Renovables Pacific Ltda.","region":"Antofagasta","comuna":"Antofagasta"}},{"type":"Feature","geometry":{"type":"Point","coordinates":[-68.78572,-24.32185]},"properties":{"nombre":"Altos del Sol","tecnologia":"Solar Fotovoltaico","estado":"Aprobado","potencia_mw":763.6,"medio":"-","titular":"San Carlos SpA","region":"Antofagasta","comuna":"Antofagasta"}},{"type":"Feature","geometry":{"type":"Point","coordinates":[-70.68505,-33.25578]},"properties":{"nombre":"Alvarado","tecnologia":"Solar Fotovoltaico","estado":"Aprobado","potencia_mw":9.0,"medio":"-","titular":"IM2 Solar Chile SpA","region":"Metropolitana","comuna":"Colina"}},{"type":"Feature","geometry":{"type":"Point","coordinates":[-70.01123,-19.01306]},"properties":{"nombre":"ALWA","tecnologia":"Solar Fotovoltaico","estado":"Aprobado","potencia_mw":93.2,"medio":"-","titular":"Celeo Energía Chile SpA","region":"Arica y Parinacota","comuna":"Camarones"}},{"type":"Feature","geometry":{"type":"Point","coordinates":[-70.14682,-18.9328]},"properties":{"nombre":"Alwa II","tecnologia":"Solar Fotovoltaico","estado":"Aprobado","potencia_mw":198.0,"medio":"-","titular":"Alwa II SpA","region":"Arica y Parinacota","comuna":"Camarones"}},{"type":"Feature","geometry":{"type":"Point","coordinates":[-72.51201,-36.28088]},"properties":{"nombre":"Amanecer de Ñuble","tecnologia":"Solar Fotovoltaico","estado":"Aprobado","potencia_mw":7.2,"medio":"PMGD","titular":"Sociedad Energías Renovables El Mañío SpA","region":"Ñuble","comuna":"Quirihue"}},{"type":"Feature","geometry":{"type":"Point","coordinates":[-71.32975,-30.61151]},"properties":{"nombre":"Amparo del Sol (Ampliación)","tecnologia":"Solar Fotovoltaico","estado":"Aprobado","potencia_mw":2.9,"medio":"PMGD","titular":"Parque Solar Amparo del Sol SpA","region":"Coquimbo","comuna":"Ovalle"}},{"type":"Feature","geometry":{"type":"Point","coordinates":[-70.08628,-26.35987]},"properties":{"nombre":"Ampliación Diego de Almagro Solar","tecnologia":"Solar Fotovoltaico","estado":"Aprobado","potencia_mw":79.2,"medio":"-","titular":"Energías Renovables Fotones de Chile SpA","region":"Atacama","comuna":"Diego de Almagro"}},{"type":"Feature","geometry":{"type":"Point","coordinates":[-70.3221,-23.78139]},"properties":{"nombre":"Andalhue","tecnologia":"Solar Fotovoltaico","estado":"Aprobado","potencia_mw":9.0,"medio":"PMGD","titular":"Abra Solar SpA","region":"Antofagasta","comuna":"Antofagasta"}},{"type":"Feature","geometry":{"type":"Point","coordinates":[-69.90808,-26.95216]},"properties":{"nombre":"Andino","tecnologia":"Solar Fotovoltaico","estado":"Aprobado","potencia_mw":90.0,"medio":"-","titular":"Hydrochile S.A.","region":"Atacama","comuna":"Copiapó"}},{"type":"Feature","geometry":{"type":"Point","coordinates":[-71.25453,-32.32397]},"properties":{"nombre":"Andino Longotoma","tecnologia":"Solar Fotovoltaico","estado":"Aprobado","potencia_mw":234.0,"medio":"-","titular":"Parque Fotovoltaico Andino Longotoma SpA","region":"Valparaíso","comuna":"La Ligua"}},{"type":"Feature","geometry":{"type":"Point","coordinates":[-71.51158,-34.35305]},"properties":{"nombre":"Andino Los Maitenes","tecnologia":"Solar Fotovoltaico","estado":"Aprobado","potencia_mw":84.0,"medio":"-","titular":"Andino Los Maitenes SpA","region":"O'Higgins","comuna":"Marchihue"}},{"type":"Feature","geometry":{"type":"Point","coordinates":[-71.5843,-34.39638]},"properties":{"nombre":"Andino Occidente II","tecnologia":"Solar Fotovoltaico","estado":"Aprobado","potencia_mw":150.0,"medio":"-","titular":"Parque Fotovltaico Andino Occidente II SpA","region":"O'Higgins","comuna":"Marchihue"}},{"type":"Feature","geometry":{"type":"Point","coordinates":[-70.32972,-23.79331]},"properties":{"nombre":"Antilco","tecnologia":"Solar Fotovoltaico","estado":"Aprobado","potencia_mw":9.0,"medio":"PMGD","titular":"Astro Solar Spa.","region":"Antofagasta","comuna":"Antofagasta"}},{"type":"Feature","geometry":{"type":"Point","coordinates":[-69.47765,-22.18373]},"properties":{"nombre":"Antofagasta","tecnologia":"Solar Fotovoltaico","estado":"Aprobado","potencia_mw":500.0,"medio":"-","titular":"Ibereolica Solar Antofagasta SpA.","region":"Antofagasta","comuna":"María Elena"}},{"type":"Feature","geometry":{"type":"Point","coordinates":[-70.69289,-33.79383]},"properties":{"nombre":"Aquiluz Solar","tecnologia":"Solar Fotovoltaico","estado":"Aprobado","potencia_mw":9.0,"medio":"PMGD","titular":"CVE Proyecto Once SpA","region":"Metropolitana","comuna":"Paine"}},{"type":"Feature","geometry":{"type":"Point","coordinates":[-71.39938,-35.74549]},"properties":{"nombre":"AR Panimávida Solar","tecnologia":"Solar Fotovoltaico","estado":"Aprobado","potencia_mw":112.58,"medio":"-","titular":"AR Energía Chile SpA","region":"Maule","comuna":"Colbún"}},{"type":"Feature","geometry":{"type":"Point","coordinates":[-71.12643,-30.61006]},"properties":{"nombre":"AR Valle Altillo Solar","tecnologia":"Solar Fotovoltaico","estado":"Aprobado","potencia_mw":30.3,"medio":"-","titular":"AR Energía Chile SpA","region":"Coquimbo","comuna":"Ovalle"}},{"type":"Feature","geometry":{"type":"Point","coordinates":[-71.1956,-34.83931]},"properties":{"nombre":"Arboleda Solar","tecnologia":"Solar Fotovoltaico","estado":"Aprobado","potencia_mw":80.0,"medio":"-","titular":"Guanaquito Solar SpA","region":"Maule","comuna":"Teno"}},{"type":"Feature","geometry":{"type":"Point","coordinates":[-70.08559,-18.50434]},"properties":{"nombre":"Arica Solar I (Etapa I) Ampliación 8 MW","tecnologia":"Solar Fotovoltaico","estado":"Aprobado","potencia_mw":8.0,"medio":"PMGD","titular":"Chile Solar Generación Uno Ltda.","region":"Arica y Parinacota","comuna":"Arica"}},{"type":"Feature","geometry":{"type":"Point","coordinates":[-72.28358,-36.73806]},"properties":{"nombre":"Aura","tecnologia":"Solar Fotovoltaico","estado":"Aprobado","potencia_mw":9.0,"medio":"-","titular":"Parque Solar Aura SpA","region":"Ñuble","comuna":"Bulnes"}},{"type":"Feature","geometry":{"type":"Point","coordinates":[-70.7909,-28.55333]},"properties":{"nombre":"Aurora del Huasco","tecnologia":"Solar Fotovoltaico","estado":"Aprobado","potencia_mw":38.0,"medio":"-","titular":"SOWITEC Operation Ltda","region":"Atacama","comuna":"Vallenar"}},{"type":"Feature","geometry":{"type":"Point","coordinates":[-70.17381,-18.48767]},"properties":{"nombre":"Azapa","tecnologia":"Solar Fotovoltaico","estado":"Aprobado","potencia_mw":104.0,"medio":"-","titular":"Andes Mainstream SpA","region":"Arica y Parinacota","comuna":"Arica"}},{"type":"Feature","geometry":{"type":"Point","coordinates":[-70.88638,-33.75235]},"properties":{"nombre":"Balmaceda","tecnologia":"Solar Fotovoltaico","estado":"Aprobado","potencia_mw":9.0,"medio":"PMGD","titular":"Planta Solar Balmaceda SpA","region":"Metropolitana","comuna":"Isla de Maipo"}},{"type":"Feature","geometry":{"type":"Point","coordinates":[-70.85837,-32.3778]},"properties":{"nombre":"Bartolillo","tecnologia":"Solar Fotovoltaico","estado":"Aprobado","potencia_mw":9.0,"medio":"-","titular":"Bartolillo SpA","region":"Valparaíso","comuna":"Cabildo"}},{"type":"Feature","geometry":{"type":"Point","coordinates":[-69.70524,-20.80683]},"properties":{"nombre":"Bellavista","tecnologia":"Solar Fotovoltaico","estado":"Aprobado","potencia_mw":9.0,"medio":"PMGD","titular":"GR Maitén SpA","region":"Tarapacá","comuna":"Pozo Almonte"}},{"type":"Feature","geometry":{"type":"Point","coordinates":[-71.5752,-34.35271]},"properties":{"nombre":"Berlino","tecnologia":"Solar Fotovoltaico","estado":"Aprobado","potencia_mw":9.0,"medio":"PMG","titular":"Berlino Solar SpA","region":"O'Higgins","comuna":"Marchihue"}},{"type":"Feature","geometry":{"type":"Point","coordinates":[-71.21386,-33.8635]},"properties":{"nombre":"Beta","tecnologia":"Solar Fotovoltaico","estado":"Aprobado","potencia_mw":6.2,"medio":"PMGD","titular":"Parque Solar Beta SpA","region":"Metropolitana","comuna":"Melipilla"}},{"type":"Feature","geometry":{"type":"Point","coordinates":[-71.21738,-33.59504]},"properties":{"nombre":"Bollenar","tecnologia":"Solar Fotovoltaico","estado":"Aprobado","potencia_mw":9.0,"medio":"PMGD","titular":"ANDINA SOLAR 3 SPA","region":"Metropolitana","comuna":"Melipilla"}},{"type":"Feature","geometry":{"type":"Point","coordinates":[-69.91021,-24.08587]},"properties":{"nombre":"Bonasort","tecnologia":"Solar Fotovoltaico","estado":"Aprobado","potencia_mw":9.0,"medio":"PMGD","titular":"GR Lauca SpA","region":"Antofagasta","comuna":"Antofagasta"}},{"type":"Feature","geometry":{"type":"Point","coordinates":[-72.16805,-37.70613]},"properties":{"nombre":"Brillo Solar","tecnologia":"Solar Fotovoltaico","estado":"Aprobado","potencia_mw":4.55,"medio":"PMGD","titular":"Parque Solar Brillo SpA","region":"Biobío","comuna":"Mulchén"}},{"type":"Feature","geometry":{"type":"Point","coordinates":[-71.41929,-34.22021]},"properties":{"nombre":"Buganvilia","tecnologia":"Solar Fotovoltaico","estado":"Aprobado","potencia_mw":14.0,"medio":"-","titular":"Sociedad CVE Proyecto Cuarenta y Uno SpA","region":"O'Higgins","comuna":"Las Cabras"}},{"type":"Feature","geometry":{"type":"Point","coordinates":[-72.38615,-36.75252]},"properties":{"nombre":"Bulnes","tecnologia":"Solar Fotovoltaico","estado":"Aprobado","potencia_mw":9.0,"medio":"-","titular":"Sayen Fotovoltaica SPA","region":"Ñuble","comuna":"Bulnes"}},{"type":"Feature","geometry":{"type":"Point","coordinates":[-73.1161,-40.26651]},"properties":{"nombre":"Burgos","tecnologia":"Solar Fotovoltaico","estado":"Aprobado","potencia_mw":9.0,"medio":"PMGD","titular":"Blue Solar Veinte SpA","region":"Los Ríos","comuna":"La Unión"}},{"type":"Feature","geometry":{"type":"Point","coordinates":[-71.01472,-32.36633]},"properties":{"nombre":"Cabildo Solar","tecnologia":"Solar Fotovoltaico","estado":"Aprobado","potencia_mw":50.0,"medio":"-","titular":"Luz del Sol 5 SpA","region":"Valparaíso","comuna":"Cabildo"}},{"type":"Feature","geometry":{"type":"Point","coordinates":[-71.53691,-35.50756]},"properties":{"nombre":"Cahuil Solar II","tecnologia":"Solar Fotovoltaico","estado":"Aprobado","potencia_mw":6.0,"medio":"PMGD","titular":"Cahuil Solar II S.p.A.","region":"Maule","comuna":"San Clemente"}},{"type":"Feature","geometry":{"type":"Point","coordinates":[-71.68136,-35.62153]},"properties":{"nombre":"Calle Larga","tecnologia":"Solar Fotovoltaico","estado":"Aprobado","potencia_mw":9.0,"medio":"PMGD","titular":"MVC SOLAR 30 SpA","region":"Valparaíso","comuna":"Nogales"}},{"type":"Feature","geometry":{"type":"Point","coordinates":[-71.6102,-31.10863]},"properties":{"nombre":"Camarico Solar","tecnologia":"Solar Fotovoltaico","estado":"Aprobado","potencia_mw":9.0,"medio":"PMGD","titular":"Camarico Solar SpA","region":"Coquimbo","comuna":"Ovalle"}},{"type":"Feature","geometry":{"type":"Point","coordinates":[-72.20872,-37.13343]},"properties":{"nombre":"Campanario","tecnologia":"Solar Fotovoltaico","estado":"Aprobado","potencia_mw":9.0,"medio":"PMGD","titular":"MVC SOLAR 60 SpA","region":"Ñuble","comuna":"Yungay"}},{"type":"Feature","geometry":{"type":"Point","coordinates":[-71.70672,-34.39754]},"properties":{"nombre":"Campanas","tecnologia":"Solar Fotovoltaico","estado":"Aprobado","potencia_mw":9.0,"medio":"PMG","titular":"PV Power Chile SpA","region":"O'Higgins","comuna":"Marchihue"}},{"type":"Feature","geometry":{"type":"Point","coordinates":[-69.94082,-26.70257]},"properties":{"nombre":"Campos del Sol Centro","tecnologia":"Solar Fotovoltaico","estado":"Aprobado","potencia_mw":237.0,"medio":"-","titular":"Empresa de Desarrollo de Energías Renovables Alen Walung S.A.","region":"Atacama","comuna":"Diego de Almagro"}},{"type":"Feature","geometry":{"type":"Point","coordinates":[-71.26028,-33.5643]},"properties":{"nombre":"Canastero","tecnologia":"Solar Fotovoltaico","estado":"Aprobado","potencia_mw":90.0,"medio":"-","titular":"PSF Canastero SpA","region":"Metropolitana","comuna":"María Pinto"}},{"type":"Feature","geometry":{"type":"Point","coordinates":[-70.4532,-27.44589]},"properties":{"nombre":"Candelaria","tecnologia":"Solar Fotovoltaico","estado":"Aprobado","potencia_mw":166.9,"medio":"-","titular":"Inversiones Candelaria Solar SpA","region":"Atacama","comuna":"Copiapó"}},{"type":"Feature","geometry":{"type":"Point","coordinates":[-70.62618,-34.01736]},"properties":{"nombre":"Candelaria Solar (Ampliación)","tecnologia":"Solar Fotovoltaico","estado":"Aprobado","potencia_mw":6.896,"medio":"PMGD","titular":"Candelaria Solar SpA","region":"O'Higgins","comuna":"Mostazal"}},{"type":"Feature","geometry":{"type":"Point","coordinates":[-70.77567,-28.41543]},"properties":{"nombre":"Canto del Agua","tecnologia":"Solar Fotovoltaico","estado":"Aprobado","potencia_mw":23.8,"medio":"-","titular":"Canto Del Agua SpA","region":"Atacama","comuna":"Vallenar"}},{"type":"Feature","geometry":{"type":"Point","coordinates":[-73.08413,-40.57986]},"properties":{"nombre":"Cañal Bajo","tecnologia":"Solar Fotovoltaico","estado":"Aprobado","potencia_mw":9.0,"medio":"-","titular":"Blue Light Energy SpA","region":"Los Lagos","comuna":"Osorno"}},{"type":"Feature","geometry":{"type":"Point","coordinates":[-71.64936,-35.4939]},"properties":{"nombre":"Carmencita","tecnologia":"Solar Fotovoltaico","estado":"Aprobado","potencia_mw":9.0,"medio":"-","titular":"Planta Solar Carmencita SpA","region":"Maule","comuna":"Maule"}},{"type":"Feature","geometry":{"type":"Point","coordinates":[-69.93052,-27.12166]},"properties":{"nombre":"Carrera II","tecnologia":"Solar Fotovoltaico","estado":"Aprobado","potencia_mw":36.0,"medio":"-","titular":"Condor Solar SpA","region":"Atacama","comuna":"Copiapó"}},{"type":"Feature","geometry":{"type":"Point","coordinates":[-69.91139,-27.0205]},"properties":{"nombre":"Carrera Pinto","tecnologia":"Solar Fotovoltaico","estado":"Aprobado","potencia_mw":47.4,"medio":"-","titular":"Solairedirect Generacion VI SpA","region":"Atacama","comuna":"Copiapó"}},{"type":"Feature","geometry":{"type":"Point","coordinates":[-69.8716,-26.97928]},"properties":{"nombre":"Carrera Pinto Solar","tecnologia":"Solar Fotovoltaico","estado":"Aprobado","potencia_mw":90.0,"medio":"-","titular":"Energías Renovables Fotones de Chile SpA","region":"Atacama","comuna":"Copiapó"}},{"type":"Feature","geometry":{"type":"Point","coordinates":[-71.13524,-31.94329]},"properties":{"nombre":"Casablanca","tecnologia":"Solar Fotovoltaico","estado":"Aprobado","potencia_mw":9.0,"medio":"PMGD","titular":"CVE Proyecto Diez SpA","region":"Coquimbo","comuna":"Los Vilos"}},{"type":"Feature","geometry":{"type":"Point","coordinates":[-71.29028,-32.36006]},"properties":{"nombre":"Casas Viejas","tecnologia":"Solar Fotovoltaico","estado":"Aprobado","potencia_mw":105.0,"medio":"-","titular":"Luz del Sol 5 SpA","region":"Valparaíso","comuna":"La Ligua"}},{"type":"Feature","geometry":{"type":"Point","coordinates":[-70.76175,-34.11968]},"properties":{"nombre":"Catalina del Verano","tecnologia":"Solar Fotovoltaico","estado":"Aprobado","potencia_mw":41.0,"medio":"-","titular":"Catalina del Verano SpA","region":"O'Higgins","comuna":"Rancagua"}},{"type":"Feature","geometry":{"type":"Point","coordinates":[-70.1483,-18.89303]},"properties":{"nombre":"Celda Solar","tecnologia":"Solar Fotovoltaico","estado":"Aprobado","potencia_mw":369.2,"medio":"-","titular":"Colbún S.A.","region":"Arica y Parinacota","comuna":"Camarones"}},{"type":"Feature","geometry":{"type":"Point","coordinates":[-70.82886,-33.16033]},"properties":{"nombre":"Cerro Blanco","tecnologia":"Solar Fotovoltaico","estado":"Aprobado","potencia_mw":20.0,"medio":"-","titular":"Cementos Polpaico S.A.","region":"Metropolitana","comuna":"Tiltil"}},{"type":"Feature","geometry":{"type":"Point","coordinates":[-69.9303,-26.30317]},"properties":{"nombre":"Chaka I","tecnologia":"Solar Fotovoltaico","estado":"Aprobado","potencia_mw":27.0,"medio":"-","titular":"Central Solar Desierto I SpA","region":"Atacama","comuna":"Diego de Almagro"}},{"type":"Feature","geometry":{"type":"Point","coordinates":[-69.9303,-26.30317]},"properties":{"nombre":"Chaka II","tecnologia":"Solar Fotovoltaico","estado":"Aprobado","potencia_mw":23.0,"medio":"-","titular":"Central Solar Desierto I SpA","region":"Atacama","comuna":"Diego de Almagro"}},{"type":"Feature","geometry":{"type":"Point","coordinates":[-70.97351,-31.76069]},"properties":{"nombre":"Chalinga Solar (Ampliación)","tecnologia":"Solar Fotovoltaico","estado":"Aprobado","potencia_mw":0.45,"medio":"PMGD","titular":"Joaquín Solar SpA","region":"Coquimbo","comuna":"Salamanca"}},{"type":"Feature","geometry":{"type":"Point","coordinates":[-70.207,-23.10395]},"properties":{"nombre":"Changos Solar","tecnologia":"Solar Fotovoltaico","estado":"Aprobado","potencia_mw":471.3,"medio":"-","titular":"AR Changos Solar SpA","region":"Antofagasta","comuna":"Mejillones"}},{"type":"Feature","geometry":{"type":"Point","coordinates":[-70.9717,-34.79084]},"properties":{"nombre":"Chaquihue","tecnologia":"Solar Fotovoltaico","estado":"Aprobado","potencia_mw":5.5,"medio":"PMGD","titular":"Chaquihue SpA","region":"O'Higgins","comuna":"Chimbarongo"}},{"type":"Feature","geometry":{"type":"Point","coordinates":[-70.64676,-33.30074]},"properties":{"nombre":"Chieti Solar","tecnologia":"Solar Fotovoltaico","estado":"Aprobado","potencia_mw":9.0,"medio":"PMGD","titular":"Chieti Solar SpA","region":"Metropolitana","comuna":"Colina"}},{"type":"Feature","geometry":{"type":"Point","coordinates":[-72.62286,-38.97556]},"properties":{"nombre":"Chilco Solar","tecnologia":"Solar Fotovoltaico","estado":"Aprobado","potencia_mw":9.0,"medio":"PMGD","titular":"Chilco Solar SpA","region":"Araucanía","comuna":"Freire"}},{"type":"Feature","geometry":{"type":"Point","coordinates":[-71.68174,-35.04475]},"properties":{"nombre":"Chimango","tecnologia":"Solar Fotovoltaico","estado":"Aprobado","potencia_mw":178.5,"medio":"-","titular":"Parque Solar Fotovoltaico Chimango SpA","region":"Maule","comuna":"Hualañé"}},{"type":"Feature","geometry":{"type":"Point","coordinates":[-72.29597,-35.92861]},"properties":{"nombre":"Chirigues","tecnologia":"Solar Fotovoltaico","estado":"Aprobado","potencia_mw":100.0,"medio":"-","titular":"PSF Toruk Makto Solar SpA","region":"Maule","comuna":"Cauquenes"}},{"type":"Feature","geometry":{"type":"Point","coordinates":[-71.25401,-30.21523]},"properties":{"nombre":"Chirihue","tecnologia":"Solar Fotovoltaico","estado":"Aprobado","potencia_mw":24.0,"medio":"-","titular":"PFV Chirihue SpA","region":"Coquimbo","comuna":"Coquimbo"}},{"type":"Feature","geometry":{"type":"Point","coordinates":[-70.97978,-34.62208]},"properties":{"nombre":"Chucao","tecnologia":"Solar Fotovoltaico","estado":"Aprobado","potencia_mw":9.0,"medio":"PMGD","titular":"Chucao SpA","region":"O'Higgins","comuna":"Chimbarongo"}},{"type":"Feature","geometry":{"type":"Point","coordinates":[-69.82083,-25.77619]},"properties":{"nombre":"Chungungo","tecnologia":"Solar Fotovoltaico","estado":"Aprobado","potencia_mw":9.0,"medio":"PMGD","titular":"GR Pan de Azúcar SpA","region":"Antofagasta","comuna":"Taltal"}},{"type":"Feature","geometry":{"type":"Point","coordinates":[-69.57159,-20.74896]},"properties":{"nombre":"Cielos de Tarapacá","tecnologia":"Solar Fotovoltaico","estado":"Aprobado","potencia_mw":600.0,"medio":"-","titular":"Cielos de Tarapacá SpA","region":"Tarapacá","comuna":"Pozo Almonte"}},{"type":"Feature","geometry":{"type":"Point","coordinates":[-71.282,-35.07861]},"properties":{"nombre":"Cigüeña","tecnologia":"Solar Fotovoltaico","estado":"Aprobado","potencia_mw":24.0,"medio":"-","titular":"PFV Cigüeña SpA","region":"Maule","comuna":"Molina"}},{"type":"Feature","geometry":{"type":"Point","coordinates":[-71.57847,-35.54049]},"properties":{"nombre":"Clementine","tecnologia":"Solar Fotovoltaico","estado":"Aprobado","potencia_mw":9.0,"medio":"PMGD","titular":"GR Huacano SpA","region":"Maule","comuna":"Talca"}},{"type":"Feature","geometry":{"type":"Point","coordinates":[-70.75832,-33.07248]},"properties":{"nombre":"Colachi","tecnologia":"Solar Fotovoltaico","estado":"Aprobado","potencia_mw":136.1,"medio":"-","titular":"PV Volcán Colachi SPA","region":"Metropolitana","comuna":"Colina"}},{"type":"Feature","geometry":{"type":"Point","coordinates":[-72.48387,-37.91986]},"properties":{"nombre":"Collipulli","tecnologia":"Solar Fotovoltaico","estado":"Aprobado","potencia_mw":9.0,"medio":"PMGD","titular":"GAIA SOLAR SPA","region":"Araucanía","comuna":"Collipulli"}},{"type":"Feature","geometry":{"type":"Point","coordinates":[-71.5428,-33.17946]},"properties":{"nombre":"Comunidad","tecnologia":"Solar Fotovoltaico","estado":"Aprobado","potencia_mw":9.0,"medio":"PMGD","titular":"Solarig Development Chile SpA","region":"Valparaíso","comuna":"Valparaíso"}},{"type":"Feature","geometry":{"type":"Point","coordinates":[-69.83017,-26.95739]},"properties":{"nombre":"Copiapó Solar","tecnologia":"Solar Fotovoltaico","estado":"Aprobado","potencia_mw":260.0,"medio":"-","titular":"Copiapo Energía Solar SpA","region":"Atacama","comuna":"Copiapó"}},{"type":"Feature","geometry":{"type":"Point","coordinates":[-72.34627,-37.31415]},"properties":{"nombre":"Corcolenes","tecnologia":"Solar Fotovoltaico","estado":"Aprobado","potencia_mw":9.0,"medio":"PMGD","titular":"MVC Solar 27 SpA","region":"Biobío","comuna":"Los Ángeles"}},{"type":"Feature","geometry":{"type":"Point","coordinates":[-70.45378,-33.18306]},"properties":{"nombre":"Cordillera","tecnologia":"Solar Fotovoltaico","estado":"Aprobado","potencia_mw":240.0,"medio":"-","titular":"ECO Santiago SpA","region":"Metropolitana","comuna":"Lo Barnechea"}},{"type":"Feature","geometry":{"type":"Point","coordinates":[-70.67354,-28.46766]},"properties":{"nombre":"Corinto","tecnologia":"Solar Fotovoltaico","estado":"Aprobado","potencia_mw":234.01,"medio":"-","titular":"Corinto Solar SpA","region":"Atacama","comuna":"Vallenar"}},{"type":"Feature","geometry":{"type":"Point","coordinates":[-72.39497,-35.36003]},"properties":{"nombre":"Cormorán","tecnologia":"Solar Fotovoltaico","estado":"Aprobado","potencia_mw":24.0,"medio":"-","titular":"PFV Cormorán SpA","region":"Maule","comuna":"Constitución"}},{"type":"Feature","geometry":{"type":"Point","coordinates":[-71.44577,-32.78755]},"properties":{"nombre":"Corniglia","tecnologia":"Solar Fotovoltaico","estado":"Aprobado","potencia_mw":9.0,"medio":"PMGD","titular":"Corniglia SpA","region":"Valparaíso","comuna":"Quintero"}},{"type":"Feature","geometry":{"type":"Point","coordinates":[-70.95801,-34.55313]},"properties":{"nombre":"Cotinga","tecnologia":"Solar Fotovoltaico","estado":"Aprobado","potencia_mw":9.0,"medio":"-","titular":"Cotinga Spa","region":"O'Higgins","comuna":"San Fernando"}},{"type":"Feature","geometry":{"type":"Point","coordinates":[-70.69557,-33.79075]},"properties":{"nombre":"Cousiño","tecnologia":"Solar Fotovoltaico","estado":"Aprobado","potencia_mw":7.8,"medio":"PMGD","titular":"Tedlar Marte SpA","region":"Metropolitana","comuna":"Buin"}},{"type":"Feature","geometry":{"type":"Point","coordinates":[-70.95495,-28.41938]},"properties":{"nombre":"Cristaria Solar","tecnologia":"Solar Fotovoltaico","estado":"Aprobado","potencia_mw":200.0,"medio":"-","titular":"Cristaria Solar SpA","region":"Atacama","comuna":"Freirina"}},{"type":"Feature","geometry":{"type":"Point","coordinates":[-69.5877,-22.2224]},"properties":{"nombre":"Crucero","tecnologia":"Solar Fotovoltaico","estado":"Aprobado","potencia_mw":180.0,"medio":"-","titular":"Energías Renovables Fotones de Chile Ltda.","region":"Antofagasta","comuna":"María Elena"}},{"type":"Feature","geometry":{"type":"Point","coordinates":[-71.14081,-33.32886]},"properties":{"nombre":"Curacaví","tecnologia":"Solar Fotovoltaico","estado":"Aprobado","potencia_mw":3.5,"medio":"PMGD","titular":"ORION POWER S.A.","region":"Metropolitana","comuna":"Curacaví"}},{"type":"Feature","geometry":{"type":"Point","coordinates":[-71.95791,-36.09726]},"properties":{"nombre":"Cuyumillaco","tecnologia":"Solar Fotovoltaico","estado":"Aprobado","potencia_mw":90.0,"medio":"-","titular":"Chucao Solar SpA","region":"Maule","comuna":"Parral"}},{"type":"Feature","geometry":{"type":"Point","coordinates":[-69.98196,-26.27517]},"properties":{"nombre":"DAS 2","tecnologia":"Solar Fotovoltaico","estado":"Aprobado","potencia_mw":54.7,"medio":"-","titular":"Diego de Almagro Solar 2 S.A.","region":"Atacama","comuna":"Diego de Almagro"}},{"type":"Feature","geometry":{"type":"Point","coordinates":[-70.69016,-28.30539]},"properties":{"nombre":"Délano","tecnologia":"Solar Fotovoltaico","estado":"Aprobado","potencia_mw":104.0,"medio":"-","titular":"Inversiones y Servicios Sunedison Chile Ltda.","region":"Atacama","comuna":"Vallenar"}},{"type":"Feature","geometry":{"type":"Point","coordinates":[-70.78598,-28.41435]},"properties":{"nombre":"Denersol III","tecnologia":"Solar Fotovoltaico","estado":"Aprobado","potencia_mw":32.0,"medio":"-","titular":"Denersol III SpA","region":"Atacama","comuna":"Vallenar"}},{"type":"Feature","geometry":{"type":"Point","coordinates":[-69.95954,-26.44504]},"properties":{"nombre":"Diego de Almagro","tecnologia":"Solar Fotovoltaico","estado":"Aprobado","potencia_mw":162.0,"medio":"-","titular":"Andes Mainstream SpA","region":"Atacama","comuna":"Diego de Almagro"}},{"type":"Feature","geometry":{"type":"Point","coordinates":[-70.91191,-29.12389]},"properties":{"nombre":"Divisadero","tecnologia":"Solar Fotovoltaico","estado":"Aprobado","potencia_mw":65.0,"medio":"-","titular":"Avenir Solar Energy Chile SpA","region":"Atacama","comuna":"Vallenar"}},{"type":"Feature","geometry":{"type":"Point","coordinates":[-69.31371,-24.17659]},"properties":{"nombre":"Domeyko Este","tecnologia":"Solar Fotovoltaico","estado":"Aprobado","potencia_mw":111.9,"medio":"-","titular":"Helio Atacama Seis SpA","region":"Antofagasta","comuna":"Antofagasta"}},{"type":"Feature","geometry":{"type":"Point","coordinates":[-70.94763,-28.50653]},"properties":{"nombre":"Don Carlos","tecnologia":"Solar Fotovoltaico","estado":"Aprobado","potencia_mw":235.0,"medio":"-","titular":"OPDE Chile SpA","region":"Atacama","comuna":"Freirina"}},{"type":"Feature","geometry":{"type":"Point","coordinates":[-70.84761,-33.14889]},"properties":{"nombre":"Don Darío","tecnologia":"Solar Fotovoltaico","estado":"Aprobado","potencia_mw":210.0,"medio":"-","titular":"PSF Don Darío SpA","region":"Metropolitana","comuna":"Tiltil"}},{"type":"Feature","geometry":{"type":"Point","coordinates":[-72.37553,-37.09395]},"properties":{"nombre":"Don Davo","tecnologia":"Solar Fotovoltaico","estado":"Aprobado","potencia_mw":9.0,"medio":"PMGD","titular":"JCS Energy SpA","region":"Biobío","comuna":"Cabrero"}},{"type":"Feature","geometry":{"type":"Point","coordinates":[-70.84728,-33.11227]},"properties":{"nombre":"Don Patricio","tecnologia":"Solar Fotovoltaico","estado":"Aprobado","potencia_mw":182.0,"medio":"-","titular":"Pacific Hydro Chile S.A","region":"Metropolitana","comuna":"Tiltil"}},{"type":"Feature","geometry":{"type":"Point","coordinates":[-71.25655,-32.53452]},"properties":{"nombre":"Don Sebastián","tecnologia":"Solar Fotovoltaico","estado":"Aprobado","potencia_mw":47.0,"medio":"-","titular":"Duke Energy International Sol Del Mar SpA","region":"Valparaíso","comuna":"Zapallar"}},{"type":"Feature","geometry":{"type":"Point","coordinates":[-71.17566,-32.68275]},"properties":{"nombre":"Doña Alicia","tecnologia":"Solar Fotovoltaico","estado":"Aprobado","potencia_mw":9.0,"medio":"PMGD","titular":"Parque Solar Patagua SpA","region":"Valparaíso","comuna":"Nogales"}},{"type":"Feature","geometry":{"type":"Point","coordinates":[-70.87082,-33.54653]},"properties":{"nombre":"Doña Petronia","tecnologia":"Solar Fotovoltaico","estado":"Aprobado","potencia_mw":9.0,"medio":"PMGD","titular":"Parque Fotovoltaico Doña Petronia SpA","region":"Metropolitana","comuna":"Padre Hurtado"}},{"type":"Feature","geometry":{"type":"Point","coordinates":[-72.29106,-37.65832]},"properties":{"nombre":"Doña Ximena","tecnologia":"Solar Fotovoltaico","estado":"Aprobado","potencia_mw":11.0,"medio":"-","titular":"MVC SOLAR 35 SpA","region":"Biobío","comuna":"Mulchén"}},{"type":"Feature","geometry":{"type":"Point","coordinates":[-70.12897,-18.49533]},"properties":{"nombre":"Dos Cruces","tecnologia":"Solar Fotovoltaico","estado":"Aprobado","potencia_mw":30.0,"medio":"-","titular":"Solventus Chile SpA","region":"Arica y Parinacota","comuna":"Arica"}},{"type":"Feature","geometry":{"type":"Point","coordinates":[-70.91926,-33.24085]},"properties":{"nombre":"Dúcula Solar","tecnologia":"Solar Fotovoltaico","estado":"Aprobado","potencia_mw":9.0,"medio":"PMGD","titular":"Ducula SpA","region":"Metropolitana","comuna":"Lampa"}},{"type":"Feature","geometry":{"type":"Point","coordinates":[-70.03219,-26.08989]},"properties":{"nombre":"El Adelantado","tecnologia":"Solar Fotovoltaico","estado":"Aprobado","potencia_mw":47.5,"medio":"-","titular":"Acciona Energía Chile S.A.","region":"Atacama","comuna":"Chañaral"}},{"type":"Feature","geometry":{"type":"Point","coordinates":[-70.38496,-23.7305]},"properties":{"nombre":"El Aguilucho","tecnologia":"Solar Fotovoltaico","estado":"Aprobado","potencia_mw":12.0,"medio":"-","titular":"PFV El Aguilucho SpA","region":"Antofagasta","comuna":"Antofagasta"}},{"type":"Feature","geometry":{"type":"Point","coordinates":[-72.40555,-36.76155]},"properties":{"nombre":"El Alba","tecnologia":"Solar Fotovoltaico","estado":"Aprobado","potencia_mw":9.0,"medio":"PMGD","titular":"Luz del Sol 5 SpA","region":"Ñuble","comuna":"Bulnes"}},{"type":"Feature","geometry":{"type":"Point","coordinates":[-69.66441,-20.23962]},"properties":{"nombre":"El Algarrobo","tecnologia":"Solar Fotovoltaico","estado":"Aprobado","potencia_mw":22.0,"medio":"-","titular":"El Algarrobo SpA","region":"Tarapacá","comuna":"Pozo Almonte"}},{"type":"Feature","geometry":{"type":"Point","coordinates":[-70.68512,-32.72557]},"properties":{"nombre":"El Almendral","tecnologia":"Solar Fotovoltaico","estado":"Aprobado","potencia_mw":9.0,"medio":"PMGD","titular":"GR Temo SpA","region":"Valparaíso","comuna":"San Felipe"}},{"type":"Feature","geometry":{"type":"Point","coordinates":[-73.09533,-40.67805]},"properties":{"nombre":"El Almud","tecnologia":"Solar Fotovoltaico","estado":"Aprobado","potencia_mw":7.0,"medio":"-","titular":"Energía Renovable Circon SpA","region":"Los Lagos","comuna":"Osorno"}},{"type":"Feature","geometry":{"type":"Point","coordinates":[-72.21449,-37.47619]},"properties":{"nombre":"El Avellano A.9","tecnologia":"Solar Fotovoltaico","estado":"Aprobado","potencia_mw":9.0,"medio":"PMGD","titular":"Montajes Cielpanel SpA","region":"Biobío","comuna":"Los Ángeles"}},{"type":"Feature","geometry":{"type":"Point","coordinates":[-70.8674,-33.12689]},"properties":{"nombre":"El Bautizo","tecnologia":"Solar Fotovoltaico","estado":"Aprobado","potencia_mw":9.0,"medio":"PMGD","titular":"Spolar TI Cuarenta SpA","region":"Metropolitana","comuna":"Tiltil"}},{"type":"Feature","geometry":{"type":"Point","coordinates":[-72.05539,-36.60896]},"properties":{"nombre":"El Cachudito","tecnologia":"Solar Fotovoltaico","estado":"Aprobado","potencia_mw":24.0,"medio":"-","titular":"PFV El Cachudito SpA","region":"Ñuble","comuna":"Chillán"}},{"type":"Feature","geometry":{"type":"Point","coordinates":[-70.72658,-33.54475]},"properties":{"nombre":"El Camino","tecnologia":"Solar Fotovoltaico","estado":"Aprobado","potencia_mw":10.8,"medio":"PMGD","titular":"Lonquen Rentas Limitada","region":"Metropolitana","comuna":"San Bernardo"}},{"type":"Feature","geometry":{"type":"Point","coordinates":[-70.95553,-32.74571]},"properties":{"nombre":"El Caqui","tecnologia":"Solar Fotovoltaico","estado":"Aprobado","potencia_mw":9.0,"medio":"PMGD","titular":"Solek Chile Services SpA","region":"Valparaíso","comuna":"Catemu"}},{"type":"Feature","geometry":{"type":"Point","coordinates":[-71.59668,-35.64682]},"properties":{"nombre":"El Cerrillo Solar","tecnologia":"Solar Fotovoltaico","estado":"Aprobado","potencia_mw":88.0,"medio":"-","titular":"Cerrillo Solar SpA","region":"Maule","comuna":"San Javier"}},{"type":"Feature","geometry":{"type":"Point","coordinates":[-69.66522,-20.24518]},"properties":{"nombre":"El Chañar","tecnologia":"Solar Fotovoltaico","estado":"Aprobado","potencia_mw":22.0,"medio":"-","titular":"El Chañar SpA","region":"Tarapacá","comuna":"Pozo Almonte"}},{"type":"Feature","geometry":{"type":"Point","coordinates":[-72.27555,-35.96447]},"properties":{"nombre":"El Llano","tecnologia":"Solar Fotovoltaico","estado":"Aprobado","potencia_mw":10.6,"medio":"PMGD","titular":"Parque Solar Tangua SpA","region":"Maule","comuna":"Cauquenes"}},{"type":"Feature","geometry":{"type":"Point","coordinates":[-71.2854,-34.00179]},"properties":{"nombre":"El Membrillo","tecnologia":"Solar Fotovoltaico","estado":"Aprobado","potencia_mw":9.0,"medio":"PMGD","titular":"Energética Solar El Membrillo SpA","region":"Metropolitana","comuna":"San Pedro de Melipilla"}},{"type":"Feature","geometry":{"type":"Point","coordinates":[-71.06378,-33.71158]},"properties":{"nombre":"El Paico","tecnologia":"Solar Fotovoltaico","estado":"Aprobado","potencia_mw":10.72,"medio":"PMGD","titular":"Orion Power SpA","region":"Metropolitana","comuna":"El Monte"}},{"type":"Feature","geometry":{"type":"Point","coordinates":[-69.66564,-20.24794]},"properties":{"nombre":"El Pimiento","tecnologia":"Solar Fotovoltaico","estado":"Aprobado","potencia_mw":22.0,"medio":"-","titular":"El Pimiento SpA","region":"Tarapacá","comuna":"Pozo Almonte"}},{"type":"Feature","geometry":{"type":"Point","coordinates":[-71.72377,-35.45309]},"properties":{"nombre":"El Prado","tecnologia":"Solar Fotovoltaico","estado":"Aprobado","potencia_mw":9.0,"medio":"-","titular":"Fotovoltaica Galleguillos SpA","region":"Maule","comuna":"Maule"}},{"type":"Feature","geometry":{"type":"Point","coordinates":[-70.95811,-32.87574]},"properties":{"nombre":"El Roble (Valparaíso)","tecnologia":"Solar Fotovoltaico","estado":"Aprobado","potencia_mw":6.0,"medio":"-","titular":"Solek Chile Services SpA","region":"Valparaíso","comuna":"Llaillay"}},{"type":"Feature","geometry":{"type":"Point","coordinates":[-71.62532,-35.85875]},"properties":{"nombre":"El Rosal","tecnologia":"Solar Fotovoltaico","estado":"Aprobado","potencia_mw":7.65,"medio":"PMGD","titular":"El Limahue SpA","region":"Maule","comuna":"Linares"}},{"type":"Feature","geometry":{"type":"Point","coordinates":[-72.35853,-37.2524]},"properties":{"nombre":"El Rosal (Biobío)","tecnologia":"Solar Fotovoltaico","estado":"Aprobado","potencia_mw":11.0,"medio":"-","titular":"MVC Solar 12 SpA","region":"Biobío","comuna":"Los Ángeles"}},{"type":"Feature","geometry":{"type":"Point","coordinates":[-70.94103,-28.40836]},"properties":{"nombre":"El Sauce","tecnologia":"Solar Fotovoltaico","estado":"Aprobado","potencia_mw":100.0,"medio":"-","titular":"Genermin SPA","region":"Atacama","comuna":"Freirina"}},{"type":"Feature","geometry":{"type":"Point","coordinates":[-69.66481,-20.2424]},"properties":{"nombre":"El Tamarugo","tecnologia":"Solar Fotovoltaico","estado":"Aprobado","potencia_mw":22.0,"medio":"-","titular":"El Tamarugo SpA","region":"Tarapacá","comuna":"Pozo Almonte"}},{"type":"Feature","geometry":{"type":"Point","coordinates":[-71.5596,-34.33345]},"properties":{"nombre":"Emú","tecnologia":"Solar Fotovoltaico","estado":"Aprobado","potencia_mw":9.0,"medio":"PMGD","titular":"Emu Spa","region":"O'Higgins","comuna":"Marchihue"}},{"type":"Feature","geometry":{"type":"Point","coordinates":[-69.57982,-22.29146]},"properties":{"nombre":"Encuentro","tecnologia":"Solar Fotovoltaico","estado":"Aprobado","potencia_mw":180.0,"medio":"-","titular":"Energías Renovables Fotones de Chile Ltda.","region":"Antofagasta","comuna":"María Elena"}},{"type":"Feature","geometry":{"type":"Point","coordinates":[-71.26404,-32.91565]},"properties":{"nombre":"Energía Esmeralda","tecnologia":"Solar Fotovoltaico","estado":"Aprobado","potencia_mw":9.0,"medio":"-","titular":"Energia Esmeralda SpA","region":"Valparaíso","comuna":"Quillota"}},{"type":"Feature","geometry":{"type":"Point","coordinates":[-69.74917,-24.77936]},"properties":{"nombre":"ERNC Antofagasta","tecnologia":"Solar Fotovoltaico","estado":"Aprobado","potencia_mw":675.0,"medio":"-","titular":"Ibereólica ERNC Antofagasta SpA","region":"Antofagasta","comuna":"Taltal"}},{"type":"Feature","geometry":{"type":"Point","coordinates":[-69.74838,-21.41943]},"properties":{"nombre":"ERNC Tarapacá","tecnologia":"Solar Fotovoltaico","estado":"Aprobado","potencia_mw":135.0,"medio":"-","titular":"ERNC Loa SpA","region":"Tarapacá","comuna":"Pozo Almonte"}},{"type":"Feature","geometry":{"type":"Point","coordinates":[-71.7695,-36.5125]},"properties":{"nombre":"Esperanza de Cato","tecnologia":"Solar Fotovoltaico","estado":"Aprobado","potencia_mw":9.0,"medio":"PMGD","titular":"Luz del Sol 5 SpA","region":"Ñuble","comuna":"Coihueco"}},{"type":"Feature","geometry":{"type":"Point","coordinates":[-71.04956,-29.37347]},"properties":{"nombre":"Estancia","tecnologia":"Solar Fotovoltaico","estado":"Aprobado","potencia_mw":88.0,"medio":"-","titular":"Andes Mainstream SpA","region":"Coquimbo","comuna":"La Higuera"}},{"type":"Feature","geometry":{"type":"Point","coordinates":[-70.19943,-27.3592]},"properties":{"nombre":"Estancia Sunlight","tecnologia":"Solar Fotovoltaico","estado":"Aprobado","potencia_mw":13.44,"medio":"PMGD","titular":"Estancia Sunlight SpA","region":"Atacama","comuna":"Copiapó"}},{"type":"Feature","geometry":{"type":"Point","coordinates":[-71.23126,-30.00389]},"properties":{"nombre":"Faro de El Triunfo","tecnologia":"Solar Fotovoltaico","estado":"Aprobado","potencia_mw":6.24,"medio":"PMGD","titular":"Fotovoltaica Faro I SpA","region":"Coquimbo","comuna":"Coquimbo"}},{"type":"Feature","geometry":{"type":"Point","coordinates":[-71.22954,-30.00385]},"properties":{"nombre":"Faro de El Triunfo (Ampliación)","tecnologia":"Solar Fotovoltaico","estado":"Aprobado","potencia_mw":3.8,"medio":"-","titular":"Fotovoltaica Faro I  SpA","region":"Coquimbo","comuna":"Coquimbo"}},{"type":"Feature","geometry":{"type":"Point","coordinates":[-70.72643,-27.09072]},"properties":{"nombre":"Fénix","tecnologia":"Solar Fotovoltaico","estado":"Aprobado","potencia_mw":9.0,"medio":"PMGD","titular":"Grupo Estelar SpA","region":"Atacama","comuna":"Caldera"}},{"type":"Feature","geometry":{"type":"Point","coordinates":[-69.85199,-23.87622]},"properties":{"nombre":"Flor del Desierto","tecnologia":"Solar Fotovoltaico","estado":"Aprobado","potencia_mw":50.0,"medio":"-","titular":"Enel Latin América (Chile) Ltda.","region":"Antofagasta","comuna":"Antofagasta"}},{"type":"Feature","geometry":{"type":"Point","coordinates":[-70.77555,-28.41219]},"properties":{"nombre":"Fotovoltaica 7,5","tecnologia":"Solar Fotovoltaico","estado":"Aprobado","potencia_mw":10.0,"medio":"PMGD","titular":"Denersol Chile II SpA","region":"Atacama","comuna":"Vallenar"}},{"type":"Feature","geometry":{"type":"Point","coordinates":[-70.1947,-27.86783]},"properties":{"nombre":"Fotovoltaica Solar 9","tecnologia":"Solar Fotovoltaico","estado":"Aprobado","potencia_mw":50.0,"medio":"-","titular":"Chile Solar Generacion Nueve Ltda.","region":"Atacama","comuna":"Tierra Amarilla"}},{"type":"Feature","geometry":{"type":"Point","coordinates":[-71.23372,-30.73143]},"properties":{"nombre":"Francia Solar","tecnologia":"Solar Fotovoltaico","estado":"Aprobado","potencia_mw":9.0,"medio":"PMGD","titular":"CVE Proyecto Treinta y Ocho SpA","region":"Coquimbo","comuna":"Ovalle"}},{"type":"Feature","geometry":{"type":"Point","coordinates":[-69.46032,-21.68182]},"properties":{"nombre":"Frontera Solar","tecnologia":"Solar Fotovoltaico","estado":"Aprobado","potencia_mw":105.27,"medio":"-","titular":"Inversiones Frontera Solar SpA","region":"Antofagasta","comuna":"María Elena"}},{"type":"Feature","geometry":{"type":"Point","coordinates":[-72.03827,-36.61563]},"properties":{"nombre":"FV Aldea","tecnologia":"Solar Fotovoltaico","estado":"Aprobado","potencia_mw":7.0,"medio":"PMGD","titular":"Marina Solar SpA","region":"Ñuble","comuna":"Chillán"}},{"type":"Feature","geometry":{"type":"Point","coordinates":[-71.63559,-35.38019]},"properties":{"nombre":"FV Conde","tecnologia":"Solar Fotovoltaico","estado":"Aprobado","potencia_mw":9.0,"medio":"PMGD","titular":"FELIPE SOLAR SpA","region":"Maule","comuna":"Talca"}},{"type":"Feature","geometry":{"type":"Point","coordinates":[-69.93782,-26.48374]},"properties":{"nombre":"FV El Salado I","tecnologia":"Solar Fotovoltaico","estado":"Aprobado","potencia_mw":36.0,"medio":"-","titular":"Planta Solar El Salado I S.A.","region":"Atacama","comuna":"Diego de Almagro"}},{"type":"Feature","geometry":{"type":"Point","coordinates":[-69.95008,-26.47625]},"properties":{"nombre":"FV El Salado II","tecnologia":"Solar Fotovoltaico","estado":"Aprobado","potencia_mw":36.0,"medio":"-","titular":"Cóndor Solar SpA","region":"Atacama","comuna":"Diego de Almagro"}},{"type":"Feature","geometry":{"type":"Point","coordinates":[-72.0327,-36.6113]},"properties":{"nombre":"FV Ñuble","tecnologia":"Solar Fotovoltaico","estado":"Aprobado","potencia_mw":9.0,"medio":"-","titular":"Carmen Solar SpA","region":"Ñuble","comuna":"Chillán"}},{"type":"Feature","geometry":{"type":"Point","coordinates":[-69.27203,-20.46464]},"properties":{"nombre":"FV Pica 90MW","tecnologia":"Solar Fotovoltaico","estado":"Aprobado","potencia_mw":90.0,"medio":"-","titular":"Element Power Chile S.A.","region":"Tarapacá","comuna":"Pica"}},{"type":"Feature","geometry":{"type":"Point","coordinates":[-71.17583,-35.16778]},"properties":{"nombre":"Gavilán","tecnologia":"Solar Fotovoltaico","estado":"Aprobado","potencia_mw":29.0,"medio":"-","titular":"PFV Gavilán SpA","region":"Maule","comuna":"Molina"}},{"type":"Feature","geometry":{"type":"Point","coordinates":[-70.30446,-23.85698]},"properties":{"nombre":"Gaviota Solar","tecnologia":"Solar Fotovoltaico","estado":"Aprobado","potencia_mw":9.0,"medio":"-","titular":"Gaviota Solar SpA","region":"Antofagasta","comuna":"Antofagasta"}},{"type":"Feature","geometry":{"type":"Point","coordinates":[-70.11271,-27.21637]},"properties":{"nombre":"Golden Sun","tecnologia":"Solar Fotovoltaico","estado":"Aprobado","potencia_mw":250.0,"medio":"-","titular":"Golden Sun SpA","region":"Atacama","comuna":"Copiapó"}},{"type":"Feature","geometry":{"type":"Point","coordinates":[-70.16929,-22.27111]},"properties":{"nombre":"Grace","tecnologia":"Solar Fotovoltaico","estado":"Aprobado","potencia_mw":27.5,"medio":"-","titular":"Grace S.A.","region":"Antofagasta","comuna":"Tocopilla"}},{"type":"Feature","geometry":{"type":"Point","coordinates":[-72.07807,-36.77033]},"properties":{"nombre":"Graciela Solar","tecnologia":"Solar Fotovoltaico","estado":"Aprobado","potencia_mw":80.0,"medio":"-","titular":"Doña Graciela Solar SpA","region":"Ñuble","comuna":"San Ignacio"}},{"type":"Feature","geometry":{"type":"Point","coordinates":[-69.97583,-19.56816]},"properties":{"nombre":"Gramadal","tecnologia":"Solar Fotovoltaico","estado":"Aprobado","potencia_mw":92.0,"medio":"-","titular":"Inversiones y Servicios Sunedison Chile Ltda.","region":"Tarapacá","comuna":"Huara"}},{"type":"Feature","geometry":{"type":"Point","coordinates":[-70.68724,-32.65739]},"properties":{"nombre":"Gran Rinconada Norte","tecnologia":"Solar Fotovoltaico","estado":"Aprobado","potencia_mw":7.0,"medio":"PMGD","titular":"FV Rinconada SpA","region":"Valparaíso","comuna":"Putaendo"}},{"type":"Feature","geometry":{"type":"Point","coordinates":[-70.71321,-34.09972]},"properties":{"nombre":"Graneros","tecnologia":"Solar Fotovoltaico","estado":"Aprobado","potencia_mw":7.0,"medio":"PMGD","titular":"Parque Solar Badajoz SpA","region":"O'Higgins","comuna":"Graneros"}},{"type":"Feature","geometry":{"type":"Point","coordinates":[-69.94597,-26.33475]},"properties":{"nombre":"Guanaco Solar (Actualización)","tecnologia":"Solar Fotovoltaico","estado":"Aprobado","potencia_mw":77.0,"medio":"-","titular":"Fotovoltaica Norte Grande 4 SpA","region":"Atacama","comuna":"Diego de Almagro"}},{"type":"Feature","geometry":{"type":"Point","coordinates":[-71.54567,-33.59723]},"properties":{"nombre":"Guanay","tecnologia":"Solar Fotovoltaico","estado":"Aprobado","potencia_mw":120.0,"medio":"-","titular":"PSF Guanay SpA","region":"Valparaíso","comuna":"San Antonio"}},{"type":"Feature","geometry":{"type":"Point","coordinates":[-71.36799,-32.14842]},"properties":{"nombre":"Guangualí","tecnologia":"Solar Fotovoltaico","estado":"Aprobado","potencia_mw":9.0,"medio":"PMGD","titular":"PS Guangualí SpA.","region":"Coquimbo","comuna":"Los Vilos"}},{"type":"Feature","geometry":{"type":"Point","coordinates":[-71.09004,-34.42048]},"properties":{"nombre":"Hacienda Tagua Tagua","tecnologia":"Solar Fotovoltaico","estado":"Aprobado","potencia_mw":9.0,"medio":"-","titular":"CVE Proyecto Cincuenta SpA","region":"O'Higgins","comuna":"San Vicente"}},{"type":"Feature","geometry":{"type":"Point","coordinates":[-71.19757,-35.11778]},"properties":{"nombre":"Halcón Peregrino","tecnologia":"Solar Fotovoltaico","estado":"Aprobado","potencia_mw":5.4,"medio":"-","titular":"PFV Halcón Peregrino SpA","region":"Maule","comuna":"Molina"}},{"type":"Feature","geometry":{"type":"Point","coordinates":[-71.62871,-31.18492]},"properties":{"nombre":"Híbrido Amolanas","tecnologia":"Solar Fotovoltaico","estado":"Aprobado","potencia_mw":82.1,"medio":"-","titular":"Pacific Hydro Chile S.A.","region":"Coquimbo","comuna":"Ovalle"}},{"type":"Feature","geometry":{"type":"Point","coordinates":[-72.34133,-40.89417]},"properties":{"nombre":"Hidrosolar Nalcas Bajo","tecnologia":"Solar Fotovoltaico","estado":"Aprobado","potencia_mw":3.1,"medio":"PMGD","titular":"Hidronalcas SpA","region":"Los Lagos","comuna":"Puerto Octay"}},{"type":"Feature","geometry":{"type":"Point","coordinates":[-70.84207,-33.50882]},"properties":{"nombre":"Hortensia Solar","tecnologia":"Solar Fotovoltaico","estado":"Aprobado","potencia_mw":9.0,"medio":"PMGD","titular":"CVE Proyecto Cuarenta y Ocho SpA","region":"Metropolitana","comuna":"Maipú"}},{"type":"Feature","geometry":{"type":"Point","coordinates":[-70.68671,-33.33772]},"properties":{"nombre":"Hugo Lorenzo","tecnologia":"Solar Fotovoltaico","estado":"Aprobado","potencia_mw":33.0,"medio":"-","titular":"Inmobiliaria Cañadilla SpA","region":"Metropolitana","comuna":"Quilicura"}},{"type":"Feature","geometry":{"type":"Point","coordinates":[-71.20213,-31.66131]},"properties":{"nombre":"Illapel","tecnologia":"Solar Fotovoltaico","estado":"Aprobado","potencia_mw":48.0,"medio":"-","titular":"Imelsa S.A.","region":"Coquimbo","comuna":"Illapel"}},{"type":"Feature","geometry":{"type":"Point","coordinates":[-72.03172,-37.12579]},"properties":{"nombre":"Imola Solar","tecnologia":"Solar Fotovoltaico","estado":"Aprobado","potencia_mw":9.0,"medio":"PMGD","titular":"Imola Solar SpA","region":"Ñuble","comuna":"Yungay"}},{"type":"Feature","geometry":{"type":"Point","coordinates":[-69.88936,-27.00332]},"properties":{"nombre":"Inca de Varas I","tecnologia":"Solar Fotovoltaico","estado":"Aprobado","potencia_mw":79.0,"medio":"-","titular":"Inca de Varas I S.A.","region":"Atacama","comuna":"Copiapó"}},{"type":"Feature","geometry":{"type":"Point","coordinates":[-69.87918,-26.99396]},"properties":{"nombre":"Inca de Varas II","tecnologia":"Solar Fotovoltaico","estado":"Aprobado","potencia_mw":95.0,"medio":"-","titular":"Inca de Varas II S.A.","region":"Atacama","comuna":"Copiapó"}},{"type":"Feature","geometry":{"type":"Point","coordinates":[-69.87345,-26.99586]},"properties":{"nombre":"Inca de Varas II (Actualización)","tecnologia":"Solar Fotovoltaico","estado":"Aprobado","potencia_mw":46.33,"medio":"-","titular":"Inca de Varas II SpA","region":"Atacama","comuna":"Copiapó"}},{"type":"Feature","geometry":{"type":"Point","coordinates":[-70.81604,-32.95797]},"properties":{"nombre":"Ineusol","tecnologia":"Solar Fotovoltaico","estado":"Aprobado","potencia_mw":9.0,"medio":"PMGD","titular":"KPF SpA","region":"Metropolitana","comuna":"Tiltil"}},{"type":"Feature","geometry":{"type":"Point","coordinates":[-69.58207,-22.19939]},"properties":{"nombre":"Inti","tecnologia":"Solar Fotovoltaico","estado":"Aprobado","potencia_mw":69.5,"medio":"-","titular":"Inti Pacific 1 SpA","region":"Antofagasta","comuna":"María Elena"}},{"type":"Feature","geometry":{"type":"Point","coordinates":[-69.59155,-22.22713]},"properties":{"nombre":"Inti Pacha","tecnologia":"Solar Fotovoltaico","estado":"Aprobado","potencia_mw":719.0,"medio":"-","titular":"Colbún S.A.","region":"Antofagasta","comuna":"María Elena"}},{"type":"Feature","geometry":{"type":"Point","coordinates":[-70.05002,-20.36118]},"properties":{"nombre":"Iquique Solar","tecnologia":"Solar Fotovoltaico","estado":"Aprobado","potencia_mw":119.79,"medio":"-","titular":"Inversiones Iquique Solar SpA","region":"Tarapacá","comuna":"Pozo Almonte"}},{"type":"Feature","geometry":{"type":"Point","coordinates":[-69.71158,-20.28816]},"properties":{"nombre":"Jardín Solar","tecnologia":"Solar Fotovoltaico","estado":"Aprobado","potencia_mw":610.0,"medio":"-","titular":"Colbún S.A.","region":"Tarapacá","comuna":"Pozo Almonte"}},{"type":"Feature","geometry":{"type":"Point","coordinates":[-72.00262,-36.40515]},"properties":{"nombre":"Junquillo","tecnologia":"Solar Fotovoltaico","estado":"Aprobado","potencia_mw":9.0,"medio":"PMGD","titular":"Luz del Sol 5 SpA","region":"Ñuble","comuna":"San Carlos"}},{"type":"Feature","geometry":{"type":"Point","coordinates":[-70.64326,-34.04403]},"properties":{"nombre":"Kaban","tecnologia":"Solar Fotovoltaico","estado":"Aprobado","potencia_mw":9.0,"medio":"-","titular":"Kaban Energy SpA","region":"O'Higgins","comuna":"Codegua"}},{"type":"Feature","geometry":{"type":"Point","coordinates":[-69.46393,-22.28901]},"properties":{"nombre":"Kimal Solar","tecnologia":"Solar Fotovoltaico","estado":"Aprobado","potencia_mw":21.78,"medio":"-","titular":"Inversiones Kimal Solar SpA","region":"Antofagasta","comuna":"María Elena"}},{"type":"Feature","geometry":{"type":"Point","coordinates":[-71.09149,-30.43066]},"properties":{"nombre":"La Chupalla","tecnologia":"Solar Fotovoltaico","estado":"Aprobado","potencia_mw":129.0,"medio":"-","titular":"La Chupalla Solar SpA","region":"Coquimbo","comuna":"Ovalle"}},{"type":"Feature","geometry":{"type":"Point","coordinates":[-72.42462,-37.0777]},"properties":{"nombre":"La Colonia","tecnologia":"Solar Fotovoltaico","estado":"Aprobado","potencia_mw":9.0,"medio":"PMGD","titular":"Luz del Sol 5 SpA","region":"Biobío","comuna":"Cabrero"}},{"type":"Feature","geometry":{"type":"Point","coordinates":[-70.52563,-34.90182]},"properties":{"nombre":"La Correana","tecnologia":"Solar Fotovoltaico","estado":"Aprobado","potencia_mw":9.0,"medio":"PMG","titular":"Hidroeléctrica La Confluencia S.A.","region":"O'Higgins","comuna":"San Fernando"}},{"type":"Feature","geometry":{"type":"Point","coordinates":[-71.15263,-33.66737]},"properties":{"nombre":"La Greda","tecnologia":"Solar Fotovoltaico","estado":"Aprobado","potencia_mw":11.0,"medio":"PMGD","titular":"Energy Lancuyen SpA","region":"Metropolitana","comuna":"Melipilla"}},{"type":"Feature","geometry":{"type":"Point","coordinates":[-71.23429,-32.48196]},"properties":{"nombre":"La Ligua 9 MW","tecnologia":"Solar Fotovoltaico","estado":"Aprobado","potencia_mw":10.5,"medio":"PMG","titular":"LetranTransmisión SpA","region":"Valparaíso","comuna":"La Ligua"}},{"type":"Feature","geometry":{"type":"Point","coordinates":[-71.40163,-33.60882]},"properties":{"nombre":"La Marquesa","tecnologia":"Solar Fotovoltaico","estado":"Aprobado","potencia_mw":9.0,"medio":"PMGD","titular":"PFV Leyda SpA","region":"Valparaíso","comuna":"San Antonio"}},{"type":"Feature","geometry":{"type":"Point","coordinates":[-72.15388,-36.74365]},"properties":{"nombre":"La Mocha Solar","tecnologia":"Solar Fotovoltaico","estado":"Aprobado","potencia_mw":160.0,"medio":"-","titular":"La Mocha Solar SpA","region":"Ñuble","comuna":"Bulnes"}},{"type":"Feature","geometry":{"type":"Point","coordinates":[-72.19522,-35.967]},"properties":{"nombre":"La Montaña","tecnologia":"Solar Fotovoltaico","estado":"Aprobado","potencia_mw":9.0,"medio":"PMGD","titular":"Sociedad Energías Renovables El Quillay SpA","region":"Maule","comuna":"Cauquenes"}},{"type":"Feature","geometry":{"type":"Point","coordinates":[-71.18774,-32.73458]},"properties":{"nombre":"La Pena","tecnologia":"Solar Fotovoltaico","estado":"Aprobado","potencia_mw":9.0,"medio":"PMGD","titular":"La Pena Solar SpA","region":"Valparaíso","comuna":"Nogales"}},{"type":"Feature","geometry":{"type":"Point","coordinates":[-71.16264,-29.93064]},"properties":{"nombre":"La Polvareda","tecnologia":"Solar Fotovoltaico","estado":"Aprobado","potencia_mw":9.0,"medio":"-","titular":"La Polvareda SG SpA","region":"Coquimbo","comuna":"La Serena"}},{"type":"Feature","geometry":{"type":"Point","coordinates":[-71.80282,-36.13075]},"properties":{"nombre":"La Quinta PMG","tecnologia":"Solar Fotovoltaico","estado":"Aprobado","potencia_mw":10.66,"medio":"PMG","titular":"Humberto Solar SpA","region":"Maule","comuna":"Parral"}},{"type":"Feature","geometry":{"type":"Point","coordinates":[-72.56541,-37.7763]},"properties":{"nombre":"La Tereña","tecnologia":"Solar Fotovoltaico","estado":"Aprobado","potencia_mw":9.0,"medio":"PMGD","titular":"Luz del Sol 5 SpA","region":"Araucanía","comuna":"Renaico"}},{"type":"Feature","geometry":{"type":"Point","coordinates":[-69.66401,-20.37604]},"properties":{"nombre":"La Tirana Solar","tecnologia":"Solar Fotovoltaico","estado":"Aprobado","potencia_mw":30.2,"medio":"-","titular":"Solar Chile S.A.","region":"Tarapacá","comuna":"Pozo Almonte"}},{"type":"Feature","geometry":{"type":"Point","coordinates":[-71.33445,-32.58486]},"properties":{"nombre":"La Tonada","tecnologia":"Solar Fotovoltaico","estado":"Aprobado","potencia_mw":6.0,"medio":"PMGD","titular":"La Tonada SpA","region":"Valparaíso","comuna":"Zapallar"}},{"type":"Feature","geometry":{"type":"Point","coordinates":[-70.98232,-28.53624]},"properties":{"nombre":"La Totora","tecnologia":"Solar Fotovoltaico","estado":"Aprobado","potencia_mw":69.0,"medio":"-","titular":"Parsosy sunna SpA","region":"Atacama","comuna":"Freirina"}},{"type":"Feature","geometry":{"type":"Point","coordinates":[-72.09101,-36.92309]},"properties":{"nombre":"Labraña","tecnologia":"Solar Fotovoltaico","estado":"Aprobado","potencia_mw":9.0,"medio":"PMGD","titular":"Sol del Sur 7 SpA","region":"Ñuble","comuna":"El Carmen"}},{"type":"Feature","geometry":{"type":"Point","coordinates":[-69.45503,-20.92867]},"properties":{"nombre":"Lagunas","tecnologia":"Solar Fotovoltaico","estado":"Aprobado","potencia_mw":63.2,"medio":"-","titular":"Planta Solar Lagunas S.A.","region":"Tarapacá","comuna":"Pozo Almonte"}},{"type":"Feature","geometry":{"type":"Point","coordinates":[-69.44544,-20.93149]},"properties":{"nombre":"Lagunas 30 MW","tecnologia":"Solar Fotovoltaico","estado":"Aprobado","potencia_mw":30.0,"medio":"-","titular":"Element Power Chile S.A.","region":"Tarapacá","comuna":"Pozo Almonte"}},{"type":"Feature","geometry":{"type":"Point","coordinates":[-71.18859,-30.46041]},"properties":{"nombre":"Lagunillas","tecnologia":"Solar Fotovoltaico","estado":"Aprobado","potencia_mw":94.5,"medio":"-","titular":"PFV Limarí Solar SpA","region":"Coquimbo","comuna":"Ovalle"}},{"type":"Feature","geometry":{"type":"Point","coordinates":[-71.11361,-30.50377]},"properties":{"nombre":"Lagunillas - El Olivo","tecnologia":"Solar Fotovoltaico","estado":"Aprobado","potencia_mw":40.0,"medio":"-","titular":"GR Pacific Pan de Azucar SpA","region":"Coquimbo","comuna":"Ovalle"}},{"type":"Feature","geometry":{"type":"Point","coordinates":[-72.36722,-37.04534]},"properties":{"nombre":"Laja","tecnologia":"Solar Fotovoltaico","estado":"Aprobado","potencia_mw":8.5,"medio":"PMGD","titular":"Impulso Solar NCI SpA","region":"Biobío","comuna":"Cabrero"}},{"type":"Feature","geometry":{"type":"Point","coordinates":[-70.28715,-25.12044]},"properties":{"nombre":"Lalackama 3","tecnologia":"Solar Fotovoltaico","estado":"Aprobado","potencia_mw":181.0,"medio":"-","titular":"Enel Green Power del Sur SpA","region":"Antofagasta","comuna":"Taltal"}},{"type":"Feature","geometry":{"type":"Point","coordinates":[-70.79327,-33.28879]},"properties":{"nombre":"Lampa","tecnologia":"Solar Fotovoltaico","estado":"Aprobado","potencia_mw":108.4,"medio":"-","titular":"Proyecto Solar Fotovoltaico Lampa SpA","region":"Metropolitana","comuna":"Lampa"}},{"type":"Feature","geometry":{"type":"Point","coordinates":[-73.09471,-40.64875]},"properties":{"nombre":"Las Mentas","tecnologia":"Solar Fotovoltaico","estado":"Aprobado","potencia_mw":9.0,"medio":"-","titular":"Energía Renovable Cristal SpA","region":"Los Lagos","comuna":"Osorno"}},{"type":"Feature","geometry":{"type":"Point","coordinates":[-71.18473,-30.64285]},"properties":{"nombre":"Las Mercedes (de Coquimbo)","tecnologia":"Solar Fotovoltaico","estado":"Aprobado","potencia_mw":9.0,"medio":"PMGD","titular":"Blue Solar Dos SpA","region":"Coquimbo","comuna":"Ovalle"}},{"type":"Feature","geometry":{"type":"Point","coordinates":[-70.74453,-34.47398]},"properties":{"nombre":"Las Nieves","tecnologia":"Solar Fotovoltaico","estado":"Aprobado","potencia_mw":9.0,"medio":"PMGD","titular":"Energética Solar Las Nieves SpA","region":"O'Higgins","comuna":"Rengo"}},{"type":"Feature","geometry":{"type":"Point","coordinates":[-71.47655,-30.67619]},"properties":{"nombre":"Las Terrazas (Coquimbo)","tecnologia":"Solar Fotovoltaico","estado":"Aprobado","potencia_mw":268.6,"medio":"-","titular":"Terrazas Solar SpA","region":"Coquimbo","comuna":"Ovalle"}},{"type":"Feature","geometry":{"type":"Point","coordinates":[-71.62,-35.82138]},"properties":{"nombre":"Las Vegas","tecnologia":"Solar Fotovoltaico","estado":"Aprobado","potencia_mw":9.0,"medio":"PMGD","titular":"Valle Solar SpA","region":"Maule","comuna":"Linares"}},{"type":"Feature","geometry":{"type":"Point","coordinates":[-72.14006,-36.59664]},"properties":{"nombre":"Lata Solar","tecnologia":"Solar Fotovoltaico","estado":"Aprobado","potencia_mw":9.0,"medio":"PMGD","titular":"Casa de Lata Solar SpA","region":"Ñuble","comuna":"Chillán"}},{"type":"Feature","geometry":{"type":"Point","coordinates":[-70.14616,-18.48903]},"properties":{"nombre":"Lauca Solar","tecnologia":"Solar Fotovoltaico","estado":"Aprobado","potencia_mw":80.0,"medio":"-","titular":"Arica Solar 1 S.A.","region":"Arica y Parinacota","comuna":"Arica"}},{"type":"Feature","geometry":{"type":"Point","coordinates":[-71.59654,-34.34972]},"properties":{"nombre":"Layla del Verano","tecnologia":"Solar Fotovoltaico","estado":"Aprobado","potencia_mw":83.0,"medio":"-","titular":"Layla del Verano SpA","region":"O'Higgins","comuna":"Marchihue"}},{"type":"Feature","geometry":{"type":"Point","coordinates":[-72.36509,-35.95517]},"properties":{"nombre":"Leo Bio","tecnologia":"Solar Fotovoltaico","estado":"Aprobado","potencia_mw":7.68,"medio":"-","titular":"PSF LeoBio SpA","region":"Maule","comuna":"Cauquenes"}},{"type":"Feature","geometry":{"type":"Point","coordinates":[-71.93068,-37.4399]},"properties":{"nombre":"Leona del Agua II","tecnologia":"Solar Fotovoltaico","estado":"Aprobado","potencia_mw":9.0,"medio":"-","titular":"Per Orolonco SPA","region":"Biobío","comuna":"Quilleco"}},{"type":"Feature","geometry":{"type":"Point","coordinates":[-71.34213,-32.45143]},"properties":{"nombre":"Leones Solar","tecnologia":"Solar Fotovoltaico","estado":"Aprobado","potencia_mw":114.3,"medio":"-","titular":"Leones Solar SpA","region":"Valparaíso","comuna":"Papudo"}},{"type":"Feature","geometry":{"type":"Point","coordinates":[-71.2497,-33.05732]},"properties":{"nombre":"Limache","tecnologia":"Solar Fotovoltaico","estado":"Aprobado","potencia_mw":8.0,"medio":"PMGD","titular":"Inversiones y Servicios Sunedison Chile Ltda.","region":"Valparaíso","comuna":"Limache"}},{"type":"Feature","geometry":{"type":"Point","coordinates":[-71.64809,-35.8292]},"properties":{"nombre":"Linares Norte PMG","tecnologia":"Solar Fotovoltaico","estado":"Aprobado","potencia_mw":9.0,"medio":"PMG","titular":"PV Power Chile SpA","region":"Maule","comuna":"Linares"}},{"type":"Feature","geometry":{"type":"Point","coordinates":[-70.18567,-23.05093]},"properties":{"nombre":"Lince","tecnologia":"Solar Fotovoltaico","estado":"Aprobado","potencia_mw":65.34,"medio":"-","titular":"Inversiones Lince Solar SpA","region":"Antofagasta","comuna":"Mejillones"}},{"type":"Feature","geometry":{"type":"Point","coordinates":[-72.79853,-39.92818]},"properties":{"nombre":"Lipingue","tecnologia":"Solar Fotovoltaico","estado":"Aprobado","potencia_mw":1.0,"medio":"PMGD","titular":"Electrica Lambda Limitada","region":"Los Ríos","comuna":"Los Lagos"}},{"type":"Feature","geometry":{"type":"Point","coordinates":[-71.95152,-36.46327]},"properties":{"nombre":"Lirutao San Carlos","tecnologia":"Solar Fotovoltaico","estado":"Aprobado","potencia_mw":9.0,"medio":"PMGD","titular":"Luminous Energy SpA","region":"Ñuble","comuna":"San Carlos"}},{"type":"Feature","geometry":{"type":"Point","coordinates":[-70.92668,-28.50779]},"properties":{"nombre":"Llano Victoria","tecnologia":"Solar Fotovoltaico","estado":"Aprobado","potencia_mw":25.5,"medio":"-","titular":"Llano Victoria SpA","region":"Atacama","comuna":"Freirina"}},{"type":"Feature","geometry":{"type":"Point","coordinates":[-70.69076,-28.55552]},"properties":{"nombre":"Llanos de Marañón","tecnologia":"Solar Fotovoltaico","estado":"Aprobado","potencia_mw":432.0,"medio":"-","titular":"Parque Solar Llanos de Marañón SpA","region":"Atacama","comuna":"Vallenar"}},{"type":"Feature","geometry":{"type":"Point","coordinates":[-71.37768,-31.61419]},"properties":{"nombre":"Llanos de Rungue","tecnologia":"Solar Fotovoltaico","estado":"Aprobado","potencia_mw":280.0,"medio":"-","titular":"Uka Chile & Cia.","region":"Coquimbo","comuna":"Illapel"}},{"type":"Feature","geometry":{"type":"Point","coordinates":[-69.46215,-21.10734]},"properties":{"nombre":"Llanos del Sol","tecnologia":"Solar Fotovoltaico","estado":"Aprobado","potencia_mw":381.8,"medio":"-","titular":"Llanos del Sol SpA","region":"Tarapacá","comuna":"Pozo Almonte"}},{"type":"Feature","geometry":{"type":"Point","coordinates":[-69.92867,-26.37808]},"properties":{"nombre":"Llanta","tecnologia":"Solar Fotovoltaico","estado":"Aprobado","potencia_mw":112.0,"medio":"-","titular":"MSN Solar 5 SpA","region":"Atacama","comuna":"Diego de Almagro"}},{"type":"Feature","geometry":{"type":"Point","coordinates":[-69.93686,-26.36893]},"properties":{"nombre":"Llanta Norte 1","tecnologia":"Solar Fotovoltaico","estado":"Aprobado","potencia_mw":34.0,"medio":"-","titular":"Empresa de Desarrollo de Energías Renovables Alen Walung S.A.","region":"Atacama","comuna":"Diego de Almagro"}},{"type":"Feature","geometry":{"type":"Point","coordinates":[-69.90991,-26.36414]},"properties":{"nombre":"Llanta Norte 2","tecnologia":"Solar Fotovoltaico","estado":"Aprobado","potencia_mw":68.0,"medio":"-","titular":"Empresa de Desarrollo de Energías Renovables Alen Walung S.A.","region":"Atacama","comuna":"Diego de Almagro"}},{"type":"Feature","geometry":{"type":"Point","coordinates":[-71.80249,-36.29349]},"properties":{"nombre":"Lo Magdalena","tecnologia":"Solar Fotovoltaico","estado":"Aprobado","potencia_mw":9.0,"medio":"PMGD","titular":"Sol del Sur 22 SpA","region":"Ñuble","comuna":"Ñiquén"}},{"type":"Feature","geometry":{"type":"Point","coordinates":[-71.75699,-34.81463]},"properties":{"nombre":"Lolol","tecnologia":"Solar Fotovoltaico","estado":"Aprobado","potencia_mw":69.8,"medio":"-","titular":"CLD GENERACION 1 SpA","region":"O'Higgins","comuna":"Lolol"}},{"type":"Feature","geometry":{"type":"Point","coordinates":[-73.07982,-39.71806]},"properties":{"nombre":"Los Arrayanes","tecnologia":"Solar Fotovoltaico","estado":"Aprobado","potencia_mw":9.0,"medio":"-","titular":"Energía Renovables Zafiro spA","region":"Los Ríos","comuna":"Valdivia"}},{"type":"Feature","geometry":{"type":"Point","coordinates":[-73.03968,-40.30572]},"properties":{"nombre":"Los Álamos","tecnologia":"Solar Fotovoltaico","estado":"Aprobado","potencia_mw":9.0,"medio":"PMGD","titular":"Energía Renovable Jade SpA","region":"Los Ríos","comuna":"La Unión"}},{"type":"Feature","geometry":{"type":"Point","coordinates":[-68.62926,-24.10696]},"properties":{"nombre":"Los Durmientes","tecnologia":"Solar Fotovoltaico","estado":"Aprobado","potencia_mw":257.0,"medio":"-","titular":"Parque Fotovoltaico Los Durmientes SpA","region":"Antofagasta","comuna":"Antofagasta"}},{"type":"Feature","geometry":{"type":"Point","coordinates":[-72.7905,-39.84061]},"properties":{"nombre":"Los Lagos (Los Ríos)","tecnologia":"Solar Fotovoltaico","estado":"Aprobado","potencia_mw":9.0,"medio":"PMGD","titular":"Energia Renovable Perla SpA","region":"Los Ríos","comuna":"Los Lagos"}},{"type":"Feature","geometry":{"type":"Point","coordinates":[-70.67762,-27.38756]},"properties":{"nombre":"Los Llanos","tecnologia":"Solar Fotovoltaico","estado":"Aprobado","potencia_mw":12.6,"medio":"PMG","titular":"CMS SPVIII SpA","region":"Atacama","comuna":"Copiapó"}},{"type":"Feature","geometry":{"type":"Point","coordinates":[-71.3765,-32.76341]},"properties":{"nombre":"Los Maquis Solar","tecnologia":"Solar Fotovoltaico","estado":"Aprobado","potencia_mw":9.0,"medio":"PMGD","titular":"Los Maquis Solar SpA","region":"Valparaíso","comuna":"Puchuncaví"}},{"type":"Feature","geometry":{"type":"Point","coordinates":[-71.37373,-34.59849]},"properties":{"nombre":"Los Naranjos","tecnologia":"Solar Fotovoltaico","estado":"Aprobado","potencia_mw":9.0,"medio":"-","titular":"CVE Proyecto Sesenta y Cuatro SpA","region":"O'Higgins","comuna":"Palmilla"}},{"type":"Feature","geometry":{"type":"Point","coordinates":[-71.38806,-35.36458]},"properties":{"nombre":"Los Quillayes","tecnologia":"Solar Fotovoltaico","estado":"Aprobado","potencia_mw":9.0,"medio":"PMGD","titular":"MVC SOLAR 19 SpA","region":"Maule","comuna":"Pelarco"}},{"type":"Feature","geometry":{"type":"Point","coordinates":[-73.01186,-40.33177]},"properties":{"nombre":"Los Tambores","tecnologia":"Solar Fotovoltaico","estado":"Aprobado","potencia_mw":9.0,"medio":"-","titular":"Energía Renovables Rubi SpA","region":"Los Ríos","comuna":"Río Bueno"}},{"type":"Feature","geometry":{"type":"Point","coordinates":[-72.01358,-37.33179]},"properties":{"nombre":"Lucero","tecnologia":"Solar Fotovoltaico","estado":"Aprobado","potencia_mw":9.0,"medio":"PMGD","titular":"Parque Solar Lucero SpA","region":"Ñuble","comuna":"Yungay"}},{"type":"Feature","geometry":{"type":"Point","coordinates":[-70.84775,-33.09736]},"properties":{"nombre":"Lucía Solar","tecnologia":"Solar Fotovoltaico","estado":"Aprobado","potencia_mw":49.23,"medio":"-","titular":"CVE Proyecto Treinta y Cuatro SPA","region":"Metropolitana","comuna":"Tiltil"}},{"type":"Feature","geometry":{"type":"Point","coordinates":[-70.16274,-22.36477]},"properties":{"nombre":"Lunar","tecnologia":"Solar Fotovoltaico","estado":"Aprobado","potencia_mw":9.0,"medio":"PMGD","titular":"Grenergy Renovables Pacific Ltda.","region":"Antofagasta","comuna":"Tocopilla"}},{"type":"Feature","geometry":{"type":"Point","coordinates":[-69.9848,-26.56201]},"properties":{"nombre":"Luz del Oro","tecnologia":"Solar Fotovoltaico","estado":"Aprobado","potencia_mw":475.0,"medio":"-","titular":"Parque Solar Fotovoltaico Luz del Oro SpA.","region":"Atacama","comuna":"Diego de Almagro"}},{"type":"Feature","geometry":{"type":"Point","coordinates":[-71.45728,-32.80092]},"properties":{"nombre":"Manarola","tecnologia":"Solar Fotovoltaico","estado":"Aprobado","potencia_mw":9.0,"medio":"PMGD","titular":"Manarola SpA","region":"Valparaíso","comuna":"Quintero"}},{"type":"Feature","geometry":{"type":"Point","coordinates":[-72.32328,-37.23929]},"properties":{"nombre":"Maquehue","tecnologia":"Solar Fotovoltaico","estado":"Aprobado","potencia_mw":11.0,"medio":"-","titular":"Luz de Sol 1 SpA","region":"Biobío","comuna":"Los Ángeles"}},{"type":"Feature","geometry":{"type":"Point","coordinates":[-70.10332,-18.6029]},"properties":{"nombre":"María José","tecnologia":"Solar Fotovoltaico","estado":"Aprobado","potencia_mw":88.0,"medio":"-","titular":"Arica Solar Generacion 2 Ltda.","region":"Arica y Parinacota","comuna":"Arica"}},{"type":"Feature","geometry":{"type":"Point","coordinates":[-73.12193,-40.31553]},"properties":{"nombre":"Mautz","tecnologia":"Solar Fotovoltaico","estado":"Aprobado","potencia_mw":9.0,"medio":"PMGD","titular":"Blue Solar Dieciseis SpA","region":"Los Ríos","comuna":"La Unión"}},{"type":"Feature","geometry":{"type":"Point","coordinates":[-70.91795,-29.12641]},"properties":{"nombre":"Michay","tecnologia":"Solar Fotovoltaico","estado":"Aprobado","potencia_mw":9.0,"medio":"PMG","titular":"Generadora Michay SpA.","region":"Atacama","comuna":"Vallenar"}},{"type":"Feature","geometry":{"type":"Point","coordinates":[-68.97497,-22.45021]},"properties":{"nombre":"Mila del Verano","tecnologia":"Solar Fotovoltaico","estado":"Aprobado","potencia_mw":90.0,"medio":"-","titular":"Zapaleri de Verano SpA","region":"Antofagasta","comuna":"Calama"}},{"type":"Feature","geometry":{"type":"Point","coordinates":[-70.04876,-20.32197]},"properties":{"nombre":"Minerva","tecnologia":"Solar Fotovoltaico","estado":"Aprobado","potencia_mw":9.0,"medio":"-","titular":"Minerva SpA","region":"Tarapacá","comuna":"Pozo Almonte"}},{"type":"Feature","geometry":{"type":"Point","coordinates":[-72.35231,-37.42057]},"properties":{"nombre":"Miño","tecnologia":"Solar Fotovoltaico","estado":"Aprobado","potencia_mw":9.0,"medio":"PMGD","titular":"Solek Chile Services SpA","region":"Biobío","comuna":"Los Ángeles"}},{"type":"Feature","geometry":{"type":"Point","coordinates":[-69.86195,-19.87732]},"properties":{"nombre":"Negreiros","tecnologia":"Solar Fotovoltaico","estado":"Aprobado","potencia_mw":3.9,"medio":"PMGD","titular":"SCM COSAYACH YODO","region":"Tarapacá","comuna":"Huara"}},{"type":"Feature","geometry":{"type":"Point","coordinates":[-71.27433,-35.0014]},"properties":{"nombre":"Nuestra Señora de los Ángeles","tecnologia":"Solar Fotovoltaico","estado":"Aprobado","potencia_mw":9.0,"medio":"PMGD","titular":"José Solar SpA","region":"Maule","comuna":"Curicó"}},{"type":"Feature","geometry":{"type":"Point","coordinates":[-70.88499,-29.12634]},"properties":{"nombre":"Nuevo Futuro","tecnologia":"Solar Fotovoltaico","estado":"Aprobado","potencia_mw":144.0,"medio":"-","titular":"Avenir La Silla SpA","region":"Atacama","comuna":"Vallenar"}},{"type":"Feature","geometry":{"type":"Point","coordinates":[-69.36594,-23.09016]},"properties":{"nombre":"Pampa Unión","tecnologia":"Solar Fotovoltaico","estado":"Aprobado","potencia_mw":600.0,"medio":"-","titular":"Pampa Unión SpA","region":"Antofagasta","comuna":"Sierra Gorda"}},{"type":"Feature","geometry":{"type":"Point","coordinates":[-71.58808,-34.38712]},"properties":{"nombre":"Observatorio del Verano","tecnologia":"Solar Fotovoltaico","estado":"Aprobado","potencia_mw":100.0,"medio":"-","titular":"Ollague de Verano SpA","region":"O'Higgins","comuna":"Marchihue"}},{"type":"Feature","geometry":{"type":"Point","coordinates":[-71.21961,-35.25559]},"properties":{"nombre":"Olivo","tecnologia":"Solar Fotovoltaico","estado":"Aprobado","potencia_mw":9.0,"medio":"PMGD","titular":"Olivo SpA","region":"Maule","comuna":"Río Claro"}},{"type":"Feature","geometry":{"type":"Point","coordinates":[-72.62239,-37.55009]},"properties":{"nombre":"Omega","tecnologia":"Solar Fotovoltaico","estado":"Aprobado","potencia_mw":4.9,"medio":"-","titular":"Parque Solar Omega SpA","region":"Biobío","comuna":"Negrete"}},{"type":"Feature","geometry":{"type":"Point","coordinates":[-69.48534,-20.89919]},"properties":{"nombre":"Oriente","tecnologia":"Solar Fotovoltaico","estado":"Aprobado","potencia_mw":581.46,"medio":"-","titular":"Solar Oriente SpA","region":"Tarapacá","comuna":"Pozo Almonte"}},{"type":"Feature","geometry":{"type":"Point","coordinates":[-70.78543,-33.12362]},"properties":{"nombre":"Oro y Cielo","tecnologia":"Solar Fotovoltaico","estado":"Aprobado","potencia_mw":96.2,"medio":"-","titular":"Acciona Energía Chile SpA","region":"Metropolitana","comuna":"Tiltil"}},{"type":"Feature","geometry":{"type":"Point","coordinates":[-71.20271,-33.6695]},"properties":{"nombre":"Ostolazas","tecnologia":"Solar Fotovoltaico","estado":"Aprobado","potencia_mw":9.0,"medio":"-","titular":"Solat TI Cincuenta y Cinco SpA","region":"Metropolitana","comuna":"Melipilla"}},{"type":"Feature","geometry":{"type":"Point","coordinates":[-69.57933,-22.21173]},"properties":{"nombre":"Pacific","tecnologia":"Solar Fotovoltaico","estado":"Aprobado","potencia_mw":54.0,"medio":"-","titular":"Inti Pacific 2 SpA","region":"Antofagasta","comuna":"María Elena"}},{"type":"Feature","geometry":{"type":"Point","coordinates":[-73.15314,-40.52471]},"properties":{"nombre":"Pampa Alegre","tecnologia":"Solar Fotovoltaico","estado":"Aprobado","potencia_mw":9.0,"medio":"-","titular":"Blue Light Energy SpA","region":"Los Lagos","comuna":"Osorno"}},{"type":"Feature","geometry":{"type":"Point","coordinates":[-70.73664,-27.09073]},"properties":{"nombre":"Pampa Bellavista","tecnologia":"Solar Fotovoltaico","estado":"Aprobado","potencia_mw":9.0,"medio":"PMGD","titular":"Montajes Cielpanel SpA","region":"Atacama","comuna":"Caldera"}},{"type":"Feature","geometry":{"type":"Point","coordinates":[-70.12318,-18.86796]},"properties":{"nombre":"Pampa Camarones (Modificación)","tecnologia":"Solar Fotovoltaico","estado":"Aprobado","potencia_mw":300.0,"medio":"-","titular":"Engie Energía Chile S.A.","region":"Arica y Parinacota","comuna":"Arica"}},{"type":"Feature","geometry":{"type":"Point","coordinates":[-70.16323,-25.49674]},"properties":{"nombre":"Pampa Librillo","tecnologia":"Solar Fotovoltaico","estado":"Aprobado","potencia_mw":126.0,"medio":"-","titular":"Librillo Solar SpA","region":"Antofagasta","comuna":"Taltal"}},{"type":"Feature","geometry":{"type":"Point","coordinates":[-70.20765,-25.54789]},"properties":{"nombre":"Pampa Norte 2","tecnologia":"Solar Fotovoltaico","estado":"Aprobado","potencia_mw":200.0,"medio":"-","titular":"Enel Green Power Chile S.A.","region":"Antofagasta","comuna":"Taltal"}},{"type":"Feature","geometry":{"type":"Point","coordinates":[-69.97656,-20.24587]},"properties":{"nombre":"Pampa Perdiz","tecnologia":"Solar Fotovoltaico","estado":"Aprobado","potencia_mw":9.0,"medio":"-","titular":"Pampa Perdiz SpA","region":"Tarapacá","comuna":"Alto Hospicio"}},{"type":"Feature","geometry":{"type":"Point","coordinates":[-70.35973,-25.77011]},"properties":{"nombre":"Pampa Solar Sur","tecnologia":"Solar Fotovoltaico","estado":"Aprobado","potencia_mw":85.7,"medio":"-","titular":"Helio Atacama Diez SpA","region":"Antofagasta","comuna":"Taltal"}},{"type":"Feature","geometry":{"type":"Point","coordinates":[-70.26935,-18.42906]},"properties":{"nombre":"Parina","tecnologia":"Solar Fotovoltaico","estado":"Aprobado","potencia_mw":9.0,"medio":"PMGD","titular":"PFV Parina SpA","region":"Arica y Parinacota","comuna":"Arica"}},{"type":"Feature","geometry":{"type":"Point","coordinates":[-68.75491,-22.53015]},"properties":{"nombre":"Parina Solar","tecnologia":"Solar Fotovoltaico","estado":"Aprobado","potencia_mw":248.0,"medio":"-","titular":"Parina Solar SpA","region":"Antofagasta","comuna":"Calama"}},{"type":"Feature","geometry":{"type":"Point","coordinates":[-71.79901,-36.12823]},"properties":{"nombre":"Parral","tecnologia":"Solar Fotovoltaico","estado":"Aprobado","potencia_mw":10.66,"medio":"PMGD","titular":"Parral Solar SpA","region":"Maule","comuna":"Parral"}},{"type":"Feature","geometry":{"type":"Point","coordinates":[-71.45951,-33.84607]},"properties":{"nombre":"Pataguas","tecnologia":"Solar Fotovoltaico","estado":"Aprobado","potencia_mw":152.61,"medio":"-","titular":"Parque Fotovoltaico Andino Las Pataguas SpA","region":"Metropolitana","comuna":"San Pedro de Melipilla"}},{"type":"Feature","geometry":{"type":"Point","coordinates":[-69.58009,-22.29884]},"properties":{"nombre":"Pauna Solar","tecnologia":"Solar Fotovoltaico","estado":"Aprobado","potencia_mw":671.0,"medio":"-","titular":"Pauna Solar SpA","region":"Antofagasta","comuna":"María Elena"}},{"type":"Feature","geometry":{"type":"Point","coordinates":[-69.70611,-26.34017]},"properties":{"nombre":"Pedernales","tecnologia":"Solar Fotovoltaico","estado":"Aprobado","potencia_mw":63.0,"medio":"-","titular":"AR Energía Chile SpA","region":"Atacama","comuna":"Diego de Almagro"}},{"type":"Feature","geometry":{"type":"Point","coordinates":[-69.58025,-22.5632]},"properties":{"nombre":"Pedro de Valdivia","tecnologia":"Solar Fotovoltaico","estado":"Aprobado","potencia_mw":130.2,"medio":"-","titular":"Acciona Energía Chile SpA","region":"Antofagasta","comuna":"María Elena"}},{"type":"Feature","geometry":{"type":"Point","coordinates":[-70.93162,-34.50747]},"properties":{"nombre":"Pelequén","tecnologia":"Solar Fotovoltaico","estado":"Aprobado","potencia_mw":175.0,"medio":"-","titular":"Sonnedix Pelequen Solar SpA","region":"O'Higgins","comuna":"San Fernando"}},{"type":"Feature","geometry":{"type":"Point","coordinates":[-70.85881,-34.66448]},"properties":{"nombre":"Pequén","tecnologia":"Solar Fotovoltaico","estado":"Aprobado","potencia_mw":24.0,"medio":"-","titular":"PFV Pequén SpA","region":"O'Higgins","comuna":"San Fernando"}},{"type":"Feature","geometry":{"type":"Point","coordinates":[-70.87473,-28.53634]},"properties":{"nombre":"Perales","tecnologia":"Solar Fotovoltaico","estado":"Aprobado","potencia_mw":8.3,"medio":"PMGD","titular":"Energética Solar Perales SpA","region":"Atacama","comuna":"Vallenar"}},{"type":"Feature","geometry":{"type":"Point","coordinates":[-71.17017,-33.03454]},"properties":{"nombre":"PFV Olmué","tecnologia":"Solar Fotovoltaico","estado":"Aprobado","potencia_mw":144.0,"medio":"-","titular":"Inversiones y Servicios SunEdison Chile Ltda.","region":"Valparaíso","comuna":"Olmué"}},{"type":"Feature","geometry":{"type":"Point","coordinates":[-71.68461,-35.83213]},"properties":{"nombre":"Picaflor Azul","tecnologia":"Solar Fotovoltaico","estado":"Aprobado","potencia_mw":3.6,"medio":"PMGD","titular":"PFV Picaflor Azul SpA","region":"Maule","comuna":"Linares"}},{"type":"Feature","geometry":{"type":"Point","coordinates":[-70.63642,-27.3985]},"properties":{"nombre":"Piedra Colgada","tecnologia":"Solar Fotovoltaico","estado":"Aprobado","potencia_mw":90.0,"medio":"-","titular":"Central Los Aromos SpA","region":"Atacama","comuna":"Copiapó"}},{"type":"Feature","geometry":{"type":"Point","coordinates":[-72.34146,-37.15756]},"properties":{"nombre":"Pillancó","tecnologia":"Solar Fotovoltaico","estado":"Aprobado","potencia_mw":208.0,"medio":"-","titular":"Pillanco SpA","region":"Biobío","comuna":"Cabrero"}},{"type":"Feature","geometry":{"type":"Point","coordinates":[-70.19971,-27.35862]},"properties":{"nombre":"Pimpollo","tecnologia":"Solar Fotovoltaico","estado":"Aprobado","potencia_mw":9.0,"medio":"-","titular":"PFV Pimpollo SpA","region":"Atacama","comuna":"Copiapó"}},{"type":"Feature","geometry":{"type":"Point","coordinates":[-69.49278,-20.59915]},"properties":{"nombre":"Pintados","tecnologia":"Solar Fotovoltaico","estado":"Aprobado","potencia_mw":77.0,"medio":"-","titular":"Planta Solar Pintados S.A.","region":"Tarapacá","comuna":"Pozo Almonte"}},{"type":"Feature","geometry":{"type":"Point","coordinates":[-70.55048,-33.69112]},"properties":{"nombre":"Pirque Solaris","tecnologia":"Solar Fotovoltaico","estado":"Aprobado","potencia_mw":66.0,"medio":"-","titular":"Los Maitenes Solar SpA","region":"Metropolitana","comuna":"Pirque"}},{"type":"Feature","geometry":{"type":"Point","coordinates":[-69.77563,-20.19384]},"properties":{"nombre":"Pita","tecnologia":"Solar Fotovoltaico","estado":"Aprobado","potencia_mw":192.4,"medio":"-","titular":"Parque Fotovoltaico Pita Solar SpA","region":"Tarapacá","comuna":"Pozo Almonte"}},{"type":"Feature","geometry":{"type":"Point","coordinates":[-68.69437,-22.5824]},"properties":{"nombre":"Planta Solar Fotovoltaica San Pedro VI","tecnologia":"Solar Fotovoltaico","estado":"Aprobado","potencia_mw":22.5,"medio":"-","titular":"Planta Solar San Pedro III S.A.","region":"Antofagasta","comuna":"Calama"}},{"type":"Feature","geometry":{"type":"Point","coordinates":[-70.07348,-20.31878]},"properties":{"nombre":"Platero","tecnologia":"Solar Fotovoltaico","estado":"Aprobado","potencia_mw":9.0,"medio":"PMGD","titular":"PFV Platero SpA","region":"Tarapacá","comuna":"Alto Hospicio"}},{"type":"Feature","geometry":{"type":"Point","coordinates":[-70.48345,-33.6044]},"properties":{"nombre":"Platero (RM)","tecnologia":"Solar Fotovoltaico","estado":"Aprobado","potencia_mw":7.0,"medio":"PMG","titular":"Platero SpA","region":"Metropolitana","comuna":"Pirque"}},{"type":"Feature","geometry":{"type":"Point","coordinates":[-71.36205,-30.74838]},"properties":{"nombre":"PMGD 3091","tecnologia":"Solar Fotovoltaico","estado":"Aprobado","potencia_mw":3.0,"medio":"PMGD","titular":"Guanaco Solar SpA","region":"Coquimbo","comuna":"Ovalle"}},{"type":"Feature","geometry":{"type":"Point","coordinates":[-71.61182,-34.3437]},"properties":{"nombre":"Portezuelo","tecnologia":"Solar Fotovoltaico","estado":"Aprobado","potencia_mw":7.14,"medio":"PMGD","titular":"PFV Portezuelo SpA","region":"O'Higgins","comuna":"Marchihue"}},{"type":"Feature","geometry":{"type":"Point","coordinates":[-70.95098,-32.85618]},"properties":{"nombre":"Porvenir Solar","tecnologia":"Solar Fotovoltaico","estado":"Aprobado","potencia_mw":40.0,"medio":"-","titular":"Porvenir Solar SpA","region":"Valparaíso","comuna":"Llaillay"}},{"type":"Feature","geometry":{"type":"Point","coordinates":[-70.20463,-22.67784]},"properties":{"nombre":"Pudu","tecnologia":"Solar Fotovoltaico","estado":"Aprobado","potencia_mw":9.0,"medio":"PMGD","titular":"Grenergy Renovables Pacific Ltda.","region":"Antofagasta","comuna":"Mejillones"}},{"type":"Feature","geometry":{"type":"Point","coordinates":[-71.60289,-34.14912]},"properties":{"nombre":"Pulin","tecnologia":"Solar Fotovoltaico","estado":"Aprobado","potencia_mw":60.0,"medio":"-","titular":"Agrícola Santa Lucía Ltda.","region":"O'Higgins","comuna":"La Estrella"}},{"type":"Feature","geometry":{"type":"Point","coordinates":[-70.80881,-34.17495]},"properties":{"nombre":"Punta de Cortés","tecnologia":"Solar Fotovoltaico","estado":"Aprobado","potencia_mw":9.0,"medio":"-","titular":"GR Cerro Castillo SpA","region":"O'Higgins","comuna":"Rancagua"}},{"type":"Feature","geometry":{"type":"Point","coordinates":[-71.24848,-30.82321]},"properties":{"nombre":"Punitaqui","tecnologia":"Solar Fotovoltaico","estado":"Aprobado","potencia_mw":9.0,"medio":"PMGD","titular":"Solar Piemonte SpA","region":"Coquimbo","comuna":"Punitaqui"}},{"type":"Feature","geometry":{"type":"Point","coordinates":[-73.15898,-40.93409]},"properties":{"nombre":"Purranque","tecnologia":"Solar Fotovoltaico","estado":"Aprobado","potencia_mw":4.5,"medio":"PMGD","titular":"Energía Renovable Oro SpA","region":"Los Lagos","comuna":"Purranque"}},{"type":"Feature","geometry":{"type":"Point","coordinates":[-70.78671,-33.57315]},"properties":{"nombre":"Queltehue","tecnologia":"Solar Fotovoltaico","estado":"Aprobado","potencia_mw":9.0,"medio":"-","titular":"Queltehue SpA","region":"Metropolitana","comuna":"Padre Hurtado"}},{"type":"Feature","geometry":{"type":"Point","coordinates":[-71.31707,-32.35484]},"properties":{"nombre":"Quinquimo Solar","tecnologia":"Solar Fotovoltaico","estado":"Aprobado","potencia_mw":127.7,"medio":"-","titular":"Quinquimo Solar SpA","region":"Valparaíso","comuna":"La Ligua"}},{"type":"Feature","geometry":{"type":"Point","coordinates":[-69.44084,-20.79191]},"properties":{"nombre":"Ramaditas","tecnologia":"Solar Fotovoltaico","estado":"Aprobado","potencia_mw":360.0,"medio":"-","titular":"Ramaditas Solar SpA","region":"Tarapacá","comuna":"Pozo Almonte"}},{"type":"Feature","geometry":{"type":"Point","coordinates":[-71.47164,-32.7915]},"properties":{"nombre":"Ray 1","tecnologia":"Solar Fotovoltaico","estado":"Aprobado","potencia_mw":44.1,"medio":"-","titular":"Solar Ray 1 SpA","region":"Valparaíso","comuna":"Puchuncaví"}},{"type":"Feature","geometry":{"type":"Point","coordinates":[-72.05355,-35.7286]},"properties":{"nombre":"Rayen Solar","tecnologia":"Solar Fotovoltaico","estado":"Aprobado","potencia_mw":6.0,"medio":"PMGD","titular":"CVE Proyecto Treinta y Dos SpA","region":"Maule","comuna":"San Javier"}},{"type":"Feature","geometry":{"type":"Point","coordinates":[-71.94775,-36.1126]},"properties":{"nombre":"Reliquia","tecnologia":"Solar Fotovoltaico","estado":"Aprobado","potencia_mw":7.0,"medio":"PMGD","titular":"Solares del Maule SpA","region":"Maule","comuna":"Parral"}},{"type":"Feature","geometry":{"type":"Point","coordinates":[-70.90505,-34.39683]},"properties":{"nombre":"Rengo 7MW","tecnologia":"Solar Fotovoltaico","estado":"Aprobado","potencia_mw":7.0,"medio":"PMGD","titular":"GR Archipiélago Juan Fernández SpA","region":"O'Higgins","comuna":"Rengo"}},{"type":"Feature","geometry":{"type":"Point","coordinates":[-70.82331,-34.30928]},"properties":{"nombre":"Requínoa","tecnologia":"Solar Fotovoltaico","estado":"Aprobado","potencia_mw":9.0,"medio":"PMGD","titular":"Energética Solar Requínoa SpA","region":"O'Higgins","comuna":"Requínoa"}},{"type":"Feature","geometry":{"type":"Point","coordinates":[-71.55321,-33.53145]},"properties":{"nombre":"Riccione Solar","tecnologia":"Solar Fotovoltaico","estado":"Aprobado","potencia_mw":9.0,"medio":"PMGD","titular":"Riccione Solar SpA","region":"Valparaíso","comuna":"Cartagena"}},{"type":"Feature","geometry":{"type":"Point","coordinates":[-70.42206,-27.28438]},"properties":{"nombre":"Rigel","tecnologia":"Solar Fotovoltaico","estado":"Aprobado","potencia_mw":12.5,"medio":"-","titular":"Rigel Solar Spa","region":"Atacama","comuna":"Copiapó"}},{"type":"Feature","geometry":{"type":"Point","coordinates":[-71.14037,-35.04612]},"properties":{"nombre":"Rincón de León Solar","tecnologia":"Solar Fotovoltaico","estado":"Aprobado","potencia_mw":9.0,"medio":"PMGD","titular":"Rincon de Leon Solar S.p.A.","region":"Maule","comuna":"Curicó"}},{"type":"Feature","geometry":{"type":"Point","coordinates":[-72.0297,-36.55308]},"properties":{"nombre":"Rinconada Solar","tecnologia":"Solar Fotovoltaico","estado":"Aprobado","potencia_mw":50.0,"medio":"-","titular":"Rinconada Solar SpA","region":"Ñuble","comuna":"Chillán"}},{"type":"Feature","geometry":{"type":"Point","coordinates":[-73.00337,-40.33249]},"properties":{"nombre":"Río Bueno","tecnologia":"Solar Fotovoltaico","estado":"Aprobado","potencia_mw":9.0,"medio":"-","titular":"Blue Light Energy SpA","region":"Los Ríos","comuna":"Río Bueno"}},{"type":"Feature","geometry":{"type":"Point","coordinates":[-71.43485,-32.83231]},"properties":{"nombre":"Ritoque Solar","tecnologia":"Solar Fotovoltaico","estado":"Aprobado","potencia_mw":100.0,"medio":"-","titular":"Luz del Sol 5 SpA","region":"Valparaíso","comuna":"Quintero"}},{"type":"Feature","geometry":{"type":"Point","coordinates":[-70.99203,-34.33375]},"properties":{"nombre":"Romeral Solar","tecnologia":"Solar Fotovoltaico","estado":"Aprobado","potencia_mw":9.0,"medio":"PMGD","titular":"Romeral Solar SpA","region":"O'Higgins","comuna":"Quinta de Tilcoco"}},{"type":"Feature","geometry":{"type":"Point","coordinates":[-71.42773,-33.30915]},"properties":{"nombre":"Saint George del Verano","tecnologia":"Solar Fotovoltaico","estado":"Aprobado","potencia_mw":9.0,"medio":"PMGD","titular":"Saint George SpA","region":"Valparaíso","comuna":"Casablanca"}},{"type":"Feature","geometry":{"type":"Point","coordinates":[-69.40638,-20.26884]},"properties":{"nombre":"Salar de Huasco","tecnologia":"Solar Fotovoltaico","estado":"Aprobado","potencia_mw":30.0,"medio":"-","titular":"Element Power Chile S.A.","region":"Tarapacá","comuna":"Pica"}},{"type":"Feature","geometry":{"type":"Point","coordinates":[-68.89914,-26.01571]},"properties":{"nombre":"Salares Norte","tecnologia":"Solar Fotovoltaico","estado":"Aprobado","potencia_mw":7.3,"medio":"-","titular":"Minera Gold Fields Salares Norte SpA","region":"Atacama","comuna":"Diego de Almagro"}},{"type":"Feature","geometry":{"type":"Point","coordinates":[-71.96687,-36.33357]},"properties":{"nombre":"San Camilo","tecnologia":"Solar Fotovoltaico","estado":"Aprobado","potencia_mw":6.0,"medio":"PMGD","titular":"Sol del Sur 19 SpA","region":"Ñuble","comuna":"San Carlos"}},{"type":"Feature","geometry":{"type":"Point","coordinates":[-70.67468,-33.97211]},"properties":{"nombre":"San Francisco Solat (O'Higgins)","tecnologia":"Solar Fotovoltaico","estado":"Aprobado","potencia_mw":9.0,"medio":"PMGD","titular":"San Francisco SG SPA","region":"O'Higgins","comuna":"Mostazal"}},{"type":"Feature","geometry":{"type":"Point","coordinates":[-71.78349,-35.61822]},"properties":{"nombre":"San Javier","tecnologia":"Solar Fotovoltaico","estado":"Aprobado","potencia_mw":80.0,"medio":"-","titular":"Blue Light Energy SpA","region":"Maule","comuna":"San Javier"}},{"type":"Feature","geometry":{"type":"Point","coordinates":[-70.25311,-18.47991]},"properties":{"nombre":"San Marcos (Ampliación)","tecnologia":"Solar Fotovoltaico","estado":"Aprobado","potencia_mw":5.9,"medio":"PMGD","titular":"Solarpack Chile Ltda","region":"Arica y Parinacota","comuna":"Arica"}},{"type":"Feature","geometry":{"type":"Point","coordinates":[-68.57634,-22.555]},"properties":{"nombre":"San Pedro V","tecnologia":"Solar Fotovoltaico","estado":"Aprobado","potencia_mw":38.5,"medio":"-","titular":"Planta Solar San Pedro II S.A.","region":"Antofagasta","comuna":"Calama"}},{"type":"Feature","geometry":{"type":"Point","coordinates":[-71.5308,-35.32119]},"properties":{"nombre":"San Rafael","tecnologia":"Solar Fotovoltaico","estado":"Aprobado","potencia_mw":12.23,"medio":"PMGD","titular":"Fotovoltaica San Rafael SpA","region":"Maule","comuna":"San Rafael"}},{"type":"Feature","geometry":{"type":"Point","coordinates":[-71.26785,-33.02841]},"properties":{"nombre":"Santa Ana del Pangal","tecnologia":"Solar Fotovoltaico","estado":"Aprobado","potencia_mw":9.0,"medio":"-","titular":"PER Pomerape SpA","region":"Valparaíso","comuna":"Limache"}},{"type":"Feature","geometry":{"type":"Point","coordinates":[-69.57833,-22.05482]},"properties":{"nombre":"Santa Isabel II","tecnologia":"Solar Fotovoltaico","estado":"Aprobado","potencia_mw":150.0,"medio":"-","titular":"TS 3","region":"Antofagasta","comuna":"María Elena"}},{"type":"Feature","geometry":{"type":"Point","coordinates":[-71.10397,-32.30026]},"properties":{"nombre":"Santa Julia (Ampliación)","tecnologia":"Solar Fotovoltaico","estado":"Aprobado","potencia_mw":2.2,"medio":"PMGD","titular":"Sonnedix Chile Energy Storage SpA","region":"Coquimbo","comuna":"Petorca"}},{"type":"Feature","geometry":{"type":"Point","coordinates":[-72.03523,-36.59973]},"properties":{"nombre":"Santa María","tecnologia":"Solar Fotovoltaico","estado":"Aprobado","potencia_mw":9.0,"medio":"PMGD","titular":"MVC SOLAR 49 SpA","region":"Ñuble","comuna":"Chillán"}},{"type":"Feature","geometry":{"type":"Point","coordinates":[-71.43423,-33.8995]},"properties":{"nombre":"Savona","tecnologia":"Solar Fotovoltaico","estado":"Aprobado","potencia_mw":5.25,"medio":"PMGD","titular":"Savona Solar SpA","region":"Metropolitana","comuna":"San Pedro de Melipilla"}},{"type":"Feature","geometry":{"type":"Point","coordinates":[-71.47829,-31.93279]},"properties":{"nombre":"Semilla","tecnologia":"Solar Fotovoltaico","estado":"Aprobado","potencia_mw":3.0,"medio":"PMG","titular":"Generadora Caimanes SpA","region":"Coquimbo","comuna":"Los Vilos"}},{"type":"Feature","geometry":{"type":"Point","coordinates":[-71.49742,-35.69039]},"properties":{"nombre":"Semilleros","tecnologia":"Solar Fotovoltaico","estado":"Aprobado","potencia_mw":5.79,"medio":"-","titular":"CLD Generación 4 SpA","region":"Maule","comuna":"Yerbas Buenas"}},{"type":"Feature","geometry":{"type":"Point","coordinates":[-68.79277,-24.10956]},"properties":{"nombre":"Socompa Solar","tecnologia":"Solar Fotovoltaico","estado":"Aprobado","potencia_mw":250.0,"medio":"-","titular":"Socompa Solar SpA","region":"Antofagasta","comuna":"Antofagasta"}},{"type":"Feature","geometry":{"type":"Point","coordinates":[-71.59385,-34.93726]},"properties":{"nombre":"Sol de Caone","tecnologia":"Solar Fotovoltaico","estado":"Aprobado","potencia_mw":450.0,"medio":"-","titular":"Itahue Energy SpA","region":"Maule","comuna":"Hualañé"}},{"type":"Feature","geometry":{"type":"Point","coordinates":[-71.09274,-30.27919]},"properties":{"nombre":"Sol de la Virgen","tecnologia":"Solar Fotovoltaico","estado":"Aprobado","potencia_mw":6.2,"medio":"-","titular":"Solarig Development Chile SpA","region":"Coquimbo","comuna":"Andacollo"}},{"type":"Feature","geometry":{"type":"Point","coordinates":[-71.6412,-35.80966]},"properties":{"nombre":"Sol de León","tecnologia":"Solar Fotovoltaico","estado":"Aprobado","potencia_mw":50.0,"medio":"-","titular":"Sol de León SpA","region":"Maule","comuna":"Linares"}},{"type":"Feature","geometry":{"type":"Point","coordinates":[-71.09619,-30.28683]},"properties":{"nombre":"Sol de Oro","tecnologia":"Solar Fotovoltaico","estado":"Aprobado","potencia_mw":7.0,"medio":"-","titular":"Solarig Development Chile SpA","region":"Coquimbo","comuna":"Andacollo"}},{"type":"Feature","geometry":{"type":"Point","coordinates":[-70.68282,-34.20933]},"properties":{"nombre":"Sol del Cobre","tecnologia":"Solar Fotovoltaico","estado":"Aprobado","potencia_mw":9.0,"medio":"PMGD","titular":"Sol del Cobre SG SpA","region":"O'Higgins","comuna":"Machalí"}},{"type":"Feature","geometry":{"type":"Point","coordinates":[-69.59139,-21.62422]},"properties":{"nombre":"Sol del Loa (Optimización)","tecnologia":"Solar Fotovoltaico","estado":"Aprobado","potencia_mw":640.0,"medio":"-","titular":"Sol del Loa SpA","region":"Antofagasta","comuna":"María Elena"}},{"type":"Feature","geometry":{"type":"Point","coordinates":[-71.1927,-32.64829]},"properties":{"nombre":"Sol del Melón","tecnologia":"Solar Fotovoltaico","estado":"Aprobado","potencia_mw":9.0,"medio":"-","titular":"Sol del Melón SG SpA","region":"Valparaíso","comuna":"Nogales"}},{"type":"Feature","geometry":{"type":"Point","coordinates":[-72.18918,-36.62716]},"properties":{"nombre":"Sol del Sur SG","tecnologia":"Solar Fotovoltaico","estado":"Aprobado","potencia_mw":9.0,"medio":"-","titular":"Sol del Sur SG SpA","region":"Ñuble","comuna":"Chillán Viejo"}},{"type":"Feature","geometry":{"type":"Point","coordinates":[-70.89663,-29.05583]},"properties":{"nombre":"Sol del Verano","tecnologia":"Solar Fotovoltaico","estado":"Aprobado","potencia_mw":112.0,"medio":"-","titular":"Parque Solar Verano Dos SpA","region":"Atacama","comuna":"Vallenar"}},{"type":"Feature","geometry":{"type":"Point","coordinates":[-71.74749,-34.31623]},"properties":{"nombre":"Solar Marchihue","tecnologia":"Solar Fotovoltaico","estado":"Aprobado","potencia_mw":9.0,"medio":"PMGD","titular":"Energética Solar Marchihue SpA","region":"O'Higgins","comuna":"Marchihue"}},{"type":"Feature","geometry":{"type":"Point","coordinates":[-71.93125,-36.06484]},"properties":{"nombre":"Solar Parral","tecnologia":"Solar Fotovoltaico","estado":"Aprobado","potencia_mw":165.0,"medio":"-","titular":"Parral Solar SpA","region":"Maule","comuna":"Retiro"}},{"type":"Feature","geometry":{"type":"Point","coordinates":[-71.03543,-29.34996]},"properties":{"nombre":"Solar Punta del Viento","tecnologia":"Solar Fotovoltaico","estado":"Aprobado","potencia_mw":46.8,"medio":"-","titular":"Energía Renovable Verano Tres SpA","region":"Coquimbo","comuna":"La Higuera"}},{"type":"Feature","geometry":{"type":"Point","coordinates":[-69.5762,-22.23234]},"properties":{"nombre":"Solar Sky 1","tecnologia":"Solar Fotovoltaico","estado":"Aprobado","potencia_mw":26.0,"medio":"-","titular":"Solar Sky 1 SpA","region":"Antofagasta","comuna":"María Elena"}},{"type":"Feature","geometry":{"type":"Point","coordinates":[-69.57633,-22.22985]},"properties":{"nombre":"Solar Sky 2","tecnologia":"Solar Fotovoltaico","estado":"Aprobado","potencia_mw":26.0,"medio":"-","titular":"Solar Sky 2 SpA","region":"Antofagasta","comuna":"María Elena"}},{"type":"Feature","geometry":{"type":"Point","coordinates":[-70.24192,-25.1109]},"properties":{"nombre":"Solar Toro","tecnologia":"Solar Fotovoltaico","estado":"Aprobado","potencia_mw":56.0,"medio":"-","titular":"Pattern Chile Development Holdings SpA","region":"Antofagasta","comuna":"Taltal"}},{"type":"Feature","geometry":{"type":"Point","coordinates":[-69.8626,-20.38887]},"properties":{"nombre":"Soledad","tecnologia":"Solar Fotovoltaico","estado":"Aprobado","potencia_mw":5.55,"medio":"PMGD","titular":"SCM COSAYACH YODO","region":"Tarapacá","comuna":"Pozo Almonte"}},{"type":"Feature","geometry":{"type":"Point","coordinates":[-71.46391,-30.58241]},"properties":{"nombre":"Soles del Norte","tecnologia":"Solar Fotovoltaico","estado":"Aprobado","potencia_mw":130.5,"medio":"-","titular":"Soles del Norte SpA","region":"Coquimbo","comuna":"Ovalle"}},{"type":"Feature","geometry":{"type":"Point","coordinates":[-70.00303,-27.95514]},"properties":{"nombre":"Syrah Solar","tecnologia":"Solar Fotovoltaico","estado":"Aprobado","potencia_mw":4.0,"medio":"-","titular":"CVE Proyecto Cincuenta y Siete SpA","region":"Atacama","comuna":"Tierra Amarilla"}},{"type":"Feature","geometry":{"type":"Point","coordinates":[-71.40373,-32.9252]},"properties":{"nombre":"Tabolango PMG","tecnologia":"Solar Fotovoltaico","estado":"Aprobado","potencia_mw":3.0,"medio":"PMG","titular":"Solek Chile Services SpA","region":"Valparaíso","comuna":"Limache"}},{"type":"Feature","geometry":{"type":"Point","coordinates":[-69.85937,-25.06942]},"properties":{"nombre":"Taltal","tecnologia":"Solar Fotovoltaico","estado":"Aprobado","potencia_mw":317.0,"medio":"-","titular":"Parque Eólico Tal Tal S.A","region":"Antofagasta","comuna":"Taltal"}},{"type":"Feature","geometry":{"type":"Point","coordinates":[-70.7655,-28.39779]},"properties":{"nombre":"Tamarico Fase II","tecnologia":"Solar Fotovoltaico","estado":"Aprobado","potencia_mw":159.6,"medio":"-","titular":"Campanillas Solar SpA","region":"Atacama","comuna":"Vallenar"}},{"type":"Feature","geometry":{"type":"Point","coordinates":[-69.83744,-20.40288]},"properties":{"nombre":"Tamarindo","tecnologia":"Solar Fotovoltaico","estado":"Aprobado","potencia_mw":9.0,"medio":"PMGD","titular":"Tamarindo Solar SpA","region":"Tarapacá","comuna":"Pozo Almonte"}},{"type":"Feature","geometry":{"type":"Point","coordinates":[-69.66112,-22.27193]},"properties":{"nombre":"Taruca (en Tocopilla)","tecnologia":"Solar Fotovoltaico","estado":"Aprobado","potencia_mw":9.0,"medio":"PMGD","titular":"Grenergy Renovables Pacific Ltda.","region":"Antofagasta","comuna":"María Elena"}},{"type":"Feature","geometry":{"type":"Point","coordinates":[-70.733,-30.24523]},"properties":{"nombre":"Telescopios","tecnologia":"Solar Fotovoltaico","estado":"Aprobado","potencia_mw":4.5,"medio":"-","titular":"The Association of Universities for Research in Astronomy Inc.","region":"Coquimbo","comuna":"Vicuña"}},{"type":"Feature","geometry":{"type":"Point","coordinates":[-71.14515,-34.86768]},"properties":{"nombre":"Teno","tecnologia":"Solar Fotovoltaico","estado":"Aprobado","potencia_mw":5.4,"medio":"PMGD","titular":"Teno solar SpA","region":"Maule","comuna":"Teno"}},{"type":"Feature","geometry":{"type":"Point","coordinates":[-71.05385,-34.89588]},"properties":{"nombre":"Teno IV Solar","tecnologia":"Solar Fotovoltaico","estado":"Aprobado","potencia_mw":9.0,"medio":"PMGD","titular":"Teno Solar IV S.p.A.","region":"Maule","comuna":"Teno"}},{"type":"Feature","geometry":{"type":"Point","coordinates":[-71.14886,-34.8644]},"properties":{"nombre":"Teno Solar (Ampliación)","tecnologia":"Solar Fotovoltaico","estado":"Aprobado","potencia_mw":2.5,"medio":"PMGD","titular":"Enlasa Generación Chile S.A.","region":"Maule","comuna":"Teno"}},{"type":"Feature","geometry":{"type":"Point","coordinates":[-70.357,-24.7787]},"properties":{"nombre":"Terra Energía Renovable","tecnologia":"Solar Fotovoltaico","estado":"Aprobado","potencia_mw":512.5,"medio":"-","titular":"Energía Eólica Paposo SpA","region":"Antofagasta","comuna":"Taltal"}},{"type":"Feature","geometry":{"type":"Point","coordinates":[-69.11627,-22.48495]},"properties":{"nombre":"Terrazas","tecnologia":"Solar Fotovoltaico","estado":"Aprobado","potencia_mw":151.2,"medio":"-","titular":"Andes Mainstream SpA","region":"Antofagasta","comuna":"Calama"}},{"type":"Feature","geometry":{"type":"Point","coordinates":[-71.44082,-33.31274]},"properties":{"nombre":"Terruño","tecnologia":"Solar Fotovoltaico","estado":"Aprobado","potencia_mw":9.0,"medio":"PMGD","titular":"Solar TI Veintiséis SpA","region":"Valparaíso","comuna":"Casablanca"}},{"type":"Feature","geometry":{"type":"Point","coordinates":[-69.99541,-23.41299]},"properties":{"nombre":"Titan Solar","tecnologia":"Solar Fotovoltaico","estado":"Aprobado","potencia_mw":9.0,"medio":"PMGD","titular":"DPP Holding Chile SpA","region":"Antofagasta","comuna":"Antofagasta"}},{"type":"Feature","geometry":{"type":"Point","coordinates":[-69.53605,-22.26203]},"properties":{"nombre":"Tocopilla","tecnologia":"Solar Fotovoltaico","estado":"Aprobado","potencia_mw":200.5,"medio":"-","titular":"Eosol New Energy S.A.","region":"Antofagasta","comuna":"María Elena"}},{"type":"Feature","geometry":{"type":"Point","coordinates":[-72.57658,-38.26555]},"properties":{"nombre":"Traiguén","tecnologia":"Solar Fotovoltaico","estado":"Aprobado","potencia_mw":9.0,"medio":"PMGD","titular":"Solarnet Chile","region":"Araucanía","comuna":"Traiguén"}},{"type":"Feature","geometry":{"type":"Point","coordinates":[-69.3993,-20.26228]},"properties":{"nombre":"Tupa 9MW","tecnologia":"Solar Fotovoltaico","estado":"Aprobado","potencia_mw":9.0,"medio":"PMGD","titular":"GR Fuinque SpA","region":"Tarapacá","comuna":"Pica"}},{"type":"Feature","geometry":{"type":"Point","coordinates":[-71.04839,-33.42719]},"properties":{"nombre":"Valentina Solar","tecnologia":"Solar Fotovoltaico","estado":"Aprobado","potencia_mw":9.0,"medio":"PMGD","titular":"CVE Proyecto Cuarenta SpA","region":"Metropolitana","comuna":"Curacaví"}},{"type":"Feature","geometry":{"type":"Point","coordinates":[-68.8505,-22.47113]},"properties":{"nombre":"Valle de las Estrellas","tecnologia":"Solar Fotovoltaico","estado":"Aprobado","potencia_mw":9.0,"medio":"-","titular":"Valle de las Estrellas Solar SpA","region":"Antofagasta","comuna":"Calama"}},{"type":"Feature","geometry":{"type":"Point","coordinates":[-70.68309,-28.20596]},"properties":{"nombre":"Valle Solar","tecnologia":"Solar Fotovoltaico","estado":"Aprobado","potencia_mw":74.0,"medio":"-","titular":"Alpin Sun Chile SpA","region":"Atacama","comuna":"Vallenar"}},{"type":"Feature","geometry":{"type":"Point","coordinates":[-70.67556,-28.1469]},"properties":{"nombre":"Valleland","tecnologia":"Solar Fotovoltaico","estado":"Aprobado","potencia_mw":60.0,"medio":"-","titular":"Valleland SpA","region":"Atacama","comuna":"Vallenar"}},{"type":"Feature","geometry":{"type":"Point","coordinates":[-71.45521,-32.7949]},"properties":{"nombre":"Vernazza","tecnologia":"Solar Fotovoltaico","estado":"Aprobado","potencia_mw":150.0,"medio":"-","titular":"Vernazza SpA","region":"Valparaíso","comuna":"Quintero"}},{"type":"Feature","geometry":{"type":"Point","coordinates":[-72.532,-38.26687]},"properties":{"nombre":"Victoria","tecnologia":"Solar Fotovoltaico","estado":"Aprobado","potencia_mw":9.0,"medio":"PMGD","titular":"Solar Victoria SpA","region":"Araucanía","comuna":"Victoria"}},{"type":"Feature","geometry":{"type":"Point","coordinates":[-71.68454,-35.68757]},"properties":{"nombre":"Villa Alegre","tecnologia":"Solar Fotovoltaico","estado":"Aprobado","potencia_mw":9.0,"medio":"PMGD","titular":"PARQUE SOLAR VILLA ALEGRE SPA","region":"Maule","comuna":"Villa Alegre"}},{"type":"Feature","geometry":{"type":"Point","coordinates":[-71.42198,-33.33341]},"properties":{"nombre":"Viñedo del Verano","tecnologia":"Solar Fotovoltaico","estado":"Aprobado","potencia_mw":9.0,"medio":"PMGD","titular":"Juriques SpA","region":"Valparaíso","comuna":"Casablanca"}},{"type":"Feature","geometry":{"type":"Point","coordinates":[-70.80635,-33.31597]},"properties":{"nombre":"Volcán Chascón","tecnologia":"Solar Fotovoltaico","estado":"Aprobado","potencia_mw":90.0,"medio":"-","titular":"Volcán Chascón SpA","region":"Metropolitana","comuna":"Lampa"}},{"type":"Feature","geometry":{"type":"Point","coordinates":[-70.36918,-23.18496]},"properties":{"nombre":"Volta","tecnologia":"Solar Fotovoltaico","estado":"Aprobado","potencia_mw":600.0,"medio":"-","titular":"Volta Hidrógeno SpA","region":"Antofagasta","comuna":"Mejillones"}},{"type":"Feature","geometry":{"type":"Point","coordinates":[-70.79178,-34.20048]},"properties":{"nombre":"Vulcano","tecnologia":"Solar Fotovoltaico","estado":"Aprobado","potencia_mw":15.95,"medio":"-","titular":"PER Cerro Mohai SpA","region":"O'Higgins","comuna":"Olivar"}},{"type":"Feature","geometry":{"type":"Point","coordinates":[-69.74961,-20.00638]},"properties":{"nombre":"Wara III","tecnologia":"Solar Fotovoltaico","estado":"Aprobado","potencia_mw":45.0,"medio":"-","titular":"Araucaria Solar Services Chile, S.A.","region":"Tarapacá","comuna":"Huara"}},{"type":"Feature","geometry":{"type":"Point","coordinates":[-70.01186,-24.96455]},"properties":{"nombre":"Wayra","tecnologia":"Solar Fotovoltaico","estado":"Aprobado","potencia_mw":173.0,"medio":"-","titular":"EDF en Chile Holding SpA","region":"Antofagasta","comuna":"Taltal"}},{"type":"Feature","geometry":{"type":"Point","coordinates":[-70.19231,-27.89622]},"properties":{"nombre":"Wing","tecnologia":"Solar Fotovoltaico","estado":"Aprobado","potencia_mw":212.0,"medio":"-","titular":"Copiapó Solar SpA","region":"Atacama","comuna":"Tierra Amarilla"}},{"type":"Feature","geometry":{"type":"Point","coordinates":[-70.26504,-18.43313]},"properties":{"nombre":"Yal","tecnologia":"Solar Fotovoltaico","estado":"Aprobado","potencia_mw":9.0,"medio":"-","titular":"PFV YAL SPA","region":"Arica y Parinacota","comuna":"Arica"}},{"type":"Feature","geometry":{"type":"Point","coordinates":[-71.1586,-34.62652]},"properties":{"nombre":"Yaquil","tecnologia":"Solar Fotovoltaico","estado":"Aprobado","potencia_mw":9.0,"medio":"-","titular":"Metis SPA","region":"O'Higgins","comuna":"Nancagua"}},{"type":"Feature","geometry":{"type":"Point","coordinates":[-71.26761,-35.13825]},"properties":{"nombre":"Yeco","tecnologia":"Solar Fotovoltaico","estado":"Aprobado","potencia_mw":24.0,"medio":"-","titular":"PFV Yeco SpA","region":"Maule","comuna":"Molina"}},{"type":"Feature","geometry":{"type":"Point","coordinates":[-69.29894,-24.13444]},"properties":{"nombre":"Zaldivar","tecnologia":"Solar Fotovoltaico","estado":"Aprobado","potencia_mw":250.0,"medio":"-","titular":"Zapaleri SpA","region":"Antofagasta","comuna":"Antofagasta"}},{"type":"Feature","geometry":{"type":"Point","coordinates":[-71.22657,-35.01419]},"properties":{"nombre":"Zapallar","tecnologia":"Solar Fotovoltaico","estado":"Aprobado","potencia_mw":9.0,"medio":"PMGD","titular":"OPDE Chile pPA","region":"Maule","comuna":"Curicó"}},{"type":"Feature","geometry":{"type":"Point","coordinates":[-70.80558,-33.33831]},"properties":{"nombre":"Zeus Solar","tecnologia":"Solar Fotovoltaico","estado":"Aprobado","potencia_mw":9.0,"medio":"PMGD","titular":"CVE Proyecto Diecinueve SpA","region":"Metropolitana","comuna":"Lampa"}},{"type":"Feature","geometry":{"type":"Point","coordinates":[-70.78403,-28.54894]},"properties":{"nombre":"Zorzalito","tecnologia":"Solar Fotovoltaico","estado":"Aprobado","potencia_mw":9.0,"medio":"PMGD","titular":"AMALTEA SpA","region":"Atacama","comuna":"Vallenar"}},{"type":"Feature","geometry":{"type":"Point","coordinates":[-70.82261,-33.79962]},"properties":{"nombre":"Alfa","tecnologia":"Solar Fotovoltaico","estado":"En Construcción","potencia_mw":5.5,"medio":"PMGD","titular":"EE Land SpA","region":"Metropolitana","comuna":"Buin"}},{"type":"Feature","geometry":{"type":"Point","coordinates":[-70.6401,-28.18333]},"properties":{"nombre":"Algarrobal 200 MW","tecnologia":"Solar Fotovoltaico","estado":"En Construcción","potencia_mw":200.0,"medio":"-","titular":"GR Pacama SpA","region":"Atacama","comuna":"Vallenar"}},{"type":"Feature","geometry":{"type":"Point","coordinates":[-71.21365,-33.85407]},"properties":{"nombre":"Alpha","tecnologia":"Solar Fotovoltaico","estado":"En Construcción","potencia_mw":0.8,"medio":"PMGD","titular":"Parque Solar Alpha SpA","region":"Metropolitana","comuna":"Melipilla"}},{"type":"Feature","geometry":{"type":"Point","coordinates":[-70.81273,-33.14353]},"properties":{"nombre":"Alsol","tecnologia":"Solar Fotovoltaico","estado":"En Construcción","potencia_mw":9.0,"medio":"PMGD","titular":"Solek Chile Services SpA","region":"Metropolitana","comuna":"Tiltil"}},{"type":"Feature","geometry":{"type":"Point","coordinates":[-72.21628,-37.74199]},"properties":{"nombre":"Altair","tecnologia":"Solar Fotovoltaico","estado":"En Construcción","potencia_mw":9.0,"medio":"PMGD","titular":"Parque Solar Altair SpA","region":"Biobío","comuna":"Mulchén"}},{"type":"Feature","geometry":{"type":"Point","coordinates":[-71.14232,-34.9027]},"properties":{"nombre":"Amancay","tecnologia":"Solar Fotovoltaico","estado":"En Construcción","potencia_mw":9.0,"medio":"PMGD","titular":"Amancay SpA","region":"Maule","comuna":"Teno"}},{"type":"Feature","geometry":{"type":"Point","coordinates":[-70.70151,-33.79454]},"properties":{"nombre":"Ampelo Solar","tecnologia":"Solar Fotovoltaico","estado":"En Construcción","potencia_mw":3.4,"medio":"PMGD","titular":"CVE Proyecto Cuarenta y Dos SpA","region":"Metropolitana","comuna":"Paine"}},{"type":"Feature","geometry":{"type":"Point","coordinates":[-70.73459,-33.27302]},"properties":{"nombre":"Amuleto","tecnologia":"Solar Fotovoltaico","estado":"En Construcción","potencia_mw":9.0,"medio":"-","titular":"Solar Ti Cincuenta y Siete SpA","region":"Metropolitana","comuna":"Colina"}},{"type":"Feature","geometry":{"type":"Point","coordinates":[-70.93206,-32.8123]},"properties":{"nombre":"Ana Solar","tecnologia":"Solar Fotovoltaico","estado":"En Construcción","potencia_mw":7.3,"medio":"PMGD","titular":"CVE Proyecto Treinta y Siete SpA","region":"Valparaíso","comuna":"Panquehue"}},{"type":"Feature","geometry":{"type":"Point","coordinates":[-69.82931,-20.40314]},"properties":{"nombre":"Arenisca","tecnologia":"Solar Fotovoltaico","estado":"En Construcción","potencia_mw":3.0,"medio":"PMGD","titular":"Arenisca Solar SpA","region":"Tarapacá","comuna":"Pozo Almonte"}},{"type":"Feature","geometry":{"type":"Point","coordinates":[-72.14598,-36.76669]},"properties":{"nombre":"Aris","tecnologia":"Solar Fotovoltaico","estado":"En Construcción","potencia_mw":9.0,"medio":"PMGD","titular":"Parque Solar Aris SpA","region":"Ñuble","comuna":"Bulnes"}},{"type":"Feature","geometry":{"type":"Point","coordinates":[-69.70726,-20.81864]},"properties":{"nombre":"Arrebol","tecnologia":"Solar Fotovoltaico","estado":"En Construcción","potencia_mw":9.0,"medio":"PMGD","titular":"Aiboa Solar SpA","region":"Tarapacá","comuna":"Pozo Almonte"}},{"type":"Feature","geometry":{"type":"Point","coordinates":[-71.61764,-36.90132]},"properties":{"nombre":"Atacalco 1","tecnologia":"Solar Fotovoltaico","estado":"En Construcción","potencia_mw":3.0,"medio":"PMGD","titular":"Alhué Solar SpA","region":"Ñuble","comuna":"El Carmen"}},{"type":"Feature","geometry":{"type":"Point","coordinates":[-69.70159,-20.807]},"properties":{"nombre":"Buenaventura","tecnologia":"Solar Fotovoltaico","estado":"En Construcción","potencia_mw":9.0,"medio":"PMG","titular":"GR Peumo SpA","region":"Tarapacá","comuna":"Pozo Almonte"}},{"type":"Feature","geometry":{"type":"Point","coordinates":[-70.91553,-29.07166]},"properties":{"nombre":"Cachiyuyo","tecnologia":"Solar Fotovoltaico","estado":"En Construcción","potencia_mw":50.0,"medio":"-","titular":"Parque Solar Cachiyuyo SpA","region":"Atacama","comuna":"Vallenar"}},{"type":"Feature","geometry":{"type":"Point","coordinates":[-73.18626,-40.6401]},"properties":{"nombre":"Caipulli","tecnologia":"Solar Fotovoltaico","estado":"En Construcción","potencia_mw":9.0,"medio":"-","titular":"Energia Renovable Diamante SpA","region":"Los Lagos","comuna":"Río Negro"}},{"type":"Feature","geometry":{"type":"Point","coordinates":[-70.73143,-27.09092]},"properties":{"nombre":"Calderaza","tecnologia":"Solar Fotovoltaico","estado":"En Construcción","potencia_mw":9.0,"medio":"PMG","titular":"Manzano Solar SpA","region":"Atacama","comuna":"Caldera"}},{"type":"Feature","geometry":{"type":"Point","coordinates":[-69.4581,-22.29333]},"properties":{"nombre":"Caliche","tecnologia":"Solar Fotovoltaico","estado":"En Construcción","potencia_mw":9.0,"medio":"PMG","titular":"Solar TI Veintitrés SpA","region":"Antofagasta","comuna":"María Elena"}},{"type":"Feature","geometry":{"type":"Point","coordinates":[-72.93301,-38.76197]},"properties":{"nombre":"Cancura II","tecnologia":"Solar Fotovoltaico","estado":"En Construcción","potencia_mw":2.8,"medio":"PMGD","titular":"Libertador Solar 7 SpA","region":"Araucanía","comuna":"Nueva Imperial"}},{"type":"Feature","geometry":{"type":"Point","coordinates":[-72.19517,-37.48906]},"properties":{"nombre":"CE Canteras","tecnologia":"Solar Fotovoltaico","estado":"En Construcción","potencia_mw":9.0,"medio":"PMGD","titular":"Cielpanel SpA","region":"Biobío","comuna":"Los Ángeles"}},{"type":"Feature","geometry":{"type":"Point","coordinates":[-71.72302,-35.56744]},"properties":{"nombre":"CE Río Maule","tecnologia":"Solar Fotovoltaico","estado":"En Construcción","potencia_mw":9.0,"medio":"PMGD","titular":"COX Rio Maule SpA","region":"Maule","comuna":"San Javier"}},{"type":"Feature","geometry":{"type":"Point","coordinates":[-69.75186,-26.38238]},"properties":{"nombre":"Ceresuela","tecnologia":"Solar Fotovoltaico","estado":"En Construcción","potencia_mw":9.0,"medio":"PMGD","titular":"Ceresuela Solar SpA","region":"Tarapacá","comuna":"Huara"}},{"type":"Feature","geometry":{"type":"Point","coordinates":[-72.16,-37.32487]},"properties":{"nombre":"Cerro Colorado","tecnologia":"Solar Fotovoltaico","estado":"En Construcción","potencia_mw":3.0,"medio":"PMGD","titular":"Kepler Fotovoltaica SpA","region":"Biobío","comuna":"Los Ángeles"}},{"type":"Feature","geometry":{"type":"Point","coordinates":[-71.55415,-33.81997]},"properties":{"nombre":"Chagual","tecnologia":"Solar Fotovoltaico","estado":"En Construcción","potencia_mw":9.0,"medio":"PMGD","titular":"CVE Proyecto Treinta SpA","region":"Metropolitana","comuna":"San Pedro de Melipilla"}},{"type":"Feature","geometry":{"type":"Point","coordinates":[-71.17943,-32.76897]},"properties":{"nombre":"Charrabata","tecnologia":"Solar Fotovoltaico","estado":"En Construcción","potencia_mw":9.0,"medio":"PMGD","titular":"GR Alerce Costero SpA","region":"Valparaíso","comuna":"La Calera"}},{"type":"Feature","geometry":{"type":"Point","coordinates":[-71.04673,-33.42396]},"properties":{"nombre":"Chicha Solar","tecnologia":"Solar Fotovoltaico","estado":"En Construcción","potencia_mw":9.0,"medio":"PMG","titular":"Solar TI Veintidos SpA","region":"Metropolitana","comuna":"Curacaví"}},{"type":"Feature","geometry":{"type":"Point","coordinates":[-70.61728,-33.24943]},"properties":{"nombre":"Chicureo Solar","tecnologia":"Solar Fotovoltaico","estado":"En Construcción","potencia_mw":9.0,"medio":"PMGD","titular":"Ciudad Luz Chicureo Solar SpA","region":"Metropolitana","comuna":"Colina"}},{"type":"Feature","geometry":{"type":"Point","coordinates":[-72.79185,-40.32768]},"properties":{"nombre":"Chilca Solar","tecnologia":"Solar Fotovoltaico","estado":"En Construcción","potencia_mw":3.0,"medio":"PMGD","titular":"Chilca Solar SpA","region":"Los Ríos","comuna":"Río Bueno"}},{"type":"Feature","geometry":{"type":"Point","coordinates":[-70.30317,-23.84769]},"properties":{"nombre":"Chungungo","tecnologia":"Solar Fotovoltaico","estado":"En Construcción","potencia_mw":9.0,"medio":"PMGD","titular":"Chungungo Solar SpA","region":"Antofagasta","comuna":"Antofagasta"}},{"type":"Feature","geometry":{"type":"Point","coordinates":[-70.00303,-23.43932]},"properties":{"nombre":"Ckontor","tecnologia":"Solar Fotovoltaico","estado":"En Construcción","potencia_mw":9.0,"medio":"PMG","titular":"GR Toromiro SpA","region":"Antofagasta","comuna":"Antofagasta"}},{"type":"Feature","geometry":{"type":"Point","coordinates":[-72.04593,-35.08598]},"properties":{"nombre":"Codorniz","tecnologia":"Solar Fotovoltaico","estado":"En Construcción","potencia_mw":3.0,"medio":"PMGD","titular":"Codorniz SpA","region":"Maule","comuna":"Curepto"}},{"type":"Feature","geometry":{"type":"Point","coordinates":[-71.77842,-36.12534]},"properties":{"nombre":"Coihue","tecnologia":"Solar Fotovoltaico","estado":"En Construcción","potencia_mw":9.0,"medio":"PMGD","titular":"Coihue SpA","region":"Maule","comuna":"Retiro"}},{"type":"Feature","geometry":{"type":"Point","coordinates":[-70.68905,-32.55957]},"properties":{"nombre":"Cóndor Las Minillas II","tecnologia":"Solar Fotovoltaico","estado":"En Construcción","potencia_mw":3.0,"medio":"PMGD","titular":"Parque Fotovoltaico Penablanca SpA","region":"Valparaíso","comuna":"Putaendo"}},{"type":"Feature","geometry":{"type":"Point","coordinates":[-69.83133,-26.97021]},"properties":{"nombre":"Copiapó Energía Solar","tecnologia":"Solar Fotovoltaico","estado":"En Construcción","potencia_mw":255.0,"medio":"-","titular":"Copiapo Energía Solar SpA","region":"Atacama","comuna":"Copiapó"}},{"type":"Feature","geometry":{"type":"Point","coordinates":[-69.59053,-22.37662]},"properties":{"nombre":"CRCA La Pampina","tecnologia":"Solar Fotovoltaico","estado":"En Construcción","potencia_mw":159.0,"medio":"-","titular":"GM Energy SpA","region":"Antofagasta","comuna":"María Elena"}},{"type":"Feature","geometry":{"type":"Point","coordinates":[-70.80631,-28.83919]},"properties":{"nombre":"CRCA Luna de Verano","tecnologia":"Solar Fotovoltaico","estado":"En Construcción","potencia_mw":82.0,"medio":"-","titular":"PFV Domeyko SpA","region":"Atacama","comuna":"Vallenar"}},{"type":"Feature","geometry":{"type":"Point","coordinates":[-68.77231,-24.11669]},"properties":{"nombre":"Cristales","tecnologia":"Solar Fotovoltaico","estado":"En Construcción","potencia_mw":400.0,"medio":"-","titular":"Cristales SpA","region":"Antofagasta","comuna":"Antofagasta"}},{"type":"Feature","geometry":{"type":"Point","coordinates":[-70.81371,-32.77404]},"properties":{"nombre":"Cronos Solar","tecnologia":"Solar Fotovoltaico","estado":"En Construcción","potencia_mw":4.2,"medio":"-","titular":"CVE Proyecto Cincuenta y Tres SpA","region":"Valparaíso","comuna":"Panquehue"}},{"type":"Feature","geometry":{"type":"Point","coordinates":[-72.14053,-36.7504]},"properties":{"nombre":"Cuarto Menguante","tecnologia":"Solar Fotovoltaico","estado":"En Construcción","potencia_mw":9.0,"medio":"PMGD","titular":"Per Llullaillaco SpA","region":"Ñuble","comuna":"Bulnes"}},{"type":"Feature","geometry":{"type":"Point","coordinates":[-70.10461,-26.4229]},"properties":{"nombre":"Diego de Almagro","tecnologia":"Solar Fotovoltaico","estado":"En Construcción","potencia_mw":9.0,"medio":"PMGD","titular":"Santa María de Diego de Almagro SpA","region":"Atacama","comuna":"Diego de Almagro"}},{"type":"Feature","geometry":{"type":"Point","coordinates":[-69.96067,-19.59877]},"properties":{"nombre":"Dolores","tecnologia":"Solar Fotovoltaico","estado":"En Construcción","potencia_mw":9.0,"medio":"PMGD","titular":"La Cuesta Solar SpA","region":"Tarapacá","comuna":"Huara"}},{"type":"Feature","geometry":{"type":"Point","coordinates":[-72.69853,-37.83399]},"properties":{"nombre":"Don Gerardo","tecnologia":"Solar Fotovoltaico","estado":"En Construcción","potencia_mw":2.8,"medio":"PMGD","titular":"Libertador Solar 11 SpA","region":"Araucanía","comuna":"Angol"}},{"type":"Feature","geometry":{"type":"Point","coordinates":[-71.23972,-35.01903]},"properties":{"nombre":"Don Juve","tecnologia":"Solar Fotovoltaico","estado":"En Construcción","potencia_mw":9.0,"medio":"-","titular":"Solar TI Veintiocho SpA","region":"Maule","comuna":"Curicó"}},{"type":"Feature","geometry":{"type":"Point","coordinates":[-70.78493,-33.69049]},"properties":{"nombre":"Doña Carmen RM","tecnologia":"Solar Fotovoltaico","estado":"En Construcción","potencia_mw":9.0,"medio":"PMG","titular":"Parque Solar Doña Carmen SpA","region":"Metropolitana","comuna":"San Bernardo"}},{"type":"Feature","geometry":{"type":"Point","coordinates":[-70.72063,-32.7265]},"properties":{"nombre":"Doña Pierina","tecnologia":"Solar Fotovoltaico","estado":"En Construcción","potencia_mw":7.75,"medio":"-","titular":"Grupotec Chile SpA","region":"Valparaíso","comuna":"San Felipe"}},{"type":"Feature","geometry":{"type":"Point","coordinates":[-72.31117,-38.25071]},"properties":{"nombre":"Doña Victoria","tecnologia":"Solar Fotovoltaico","estado":"En Construcción","potencia_mw":2.8,"medio":"PMGD","titular":"Libertador Solar 2 SpA","region":"Araucanía","comuna":"Victoria"}},{"type":"Feature","geometry":{"type":"Point","coordinates":[-71.54804,-35.55954]},"properties":{"nombre":"EA SF El Canelo_3","tecnologia":"Solar Fotovoltaico","estado":"En Construcción","potencia_mw":3.0,"medio":"PMGD","titular":"Energía Renovable Marron SpA","region":"Maule","comuna":"San Clemente"}},{"type":"Feature","geometry":{"type":"Point","coordinates":[-72.44368,-37.64206]},"properties":{"nombre":"El Araucano","tecnologia":"Solar Fotovoltaico","estado":"En Construcción","potencia_mw":2.5,"medio":"PMGD","titular":"Solar Araucano SpA","region":"Biobío","comuna":"Mulchén"}},{"type":"Feature","geometry":{"type":"Point","coordinates":[-70.78741,-33.76437]},"properties":{"nombre":"El Capitán","tecnologia":"Solar Fotovoltaico","estado":"En Construcción","potencia_mw":9.0,"medio":"PMGD","titular":"Solar TI Cuarenta y Tres SpA","region":"Metropolitana","comuna":"Buin"}},{"type":"Feature","geometry":{"type":"Point","coordinates":[-69.61522,-20.27344]},"properties":{"nombre":"El Carmelo","tecnologia":"Solar Fotovoltaico","estado":"En Construcción","potencia_mw":9.0,"medio":"PMGD","titular":"El Carmelo Solar SpA","region":"Tarapacá","comuna":"Pozo Almonte"}},{"type":"Feature","geometry":{"type":"Point","coordinates":[-70.78581,-33.18544]},"properties":{"nombre":"El Manzano 1","tecnologia":"Solar Fotovoltaico","estado":"En Construcción","potencia_mw":9.0,"medio":"PMGD","titular":"Energía El Manzano SpA","region":"Metropolitana","comuna":"Lampa"}},{"type":"Feature","geometry":{"type":"Point","coordinates":[-70.81953,-34.24019]},"properties":{"nombre":"El Membrillar","tecnologia":"Solar Fotovoltaico","estado":"En Construcción","potencia_mw":9.0,"medio":"PMGD","titular":"Planta Solar El Membillar SpA","region":"O'Higgins","comuna":"Requínoa"}},{"type":"Feature","geometry":{"type":"Point","coordinates":[-70.87194,-34.2074]},"properties":{"nombre":"El Milagro","tecnologia":"Solar Fotovoltaico","estado":"En Construcción","potencia_mw":6.0,"medio":"PMGD","titular":"Planta Solar El Milagro SpA","region":"O'Higgins","comuna":"Doñihue"}},{"type":"Feature","geometry":{"type":"Point","coordinates":[-70.71425,-28.57477]},"properties":{"nombre":"El Olivar","tecnologia":"Solar Fotovoltaico","estado":"En Construcción","potencia_mw":9.0,"medio":"PMG","titular":"CMS SPVII SpA","region":"Atacama","comuna":"Vallenar"}},{"type":"Feature","geometry":{"type":"Point","coordinates":[-71.27894,-30.22163]},"properties":{"nombre":"El Peñón","tecnologia":"Solar Fotovoltaico","estado":"En Construcción","potencia_mw":9.0,"medio":"PMGD","titular":"El Peñón SpA","region":"Coquimbo","comuna":"Coquimbo"}},{"type":"Feature","geometry":{"type":"Point","coordinates":[-72.32279,-37.41268]},"properties":{"nombre":"El Raco","tecnologia":"Solar Fotovoltaico","estado":"En Construcción","potencia_mw":2.9,"medio":"PMGD","titular":"Solar TI Veinte SpA","region":"Biobío","comuna":"Los Ángeles"}},{"type":"Feature","geometry":{"type":"Point","coordinates":[-71.25329,-33.65245]},"properties":{"nombre":"El Trigal","tecnologia":"Solar Fotovoltaico","estado":"En Construcción","potencia_mw":9.0,"medio":"PMGD","titular":"Planta Solar El Trigal SpA","region":"Metropolitana","comuna":"Melipilla"}},{"type":"Feature","geometry":{"type":"Point","coordinates":[-70.84807,-33.39567]},"properties":{"nombre":"Espejo","tecnologia":"Solar Fotovoltaico","estado":"En Construcción","potencia_mw":9.0,"medio":"PMGD","titular":"Espinos S.A.","region":"Metropolitana","comuna":"Pudahuel"}},{"type":"Feature","geometry":{"type":"Point","coordinates":[-72.88301,-37.96362]},"properties":{"nombre":"Estelar (Etapa 1)","tecnologia":"Solar Fotovoltaico","estado":"En Construcción","potencia_mw":3.0,"medio":"PMGD","titular":"Parque Solar Estelar SpA","region":"Araucanía","comuna":"Los Sauces"}},{"type":"Feature","geometry":{"type":"Point","coordinates":[-70.59711,-27.33275]},"properties":{"nombre":"Fito 3","tecnologia":"Solar Fotovoltaico","estado":"En Construcción","potencia_mw":3.0,"medio":"PMGD","titular":"Tantehu 3 SpA","region":"Atacama","comuna":"Copiapó"}},{"type":"Feature","geometry":{"type":"Point","coordinates":[-71.00447,-34.60589]},"properties":{"nombre":"Fontana del Verano Solar","tecnologia":"Solar Fotovoltaico","estado":"En Construcción","potencia_mw":3.0,"medio":"PMGD","titular":"Tocorpuri del Verano SpA","region":"O'Higgins","comuna":"San Fernando"}},{"type":"Feature","geometry":{"type":"Point","coordinates":[-71.84251,-36.17363]},"properties":{"nombre":"Frangel","tecnologia":"Solar Fotovoltaico","estado":"En Construcción","potencia_mw":9.0,"medio":"PMGD","titular":"Frangel SpA","region":"Maule","comuna":"Parral"}},{"type":"Feature","geometry":{"type":"Point","coordinates":[-70.70176,-29.97813]},"properties":{"nombre":"Fundo San Isidro","tecnologia":"Solar Fotovoltaico","estado":"En Construcción","potencia_mw":9.0,"medio":"PMGD","titular":"FSI Solar SpA","region":"Coquimbo","comuna":"Vicuña"}},{"type":"Feature","geometry":{"type":"Point","coordinates":[-72.65596,-37.5551]},"properties":{"nombre":"Gamma","tecnologia":"Solar Fotovoltaico","estado":"En Construcción","potencia_mw":8.0,"medio":"PMGD","titular":"Parque Solar Gamma SpA","region":"Biobío","comuna":"Nacimiento"}},{"type":"Feature","geometry":{"type":"Point","coordinates":[-70.90309,-34.20606]},"properties":{"nombre":"Hefesto Solar","tecnologia":"Solar Fotovoltaico","estado":"En Construcción","potencia_mw":9.0,"medio":"PMGD","titular":"CVE Proyecto Veintisiete SpA.","region":"O'Higgins","comuna":"Doñihue"}},{"type":"Feature","geometry":{"type":"Point","coordinates":[-70.75764,-28.52895]},"properties":{"nombre":"Hijuela","tecnologia":"Solar Fotovoltaico","estado":"En Construcción","potencia_mw":9.0,"medio":"PMG","titular":"CMS SPVI SpA","region":"Atacama","comuna":"Vallenar"}},{"type":"Feature","geometry":{"type":"Point","coordinates":[-72.91778,-38.75327]},"properties":{"nombre":"Imperial Solar","tecnologia":"Solar Fotovoltaico","estado":"En Construcción","potencia_mw":9.0,"medio":"PMGD","titular":"Libertador Solar 6 SpA","region":"Araucanía","comuna":"Nueva Imperial"}},{"type":"Feature","geometry":{"type":"Point","coordinates":[-70.78755,-33.32139]},"properties":{"nombre":"Isidora","tecnologia":"Solar Fotovoltaico","estado":"En Construcción","potencia_mw":9.0,"medio":"PMGD","titular":"CVE Proyecto Veintidos SpA","region":"Metropolitana","comuna":"Lampa"}},{"type":"Feature","geometry":{"type":"Point","coordinates":[-70.85023,-34.25417]},"properties":{"nombre":"José Solar","tecnologia":"Solar Fotovoltaico","estado":"En Construcción","potencia_mw":9.0,"medio":"PMGD","titular":"Solar TI Cincuenta SpA","region":"O'Higgins","comuna":"Requínoa"}},{"type":"Feature","geometry":{"type":"Point","coordinates":[-70.85019,-34.25902]},"properties":{"nombre":"Juan Gonzalo Solar","tecnologia":"Solar Fotovoltaico","estado":"En Construcción","potencia_mw":9.0,"medio":"-","titular":"Concon Solar SpA.","region":"O'Higgins","comuna":"Requínoa"}},{"type":"Feature","geometry":{"type":"Point","coordinates":[-70.63556,-32.82039]},"properties":{"nombre":"Juncal Solar","tecnologia":"Solar Fotovoltaico","estado":"En Construcción","potencia_mw":9.0,"medio":"PMGD","titular":"Solar TI Cinco SpA","region":"Valparaíso","comuna":"Los Andes"}},{"type":"Feature","geometry":{"type":"Point","coordinates":[-71.59399,-35.6297]},"properties":{"nombre":"Kali","tecnologia":"Solar Fotovoltaico","estado":"En Construcción","potencia_mw":2.7,"medio":"PMGD","titular":"Parque Solar Kali SpA","region":"Maule","comuna":"Yerbas Buenas"}},{"type":"Feature","geometry":{"type":"Point","coordinates":[-71.81172,-36.13828]},"properties":{"nombre":"La Cotorra","tecnologia":"Solar Fotovoltaico","estado":"En Construcción","potencia_mw":3.0,"medio":"PMGD","titular":"PFV La Cotorra SpA","region":"Maule","comuna":"Parral"}},{"type":"Feature","geometry":{"type":"Point","coordinates":[-71.25569,-32.92014]},"properties":{"nombre":"La Esmeralda","tecnologia":"Solar Fotovoltaico","estado":"En Construcción","potencia_mw":9.0,"medio":"-","titular":"Planta Solar La Esmeralda SpA","region":"Valparaíso","comuna":"Quillota"}},{"type":"Feature","geometry":{"type":"Point","coordinates":[-70.83299,-33.75032]},"properties":{"nombre":"La Puntilla","tecnologia":"Solar Fotovoltaico","estado":"En Construcción","potencia_mw":9.0,"medio":"PMGD","titular":"Planta Solar La Puntilla SpA","region":"Metropolitana","comuna":"Isla de Maipo"}},{"type":"Feature","geometry":{"type":"Point","coordinates":[-70.92891,-33.71768]},"properties":{"nombre":"La Quintrala","tecnologia":"Solar Fotovoltaico","estado":"En Construcción","potencia_mw":0.9,"medio":"PMGD","titular":"PFV La Quintrala SpA","region":"Metropolitana","comuna":"Isla de Maipo"}},{"type":"Feature","geometry":{"type":"Point","coordinates":[-69.22227,-22.90293]},"properties":{"nombre":"La Sierra (Actualización)","tecnologia":"Solar Fotovoltaico","estado":"En Construcción","potencia_mw":9.0,"medio":"PMG","titular":"Andino Solar SpA","region":"Antofagasta","comuna":"Sierra Gorda"}},{"type":"Feature","geometry":{"type":"Point","coordinates":[-70.96731,-34.56525]},"properties":{"nombre":"Las Garzas","tecnologia":"Solar Fotovoltaico","estado":"En Construcción","potencia_mw":3.0,"medio":"PMGD","titular":"PFV Las Garzas SpA","region":"O'Higgins","comuna":"San Fernando"}},{"type":"Feature","geometry":{"type":"Point","coordinates":[-71.19819,-29.9121]},"properties":{"nombre":"Las Gaviotas","tecnologia":"Solar Fotovoltaico","estado":"En Construcción","potencia_mw":3.0,"medio":"PMGD","titular":"PFV Las Gaviotas SpA","region":"Coquimbo","comuna":"La Serena"}},{"type":"Feature","geometry":{"type":"Point","coordinates":[-72.78489,-36.6462]},"properties":{"nombre":"Las Loicas","tecnologia":"Solar Fotovoltaico","estado":"En Construcción","potencia_mw":2.8,"medio":"PMGD","titular":"Las Loicas Energía SpA","region":"Biobío","comuna":"Tomé"}},{"type":"Feature","geometry":{"type":"Point","coordinates":[-71.08611,-28.49034]},"properties":{"nombre":"Las Tablas","tecnologia":"Solar Fotovoltaico","estado":"En Construcción","potencia_mw":9.0,"medio":"PMGD","titular":"Las Tablas Solar SpA","region":"Atacama","comuna":"Freirina"}},{"type":"Feature","geometry":{"type":"Point","coordinates":[-71.22661,-33.65333]},"properties":{"nombre":"Las Torres","tecnologia":"Solar Fotovoltaico","estado":"En Construcción","potencia_mw":9.0,"medio":"PMGD","titular":"Planta Solar Las Torres SpA","region":"Metropolitana","comuna":"Melipilla"}},{"type":"Feature","geometry":{"type":"Point","coordinates":[-68.93949,-22.52197]},"properties":{"nombre":"Latorre Sunlight","tecnologia":"Solar Fotovoltaico","estado":"En Construcción","potencia_mw":4.9,"medio":"-","titular":"Latorre Sunlight SpA","region":"Antofagasta","comuna":"Calama"}},{"type":"Feature","geometry":{"type":"Point","coordinates":[-71.22012,-35.03825]},"properties":{"nombre":"LEN","tecnologia":"Solar Fotovoltaico","estado":"En Construcción","potencia_mw":9.0,"medio":"PMGD","titular":"Len SpA","region":"Maule","comuna":"Curicó"}},{"type":"Feature","geometry":{"type":"Point","coordinates":[-70.94008,-28.54109]},"properties":{"nombre":"Libertad II","tecnologia":"Solar Fotovoltaico","estado":"En Construcción","potencia_mw":122.0,"medio":"-","titular":"Libertad SpA.","region":"Atacama","comuna":"Freirina"}},{"type":"Feature","geometry":{"type":"Point","coordinates":[-70.96482,-28.53455]},"properties":{"nombre":"Libertad III","tecnologia":"Solar Fotovoltaico","estado":"En Construcción","potencia_mw":122.0,"medio":"-","titular":"Libertad SpA.","region":"Atacama","comuna":"Freirina"}},{"type":"Feature","geometry":{"type":"Point","coordinates":[-71.3202,-33.01252]},"properties":{"nombre":"Limachino","tecnologia":"Solar Fotovoltaico","estado":"En Construcción","potencia_mw":9.0,"medio":"PMGD","titular":"PFV Limachino SpA","region":"Valparaíso","comuna":"Limache"}},{"type":"Feature","geometry":{"type":"Point","coordinates":[-71.57838,-35.89516]},"properties":{"nombre":"Linares San Antonio","tecnologia":"Solar Fotovoltaico","estado":"En Construcción","potencia_mw":2.9,"medio":"PMGD","titular":"Venus Solar SpA","region":"Maule","comuna":"Linares"}},{"type":"Feature","geometry":{"type":"Point","coordinates":[-71.53766,-33.80898]},"properties":{"nombre":"Lirio Solar","tecnologia":"Solar Fotovoltaico","estado":"En Construcción","potencia_mw":9.0,"medio":"PMGD","titular":"CVE Proyecto Veinticinco SpA","region":"Metropolitana","comuna":"San Pedro de Melipilla"}},{"type":"Feature","geometry":{"type":"Point","coordinates":[-70.98526,-32.82487]},"properties":{"nombre":"Livorno Solar","tecnologia":"Solar Fotovoltaico","estado":"En Construcción","potencia_mw":5.0,"medio":"PMGD","titular":"Livorno Solar SpA","region":"Valparaíso","comuna":"Llaillay"}},{"type":"Feature","geometry":{"type":"Point","coordinates":[-70.81346,-33.14059]},"properties":{"nombre":"Los Huertos","tecnologia":"Solar Fotovoltaico","estado":"En Construcción","potencia_mw":9.0,"medio":"PMGD","titular":"Parque Solar Alagua SpA","region":"Metropolitana","comuna":"Tiltil"}},{"type":"Feature","geometry":{"type":"Point","coordinates":[-70.66436,-33.62541]},"properties":{"nombre":"Los Pétalos","tecnologia":"Solar Fotovoltaico","estado":"En Construcción","potencia_mw":9.0,"medio":"PMGD","titular":"Planta Aolar Los Pétalos SpA","region":"Metropolitana","comuna":"San Bernardo"}},{"type":"Feature","geometry":{"type":"Point","coordinates":[-71.28354,-34.88321]},"properties":{"nombre":"Los Plumeros","tecnologia":"Solar Fotovoltaico","estado":"En Construcción","potencia_mw":3.0,"medio":"PMGD","titular":"Los Plumeros SpA","region":"Maule","comuna":"Rauco"}},{"type":"Feature","geometry":{"type":"Point","coordinates":[-70.9108,-29.1503]},"properties":{"nombre":"Los Rastrojos","tecnologia":"Solar Fotovoltaico","estado":"En Construcción","potencia_mw":141.0,"medio":"-","titular":"La Serena Ocho SpA","region":"Coquimbo","comuna":"La Higuera"}},{"type":"Feature","geometry":{"type":"Point","coordinates":[-72.84964,-37.98766]},"properties":{"nombre":"Los Toldos","tecnologia":"Solar Fotovoltaico","estado":"En Construcción","potencia_mw":3.0,"medio":"PMGD","titular":"Los Toldos SpA","region":"Araucanía","comuna":"Los Sauces"}},{"type":"Feature","geometry":{"type":"Point","coordinates":[-71.1791,-32.88099]},"properties":{"nombre":"Lothar I","tecnologia":"Solar Fotovoltaico","estado":"En Construcción","potencia_mw":3.0,"medio":"PMGD","titular":"Lothar I SpA","region":"Valparaíso","comuna":"Qulliota"}},{"type":"Feature","geometry":{"type":"Point","coordinates":[-71.62949,-35.79736]},"properties":{"nombre":"Lúcumo","tecnologia":"Solar Fotovoltaico","estado":"En Construcción","potencia_mw":3.0,"medio":"PMGD","titular":"Lúcumo SpA","region":"Maule","comuna":"Linares"}},{"type":"Feature","geometry":{"type":"Point","coordinates":[-71.27119,-34.89044]},"properties":{"nombre":"LUN","tecnologia":"Solar Fotovoltaico","estado":"En Construcción","potencia_mw":9.0,"medio":"PMGD","titular":"LUN SpA","region":"Maule","comuna":"Teno"}},{"type":"Feature","geometry":{"type":"Point","coordinates":[-70.91419,-30.72038]},"properties":{"nombre":"Mano Solar","tecnologia":"Solar Fotovoltaico","estado":"En Construcción","potencia_mw":3.0,"medio":"PMGD","titular":"CVE Proyecto Catorce SpA","region":"Coquimbo","comuna":"Monte Patria"}},{"type":"Feature","geometry":{"type":"Point","coordinates":[-70.59549,-33.85843]},"properties":{"nombre":"Margarita Solar","tecnologia":"Solar Fotovoltaico","estado":"En Construcción","potencia_mw":9.0,"medio":"PMGD","titular":"CVE Proyecto Doce SpA","region":"Metropolitana","comuna":"Paine"}},{"type":"Feature","geometry":{"type":"Point","coordinates":[-72.01536,-36.44827]},"properties":{"nombre":"Margarita Sur","tecnologia":"Solar Fotovoltaico","estado":"En Construcción","potencia_mw":3.0,"medio":"-","titular":"Blue Light Energy SpA","region":"Ñuble","comuna":"San Carlos"}},{"type":"Feature","geometry":{"type":"Point","coordinates":[-70.7977,-33.31058]},"properties":{"nombre":"Matilde Solar","tecnologia":"Solar Fotovoltaico","estado":"En Construcción","potencia_mw":9.0,"medio":"PMGD","titular":"CVE Proyecto Cuarenta y Tres SpA","region":"Metropolitana","comuna":"Lampa"}},{"type":"Feature","geometry":{"type":"Point","coordinates":[-70.27158,-22.71602]},"properties":{"nombre":"Michilla","tecnologia":"Solar Fotovoltaico","estado":"En Construcción","potencia_mw":9.0,"medio":"PMGD","titular":"Michilla Solar SpA","region":"Antofagasta","comuna":"Mejillones"}},{"type":"Feature","geometry":{"type":"Point","coordinates":[-71.98839,-36.05134]},"properties":{"nombre":"Miracea","tecnologia":"Solar Fotovoltaico","estado":"En Construcción","potencia_mw":9.0,"medio":"PMGD","titular":"Miracea SpA","region":"Maule","comuna":"Retiro"}},{"type":"Feature","geometry":{"type":"Point","coordinates":[-71.52819,-33.49511]},"properties":{"nombre":"Módena Solar","tecnologia":"Solar Fotovoltaico","estado":"En Construcción","potencia_mw":9.0,"medio":"PMGD","titular":"Módena Solar SpA","region":"Valparaíso","comuna":"El Tabo"}},{"type":"Feature","geometry":{"type":"Point","coordinates":[-70.91419,-30.72038]},"properties":{"nombre":"Momo Solar","tecnologia":"Solar Fotovoltaico","estado":"En Construcción","potencia_mw":3.0,"medio":"PMGD","titular":"CVE Proyecto Catorce SpA","region":"Coquimbo","comuna":"Monte Patria"}},{"type":"Feature","geometry":{"type":"Point","coordinates":[-72.39022,-37.10823]},"properties":{"nombre":"Monte Águila","tecnologia":"Solar Fotovoltaico","estado":"En Construcción","potencia_mw":240.0,"medio":"-","titular":"GR Pali Aike SpA","region":"Biobío","comuna":"Cabrero"}},{"type":"Feature","geometry":{"type":"Point","coordinates":[-70.88434,-33.01533]},"properties":{"nombre":"Montenegro","tecnologia":"Solar Fotovoltaico","estado":"En Construcción","potencia_mw":9.0,"medio":"PMGD","titular":"Toconce de Verano SpA","region":"Metropolitana","comuna":"Tiltil"}},{"type":"Feature","geometry":{"type":"Point","coordinates":[-71.54754,-33.50446]},"properties":{"nombre":"Monza Solar","tecnologia":"Solar Fotovoltaico","estado":"En Construcción","potencia_mw":6.5,"medio":"PMGD","titular":"Monza Solar SpA","region":"Valparaíso","comuna":"El Tabo"}},{"type":"Feature","geometry":{"type":"Point","coordinates":[-72.27901,-37.64962]},"properties":{"nombre":"Mulchén Santa Bárbara 1","tecnologia":"Solar Fotovoltaico","estado":"En Construcción","potencia_mw":9.0,"medio":"PMGD","titular":"Tierra Solar SpA","region":"Biobío","comuna":"Mulchén"}},{"type":"Feature","geometry":{"type":"Point","coordinates":[-72.24013,-38.25077]},"properties":{"nombre":"Nanco","tecnologia":"Solar Fotovoltaico","estado":"En Construcción","potencia_mw":2.8,"medio":"PMGD","titular":"Libertador Solar 4 SpA","region":"Araucanía","comuna":"Victoria"}},{"type":"Feature","geometry":{"type":"Point","coordinates":[-72.80979,-40.10149]},"properties":{"nombre":"Nueva Paillaco","tecnologia":"Solar Fotovoltaico","estado":"En Construcción","potencia_mw":4.5,"medio":"PMGD","titular":"Energía Renovable Lapislazuli SpA","region":"Los Ríos","comuna":"Paillaco"}},{"type":"Feature","geometry":{"type":"Point","coordinates":[-71.6775,-35.5826]},"properties":{"nombre":"Orilla del Maule","tecnologia":"Solar Fotovoltaico","estado":"En Construcción","potencia_mw":6.0,"medio":"PMGD","titular":"Champa Solar SpA","region":"Maule","comuna":"San Javier"}},{"type":"Feature","geometry":{"type":"Point","coordinates":[-71.2524,-30.12543]},"properties":{"nombre":"Paihuen","tecnologia":"Solar Fotovoltaico","estado":"En Construcción","potencia_mw":9.0,"medio":"PMGD","titular":"Yumbrel Solar SpA.","region":"Coquimbo","comuna":"Coquimbo"}},{"type":"Feature","geometry":{"type":"Point","coordinates":[-69.75585,-20.28533]},"properties":{"nombre":"Pampa Solar del Tamarugal","tecnologia":"Solar Fotovoltaico","estado":"En Construcción","potencia_mw":120.0,"medio":"-","titular":"Electra SpA","region":"Tarapacá","comuna":"Pozo Almonte"}},{"type":"Feature","geometry":{"type":"Point","coordinates":[-69.92154,-24.92712]},"properties":{"nombre":"Pampas","tecnologia":"Solar Fotovoltaico","estado":"En Construcción","potencia_mw":220.0,"medio":"-","titular":"Energía Eólica Pampas SpA","region":"Antofagasta","comuna":"Taltal"}},{"type":"Feature","geometry":{"type":"Point","coordinates":[-72.57299,-37.7055]},"properties":{"nombre":"Parronal II","tecnologia":"Solar Fotovoltaico","estado":"En Construcción","potencia_mw":9.0,"medio":"PMGD","titular":"Sol del Sur 8 SpA","region":"Araucanía","comuna":"Renaico"}},{"type":"Feature","geometry":{"type":"Point","coordinates":[-72.02678,-37.08645]},"properties":{"nombre":"Pequén (Ñuble)","tecnologia":"Solar Fotovoltaico","estado":"En Construcción","potencia_mw":9.0,"medio":"PMGD","titular":"Parque Solar Pequén SpA","region":"Ñuble","comuna":"Yungay"}},{"type":"Feature","geometry":{"type":"Point","coordinates":[-71.72768,-34.37537]},"properties":{"nombre":"PFV Lumira Solar","tecnologia":"Solar Fotovoltaico","estado":"En Construcción","potencia_mw":6.0,"medio":"PMGD","titular":"GR Luma SpA","region":"O'Higgins","comuna":"Marchihue"}},{"type":"Feature","geometry":{"type":"Point","coordinates":[-71.48172,-31.9421]},"properties":{"nombre":"Pichidangui","tecnologia":"Solar Fotovoltaico","estado":"En Construcción","potencia_mw":9.0,"medio":"PMG","titular":"Sungate Energía SpA","region":"Coquimbo","comuna":"Los Vilos"}},{"type":"Feature","geometry":{"type":"Point","coordinates":[-72.8626,-40.1302]},"properties":{"nombre":"Pichirropulli","tecnologia":"Solar Fotovoltaico","estado":"En Construcción","potencia_mw":6.0,"medio":"-","titular":"Energía Renovable Agata SpA","region":"Los Ríos","comuna":"Paillaco"}},{"type":"Feature","geometry":{"type":"Point","coordinates":[-71.13069,-34.81851]},"properties":{"nombre":"Planchón","tecnologia":"Solar Fotovoltaico","estado":"En Construcción","potencia_mw":75.0,"medio":"-","titular":"GR Rapanui SpA","region":"Maule","comuna":"Teno"}},{"type":"Feature","geometry":{"type":"Point","coordinates":[-71.38148,-35.13673]},"properties":{"nombre":"PMG Itahue","tecnologia":"Solar Fotovoltaico","estado":"En Construcción","potencia_mw":9.0,"medio":"PMG","titular":"PFV Itahue SpA","region":"Maule","comuna":"Molina"}},{"type":"Feature","geometry":{"type":"Point","coordinates":[-70.80205,-33.0999]},"properties":{"nombre":"Polpaico Solar","tecnologia":"Solar Fotovoltaico","estado":"En Construcción","potencia_mw":2.99,"medio":"-","titular":"Blue Solar Diecisiete SpA","region":"Metropolitana","comuna":"Tiltil"}},{"type":"Feature","geometry":{"type":"Point","coordinates":[-70.67952,-34.14781]},"properties":{"nombre":"PSF CE Machalí","tecnologia":"Solar Fotovoltaico","estado":"En Construcción","potencia_mw":9.0,"medio":"PMGD","titular":"Cox Machalí SpA","region":"O'Higgins","comuna":"Machalí"}},{"type":"Feature","geometry":{"type":"Point","coordinates":[-71.02874,-29.35051]},"properties":{"nombre":"Punta del Viento","tecnologia":"Solar Fotovoltaico","estado":"En Construcción","potencia_mw":145.0,"medio":"-","titular":"Energia Renovable Verano Tres SpA","region":"Coquimbo","comuna":"La Higuera"}},{"type":"Feature","geometry":{"type":"Point","coordinates":[-69.66495,-20.24416]},"properties":{"nombre":"Qanqiña","tecnologia":"Solar Fotovoltaico","estado":"En Construcción","potencia_mw":80.0,"medio":"-","titular":"Qanqiña SpA","region":"Tarapacá","comuna":"Pozo Almonte"}},{"type":"Feature","geometry":{"type":"Point","coordinates":[-70.70735,-32.93579]},"properties":{"nombre":"Quebrada del Sol","tecnologia":"Solar Fotovoltaico","estado":"En Construcción","potencia_mw":2.8,"medio":"PMGD","titular":"Quebrada El Sol SpA","region":"Valparaíso","comuna":"Rinconada"}},{"type":"Feature","geometry":{"type":"Point","coordinates":[-69.98665,-23.40915]},"properties":{"nombre":"Quebrada del Sol (Antofagasta)","tecnologia":"Solar Fotovoltaico","estado":"En Construcción","potencia_mw":7.6,"medio":"PMGD","titular":"Quebrada del Sol SpA","region":"Antofagasta","comuna":"Sierra Gorda"}},{"type":"Feature","geometry":{"type":"Point","coordinates":[-71.96406,-37.45941]},"properties":{"nombre":"Quilleco","tecnologia":"Solar Fotovoltaico","estado":"En Construcción","potencia_mw":2.7,"medio":"PMGD","titular":"Armando Solar SpA","region":"Biobío","comuna":"Quilleco"}},{"type":"Feature","geometry":{"type":"Point","coordinates":[-72.39656,-38.49133]},"properties":{"nombre":"Quillén I","tecnologia":"Solar Fotovoltaico","estado":"En Construcción","potencia_mw":2.8,"medio":"PMGD","titular":"Libertador Solar 10 SpA","region":"Araucanía","comuna":"Lautaro"}},{"type":"Feature","geometry":{"type":"Point","coordinates":[-71.4022,-35.75748]},"properties":{"nombre":"Rari","tecnologia":"Solar Fotovoltaico","estado":"En Construcción","potencia_mw":7.7,"medio":"PMGD","titular":"Solares de Santa Elena SpA","region":"Maule","comuna":"Colbún"}},{"type":"Feature","geometry":{"type":"Point","coordinates":[-71.57556,-33.63107]},"properties":{"nombre":"Rivazzurra Solar","tecnologia":"Solar Fotovoltaico","estado":"En Construcción","potencia_mw":9.0,"medio":"PMGD","titular":"Rivazzurra Solar SpA","region":"Valparaíso","comuna":"San Antonio"}},{"type":"Feature","geometry":{"type":"Point","coordinates":[-70.87811,-33.54533]},"properties":{"nombre":"Roque","tecnologia":"Solar Fotovoltaico","estado":"En Construcción","potencia_mw":9.0,"medio":"PMGD","titular":"Parque Solar Roque SpA","region":"Metropolitana","comuna":"Padre Hurtado"}},{"type":"Feature","geometry":{"type":"Point","coordinates":[-70.93947,-31.72824]},"properties":{"nombre":"Salamanca (Coquimbo)","tecnologia":"Solar Fotovoltaico","estado":"En Construcción","potencia_mw":2.9,"medio":"PMGD","titular":"Marte Solar SpA","region":"Coquimbo","comuna":"Salamanca"}},{"type":"Feature","geometry":{"type":"Point","coordinates":[-72.04146,-36.61147]},"properties":{"nombre":"San Bernardo","tecnologia":"Solar Fotovoltaico","estado":"En Construcción","potencia_mw":9.0,"medio":"PMG","titular":"Parque Solar Convento SpA","region":"Ñuble","comuna":"Chillán"}},{"type":"Feature","geometry":{"type":"Point","coordinates":[-70.19417,-27.35884]},"properties":{"nombre":"San Francisco","tecnologia":"Solar Fotovoltaico","estado":"En Construcción","potencia_mw":9.0,"medio":"PMGD","titular":"San Francisco SpA","region":"Atacama","comuna":"Copiapó"}},{"type":"Feature","geometry":{"type":"Point","coordinates":[-72.04692,-36.60455]},"properties":{"nombre":"San Juan","tecnologia":"Solar Fotovoltaico","estado":"En Construcción","potencia_mw":9.0,"medio":"PMGD","titular":"Planta Solar San Juan SpA","region":"Ñuble","comuna":"Chillán"}},{"type":"Feature","geometry":{"type":"Point","coordinates":[-70.25526,-18.47904]},"properties":{"nombre":"San Marcos","tecnologia":"Solar Fotovoltaico","estado":"En Construcción","potencia_mw":2.9,"medio":"PMGD","titular":"Solarpack Chile Limitada","region":"Arica y Parinacota","comuna":"Arica"}},{"type":"Feature","geometry":{"type":"Point","coordinates":[-71.60216,-35.54088]},"properties":{"nombre":"San Serapio","tecnologia":"Solar Fotovoltaico","estado":"En Construcción","potencia_mw":9.0,"medio":"PMGD","titular":"Sol del Sur 2 SpA","region":"Maule","comuna":"Maule"}},{"type":"Feature","geometry":{"type":"Point","coordinates":[-71.65435,-35.82816]},"properties":{"nombre":"San Yolando","tecnologia":"Solar Fotovoltaico","estado":"En Construcción","potencia_mw":9.0,"medio":"PMGD","titular":"Isidora Solar SpA","region":"Maule","comuna":"Linares"}},{"type":"Feature","geometry":{"type":"Point","coordinates":[-72.3801,-36.42922]},"properties":{"nombre":"Santa Bárbara","tecnologia":"Solar Fotovoltaico","estado":"En Construcción","potencia_mw":9.0,"medio":"PMG","titular":"Santa Barbara SpA","region":"Ñuble","comuna":"Ninhue"}},{"type":"Feature","geometry":{"type":"Point","coordinates":[-70.76942,-33.64305]},"properties":{"nombre":"Santa Isidora","tecnologia":"Solar Fotovoltaico","estado":"En Construcción","potencia_mw":9.0,"medio":"PMGD","titular":"Planta Solar Santa Isidora SpA.","region":"Metropolitana","comuna":"Calera de Tango"}},{"type":"Feature","geometry":{"type":"Point","coordinates":[-70.92954,-33.71496]},"properties":{"nombre":"Santa Marta","tecnologia":"Solar Fotovoltaico","estado":"En Construcción","potencia_mw":9.0,"medio":"PMGD","titular":"Santa Marta SpA","region":"Metropolitana","comuna":"Talagante"}},{"type":"Feature","geometry":{"type":"Point","coordinates":[-70.79495,-33.27369]},"properties":{"nombre":"SG Inés - Montaña","tecnologia":"Solar Fotovoltaico","estado":"En Construcción","potencia_mw":9.0,"medio":"PMGD","titular":"Parque Solar Montaña SpA","region":"Metropolitana","comuna":"Lampa"}},{"type":"Feature","geometry":{"type":"Point","coordinates":[-70.10492,-26.41469]},"properties":{"nombre":"Sierra Soleada (Modificación)","tecnologia":"Solar Fotovoltaico","estado":"En Construcción","potencia_mw":9.0,"medio":"PMGD","titular":"Inmobiliaria e Inversiones Los Coihues S.A.","region":"Atacama","comuna":"Diego de Almagro"}},{"type":"Feature","geometry":{"type":"Point","coordinates":[-71.58736,-33.40846]},"properties":{"nombre":"Sol de Valle Hermoso","tecnologia":"Solar Fotovoltaico","estado":"En Construcción","potencia_mw":9.0,"medio":"PMGD","titular":"Las Palmas FV SpA","region":"Valparaíso","comuna":"Casablanca"}},{"type":"Feature","geometry":{"type":"Point","coordinates":[-70.73983,-28.12758]},"properties":{"nombre":"Sol de Vallenar","tecnologia":"Solar Fotovoltaico","estado":"En Construcción","potencia_mw":100.0,"medio":"-","titular":"Sol de Vallenar SpA","region":"Atacama","comuna":"Vallenar"}},{"type":"Feature","geometry":{"type":"Point","coordinates":[-69.83831,-20.41722]},"properties":{"nombre":"Solferino","tecnologia":"Solar Fotovoltaico","estado":"En Construcción","potencia_mw":9.0,"medio":"PMGD","titular":"CVE Proyecto Cuarenta y Siete SpA","region":"Tarapacá","comuna":"Pozo Almonte"}},{"type":"Feature","geometry":{"type":"Point","coordinates":[-70.24817,-18.4373]},"properties":{"nombre":"Tacna","tecnologia":"Solar Fotovoltaico","estado":"En Construcción","potencia_mw":9.0,"medio":"PMGD","titular":"Parque Solar Panguilemo SpA","region":"Arica y Parinacota","comuna":"Arica"}},{"type":"Feature","geometry":{"type":"Point","coordinates":[-69.71607,-20.36772]},"properties":{"nombre":"Tarapacá","tecnologia":"Solar Fotovoltaico","estado":"En Construcción","potencia_mw":168.0,"medio":"-","titular":"Fotovoltaica Tarapacá SpA","region":"Tarapacá","comuna":"Pozo Almonte"}},{"type":"Feature","geometry":{"type":"Point","coordinates":[-71.16839,-34.98738]},"properties":{"nombre":"Tarwi","tecnologia":"Solar Fotovoltaico","estado":"En Construcción","potencia_mw":9.0,"medio":"PMGD","titular":"Tarwi SpA","region":"Maule","comuna":"Curicó"}},{"type":"Feature","geometry":{"type":"Point","coordinates":[-70.70218,-33.54869]},"properties":{"nombre":"Techos Solares Watts","tecnologia":"Solar Fotovoltaico","estado":"En Construcción","potencia_mw":0.9,"medio":"PMGD","titular":"Solarity SpA","region":"Metropolitana","comuna":"San Bernardo"}},{"type":"Feature","geometry":{"type":"Point","coordinates":[-71.8785,-36.26945]},"properties":{"nombre":"Tepú","tecnologia":"Solar Fotovoltaico","estado":"En Construcción","potencia_mw":6.0,"medio":"PMGD","titular":"Tepú SpA","region":"Ñuble","comuna":"Ñiquén"}},{"type":"Feature","geometry":{"type":"Point","coordinates":[-71.05303,-34.81029]},"properties":{"nombre":"Unifrutti Teno 1","tecnologia":"Solar Fotovoltaico","estado":"En Construcción","potencia_mw":0.9,"medio":"PMGD","titular":"Solarity SpA","region":"Maule","comuna":"Teno"}},{"type":"Feature","geometry":{"type":"Point","coordinates":[-70.907,-33.33298]},"properties":{"nombre":"Viñedos","tecnologia":"Solar Fotovoltaico","estado":"En Construcción","potencia_mw":6.0,"medio":"PMGD","titular":"Alto Cautín SpA","region":"Metropolitana","comuna":"Lampa"}},{"type":"Feature","geometry":{"type":"Point","coordinates":[-72.39604,-38.5]},"properties":{"nombre":"Violeta Solar","tecnologia":"Solar Fotovoltaico","estado":"En Construcción","potencia_mw":9.0,"medio":"PMGD","titular":"Libertador Solar 8 SpA","region":"Araucanía","comuna":"Lautaro"}},{"type":"Feature","geometry":{"type":"Point","coordinates":[-70.74038,-33.54325]},"properties":{"nombre":"Watt's Lonquén","tecnologia":"Solar Fotovoltaico","estado":"En Construcción","potencia_mw":0.9,"medio":"PMGD","titular":"Solarity SpA","region":"Metropolitana","comuna":"San Bernardo"}},{"type":"Feature","geometry":{"type":"Point","coordinates":[-71.63646,-34.41227]},"properties":{"nombre":"Yellowstone Etapa 1","tecnologia":"Solar Fotovoltaico","estado":"En Construcción","potencia_mw":3.5,"medio":"PMGD","titular":"GR Kewiña SpA","region":"O'Higgins","comuna":"Marchihue"}},{"type":"Feature","geometry":{"type":"Point","coordinates":[-71.63646,-34.41227]},"properties":{"nombre":"Yellowstone Etapa 2","tecnologia":"Solar Fotovoltaico","estado":"En Construcción","potencia_mw":3.5,"medio":"PMGD","titular":"GR Kewiña SpA","region":"O'Higgins","comuna":"Marchihue"}},{"type":"Feature","geometry":{"type":"Point","coordinates":[-70.21544,-23.47478]},"properties":{"nombre":"Zaturno","tecnologia":"Solar Fotovoltaico","estado":"En Construcción","potencia_mw":9.0,"medio":"PMGD","titular":"GR Morro Moreno SpA","region":"Antofagasta","comuna":"Antofagasta"}},{"type":"Feature","geometry":{"type":"Point","coordinates":[-70.98689,-29.97431]},"properties":{"nombre":"Zelble","tecnologia":"Solar Fotovoltaico","estado":"En Construcción","potencia_mw":3.0,"medio":"PMGD","titular":"Zelble SpA","region":"Coquimbo","comuna":"Vicuña"}},{"type":"Feature","geometry":{"type":"Point","coordinates":[-71.67429,-34.39972]},"properties":{"nombre":"Alcones","tecnologia":"Solar Fotovoltaico","estado":"En Pruebas","potencia_mw":90.0,"medio":"-","titular":"RA Solar SpA","region":"O'Higgins","comuna":"Marchihue"}},{"type":"Feature","geometry":{"type":"Point","coordinates":[-70.80975,-33.36047]},"properties":{"nombre":"Aguas Claras","tecnologia":"Solar Fotovoltaico","estado":"En Pruebas","potencia_mw":9.0,"medio":"PMGD","titular":"Planta Solar Aguas Claras SpA","region":"Metropolitana","comuna":"Pudahuel"}},{"type":"Feature","geometry":{"type":"Point","coordinates":[-70.05353,-20.1677]},"properties":{"nombre":"Andrómeda","tecnologia":"Solar Fotovoltaico","estado":"En Pruebas","potencia_mw":9.0,"medio":"PMGD","titular":"Andromeda Solar SpA","region":"Tarapacá","comuna":"Alto Hospicio"}},{"type":"Feature","geometry":{"type":"Point","coordinates":[-69.4526,-20.80145]},"properties":{"nombre":"Aurora Solar","tecnologia":"Solar Fotovoltaico","estado":"En Pruebas","potencia_mw":187.0,"medio":"-","titular":"Tamarugal Solar SpA.","region":"Tarapacá","comuna":"Pozo Almonte"}},{"type":"Feature","geometry":{"type":"Point","coordinates":[-71.54467,-35.58337]},"properties":{"nombre":"Cabimas","tecnologia":"Solar Fotovoltaico","estado":"En Pruebas","potencia_mw":9.0,"medio":"PMGD","titular":"Fotovoltaica Arrayán SpA.","region":"Maule","comuna":"San Clemente"}},{"type":"Feature","geometry":{"type":"Point","coordinates":[-71.48164,-31.93418]},"properties":{"nombre":"Caimanes","tecnologia":"Solar Fotovoltaico","estado":"En Pruebas","potencia_mw":9.0,"medio":"PMG","titular":"Generadora Caimanes SpA","region":"Coquimbo","comuna":"Los Vilos"}},{"type":"Feature","geometry":{"type":"Point","coordinates":[-71.30525,-33.97675]},"properties":{"nombre":"Caiti","tecnologia":"Solar Fotovoltaico","estado":"En Pruebas","potencia_mw":3.0,"medio":"PMGD","titular":"PFV Caiti SpA","region":"Metropolitana","comuna":"San Pedro de Melipilla"}},{"type":"Feature","geometry":{"type":"Point","coordinates":[-71.46049,-33.5627]},"properties":{"nombre":"Ceres","tecnologia":"Solar Fotovoltaico","estado":"En Pruebas","potencia_mw":9.0,"medio":"PMGD","titular":"CVE Proyecto Treinta y Cinco SpA","region":"Valparaíso","comuna":"Cartagena"}},{"type":"Feature","geometry":{"type":"Point","coordinates":[-71.69928,-37.11482]},"properties":{"nombre":"Ciprés","tecnologia":"Solar Fotovoltaico","estado":"En Pruebas","potencia_mw":9.0,"medio":"PMG","titular":"Empresa Eléctrica Ciprés SpA.","region":"Ñuble","comuna":"Yungay"}},{"type":"Feature","geometry":{"type":"Point","coordinates":[-71.02927,-32.41415]},"properties":{"nombre":"Don Renato","tecnologia":"Solar Fotovoltaico","estado":"En Pruebas","potencia_mw":2.9,"medio":"PMGD","titular":"Fotovoltaica Don Renato SpA","region":"Valparaíso","comuna":"Cabildo"}},{"type":"Feature","geometry":{"type":"Point","coordinates":[-72.10233,-36.55024]},"properties":{"nombre":"Elvira","tecnologia":"Solar Fotovoltaico","estado":"En Pruebas","potencia_mw":4.0,"medio":"PMGD","titular":"Tedlar Mercurio SpA","region":"Ñuble","comuna":"Chillán"}},{"type":"Feature","geometry":{"type":"Point","coordinates":[-70.76089,-33.59776]},"properties":{"nombre":"Ermita del Verano","tecnologia":"Solar Fotovoltaico","estado":"En Pruebas","potencia_mw":8.7,"medio":"PMGD","titular":"Olca SpA","region":"Metropolitana","comuna":"Calera de Tango"}},{"type":"Feature","geometry":{"type":"Point","coordinates":[-71.37757,-32.76073]},"properties":{"nombre":"Estancilla","tecnologia":"Solar Fotovoltaico","estado":"En Pruebas","potencia_mw":2.9,"medio":"PMGD","titular":"Fotovoltaica Estancilla SpA","region":"Valparaíso","comuna":"Puchuncaví"}},{"type":"Feature","geometry":{"type":"Point","coordinates":[-69.55957,-22.22881]},"properties":{"nombre":"Estepa Solar","tecnologia":"Solar Fotovoltaico","estado":"En Pruebas","potencia_mw":202.4,"medio":"-","titular":"Estepa Solar SpA","region":"Antofagasta","comuna":"María Elena"}},{"type":"Feature","geometry":{"type":"Point","coordinates":[-70.92337,-33.45999]},"properties":{"nombre":"Fénix (RM)","tecnologia":"Solar Fotovoltaico","estado":"En Pruebas","potencia_mw":9.0,"medio":"PMGD","titular":"Fenix SpA","region":"Metropolitana","comuna":"Pudahuel"}},{"type":"Feature","geometry":{"type":"Point","coordinates":[-70.60515,-33.82311]},"properties":{"nombre":"Gabardo del Verano (Ampliación)","tecnologia":"Solar Fotovoltaico","estado":"En Pruebas","potencia_mw":6.0,"medio":"PMGD","titular":"Salado Energy SpA","region":"Metropolitana","comuna":"Paine"}},{"type":"Feature","geometry":{"type":"Point","coordinates":[-68.74101,-23.31568]},"properties":{"nombre":"Gabriela 220 MW","tecnologia":"Solar Fotovoltaico","estado":"En Pruebas","potencia_mw":220.0,"medio":"-","titular":"GR Lenga SpA","region":"Antofagasta","comuna":"Sierra Gorda"}},{"type":"Feature","geometry":{"type":"Point","coordinates":[-71.92066,-37.13719]},"properties":{"nombre":"Guindo Santo","tecnologia":"Solar Fotovoltaico","estado":"En Pruebas","potencia_mw":9.0,"medio":"PMG","titular":"Empresa Eléctrica Guindo Santo SpA","region":"Ñuble","comuna":"Yungay"}},{"type":"Feature","geometry":{"type":"Point","coordinates":[-71.07255,-34.04126]},"properties":{"nombre":"La Brújula","tecnologia":"Solar Fotovoltaico","estado":"En Pruebas","potencia_mw":2.9,"medio":"PMGD","titular":"PS La Brújula SpA","region":"Metropolitana","comuna":"Alhué"}},{"type":"Feature","geometry":{"type":"Point","coordinates":[-71.18755,-32.7346]},"properties":{"nombre":"Las Penitas","tecnologia":"Solar Fotovoltaico","estado":"En Pruebas","potencia_mw":9.0,"medio":"PMGD","titular":"La Pena Solar SpA","region":"Valparaíso","comuna":"Nogales"}},{"type":"Feature","geometry":{"type":"Point","coordinates":[-68.95386,-22.85504]},"properties":{"nombre":"Las Salinas - Etapa 2","tecnologia":"Solar Fotovoltaico","estado":"En Pruebas","potencia_mw":34.8,"medio":"-","titular":"Enel Green Power Chile S.A.","region":"Antofagasta","comuna":"Sierra Gorda"}},{"type":"Feature","geometry":{"type":"Point","coordinates":[-68.95386,-22.85504]},"properties":{"nombre":"Las Salinas - Etapa 3","tecnologia":"Solar Fotovoltaico","estado":"En Pruebas","potencia_mw":122.8,"medio":"-","titular":"Enel Green Power Chile S.A.","region":"Antofagasta","comuna":"Sierra Gorda"}},{"type":"Feature","geometry":{"type":"Point","coordinates":[-70.89911,-33.54693]},"properties":{"nombre":"Las Violetas","tecnologia":"Solar Fotovoltaico","estado":"En Pruebas","potencia_mw":4.0,"medio":"PMGD","titular":"PSF Las Violetas SpA","region":"Metropolitana","comuna":"Padre Hurtado"}},{"type":"Feature","geometry":{"type":"Point","coordinates":[-72.39131,-37.66691]},"properties":{"nombre":"LGS Solar","tecnologia":"Solar Fotovoltaico","estado":"En Pruebas","potencia_mw":3.0,"medio":"PMGD","titular":"Solar Las Golondrinas SpA","region":"Biobío","comuna":"Mulchén"}},{"type":"Feature","geometry":{"type":"Point","coordinates":[-70.69007,-33.06676]},"properties":{"nombre":"Libélula","tecnologia":"Solar Fotovoltaico","estado":"En Pruebas","potencia_mw":139.7,"medio":"-","titular":"Engie Energía Chile S.A.","region":"Metropolitana","comuna":"Colina"}},{"type":"Feature","geometry":{"type":"Point","coordinates":[-71.42926,-33.89904]},"properties":{"nombre":"Llancay","tecnologia":"Solar Fotovoltaico","estado":"En Pruebas","potencia_mw":9.0,"medio":"PMG","titular":"Solar TI Treinta y Cuatro SpA","region":"Metropolitana","comuna":"San Pedro de Melipilla"}},{"type":"Feature","geometry":{"type":"Point","coordinates":[-70.54134,-33.67932]},"properties":{"nombre":"Los Maitenes","tecnologia":"Solar Fotovoltaico","estado":"En Pruebas","potencia_mw":5.5,"medio":"PMGD","titular":"PSF Los Maitenes SpA","region":"Metropolitana","comuna":"Pirque"}},{"type":"Feature","geometry":{"type":"Point","coordinates":[-70.65651,-33.64762]},"properties":{"nombre":"Los Morros I (Ampliación)","tecnologia":"Solar Fotovoltaico","estado":"En Pruebas","potencia_mw":1.7,"medio":"PMGD","titular":"Compañía Eléctrica los Morros S.A.","region":"Metropolitana","comuna":"San Bernardo"}},{"type":"Feature","geometry":{"type":"Point","coordinates":[-70.69119,-34.13774]},"properties":{"nombre":"Los Quilos","tecnologia":"Solar Fotovoltaico","estado":"En Pruebas","potencia_mw":9.0,"medio":"-","titular":"PSF Los Quilos SpA","region":"O'Higgins","comuna":"Rancagua"}},{"type":"Feature","geometry":{"type":"Point","coordinates":[-70.73457,-32.78571]},"properties":{"nombre":"Mauco II","tecnologia":"Solar Fotovoltaico","estado":"En Pruebas","potencia_mw":3.0,"medio":"PMGD","titular":"PMGD Mauco SpA","region":"Valparaíso","comuna":"San Felipe"}},{"type":"Feature","geometry":{"type":"Point","coordinates":[-70.40752,-27.35629]},"properties":{"nombre":"Mirador","tecnologia":"Solar Fotovoltaico","estado":"En Pruebas","potencia_mw":6.0,"medio":"PMG","titular":"GR Conguillio SpA","region":"Atacama","comuna":"Copiapó"}},{"type":"Feature","geometry":{"type":"Point","coordinates":[-71.67984,-37.12621]},"properties":{"nombre":"Peumo","tecnologia":"Solar Fotovoltaico","estado":"En Pruebas","potencia_mw":9.0,"medio":"PMG","titular":"Empresa Eléctrica Peumo SpA","region":"Ñuble","comuna":"Yungay"}},{"type":"Feature","geometry":{"type":"Point","coordinates":[-71.36538,-32.91104]},"properties":{"nombre":"Porota Solar","tecnologia":"Solar Fotovoltaico","estado":"En Pruebas","potencia_mw":6.0,"medio":"PMGD","titular":"Porota Solar SpA","region":"Valparaíso","comuna":"Quillota"}},{"type":"Feature","geometry":{"type":"Point","coordinates":[-70.57719,-33.37703]},"properties":{"nombre":"PV UTFSM Vitacura","tecnologia":"Solar Fotovoltaico","estado":"En Pruebas","potencia_mw":0.1,"medio":"-","titular":"MGM Innova Capital Chile SpA","region":"Metropolitana","comuna":"Vitacura"}},{"type":"Feature","geometry":{"type":"Point","coordinates":[-71.19634,-34.46892]},"properties":{"nombre":"PVP La Rosa (Ampliación)","tecnologia":"Solar Fotovoltaico","estado":"En Pruebas","potencia_mw":0.7,"medio":"PMGD","titular":"Parque Solar La Rosa II SpA","region":"O'Higgins","comuna":"San Vicente de Tagua Tagua"}},{"type":"Feature","geometry":{"type":"Point","coordinates":[-71.7432,-37.11274]},"properties":{"nombre":"Raulí (Ñuble)","tecnologia":"Solar Fotovoltaico","estado":"En Pruebas","potencia_mw":9.0,"medio":"PMG","titular":"Empresa Eléctrica Raulí SpA.","region":"Ñuble","comuna":"Yungay"}},{"type":"Feature","geometry":{"type":"Point","coordinates":[-70.83313,-34.16844]},"properties":{"nombre":"San Ramón (O'Higgins)","tecnologia":"Solar Fotovoltaico","estado":"En Pruebas","potencia_mw":9.0,"medio":"PMGD","titular":"PSF San Ramon SpA","region":"O'Higgins","comuna":"Cachapoal"}},{"type":"Feature","geometry":{"type":"Point","coordinates":[-70.83182,-34.14085]},"properties":{"nombre":"Santa Elena","tecnologia":"Solar Fotovoltaico","estado":"En Pruebas","potencia_mw":9.0,"medio":"PMGD","titular":"Fotovoltaica Faro III SpA","region":"O'Higgins","comuna":"Rancagua"}},{"type":"Feature","geometry":{"type":"Point","coordinates":[-72.77373,-37.91933]},"properties":{"nombre":"Santa Eugenia","tecnologia":"Solar Fotovoltaico","estado":"En Pruebas","potencia_mw":2.9,"medio":"PMGD","titular":"Santa Eugenia SpA","region":"Araucanía","comuna":"Nueva Imperial"}},{"type":"Feature","geometry":{"type":"Point","coordinates":[-70.45569,-27.31681]},"properties":{"nombre":"Travesía","tecnologia":"Solar Fotovoltaico","estado":"En Pruebas","potencia_mw":9.0,"medio":"PMG","titular":"GR Nahuelbuta SpA","region":"Atacama","comuna":"Copiapó"}},{"type":"Feature","geometry":{"type":"Point","coordinates":[-71.62821,-34.36355]},"properties":{"nombre":"Waraira","tecnologia":"Solar Fotovoltaico","estado":"En Pruebas","potencia_mw":2.8,"medio":"PMGD","titular":"Waraira SpA","region":"O'Higgins","comuna":"Marchihue"}},{"type":"Feature","geometry":{"type":"Point","coordinates":[-71.07503,-34.02628]},"properties":{"nombre":"AHE Buenas Yerbas","tecnologia":"Solar Fotovoltaico","estado":"En Operación","potencia_mw":9.0,"medio":"PMGD","titular":"SEFT Energías Renovables SpA","region":"Metropolitana","comuna":"Alhué"}},{"type":"Feature","geometry":{"type":"Point","coordinates":[-70.71869,-34.10378]},"properties":{"nombre":"Alameda","tecnologia":"Solar Fotovoltaico","estado":"En Operación","potencia_mw":9.0,"medio":"PMGD","titular":"Sao Paulo Solar SpA","region":"O'Higgins","comuna":"Graneros"}},{"type":"Feature","geometry":{"type":"Point","coordinates":[-71.29984,-34.98277]},"properties":{"nombre":"Albatros","tecnologia":"Solar Fotovoltaico","estado":"En Operación","potencia_mw":1.248,"medio":"PMGD","titular":"PFV Albatros SpA","region":"Maule","comuna":"Curicó"}},{"type":"Feature","geometry":{"type":"Point","coordinates":[-72.20969,-37.59519]},"properties":{"nombre":"Albor Solar","tecnologia":"Solar Fotovoltaico","estado":"En Operación","potencia_mw":5.2,"medio":"PMGD","titular":"Parque Solar Albor SpA","region":"Biobío","comuna":"Los Ángeles"}},{"type":"Feature","geometry":{"type":"Point","coordinates":[-72.55147,-36.24369]},"properties":{"nombre":"Alcaldesa","tecnologia":"Solar Fotovoltaico","estado":"En Operación","potencia_mw":6.0,"medio":"PMGD","titular":"Parque Solar Alcaldesa SpA","region":"Ñuble","comuna":"Quirihue"}},{"type":"Feature","geometry":{"type":"Point","coordinates":[-72.36387,-37.44652]},"properties":{"nombre":"Alcázar","tecnologia":"Solar Fotovoltaico","estado":"En Operación","potencia_mw":9.0,"medio":"PMGD","titular":"Juan Solar SpA","region":"Biobío","comuna":"Los Ángeles"}},{"type":"Feature","geometry":{"type":"Point","coordinates":[-70.96074,-34.58145]},"properties":{"nombre":"Aldebarán","tecnologia":"Solar Fotovoltaico","estado":"En Operación","potencia_mw":6.0,"medio":"PMGD","titular":"Solar TI Treinta y Siete SpA","region":"O'Higgins","comuna":"San Fernando"}},{"type":"Feature","geometry":{"type":"Point","coordinates":[-71.11319,-34.96523]},"properties":{"nombre":"Algarrobo","tecnologia":"Solar Fotovoltaico","estado":"En Operación","potencia_mw":3.0,"medio":"PMGD","titular":"Algarrobo SpA","region":"Maule","comuna":"Romeral"}},{"type":"Feature","geometry":{"type":"Point","coordinates":[-70.26655,-27.55762]},"properties":{"nombre":"Alianza","tecnologia":"Solar Fotovoltaico","estado":"En Operación","potencia_mw":9.0,"medio":"PMGD","titular":"Parque Solar Alianza SpA","region":"Atacama","comuna":"Tierra Amarilla"}},{"type":"Feature","geometry":{"type":"Point","coordinates":[-70.89896,-32.4171]},"properties":{"nombre":"Alicahue","tecnologia":"Solar Fotovoltaico","estado":"En Operación","potencia_mw":2.998,"medio":"PMGD","titular":"Parque Fotovoltaico Alicahue Solar SpA","region":"Valparaíso","comuna":"Cabildo"}},{"type":"Feature","geometry":{"type":"Point","coordinates":[-70.09724,-26.1898]},"properties":{"nombre":"Almeyda","tecnologia":"Solar Fotovoltaico","estado":"En Operación","potencia_mw":56.0,"medio":"-","titular":"Almeyda SpA","region":"Atacama","comuna":"Chañaral"}},{"type":"Feature","geometry":{"type":"Point","coordinates":[-70.75314,-34.31302]},"properties":{"nombre":"Alto Bellavista Sunlight","tecnologia":"Solar Fotovoltaico","estado":"En Operación","potencia_mw":7.9,"medio":"PMGD","titular":"Alto Bellavista SpA","region":"O'Higgins","comuna":"Requínoa"}},{"type":"Feature","geometry":{"type":"Point","coordinates":[-71.60217,-33.89994]},"properties":{"nombre":"Alto Solar","tecnologia":"Solar Fotovoltaico","estado":"En Operación","potencia_mw":2.956,"medio":"PMGD","titular":"Altos de La Manga Energy SpA","region":"Metropolitana","comuna":"San Pedro de Melipilla"}},{"type":"Feature","geometry":{"type":"Point","coordinates":[-70.88875,-33.09695]},"properties":{"nombre":"Altos de Til Til","tecnologia":"Solar Fotovoltaico","estado":"En Operación","potencia_mw":1.7,"medio":"PMGD","titular":"Eléctrica Altos de Til Til SpA","region":"Metropolitana","comuna":"Tiltil"}},{"type":"Feature","geometry":{"type":"Point","coordinates":[-71.05396,-33.65247]},"properties":{"nombre":"Altos del Paico","tecnologia":"Solar Fotovoltaico","estado":"En Operación","potencia_mw":2.05,"medio":"PMGD","titular":"Sun Energreen SA","region":"Metropolitana","comuna":"El Monte"}},{"type":"Feature","geometry":{"type":"Point","coordinates":[-71.2397,-30.55262]},"properties":{"nombre":"Alturas de Ovalle","tecnologia":"Solar Fotovoltaico","estado":"En Operación","potencia_mw":6.0,"medio":"PMGD","titular":"GR Huingán SpA","region":"Coquimbo","comuna":"Ovalle"}},{"type":"Feature","geometry":{"type":"Point","coordinates":[-69.26972,-22.89373]},"properties":{"nombre":"Amanecer","tecnologia":"Solar Fotovoltaico","estado":"En Operación","potencia_mw":7.0,"medio":"PMGD","titular":"Amanecer Solar SpA","region":"Antofagasta","comuna":"Sierra Gorda"}},{"type":"Feature","geometry":{"type":"Point","coordinates":[-71.32852,-30.6122]},"properties":{"nombre":"Amparo del Sol","tecnologia":"Solar Fotovoltaico","estado":"En Operación","potencia_mw":2.955,"medio":"PMGD","titular":"Sonnedix Parque Solar Amparo del Sol SpA","region":"Coquimbo","comuna":"Ovalle"}},{"type":"Feature","geometry":{"type":"Point","coordinates":[-71.14739,-30.62301]},"properties":{"nombre":"Anakena","tecnologia":"Solar Fotovoltaico","estado":"En Operación","potencia_mw":9.0,"medio":"PMGD","titular":"Anakena SpA","region":"Coquimbo","comuna":"Ovalle"}},{"type":"Feature","geometry":{"type":"Point","coordinates":[-72.50439,-39.32771]},"properties":{"nombre":"Ancahual Solar","tecnologia":"Solar Fotovoltaico","estado":"En Operación","potencia_mw":9.0,"medio":"PMGD","titular":"Canelillo Solar SpA","region":"Araucanía","comuna":"Loncoche"}},{"type":"Feature","geometry":{"type":"Point","coordinates":[-68.57366,-23.9976]},"properties":{"nombre":"Andes II B","tecnologia":"Solar Fotovoltaico","estado":"En Operación","potencia_mw":129.729,"medio":"-","titular":"Andes Solar II SpA","region":"Antofagasta","comuna":"Antofagasta"}},{"type":"Feature","geometry":{"type":"Point","coordinates":[-68.55839,-23.99978]},"properties":{"nombre":"Andes III - Etapa I","tecnologia":"Solar Fotovoltaico","estado":"En Operación","potencia_mw":153.226,"medio":"-","titular":"Andes Solar SpA","region":"Antofagasta","comuna":"Antofagasta"}},{"type":"Feature","geometry":{"type":"Point","coordinates":[-68.56965,-24.01988]},"properties":{"nombre":"Andes IV","tecnologia":"Solar Fotovoltaico","estado":"En Operación","potencia_mw":129.722,"medio":"-","titular":"Andes Solar IV SpA","region":"Antofagasta","comuna":"Antofagasta"}},{"type":"Feature","geometry":{"type":"Point","coordinates":[-68.58491,-24.00855]},"properties":{"nombre":"Andes Solar","tecnologia":"Solar Fotovoltaico","estado":"En Operación","potencia_mw":21.425,"medio":"-","titular":"AES Andes","region":"Antofagasta","comuna":"Antofagasta"}},{"type":"Feature","geometry":{"type":"Point","coordinates":[-68.57539,-24.00661]},"properties":{"nombre":"Andes Solar II","tecnologia":"Solar Fotovoltaico","estado":"En Operación","potencia_mw":86.32,"medio":"-","titular":"Andes Solar II SpA","region":"Antofagasta","comuna":"Antofagasta"}},{"type":"Feature","geometry":{"type":"Point","coordinates":[-68.58573,-23.99785]},"properties":{"nombre":"Andes Solar II B (Ampliación)","tecnologia":"Solar Fotovoltaico","estado":"En Operación","potencia_mw":27.3,"medio":"-","titular":"Andes Solar II SpA","region":"Antofagasta","comuna":"Antofagasta"}},{"type":"Feature","geometry":{"type":"Point","coordinates":[-72.67194,-37.82943]},"properties":{"nombre":"Angol Solar I","tecnologia":"Solar Fotovoltaico","estado":"En Operación","potencia_mw":2.9,"medio":"PMGD","titular":"Angol Solar I SpA","region":"Araucanía","comuna":"Angol"}},{"type":"Feature","geometry":{"type":"Point","coordinates":[-70.38049,-27.49428]},"properties":{"nombre":"Antay","tecnologia":"Solar Fotovoltaico","estado":"En Operación","potencia_mw":9.0,"medio":"PMG","titular":"Generadora del Pacífico SpA","region":"Atacama","comuna":"Copiapó"}},{"type":"Feature","geometry":{"type":"Point","coordinates":[-70.95537,-34.39544]},"properties":{"nombre":"Antonia Solar (O'Higgins)","tecnologia":"Solar Fotovoltaico","estado":"En Operación","potencia_mw":2.982,"medio":"PMGD","titular":"Fotovoltaica Delta SpA","region":"O'Higgins","comuna":"Rengo"}},{"type":"Feature","geometry":{"type":"Point","coordinates":[-70.77404,-32.7511]},"properties":{"nombre":"Añuñuca del Verano","tecnologia":"Solar Fotovoltaico","estado":"En Operación","potencia_mw":3.0,"medio":"PMGD","titular":"Pacana del Verano SpA","region":"Valparaíso","comuna":"Panquehue"}},{"type":"Feature","geometry":{"type":"Point","coordinates":[-71.00594,-34.35696]},"properties":{"nombre":"Argomedo","tecnologia":"Solar Fotovoltaico","estado":"En Operación","potencia_mw":7.97,"medio":"PMGD","titular":"GR Guindo SpA","region":"O'Higgins","comuna":"Quinta de Tilcoco"}},{"type":"Feature","geometry":{"type":"Point","coordinates":[-70.25338,-18.3505]},"properties":{"nombre":"Arica","tecnologia":"Solar Fotovoltaico","estado":"En Operación","potencia_mw":9.0,"medio":"PMGD","titular":"Chapiquina Solar SpA","region":"Arica y Parinacota","comuna":"Arica"}},{"type":"Feature","geometry":{"type":"Point","coordinates":[-71.27278,-32.31842]},"properties":{"nombre":"Ariztía","tecnologia":"Solar Fotovoltaico","estado":"En Operación","potencia_mw":2.996,"medio":"PMGD","titular":"Fotovoltaica Ariztía Spa","region":"Valparaíso","comuna":"La Ligua"}},{"type":"Feature","geometry":{"type":"Point","coordinates":[-70.29738,-24.63841]},"properties":{"nombre":"Armazones","tecnologia":"Solar Fotovoltaico","estado":"En Operación","potencia_mw":5.0,"medio":"PMGD","titular":"Sagesa S.A.","region":"Antofagasta","comuna":"Taltal"}},{"type":"Feature","geometry":{"type":"Point","coordinates":[-70.87358,-34.21014]},"properties":{"nombre":"Aromo del Verano","tecnologia":"Solar Fotovoltaico","estado":"En Operación","potencia_mw":3.0,"medio":"PMGD","titular":"Miscanti de Verano SpA","region":"O'Higgins","comuna":"Doñihue"}},{"type":"Feature","geometry":{"type":"Point","coordinates":[-70.67829,-33.98249]},"properties":{"nombre":"Artemisa","tecnologia":"Solar Fotovoltaico","estado":"En Operación","potencia_mw":3.0,"medio":"PMGD","titular":"CVE Proyecto Treinta y Tres SpA","region":"O'Higgins","comuna":"Mostazal"}},{"type":"Feature","geometry":{"type":"Point","coordinates":[-70.88869,-28.55909]},"properties":{"nombre":"Astillas","tecnologia":"Solar Fotovoltaico","estado":"En Operación","potencia_mw":9.0,"medio":"PMGD","titular":"GR Carza SpA","region":"Atacama","comuna":"Vallenar"}},{"type":"Feature","geometry":{"type":"Point","coordinates":[-69.46669,-20.5116]},"properties":{"nombre":"Atacama Solar II","tecnologia":"Solar Fotovoltaico","estado":"En Operación","potencia_mw":149.98,"medio":"-","titular":"Atacama Solar S.A.","region":"Tarapacá","comuna":"Pica"}},{"type":"Feature","geometry":{"type":"Point","coordinates":[-72.33548,-37.40176]},"properties":{"nombre":"Avel Solar (Modificación)","tecnologia":"Solar Fotovoltaico","estado":"En Operación","potencia_mw":9.0,"medio":"PMGD","titular":"Santa Laura Energy SpA","region":"Biobío","comuna":"Los Ángeles"}},{"type":"Feature","geometry":{"type":"Point","coordinates":[-71.47264,-33.92677]},"properties":{"nombre":"Avilés","tecnologia":"Solar Fotovoltaico","estado":"En Operación","potencia_mw":8.3,"medio":"PMGD","titular":"Avilés SpA","region":"Metropolitana","comuna":"San Pedro de Melipilla"}},{"type":"Feature","geometry":{"type":"Point","coordinates":[-71.21827,-30.14797]},"properties":{"nombre":"Axel Solar","tecnologia":"Solar Fotovoltaico","estado":"En Operación","potencia_mw":2.7,"medio":"PMGD","titular":"Quebrada del Sol SpA","region":"Coquimbo","comuna":"Coquimbo"}},{"type":"Feature","geometry":{"type":"Point","coordinates":[-70.74591,-34.12495]},"properties":{"nombre":"Ayla Solar","tecnologia":"Solar Fotovoltaico","estado":"En Operación","potencia_mw":9.0,"medio":"PMGD","titular":"PFV Ayla Solar SpA","region":"O'Higgins","comuna":"Rancagua"}},{"type":"Feature","geometry":{"type":"Point","coordinates":[-68.82126,-22.48559]},"properties":{"nombre":"Azabache","tecnologia":"Solar Fotovoltaico","estado":"En Operación","potencia_mw":58.07,"medio":"-","titular":"Enel Generación Chile S.A.","region":"Antofagasta","comuna":"Calama"}},{"type":"Feature","geometry":{"type":"Point","coordinates":[-71.63538,-36.01409]},"properties":{"nombre":"Ballota","tecnologia":"Solar Fotovoltaico","estado":"En Operación","potencia_mw":6.0,"medio":"PMGD","titular":"Manzanares Energía SpA","region":"Maule","comuna":"Longaví"}},{"type":"Feature","geometry":{"type":"Point","coordinates":[-71.16225,-34.96467]},"properties":{"nombre":"Barcelona","tecnologia":"Solar Fotovoltaico","estado":"En Operación","potencia_mw":9.0,"medio":"PMGD","titular":"Belen Solar SpA","region":"Maule","comuna":"Curicó"}},{"type":"Feature","geometry":{"type":"Point","coordinates":[-70.81463,-33.34326]},"properties":{"nombre":"Belén","tecnologia":"Solar Fotovoltaico","estado":"En Operación","potencia_mw":6.0,"medio":"PMGD","titular":"GR Villarrica SpA","region":"Metropolitana","comuna":"Lampa"}},{"type":"Feature","geometry":{"type":"Point","coordinates":[-70.81155,-33.1203]},"properties":{"nombre":"Belenos Til Til","tecnologia":"Solar Fotovoltaico","estado":"En Operación","potencia_mw":9.0,"medio":"PMGD","titular":"Parsosy Belenos SpA","region":"Metropolitana","comuna":"Tiltil"}},{"type":"Feature","geometry":{"type":"Point","coordinates":[-71.22094,-31.66627]},"properties":{"nombre":"Bellavista","tecnologia":"Solar Fotovoltaico","estado":"En Operación","potencia_mw":2.97,"medio":"PMGD","titular":"Parque Solar Bellavista SpA","region":"Coquimbo","comuna":"Illapel"}},{"type":"Feature","geometry":{"type":"Point","coordinates":[-69.69208,-20.79707]},"properties":{"nombre":"Bellavista 1","tecnologia":"Solar Fotovoltaico","estado":"En Operación","potencia_mw":8.991,"medio":"PMGD","titular":"Tamarugal Solar 1 S.A.","region":"Tarapacá","comuna":"Pozo Almonte"}},{"type":"Feature","geometry":{"type":"Point","coordinates":[-71.17751,-34.976]},"properties":{"nombre":"Belloto B XXVII","tecnologia":"Solar Fotovoltaico","estado":"En Operación","potencia_mw":3.0,"medio":"PMGD","titular":"Belloto SpA","region":"Maule","comuna":"Curicó"}},{"type":"Feature","geometry":{"type":"Point","coordinates":[-71.12336,-34.84527]},"properties":{"nombre":"Bérgamo","tecnologia":"Solar Fotovoltaico","estado":"En Operación","potencia_mw":3.8,"medio":"PMGD","titular":"GPG Generación Distribuida SpA","region":"Maule","comuna":"Teno"}},{"type":"Feature","geometry":{"type":"Point","coordinates":[-72.14391,-36.67079]},"properties":{"nombre":"Berrueco","tecnologia":"Solar Fotovoltaico","estado":"En Operación","potencia_mw":8.98,"medio":"PMGD","titular":"Berrueco Energía SpA","region":"Ñuble","comuna":"Chillán Viejo"}},{"type":"Feature","geometry":{"type":"Point","coordinates":[-71.84843,-36.14043]},"properties":{"nombre":"Bicentenario","tecnologia":"Solar Fotovoltaico","estado":"En Operación","potencia_mw":2.8,"medio":"PMGD","titular":"Fotovoltaica Solar Laurel SpA","region":"Maule","comuna":"Parral"}},{"type":"Feature","geometry":{"type":"Point","coordinates":[-72.01089,-36.65876]},"properties":{"nombre":"Blu Solar","tecnologia":"Solar Fotovoltaico","estado":"En Operación","potencia_mw":2.3,"medio":"PMGD","titular":"Blu Solar SpA","region":"Ñuble","comuna":"Chillán"}},{"type":"Feature","geometry":{"type":"Point","coordinates":[-72.37,-35.95708]},"properties":{"nombre":"Boix","tecnologia":"Solar Fotovoltaico","estado":"En Operación","potencia_mw":3.0,"medio":"PMGD","titular":"Enel Green Power Chile S.A.","region":"Maule","comuna":"Cauquenes"}},{"type":"Feature","geometry":{"type":"Point","coordinates":[-72.20027,-36.82311]},"properties":{"nombre":"Bulnes Los Barones","tecnologia":"Solar Fotovoltaico","estado":"En Operación","potencia_mw":2.9,"medio":"PMGD","titular":"Mercurio Solar SpA","region":"Ñuble","comuna":"Bulnes"}},{"type":"Feature","geometry":{"type":"Point","coordinates":[-72.26014,-36.73334]},"properties":{"nombre":"Bulnes Solar","tecnologia":"Solar Fotovoltaico","estado":"En Operación","potencia_mw":9.0,"medio":"PMGD","titular":"Bulnes Solar SpA","region":"Ñuble","comuna":"Bulnes"}},{"type":"Feature","geometry":{"type":"Point","coordinates":[-71.10054,-32.45176]},"properties":{"nombre":"Cabildo Sunlight","tecnologia":"Solar Fotovoltaico","estado":"En Operación","potencia_mw":9.0,"medio":"PMGD","titular":"Cabildo Sunlight SpA","region":"Valparaíso","comuna":"Cabildo"}},{"type":"Feature","geometry":{"type":"Point","coordinates":[-71.10318,-32.46645]},"properties":{"nombre":"Cabilsol","tecnologia":"Solar Fotovoltaico","estado":"En Operación","potencia_mw":3.0,"medio":"PMGD","titular":"GR Guayacán SpA","region":"Valparaíso","comuna":"Cabildo"}},{"type":"Feature","geometry":{"type":"Point","coordinates":[-72.41856,-37.04003]},"properties":{"nombre":"Cabrero Solar","tecnologia":"Solar Fotovoltaico","estado":"En Operación","potencia_mw":9.0,"medio":"PMGD","titular":"Cabrero Solar SpA","region":"Biobío","comuna":"Cabrero"}},{"type":"Feature","geometry":{"type":"Point","coordinates":[-70.21745,-27.84078]},"properties":{"nombre":"Cachiyuyo Solar II","tecnologia":"Solar Fotovoltaico","estado":"En Operación","potencia_mw":8.992,"medio":"PMGD","titular":"Nuovosol SpA","region":"Atacama","comuna":"Tierra Amarilla"}},{"type":"Feature","geometry":{"type":"Point","coordinates":[-71.41303,-33.30235]},"properties":{"nombre":"Caimi","tecnologia":"Solar Fotovoltaico","estado":"En Operación","potencia_mw":0.194,"medio":"PMGD","titular":"Solcor SpA","region":"Valparaíso","comuna":"Casablanca"}},{"type":"Feature","geometry":{"type":"Point","coordinates":[-68.87014,-22.44422]},"properties":{"nombre":"Calama Solar","tecnologia":"Solar Fotovoltaico","estado":"En Operación","potencia_mw":9.0,"medio":"PMGD","titular":"Calama Solar 1 SpA","region":"Antofagasta","comuna":"Calama"}},{"type":"Feature","geometry":{"type":"Point","coordinates":[-70.73148,-27.09118]},"properties":{"nombre":"Caldera","tecnologia":"Solar Fotovoltaico","estado":"En Operación","potencia_mw":7.8,"medio":"PMGD","titular":"Caldera Solar SpA","region":"Atacama","comuna":"Caldera"}},{"type":"Feature","geometry":{"type":"Point","coordinates":[-70.94793,-32.85263]},"properties":{"nombre":"Caleu","tecnologia":"Solar Fotovoltaico","estado":"En Operación","potencia_mw":8.965,"medio":"PMGD","titular":"GR Piñol SpA","region":"Valparaíso","comuna":"Llaillay"}},{"type":"Feature","geometry":{"type":"Point","coordinates":[-70.61154,-32.88315]},"properties":{"nombre":"Calle Larga","tecnologia":"Solar Fotovoltaico","estado":"En Operación","potencia_mw":2.97,"medio":"PMGD","titular":"PMGD Calle Larga SpA","region":"Valparaíso","comuna":"Calle Larga"}},{"type":"Feature","geometry":{"type":"Point","coordinates":[-69.90785,-27.06459]},"properties":{"nombre":"Campos del Sol","tecnologia":"Solar Fotovoltaico","estado":"En Operación","potencia_mw":363.796,"medio":"-","titular":"Enel Green Power Chile S.A.","region":"Atacama","comuna":"Copiapó"}},{"type":"Feature","geometry":{"type":"Point","coordinates":[-70.62854,-34.01956]},"properties":{"nombre":"Candelaria Solar","tecnologia":"Solar Fotovoltaico","estado":"En Operación","potencia_mw":2.75,"medio":"PMGD","titular":"Candelaria Solar SpA","region":"O'Higgins","comuna":"Mostazal"}},{"type":"Feature","geometry":{"type":"Point","coordinates":[-71.2689,-31.70195]},"properties":{"nombre":"Canelillo","tecnologia":"Solar Fotovoltaico","estado":"En Operación","potencia_mw":2.779,"medio":"PMGD","titular":"Agro Solar V SpA","region":"Coquimbo","comuna":"Illapel"}},{"type":"Feature","geometry":{"type":"Point","coordinates":[-71.12923,-31.72044]},"properties":{"nombre":"Canesa Solar","tecnologia":"Solar Fotovoltaico","estado":"En Operación","potencia_mw":2.966,"medio":"PMGD","titular":"Angela Solar SpA","region":"Coquimbo","comuna":"Illapel"}},{"type":"Feature","geometry":{"type":"Point","coordinates":[-72.41028,-37.44957]},"properties":{"nombre":"Canquén","tecnologia":"Solar Fotovoltaico","estado":"En Operación","potencia_mw":3.0,"medio":"PMGD","titular":"Canquen SpA","region":"Biobío","comuna":"Los Ángeles"}},{"type":"Feature","geometry":{"type":"Point","coordinates":[-71.51794,-33.90337]},"properties":{"nombre":"Cantera","tecnologia":"Solar Fotovoltaico","estado":"En Operación","potencia_mw":2.9,"medio":"PMGD","titular":"GPG Generación Distribuida SPA","region":"Metropolitana","comuna":"San Pedro de Melipilla"}},{"type":"Feature","geometry":{"type":"Point","coordinates":[-70.82499,-33.83393]},"properties":{"nombre":"Cantillana","tecnologia":"Solar Fotovoltaico","estado":"En Operación","potencia_mw":9.0,"medio":"PMGD","titular":"Parque Solar Cantillana SpA","region":"Metropolitana","comuna":"Paine"}},{"type":"Feature","geometry":{"type":"Point","coordinates":[-71.17884,-32.76225]},"properties":{"nombre":"Cañones Sunlight","tecnologia":"Solar Fotovoltaico","estado":"En Operación","potencia_mw":9.0,"medio":"PMGD","titular":"Los Cañones Sunlight SpA","region":"Valparaíso","comuna":"Nogales"}},{"type":"Feature","geometry":{"type":"Point","coordinates":[-70.17839,-23.41662]},"properties":{"nombre":"Capricornio","tecnologia":"Solar Fotovoltaico","estado":"En Operación","potencia_mw":88.617,"medio":"-","titular":"Engie Energía Chile S.A.","region":"Antofagasta","comuna":"Antofagasta"}},{"type":"Feature","geometry":{"type":"Point","coordinates":[-71.00993,-34.27594]},"properties":{"nombre":"Cara de Gallo","tecnologia":"Solar Fotovoltaico","estado":"En Operación","potencia_mw":2.7,"medio":"PMGD","titular":"Parque Fotovoltaico El Loreto SpA","region":"O'Higgins","comuna":"Coltauco"}},{"type":"Feature","geometry":{"type":"Point","coordinates":[-71.43436,-31.8785]},"properties":{"nombre":"Caracas II","tecnologia":"Solar Fotovoltaico","estado":"En Operación","potencia_mw":9.069,"medio":"PMG","titular":"Generadora Sol Soliv SpA","region":"Coquimbo","comuna":"Los Vilos"}},{"type":"Feature","geometry":{"type":"Point","coordinates":[-71.4882,-35.69087]},"properties":{"nombre":"Caracoles","tecnologia":"Solar Fotovoltaico","estado":"En Operación","potencia_mw":2.7,"medio":"PMGD","titular":"Enel Green Power Chile S.A.","region":"Maule","comuna":"Yerbas Buenas"}},{"type":"Feature","geometry":{"type":"Point","coordinates":[-72.10233,-36.55024]},"properties":{"nombre":"Casa de Lata","tecnologia":"Solar Fotovoltaico","estado":"En Operación","potencia_mw":4.26,"medio":"PMGD","titular":"Tedlar Mercurio SpA","region":"Ñuble","comuna":"Chillán"}},{"type":"Feature","geometry":{"type":"Point","coordinates":[-70.96801,-33.51572]},"properties":{"nombre":"Casabermeja","tecnologia":"Solar Fotovoltaico","estado":"En Operación","potencia_mw":6.87,"medio":"PMGD","titular":"Casa Bermeja SpA","region":"Metropolitana","comuna":"Curacaví"}},{"type":"Feature","geometry":{"type":"Point","coordinates":[-70.54502,-27.89755]},"properties":{"nombre":"Castilla","tecnologia":"Solar Fotovoltaico","estado":"En Operación","potencia_mw":2.705,"medio":"PMG","titular":"Santa Ester Solar SpA","region":"Atacama","comuna":"Copiapó"}},{"type":"Feature","geometry":{"type":"Point","coordinates":[-70.7124,-32.85119]},"properties":{"nombre":"Casuto","tecnologia":"Solar Fotovoltaico","estado":"En Operación","potencia_mw":2.74,"medio":"PMGD","titular":"Solar Ti Diez SpA","region":"Valparaíso","comuna":"Rinconada"}},{"type":"Feature","geometry":{"type":"Point","coordinates":[-70.60343,-32.72872]},"properties":{"nombre":"Catán Solar","tecnologia":"Solar Fotovoltaico","estado":"En Operación","potencia_mw":2.995,"medio":"PMGD","titular":"Planeta Investments SpA","region":"Valparaíso","comuna":"San Esteban"}},{"type":"Feature","geometry":{"type":"Point","coordinates":[-70.96429,-32.73375]},"properties":{"nombre":"Catemu","tecnologia":"Solar Fotovoltaico","estado":"En Operación","potencia_mw":1.99,"medio":"PMGD","titular":"Parque Solar Catemu SpA","region":"Valparaíso","comuna":"Catemu"}},{"type":"Feature","geometry":{"type":"Point","coordinates":[-72.05542,-36.54244]},"properties":{"nombre":"Cato Solar","tecnologia":"Solar Fotovoltaico","estado":"En Operación","potencia_mw":2.6,"medio":"PMGD","titular":"Cato Solar SpA","region":"Ñuble","comuna":"Chillán"}},{"type":"Feature","geometry":{"type":"Point","coordinates":[-68.82397,-22.46186]},"properties":{"nombre":"Cauce Solar","tecnologia":"Solar Fotovoltaico","estado":"En Operación","potencia_mw":9.0,"medio":"PMGD","titular":"Cauce Solar SpA","region":"Antofagasta","comuna":"Calama"}},{"type":"Feature","geometry":{"type":"Point","coordinates":[-72.27867,-35.95961]},"properties":{"nombre":"Cauquenes","tecnologia":"Solar Fotovoltaico","estado":"En Operación","potencia_mw":8.479,"medio":"PMG","titular":"Parque Solar Viveros SpA","region":"Maule","comuna":"Cauquenes"}},{"type":"Feature","geometry":{"type":"Point","coordinates":[-71.48427,-33.91843]},"properties":{"nombre":"Cefalú Solar","tecnologia":"Solar Fotovoltaico","estado":"En Operación","potencia_mw":2.38,"medio":"PMGD","titular":"Cefalú Solar SpA","region":"Metropolitana","comuna":"San Pedro de Melipilla"}},{"type":"Feature","geometry":{"type":"Point","coordinates":[-69.59253,-22.36058]},"properties":{"nombre":"CEME 1","tecnologia":"Solar Fotovoltaico","estado":"En Operación","potencia_mw":403.04,"medio":"-","titular":"CEME1 SpA","region":"Antofagasta","comuna":"María Elena"}},{"type":"Feature","geometry":{"type":"Point","coordinates":[-72.15286,-36.60095]},"properties":{"nombre":"Centauro Solar","tecnologia":"Solar Fotovoltaico","estado":"En Operación","potencia_mw":7.88,"medio":"PMGD","titular":"Centauro Solar SpA","region":"Ñuble","comuna":"Chillán"}},{"type":"Feature","geometry":{"type":"Point","coordinates":[-70.95962,-34.32915]},"properties":{"nombre":"Cetus","tecnologia":"Solar Fotovoltaico","estado":"En Operación","potencia_mw":2.65,"medio":"PMGD","titular":"Enel Green Power Chile S.A.","region":"O'Higgins","comuna":"Quinta de Tilcoco"}},{"type":"Feature","geometry":{"type":"Point","coordinates":[-70.71008,-32.95361]},"properties":{"nombre":"Chacabuco","tecnologia":"Solar Fotovoltaico","estado":"En Operación","potencia_mw":8.999,"medio":"PMGD","titular":"Inversiones Chacabuco SpA","region":"Valparaíso","comuna":"Rinconada"}},{"type":"Feature","geometry":{"type":"Point","coordinates":[-72.53894,-37.52729]},"properties":{"nombre":"Chacaico","tecnologia":"Solar Fotovoltaico","estado":"En Operación","potencia_mw":1.0,"medio":"PMGD","titular":"Sol del Sur 15 SpA","region":"Biobío","comuna":"Los Ángeles"}},{"type":"Feature","geometry":{"type":"Point","coordinates":[-70.97238,-31.76107]},"properties":{"nombre":"Chalinga Solar","tecnologia":"Solar Fotovoltaico","estado":"En Operación","potencia_mw":2.996,"medio":"PMGD","titular":"Joaquín Solar SpA","region":"Coquimbo","comuna":"Salamanca"}},{"type":"Feature","geometry":{"type":"Point","coordinates":[-70.40387,-27.28412]},"properties":{"nombre":"Chamonate Solar","tecnologia":"Solar Fotovoltaico","estado":"En Operación","potencia_mw":9.0,"medio":"PMGD","titular":"Toledo Solar SpA","region":"Atacama","comuna":"Copiapó"}},{"type":"Feature","geometry":{"type":"Point","coordinates":[-70.78528,-33.82921]},"properties":{"nombre":"Champa","tecnologia":"Solar Fotovoltaico","estado":"En Operación","potencia_mw":7.6,"medio":"PMGD","titular":"Energía Renovable Champa SpA","region":"Metropolitana","comuna":"Buin"}},{"type":"Feature","geometry":{"type":"Point","coordinates":[-70.82221,-34.09127]},"properties":{"nombre":"Chancón","tecnologia":"Solar Fotovoltaico","estado":"En Operación","potencia_mw":3.0,"medio":"PMGD","titular":"PV Chancon SpA","region":"O'Higgins","comuna":"Rancagua"}},{"type":"Feature","geometry":{"type":"Point","coordinates":[-68.98047,-22.48248]},"properties":{"nombre":"Chañar del Verano","tecnologia":"Solar Fotovoltaico","estado":"En Operación","potencia_mw":3.0,"medio":"PMGD","titular":"Isluga de Verano SpA","region":"Antofagasta","comuna":"Calama"}},{"type":"Feature","geometry":{"type":"Point","coordinates":[-70.08013,-26.37306]},"properties":{"nombre":"Chañares","tecnologia":"Solar Fotovoltaico","estado":"En Operación","potencia_mw":35.892,"medio":"-","titular":"Enel Green Power Chile S.A.","region":"Atacama","comuna":"Diego de Almagro"}},{"type":"Feature","geometry":{"type":"Point","coordinates":[-70.82482,-33.28172]},"properties":{"nombre":"Chequén Solar","tecnologia":"Solar Fotovoltaico","estado":"En Operación","potencia_mw":9.0,"medio":"PMGD","titular":"Chequén Solar SpA","region":"Metropolitana","comuna":"Lampa"}},{"type":"Feature","geometry":{"type":"Point","coordinates":[-71.23441,-30.13842]},"properties":{"nombre":"Chercan Solar","tecnologia":"Solar Fotovoltaico","estado":"En Operación","potencia_mw":9.0,"medio":"PMG","titular":"Enlasa Generacion Chile S.A.","region":"Coquimbo","comuna":"Coquimbo"}},{"type":"Feature","geometry":{"type":"Point","coordinates":[-70.92235,-33.26167]},"properties":{"nombre":"Chicauma del Verano","tecnologia":"Solar Fotovoltaico","estado":"En Operación","potencia_mw":9.0,"medio":"PMGD","titular":"Puntiagudo Energy SpA","region":"Metropolitana","comuna":"Lampa"}},{"type":"Feature","geometry":{"type":"Point","coordinates":[-71.64641,-35.8181]},"properties":{"nombre":"Chilener","tecnologia":"Solar Fotovoltaico","estado":"En Operación","potencia_mw":2.8,"medio":"PMGD","titular":"Chilener II SpA","region":"Maule","comuna":"Linares"}},{"type":"Feature","geometry":{"type":"Point","coordinates":[-72.25209,-36.60002]},"properties":{"nombre":"Chillán Confluencia 3","tecnologia":"Solar Fotovoltaico","estado":"En Operación","potencia_mw":3.0,"medio":"PMGD","titular":"Osa Mayor Solar SpA","region":"Ñuble","comuna":"Chillán"}},{"type":"Feature","geometry":{"type":"Point","coordinates":[-72.26383,-36.67724]},"properties":{"nombre":"Chillán Huambalí Hiper","tecnologia":"Solar Fotovoltaico","estado":"En Operación","potencia_mw":3.0,"medio":"PMGD","titular":"Tauro Solar SpA","region":"Ñuble","comuna":"Chillán Viejo"}},{"type":"Feature","geometry":{"type":"Point","coordinates":[-72.1142,-36.55506]},"properties":{"nombre":"Chillán San Carlos 2","tecnologia":"Solar Fotovoltaico","estado":"En Operación","potencia_mw":3.0,"medio":"PMGD","titular":"Tortuga Solar SpA","region":"Ñuble","comuna":"Chillán"}},{"type":"Feature","geometry":{"type":"Point","coordinates":[-72.02939,-36.59835]},"properties":{"nombre":"Chillán Vicente Méndez","tecnologia":"Solar Fotovoltaico","estado":"En Operación","potencia_mw":0.289,"medio":"PMGD","titular":"Farmdo Energy Chile SpA","region":"Ñuble","comuna":"Chillán"}},{"type":"Feature","geometry":{"type":"Point","coordinates":[-71.22741,-34.91235]},"properties":{"nombre":"Chiloé","tecnologia":"Solar Fotovoltaico","estado":"En Operación","potencia_mw":2.17,"medio":"PMGD","titular":"Miguel Solar SpA","region":"Maule","comuna":"Curicó"}},{"type":"Feature","geometry":{"type":"Point","coordinates":[-70.9682,-34.82329]},"properties":{"nombre":"Chimbarongo","tecnologia":"Solar Fotovoltaico","estado":"En Operación","potencia_mw":3.0,"medio":"PMGD","titular":"GR Tineo SpA","region":"O'Higgins","comuna":"Chimbarongo"}},{"type":"Feature","geometry":{"type":"Point","coordinates":[-70.24856,-18.43766]},"properties":{"nombre":"Chinchorro","tecnologia":"Solar Fotovoltaico","estado":"En Operación","potencia_mw":9.0,"medio":"PMGD","titular":"Parque Solar Benavente SpA","region":"Arica y Parinacota","comuna":"Arica"}},{"type":"Feature","geometry":{"type":"Point","coordinates":[-71.07885,-31.74682]},"properties":{"nombre":"Chuchiñi","tecnologia":"Solar Fotovoltaico","estado":"En Operación","potencia_mw":2.88,"medio":"PMGD","titular":"SPV P4 SpA","region":"Coquimbo","comuna":"Salamanca"}},{"type":"Feature","geometry":{"type":"Point","coordinates":[-70.72455,-33.51377]},"properties":{"nombre":"Cintac","tecnologia":"Solar Fotovoltaico","estado":"En Operación","potencia_mw":2.77,"medio":"PMGD","titular":"IMELSA Energía SpA","region":"Metropolitana","comuna":"Maipú"}},{"type":"Feature","geometry":{"type":"Point","coordinates":[-71.63061,-35.81321]},"properties":{"nombre":"Ciprés","tecnologia":"Solar Fotovoltaico","estado":"En Operación","potencia_mw":9.0,"medio":"PMGD","titular":"Cipres SpA","region":"Maule","comuna":"Linares"}},{"type":"Feature","geometry":{"type":"Point","coordinates":[-70.90098,-33.56207]},"properties":{"nombre":"Citrino","tecnologia":"Solar Fotovoltaico","estado":"En Operación","potencia_mw":2.8,"medio":"PMGD","titular":"Solar TI Once SpA","region":"Metropolitana","comuna":"Padre Hurtado"}},{"type":"Feature","geometry":{"type":"Point","coordinates":[-70.27594,-23.60715]},"properties":{"nombre":"Ckilir","tecnologia":"Solar Fotovoltaico","estado":"En Operación","potencia_mw":9.0,"medio":"PMGD","titular":"CE Uribe Antofagasta Solar SpA","region":"Antofagasta","comuna":"Antofagasta"}},{"type":"Feature","geometry":{"type":"Point","coordinates":[-70.86337,-33.12138]},"properties":{"nombre":"Clementina","tecnologia":"Solar Fotovoltaico","estado":"En Operación","potencia_mw":6.0,"medio":"PMGD","titular":"CVE Proyecto Veintiuno SpA","region":"Metropolitana","comuna":"Tiltil"}},{"type":"Feature","geometry":{"type":"Point","coordinates":[-72.09459,-36.52658]},"properties":{"nombre":"Cocharcas","tecnologia":"Solar Fotovoltaico","estado":"En Operación","potencia_mw":2.8,"medio":"PMGD","titular":"Fotovoltaica Alfa SpA","region":"Ñuble","comuna":"San Nicolás"}},{"type":"Feature","geometry":{"type":"Point","coordinates":[-71.13197,-31.63091]},"properties":{"nombre":"Cocinillas","tecnologia":"Solar Fotovoltaico","estado":"En Operación","potencia_mw":2.779,"medio":"PMGD","titular":"Agro Solar IV SpA","region":"Coquimbo","comuna":"Illapel"}},{"type":"Feature","geometry":{"type":"Point","coordinates":[-70.95665,-34.25418]},"properties":{"nombre":"Coinco","tecnologia":"Solar Fotovoltaico","estado":"En Operación","potencia_mw":2.8,"medio":"PMGD","titular":"Enel Green Power Chile S.A.","region":"O'Higgins","comuna":"Coinco"}},{"type":"Feature","geometry":{"type":"Point","coordinates":[-71.43882,-34.51844]},"properties":{"nombre":"Colchagua","tecnologia":"Solar Fotovoltaico","estado":"En Operación","potencia_mw":2.7,"medio":"PMGD","titular":"Parque Solar Lo Prado SpA","region":"O'Higgins","comuna":"Palmilla"}},{"type":"Feature","geometry":{"type":"Point","coordinates":[-70.7136,-33.0321]},"properties":{"nombre":"Colina","tecnologia":"Solar Fotovoltaico","estado":"En Operación","potencia_mw":9.0,"medio":"PMGD","titular":"Chacabuco Solar SpA","region":"Metropolitana","comuna":"Colina"}},{"type":"Feature","geometry":{"type":"Point","coordinates":[-72.27532,-35.23333]},"properties":{"nombre":"Collanco","tecnologia":"Solar Fotovoltaico","estado":"En Operación","potencia_mw":1.15,"medio":"PMGD","titular":"Blue Solar Tres SpA","region":"Maule","comuna":"Constitución"}},{"type":"Feature","geometry":{"type":"Point","coordinates":[-71.04631,-34.27018]},"properties":{"nombre":"Coltauco Almendro","tecnologia":"Solar Fotovoltaico","estado":"En Operación","potencia_mw":2.9,"medio":"PMGD","titular":"Acuario Solar SpA","region":"O'Higgins","comuna":"Coltauco"}},{"type":"Feature","geometry":{"type":"Point","coordinates":[-71.48825,-32.92891]},"properties":{"nombre":"Concón","tecnologia":"Solar Fotovoltaico","estado":"En Operación","potencia_mw":0.1,"medio":"PMGD","titular":"Abastible S.A.","region":"Valparaíso","comuna":"Concón"}},{"type":"Feature","geometry":{"type":"Point","coordinates":[-70.30242,-26.43322]},"properties":{"nombre":"Concorde","tecnologia":"Solar Fotovoltaico","estado":"En Operación","potencia_mw":6.0,"medio":"PMGD","titular":"El Condor Solar SpA","region":"Atacama","comuna":"Chañaral"}},{"type":"Feature","geometry":{"type":"Point","coordinates":[-71.31483,-34.72641]},"properties":{"nombre":"Cóndor Chépica","tecnologia":"Solar Fotovoltaico","estado":"En Operación","potencia_mw":3.0,"medio":"PMGD","titular":"Parque Fotovoltaico Chépica SpA","region":"O'Higgins","comuna":"Chépica"}},{"type":"Feature","geometry":{"type":"Point","coordinates":[-71.25322,-32.48435]},"properties":{"nombre":"Cóndor La Ligua","tecnologia":"Solar Fotovoltaico","estado":"En Operación","potencia_mw":2.55,"medio":"PMGD","titular":"Parque Fotovoltaico La Ligua SpA","region":"Valparaíso","comuna":"La Ligua"}},{"type":"Feature","geometry":{"type":"Point","coordinates":[-70.92766,-33.62136]},"properties":{"nombre":"Cóndor Pelvin","tecnologia":"Solar Fotovoltaico","estado":"En Operación","potencia_mw":3.0,"medio":"PMGD","titular":"Parque Fotovoltaico Peñaflor SpA","region":"Metropolitana","comuna":"Peñaflor"}},{"type":"Feature","geometry":{"type":"Point","coordinates":[-70.9569,-32.26544]},"properties":{"nombre":"Cóndor Petorca","tecnologia":"Solar Fotovoltaico","estado":"En Operación","potencia_mw":0.9,"medio":"PMGD","titular":"Parque Fotovoltaico Los Boldos SpA","region":"Valparaíso","comuna":"Petorca"}},{"type":"Feature","geometry":{"type":"Point","coordinates":[-70.1629,-25.5041]},"properties":{"nombre":"Conejo Solar","tecnologia":"Solar Fotovoltaico","estado":"En Operación","potencia_mw":102.586,"medio":"-","titular":"Conejo Solar SpA","region":"Antofagasta","comuna":"Taltal"}},{"type":"Feature","geometry":{"type":"Point","coordinates":[-71.13232,-35.1627]},"properties":{"nombre":"Cordillerilla Solar","tecnologia":"Solar Fotovoltaico","estado":"En Operación","potencia_mw":1.32,"medio":"PMGD","titular":"Teatinos Energía S.A.","region":"Maule","comuna":"Curicó"}},{"type":"Feature","geometry":{"type":"Point","coordinates":[-70.38097,-27.30015]},"properties":{"nombre":"Corso","tecnologia":"Solar Fotovoltaico","estado":"En Operación","potencia_mw":2.2,"medio":"PMGD","titular":"Corso Solar SpA","region":"Atacama","comuna":"Copiapó"}},{"type":"Feature","geometry":{"type":"Point","coordinates":[-72.39298,-37.09918]},"properties":{"nombre":"Cortijo","tecnologia":"Solar Fotovoltaico","estado":"En Operación","potencia_mw":9.0,"medio":"PMGD","titular":"Apolo Solar SpA","region":"Biobío","comuna":"Cabrero"}},{"type":"Feature","geometry":{"type":"Point","coordinates":[-70.30743,-26.43251]},"properties":{"nombre":"Covadonga","tecnologia":"Solar Fotovoltaico","estado":"En Operación","potencia_mw":8.999,"medio":"PMGD","titular":"Chungungo Solar SpA","region":"Atacama","comuna":"Chañaral"}},{"type":"Feature","geometry":{"type":"Point","coordinates":[-69.57438,-22.2492]},"properties":{"nombre":"Coya","tecnologia":"Solar Fotovoltaico","estado":"En Operación","potencia_mw":182.373,"medio":"-","titular":"Engie Energía Chile S.A.","region":"Antofagasta","comuna":"María Elena"}},{"type":"Feature","geometry":{"type":"Point","coordinates":[-72.27026,-37.40445]},"properties":{"nombre":"Coyunche","tecnologia":"Solar Fotovoltaico","estado":"En Operación","potencia_mw":2.7,"medio":"PMGD","titular":"PER Parinacota SpA","region":"Biobío","comuna":"Los Ángeles"}},{"type":"Feature","geometry":{"type":"Point","coordinates":[-71.50141,-34.47457]},"properties":{"nombre":"Crucero","tecnologia":"Solar Fotovoltaico","estado":"En Operación","potencia_mw":2.92,"medio":"PMGD","titular":"Crucero SpA","region":"O'Higgins","comuna":"Peralillo"}},{"type":"Feature","geometry":{"type":"Point","coordinates":[-70.86599,-32.79399]},"properties":{"nombre":"Cruz Solar","tecnologia":"Solar Fotovoltaico","estado":"En Operación","potencia_mw":2.956,"medio":"PMGD","titular":"PMGD Cruz SpA","region":"Valparaíso","comuna":"Panquehue"}},{"type":"Feature","geometry":{"type":"Point","coordinates":[-71.06156,-34.03894]},"properties":{"nombre":"Cuarzo","tecnologia":"Solar Fotovoltaico","estado":"En Operación","potencia_mw":3.0,"medio":"PMGD","titular":"Energia Renovable Cuarzo SpA","region":"Metropolitana","comuna":"Alhué"}},{"type":"Feature","geometry":{"type":"Point","coordinates":[-71.14116,-33.33865]},"properties":{"nombre":"Curacaví","tecnologia":"Solar Fotovoltaico","estado":"En Operación","potencia_mw":2.7,"medio":"PMGD","titular":"Parque Fotovoltaico Curacavi SpA","region":"Metropolitana","comuna":"Curacaví"}},{"type":"Feature","geometry":{"type":"Point","coordinates":[-70.68008,-34.04331]},"properties":{"nombre":"Curaco","tecnologia":"Solar Fotovoltaico","estado":"En Operación","potencia_mw":9.0,"medio":"PMGD","titular":"Solar TI Treinta y Ocho SpA","region":"O'Higgins","comuna":"Codegua"}},{"type":"Feature","geometry":{"type":"Point","coordinates":[-71.14217,-34.9262]},"properties":{"nombre":"Curicura","tecnologia":"Solar Fotovoltaico","estado":"En Operación","potencia_mw":9.0,"medio":"PMGD","titular":"Parque Solar Aurora SpA","region":"Maule","comuna":"Romeral"}},{"type":"Feature","geometry":{"type":"Point","coordinates":[-72.0913,-36.52634]},"properties":{"nombre":"Dadinco","tecnologia":"Solar Fotovoltaico","estado":"En Operación","potencia_mw":3.0,"medio":"PMGD","titular":"Enel Green Power Chile S.A.","region":"Ñuble","comuna":"San Nicolás"}},{"type":"Feature","geometry":{"type":"Point","coordinates":[-70.8527,-33.75215]},"properties":{"nombre":"Darlin Solar","tecnologia":"Solar Fotovoltaico","estado":"En Operación","potencia_mw":8.95,"medio":"PMGD","titular":"PMGD Darlin SpA","region":"Metropolitana","comuna":"Isla de Maipo"}},{"type":"Feature","geometry":{"type":"Point","coordinates":[-70.18385,-27.85692]},"properties":{"nombre":"Desierto de Atacama (DDA)","tecnologia":"Solar Fotovoltaico","estado":"En Operación","potencia_mw":235.418,"medio":"-","titular":"Copiapo Solar SpA","region":"Atacama","comuna":"Tierra Amarilla"}},{"type":"Feature","geometry":{"type":"Point","coordinates":[-70.06644,-26.37136]},"properties":{"nombre":"Diego de Almagro Solar (ex DAS)","tecnologia":"Solar Fotovoltaico","estado":"En Operación","potencia_mw":7.91,"medio":"PMGD","titular":"Diego de Almagro Solar SpA","region":"Atacama","comuna":"Diego de Almagro"}},{"type":"Feature","geometry":{"type":"Point","coordinates":[-69.97109,-26.58901]},"properties":{"nombre":"Diego de Almagro Sur","tecnologia":"Solar Fotovoltaico","estado":"En Operación","potencia_mw":208.945,"medio":"-","titular":"Colbún S.A.","region":"Atacama","comuna":"Diego de Almagro"}},{"type":"Feature","geometry":{"type":"Point","coordinates":[-71.30031,-33.45608]},"properties":{"nombre":"Dinamo","tecnologia":"Solar Fotovoltaico","estado":"En Operación","potencia_mw":2.9,"medio":"PMGD","titular":"Solar Ti Trece SpA","region":"Metropolitana","comuna":"María Pinto"}},{"type":"Feature","geometry":{"type":"Point","coordinates":[-69.57744,-24.06204]},"properties":{"nombre":"Domeyko","tecnologia":"Solar Fotovoltaico","estado":"En Operación","potencia_mw":201.61,"medio":"-","titular":"Arcadia Generacion Solar S.A.","region":"Antofagasta","comuna":"Antofagasta"}},{"type":"Feature","geometry":{"type":"Point","coordinates":[-71.32201,-33.98853]},"properties":{"nombre":"Don Andrónico","tecnologia":"Solar Fotovoltaico","estado":"En Operación","potencia_mw":2.703,"medio":"PMGD","titular":"Parque Solar Cancha SpA","region":"Metropolitana","comuna":"San Pedro de Melipilla"}},{"type":"Feature","geometry":{"type":"Point","coordinates":[-71.28873,-30.80902]},"properties":{"nombre":"Don Enrique","tecnologia":"Solar Fotovoltaico","estado":"En Operación","potencia_mw":9.0,"medio":"PMGD","titular":"Don Enrique SpA","region":"Coquimbo","comuna":"Punitaqui"}},{"type":"Feature","geometry":{"type":"Point","coordinates":[-71.38614,-34.26502]},"properties":{"nombre":"Don Eugenio","tecnologia":"Solar Fotovoltaico","estado":"En Operación","potencia_mw":2.95,"medio":"PMGD","titular":"GR Tiaca SpA","region":"O'Higgins","comuna":"Las Cabras"}},{"type":"Feature","geometry":{"type":"Point","coordinates":[-70.81888,-33.12079]},"properties":{"nombre":"Don Humberto","tecnologia":"Solar Fotovoltaico","estado":"En Operación","potencia_mw":80.804,"medio":"-","titular":"Enel Green Power Chile S.A.","region":"Metropolitana","comuna":"Tiltil"}},{"type":"Feature","geometry":{"type":"Point","coordinates":[-71.49261,-34.48527]},"properties":{"nombre":"Don Jorge","tecnologia":"Solar Fotovoltaico","estado":"En Operación","potencia_mw":3.0,"medio":"PMGD","titular":"Betel SpA","region":"O'Higgins","comuna":"Peralillo"}},{"type":"Feature","geometry":{"type":"Point","coordinates":[-70.82312,-34.49409]},"properties":{"nombre":"Don Mariano","tecnologia":"Solar Fotovoltaico","estado":"En Operación","potencia_mw":2.985,"medio":"PMGD","titular":"Don Mariano Energy SpA","region":"O'Higgins","comuna":"Malloa"}},{"type":"Feature","geometry":{"type":"Point","coordinates":[-72.21009,-37.59773]},"properties":{"nombre":"Don Martín","tecnologia":"Solar Fotovoltaico","estado":"En Operación","potencia_mw":2.75,"medio":"PMGD","titular":"Parque Solar Albor SpA","region":"Biobío","comuna":"Los Ángeles"}},{"type":"Feature","geometry":{"type":"Point","coordinates":[-70.86628,-34.69857]},"properties":{"nombre":"Don Matías","tecnologia":"Solar Fotovoltaico","estado":"En Operación","potencia_mw":2.7,"medio":"PMGD","titular":"Parque Fotovoltaico Don Matías SpA","region":"O'Higgins","comuna":"San Fernando"}},{"type":"Feature","geometry":{"type":"Point","coordinates":[-71.19925,-30.15685]},"properties":{"nombre":"Don Oscar Solar","tecnologia":"Solar Fotovoltaico","estado":"En Operación","potencia_mw":9.0,"medio":"PMG","titular":"Don Esteban SpA","region":"Coquimbo","comuna":"Andacollo"}},{"type":"Feature","geometry":{"type":"Point","coordinates":[-71.57432,-35.52835]},"properties":{"nombre":"Don Rodrigo","tecnologia":"Solar Fotovoltaico","estado":"En Operación","potencia_mw":4.5,"medio":"PMGD","titular":"Enel Green Power Chile S.A.","region":"Maule","comuna":"Talca"}},{"type":"Feature","geometry":{"type":"Point","coordinates":[-70.67541,-34.20629]},"properties":{"nombre":"Don Simón","tecnologia":"Solar Fotovoltaico","estado":"En Operación","potencia_mw":7.0,"medio":"PMGD","titular":"Solar TI Treinta y Seis SpA","region":"O'Higgins","comuna":"Machalí"}},{"type":"Feature","geometry":{"type":"Point","coordinates":[-71.1654,-30.47119]},"properties":{"nombre":"Doña Antonia","tecnologia":"Solar Fotovoltaico","estado":"En Operación","potencia_mw":79.358,"medio":"-","titular":"Doña Antonia Solar SpA","region":"Coquimbo","comuna":"Ovalle"}},{"type":"Feature","geometry":{"type":"Point","coordinates":[-71.34393,-32.9367]},"properties":{"nombre":"Doña Berta","tecnologia":"Solar Fotovoltaico","estado":"En Operación","potencia_mw":2.8,"medio":"PMGD","titular":"Parque Solar Doña Berta SpA","region":"Valparaíso","comuna":"Quillota"}},{"type":"Feature","geometry":{"type":"Point","coordinates":[-71.25405,-32.47888]},"properties":{"nombre":"Doña Carmen Solar","tecnologia":"Solar Fotovoltaico","estado":"En Operación","potencia_mw":34.542,"medio":"-","titular":"Energía Cerro El Morado S.A.","region":"Valparaíso","comuna":"La Ligua"}},{"type":"Feature","geometry":{"type":"Point","coordinates":[-71.21321,-33.59003]},"properties":{"nombre":"Doña Igna","tecnologia":"Solar Fotovoltaico","estado":"En Operación","potencia_mw":2.2,"medio":"PMGD","titular":"Parque Fotovoltaico Doña Igna SpA","region":"Metropolitana","comuna":"Melipilla"}},{"type":"Feature","geometry":{"type":"Point","coordinates":[-72.2996,-37.53474]},"properties":{"nombre":"Doña Regina Solar","tecnologia":"Solar Fotovoltaico","estado":"En Operación","potencia_mw":3.007,"medio":"PMGD","titular":"Yanqui Solar SpA","region":"Biobío","comuna":"Los Ángeles"}},{"type":"Feature","geometry":{"type":"Point","coordinates":[-70.88144,-33.02885]},"properties":{"nombre":"Doña Rubena","tecnologia":"Solar Fotovoltaico","estado":"En Operación","potencia_mw":3.0,"medio":"PMGD","titular":"Enel Green Power Chile S.A.","region":"Metropolitana","comuna":"Tiltil"}},{"type":"Feature","geometry":{"type":"Point","coordinates":[-70.95493,-34.28297]},"properties":{"nombre":"Doñihue","tecnologia":"Solar Fotovoltaico","estado":"En Operación","potencia_mw":7.5,"medio":"PMGD","titular":"PV Doñihue SpA","region":"O'Higgins","comuna":"Coinco"}},{"type":"Feature","geometry":{"type":"Point","coordinates":[-71.16764,-34.96538]},"properties":{"nombre":"Drux","tecnologia":"Solar Fotovoltaico","estado":"En Operación","potencia_mw":9.0,"medio":"PMGD","titular":"Nain Solar SpA","region":"Maule","comuna":"Curicó"}},{"type":"Feature","geometry":{"type":"Point","coordinates":[-72.30253,-37.53922]},"properties":{"nombre":"Duqueco Solar","tecnologia":"Solar Fotovoltaico","estado":"En Operación","potencia_mw":9.0,"medio":"PMGD","titular":"Cocharcas Solar SpA","region":"Biobío","comuna":"Los Ángeles"}},{"type":"Feature","geometry":{"type":"Point","coordinates":[-71.60715,-35.32975]},"properties":{"nombre":"EA Maitén","tecnologia":"Solar Fotovoltaico","estado":"En Operación","potencia_mw":3.0,"medio":"PMGD","titular":"Enel Green Power Chile S.A.","region":"Maule","comuna":"San Rafael"}},{"type":"Feature","geometry":{"type":"Point","coordinates":[-70.81248,-34.12556]},"properties":{"nombre":"EA SF Graneros","tecnologia":"Solar Fotovoltaico","estado":"En Operación","potencia_mw":3.0,"medio":"PMGD","titular":"Energía Renovable Marengo SpA","region":"O'Higgins","comuna":"Rancagua"}},{"type":"Feature","geometry":{"type":"Point","coordinates":[-71.70822,-34.3951]},"properties":{"nombre":"EA SF Pichilemu","tecnologia":"Solar Fotovoltaico","estado":"En Operación","potencia_mw":3.0,"medio":"PMGD","titular":"Enel Green Power Chile S.A.","region":"O'Higgins","comuna":"Marchihue"}},{"type":"Feature","geometry":{"type":"Point","coordinates":[-71.4264,-33.90637]},"properties":{"nombre":"Eclipse Solar","tecnologia":"Solar Fotovoltaico","estado":"En Operación","potencia_mw":8.99,"medio":"PMGD","titular":"Eclipse Solar SpA","region":"Metropolitana","comuna":"San Pedro de Melipilla"}},{"type":"Feature","geometry":{"type":"Point","coordinates":[-69.88672,-18.44546]},"properties":{"nombre":"El Águila","tecnologia":"Solar Fotovoltaico","estado":"En Operación","potencia_mw":2.014,"medio":"PMG","titular":"Engie Energía Chile S.A.","region":"Arica y Parinacota","comuna":"Arica"}},{"type":"Feature","geometry":{"type":"Point","coordinates":[-72.33746,-37.40884]},"properties":{"nombre":"El Avellano Solar","tecnologia":"Solar Fotovoltaico","estado":"En Operación","potencia_mw":6.0,"medio":"PMGD","titular":"Santa Cecilia Solar SpA","region":"Biobío","comuna":"Los Ángeles"}},{"type":"Feature","geometry":{"type":"Point","coordinates":[-71.93617,-45.78492]},"properties":{"nombre":"El Blanco","tecnologia":"Solar Fotovoltaico","estado":"En Operación","potencia_mw":2.96,"medio":"-","titular":"Empresa Eléctrica de Aysén S.A.","region":"Aysén","comuna":"Coyhaique"}},{"type":"Feature","geometry":{"type":"Point","coordinates":[-71.24489,-32.8551]},"properties":{"nombre":"El Boco","tecnologia":"Solar Fotovoltaico","estado":"En Operación","potencia_mw":7.67,"medio":"PMGD","titular":"Sociedad Boco Solar SpA","region":"Valparaíso","comuna":"Quillota"}},{"type":"Feature","geometry":{"type":"Point","coordinates":[-71.74982,-35.92881]},"properties":{"nombre":"El Caiquén","tecnologia":"Solar Fotovoltaico","estado":"En Operación","potencia_mw":9.0,"medio":"PMGD","titular":"PFV El Caiquen SpA","region":"Maule","comuna":"Retiro"}},{"type":"Feature","geometry":{"type":"Point","coordinates":[-71.08935,-34.42418]},"properties":{"nombre":"El Cardenal","tecnologia":"Solar Fotovoltaico","estado":"En Operación","potencia_mw":3.0,"medio":"PMGD","titular":"PFV El Cardenal SpA","region":"O'Higgins","comuna":"San Vicente de Tagua Tagua"}},{"type":"Feature","geometry":{"type":"Point","coordinates":[-72.39649,-35.36492]},"properties":{"nombre":"El Carpintero","tecnologia":"Solar Fotovoltaico","estado":"En Operación","potencia_mw":8.5,"medio":"PMGD","titular":"PFV El Carpintero SpA","region":"Maule","comuna":"Constitución"}},{"type":"Feature","geometry":{"type":"Point","coordinates":[-71.29277,-34.29615]},"properties":{"nombre":"El Castaño","tecnologia":"Solar Fotovoltaico","estado":"En Operación","potencia_mw":8.6,"medio":"PMGD","titular":"El Castaño SpA","region":"O'Higgins","comuna":"Peumo"}},{"type":"Feature","geometry":{"type":"Point","coordinates":[-69.29186,-22.88949]},"properties":{"nombre":"El Caturro","tecnologia":"Solar Fotovoltaico","estado":"En Operación","potencia_mw":0.1,"medio":"PMGD","titular":"La Sierra SpA","region":"Antofagasta","comuna":"Sierra Gorda"}},{"type":"Feature","geometry":{"type":"Point","coordinates":[-72.37292,-36.42842]},"properties":{"nombre":"El Cernícalo","tecnologia":"Solar Fotovoltaico","estado":"En Operación","potencia_mw":1.5,"medio":"PMGD","titular":"PV El Cernícalo SpA","region":"Ñuble","comuna":"Ninhue"}},{"type":"Feature","geometry":{"type":"Point","coordinates":[-72.37292,-36.42842]},"properties":{"nombre":"El Cernícalo II","tecnologia":"Solar Fotovoltaico","estado":"En Operación","potencia_mw":1.5,"medio":"PMGD","titular":"PV El Cernícalo SpA","region":"Ñuble","comuna":"Ninhue"}},{"type":"Feature","geometry":{"type":"Point","coordinates":[-71.86056,-36.2844]},"properties":{"nombre":"El Chincol","tecnologia":"Solar Fotovoltaico","estado":"En Operación","potencia_mw":2.99,"medio":"PMGD","titular":"PV El Chincol SpA","region":"Ñuble","comuna":"Ñiquén"}},{"type":"Feature","geometry":{"type":"Point","coordinates":[-71.92939,-36.01931]},"properties":{"nombre":"El Chucao","tecnologia":"Solar Fotovoltaico","estado":"En Operación","potencia_mw":3.0,"medio":"PMGD","titular":"PFV El Chucao SpA","region":"Maule","comuna":"Retiro"}},{"type":"Feature","geometry":{"type":"Point","coordinates":[-71.3175,-34.97875]},"properties":{"nombre":"El Chercán","tecnologia":"Solar Fotovoltaico","estado":"En Operación","potencia_mw":9.0,"medio":"PMGD","titular":"PFV El Chercán SpA","region":"Maule","comuna":"Curicó"}},{"type":"Feature","geometry":{"type":"Point","coordinates":[-71.0299,-34.87806]},"properties":{"nombre":"El Cóndor","tecnologia":"Solar Fotovoltaico","estado":"En Operación","potencia_mw":1.33,"medio":"PMGD","titular":"PFV El Cóndor SpA","region":"Maule","comuna":"Teno"}},{"type":"Feature","geometry":{"type":"Point","coordinates":[-72.02963,-35.01417]},"properties":{"nombre":"El Cuervo","tecnologia":"Solar Fotovoltaico","estado":"En Operación","potencia_mw":3.0,"medio":"PMGD","titular":"PFV El Cuervo SpA","region":"Maule","comuna":"Curepto"}},{"type":"Feature","geometry":{"type":"Point","coordinates":[-71.12747,-30.84574]},"properties":{"nombre":"El Divisadero","tecnologia":"Solar Fotovoltaico","estado":"En Operación","potencia_mw":2.995,"medio":"PMGD","titular":"Divisadero S.A.","region":"Coquimbo","comuna":"Punitaqui"}},{"type":"Feature","geometry":{"type":"Point","coordinates":[-71.40145,-34.22058]},"properties":{"nombre":"El Estero","tecnologia":"Solar Fotovoltaico","estado":"En Operación","potencia_mw":2.68,"medio":"PMGD","titular":"Fotovoltaica Manzano SpA","region":"O'Higgins","comuna":"Las Cabras"}},{"type":"Feature","geometry":{"type":"Point","coordinates":[-71.52034,-35.68536]},"properties":{"nombre":"El Flamenco","tecnologia":"Solar Fotovoltaico","estado":"En Operación","potencia_mw":9.0,"medio":"PMGD","titular":"PFV El Flamenco SpA","region":"Maule","comuna":"Yerbas Buenas"}},{"type":"Feature","geometry":{"type":"Point","coordinates":[-71.23227,-29.84336]},"properties":{"nombre":"El Gaviotin","tecnologia":"Solar Fotovoltaico","estado":"En Operación","potencia_mw":9.0,"medio":"PMGD","titular":"PFV El Gaviotin SpA","region":"Coquimbo","comuna":"La Serena"}},{"type":"Feature","geometry":{"type":"Point","coordinates":[-70.8622,-33.56264]},"properties":{"nombre":"El Guanaco Solar","tecnologia":"Solar Fotovoltaico","estado":"En Operación","potencia_mw":9.0,"medio":"PMGD","titular":"Incahuasi energy SpA","region":"Metropolitana","comuna":"Padre Hurtado"}},{"type":"Feature","geometry":{"type":"Point","coordinates":[-70.98027,-32.76422]},"properties":{"nombre":"El Huaso","tecnologia":"Solar Fotovoltaico","estado":"En Operación","potencia_mw":2.7,"medio":"PMGD","titular":"Parque Solar Salamanca SpA","region":"Valparaíso","comuna":"Catemu"}},{"type":"Feature","geometry":{"type":"Point","coordinates":[-71.14766,-32.49242]},"properties":{"nombre":"El Ingenio","tecnologia":"Solar Fotovoltaico","estado":"En Operación","potencia_mw":9.0,"medio":"PMGD","titular":"Parque Solar Altos Lao SpA","region":"Valparaíso","comuna":"La Ligua"}},{"type":"Feature","geometry":{"type":"Point","coordinates":[-71.11252,-34.31332]},"properties":{"nombre":"El Interlocutor","tecnologia":"Solar Fotovoltaico","estado":"En Operación","potencia_mw":2.7,"medio":"PMGD","titular":"Parque Fotovoltaico Idahuillo SpA","region":"O'Higgins","comuna":"Coltauco"}},{"type":"Feature","geometry":{"type":"Point","coordinates":[-71.02138,-33.67782]},"properties":{"nombre":"El Laurel","tecnologia":"Solar Fotovoltaico","estado":"En Operación","potencia_mw":7.31,"medio":"PMGD","titular":"Laurel SpA","region":"Metropolitana","comuna":"El Monte"}},{"type":"Feature","geometry":{"type":"Point","coordinates":[-70.7819,-33.12794]},"properties":{"nombre":"El Litre Solar","tecnologia":"Solar Fotovoltaico","estado":"En Operación","potencia_mw":9.0,"medio":"PMGD","titular":"Diana Solar SpA","region":"Metropolitana","comuna":"Tiltil"}},{"type":"Feature","geometry":{"type":"Point","coordinates":[-70.78833,-33.09988]},"properties":{"nombre":"El Manzano","tecnologia":"Solar Fotovoltaico","estado":"En Operación","potencia_mw":91.74,"medio":"-","titular":"Enel Green Power Chile S.A.","region":"Metropolitana","comuna":"Tiltil"}},{"type":"Feature","geometry":{"type":"Point","coordinates":[-70.86166,-34.45068]},"properties":{"nombre":"El Mirlo","tecnologia":"Solar Fotovoltaico","estado":"En Operación","potencia_mw":6.22,"medio":"PMGD","titular":"PFV El Mirlo SpA","region":"O'Higgins","comuna":"Malloa"}},{"type":"Feature","geometry":{"type":"Point","coordinates":[-71.0134,-33.67164]},"properties":{"nombre":"El Monte","tecnologia":"Solar Fotovoltaico","estado":"En Operación","potencia_mw":3.0,"medio":"PMGD","titular":"Callaqui de Verano SpA","region":"Metropolitana","comuna":"El Monte"}},{"type":"Feature","geometry":{"type":"Point","coordinates":[-71.01012,-33.6711]},"properties":{"nombre":"El Monte (Ampliación)","tecnologia":"Solar Fotovoltaico","estado":"En Operación","potencia_mw":2.4,"medio":"PMGD","titular":"Callaqui de Verano SpA","region":"Metropolitana","comuna":"El Monte"}},{"type":"Feature","geometry":{"type":"Point","coordinates":[-70.36355,-27.32905]},"properties":{"nombre":"El Ñandú","tecnologia":"Solar Fotovoltaico","estado":"En Operación","potencia_mw":3.0,"medio":"PMGD","titular":"PFV El Ñandú SpA","region":"Atacama","comuna":"Copiapó"}},{"type":"Feature","geometry":{"type":"Point","coordinates":[-72.41161,-37.43026]},"properties":{"nombre":"El Olivar","tecnologia":"Solar Fotovoltaico","estado":"En Operación","potencia_mw":9.0,"medio":"PMGD","titular":"El Olivar Solar SpA","region":"Biobío","comuna":"Los Ángeles"}},{"type":"Feature","geometry":{"type":"Point","coordinates":[-70.9678,-30.73707]},"properties":{"nombre":"El Palqui","tecnologia":"Solar Fotovoltaico","estado":"En Operación","potencia_mw":2.8,"medio":"PMGD","titular":"Fénix Solar SpA","region":"Coquimbo","comuna":"Monte Patria"}},{"type":"Feature","geometry":{"type":"Point","coordinates":[-70.8018,-34.12944]},"properties":{"nombre":"El Parral Solar","tecnologia":"Solar Fotovoltaico","estado":"En Operación","potencia_mw":9.0,"medio":"PMGD","titular":"El Parral Solar SpA","region":"O'Higgins","comuna":"Rancagua"}},{"type":"Feature","geometry":{"type":"Point","coordinates":[-70.871,-29.14615]},"properties":{"nombre":"El Pelícano","tecnologia":"Solar Fotovoltaico","estado":"En Operación","potencia_mw":105.032,"medio":"-","titular":"El Pelícano Solar Company SpA","region":"Coquimbo","comuna":"La Higuera"}},{"type":"Feature","geometry":{"type":"Point","coordinates":[-70.25122,-27.57345]},"properties":{"nombre":"El Pelícano (Atacama)","tecnologia":"Solar Fotovoltaico","estado":"En Operación","potencia_mw":3.0,"medio":"PMGD","titular":"PFV El Pelicano SpA","region":"Atacama","comuna":"Tierra Amarilla"}},{"type":"Feature","geometry":{"type":"Point","coordinates":[-70.69451,-33.74882]},"properties":{"nombre":"El Peral","tecnologia":"Solar Fotovoltaico","estado":"En Operación","potencia_mw":9.0,"medio":"PMGD","titular":"PSF El Peral SpA","region":"Metropolitana","comuna":"Buin"}},{"type":"Feature","geometry":{"type":"Point","coordinates":[-71.76078,-36.03523]},"properties":{"nombre":"El Pichón","tecnologia":"Solar Fotovoltaico","estado":"En Operación","potencia_mw":3.0,"medio":"PMGD","titular":"PFV El Pichón SpA","region":"Maule","comuna":"Retiro"}},{"type":"Feature","geometry":{"type":"Point","coordinates":[-71.06181,-34.79911]},"properties":{"nombre":"El Picurio","tecnologia":"Solar Fotovoltaico","estado":"En Operación","potencia_mw":3.0,"medio":"PMGD","titular":"PV El Picurio SpA","region":"O'Higgins","comuna":"Chimbarongo"}},{"type":"Feature","geometry":{"type":"Point","coordinates":[-71.24277,-33.55888]},"properties":{"nombre":"El Pilpen","tecnologia":"Solar Fotovoltaico","estado":"En Operación","potencia_mw":2.99,"medio":"PMGD","titular":"PV El Pilpen SpA","region":"Metropolitana","comuna":"María Pinto"}},{"type":"Feature","geometry":{"type":"Point","coordinates":[-71.69565,-35.9758]},"properties":{"nombre":"El Pitío","tecnologia":"Solar Fotovoltaico","estado":"En Operación","potencia_mw":2.99,"medio":"PMGD","titular":"PV El Pitio SpA","region":"Maule","comuna":"Longaví"}},{"type":"Feature","geometry":{"type":"Point","coordinates":[-72.22422,-36.77305]},"properties":{"nombre":"El Piuquén","tecnologia":"Solar Fotovoltaico","estado":"En Operación","potencia_mw":3.0,"medio":"PMGD","titular":"PFV El Piuquén SpA","region":"Ñuble","comuna":"Bulnes"}},{"type":"Feature","geometry":{"type":"Point","coordinates":[-71.21462,-33.56065]},"properties":{"nombre":"El Queltehue","tecnologia":"Solar Fotovoltaico","estado":"En Operación","potencia_mw":2.995,"medio":"PMGD","titular":"PV El Queltehue SpA","region":"Metropolitana","comuna":"Melipilla"}},{"type":"Feature","geometry":{"type":"Point","coordinates":[-71.01771,-32.43705]},"properties":{"nombre":"El Quemado","tecnologia":"Solar Fotovoltaico","estado":"En Operación","potencia_mw":2.98,"medio":"PMGD","titular":"Reden Cabildo Solar SpA","region":"Valparaíso","comuna":"Cabildo"}},{"type":"Feature","geometry":{"type":"Point","coordinates":[-71.39614,-34.22178]},"properties":{"nombre":"El Queule","tecnologia":"Solar Fotovoltaico","estado":"En Operación","potencia_mw":6.87,"medio":"PMGD","titular":"El Queule SpA","region":"O'Higgins","comuna":"Las Cabras"}},{"type":"Feature","geometry":{"type":"Point","coordinates":[-71.22586,-29.85634]},"properties":{"nombre":"El Rayador","tecnologia":"Solar Fotovoltaico","estado":"En Operación","potencia_mw":9.0,"medio":"PMGD","titular":"PFV El Rayador SpA","region":"Coquimbo","comuna":"La Serena"}},{"type":"Feature","geometry":{"type":"Point","coordinates":[-72.52849,-36.21726]},"properties":{"nombre":"El Reconquistador","tecnologia":"Solar Fotovoltaico","estado":"En Operación","potencia_mw":2.5,"medio":"PMGD","titular":"Parque Solar El Conquistador SpA","region":"Ñuble","comuna":"Quirihue"}},{"type":"Feature","geometry":{"type":"Point","coordinates":[-72.38323,-37.03923]},"properties":{"nombre":"El Resplandor","tecnologia":"Solar Fotovoltaico","estado":"En Operación","potencia_mw":2.627,"medio":"PMGD","titular":"Impulso Solar El Resplandor SpA","region":"Biobío","comuna":"Cabrero"}},{"type":"Feature","geometry":{"type":"Point","coordinates":[-71.388,-34.03583]},"properties":{"nombre":"El Roble","tecnologia":"Solar Fotovoltaico","estado":"En Operación","potencia_mw":8.88,"medio":"PMGD","titular":"Chester Solar IV SpA","region":"Metropolitana","comuna":"San Pedro de Melipilla"}},{"type":"Feature","geometry":{"type":"Point","coordinates":[-71.03199,-34.73127]},"properties":{"nombre":"El Romeral","tecnologia":"Solar Fotovoltaico","estado":"En Operación","potencia_mw":8.0,"medio":"PMGD","titular":"GR Ulmo SpA","region":"O'Higgins","comuna":"Chimbarongo"}},{"type":"Feature","geometry":{"type":"Point","coordinates":[-70.90793,-29.10949]},"properties":{"nombre":"El Romero","tecnologia":"Solar Fotovoltaico","estado":"En Operación","potencia_mw":196.0,"medio":"-","titular":"Acciona Energía Chile Holdings S.A.","region":"Atacama","comuna":"Vallenar"}},{"type":"Feature","geometry":{"type":"Point","coordinates":[-71.02428,-31.20263]},"properties":{"nombre":"El Salitral","tecnologia":"Solar Fotovoltaico","estado":"En Operación","potencia_mw":2.97,"medio":"PMGD","titular":"PSF El Salitral S.A.","region":"Coquimbo","comuna":"Combarbalá"}},{"type":"Feature","geometry":{"type":"Point","coordinates":[-71.37281,-34.07989]},"properties":{"nombre":"El Sauce","tecnologia":"Solar Fotovoltaico","estado":"En Operación","potencia_mw":2.94,"medio":"PMGD","titular":"Chester Solar V SpA","region":"O'Higgins","comuna":"Las Cabras"}},{"type":"Feature","geometry":{"type":"Point","coordinates":[-71.33239,-34.07017]},"properties":{"nombre":"El Sharon","tecnologia":"Solar Fotovoltaico","estado":"En Operación","potencia_mw":3.0,"medio":"PMGD","titular":"Enel Green Power Chile S.A.","region":"O'Higgins","comuna":"Las Cabras"}},{"type":"Feature","geometry":{"type":"Point","coordinates":[-71.6885,-35.61248]},"properties":{"nombre":"El Tiuque","tecnologia":"Solar Fotovoltaico","estado":"En Operación","potencia_mw":1.5,"medio":"PMGD","titular":"PFV El Tiuque SpA","region":"Maule","comuna":"San Javier"}},{"type":"Feature","geometry":{"type":"Point","coordinates":[-71.53515,-34.26935]},"properties":{"nombre":"El Trébol","tecnologia":"Solar Fotovoltaico","estado":"En Operación","potencia_mw":3.0,"medio":"PMGD","titular":"Portezuelo SpA","region":"O'Higgins","comuna":"La Estrella"}},{"type":"Feature","geometry":{"type":"Point","coordinates":[-72.11676,-36.87696]},"properties":{"nombre":"El Trigal","tecnologia":"Solar Fotovoltaico","estado":"En Operación","potencia_mw":9.0,"medio":"PMGD","titular":"Parque Solar El Trigal SpA","region":"Ñuble","comuna":"San Ignacio"}},{"type":"Feature","geometry":{"type":"Point","coordinates":[-71.62055,-35.71372]},"properties":{"nombre":"El Trile","tecnologia":"Solar Fotovoltaico","estado":"En Operación","potencia_mw":9.0,"medio":"PMGD","titular":"PFV El Trile SpA","region":"Maule","comuna":"Yerbas Buenas"}},{"type":"Feature","geometry":{"type":"Point","coordinates":[-70.56205,-32.74814]},"properties":{"nombre":"El Triunfo","tecnologia":"Solar Fotovoltaico","estado":"En Operación","potencia_mw":0.109,"medio":"PMGD","titular":"Blue Solar Ocho SpA","region":"Valparaíso","comuna":"San Esteban"}},{"type":"Feature","geometry":{"type":"Point","coordinates":[-70.2286,-27.56918]},"properties":{"nombre":"El Turpial","tecnologia":"Solar Fotovoltaico","estado":"En Operación","potencia_mw":2.99,"medio":"PMGD","titular":"PFV El Turpial SpA","region":"Atacama","comuna":"Tierra Amarilla"}},{"type":"Feature","geometry":{"type":"Point","coordinates":[-71.52786,-35.3006]},"properties":{"nombre":"El Zorzal","tecnologia":"Solar Fotovoltaico","estado":"En Operación","potencia_mw":3.0,"medio":"PMGD","titular":"PFV El Zorzal SpA","region":"Maule","comuna":"San Rafael"}},{"type":"Feature","geometry":{"type":"Point","coordinates":[-69.47836,-22.1628]},"properties":{"nombre":"Elena Etapa I (Fase I)","tecnologia":"Solar Fotovoltaico","estado":"En Operación","potencia_mw":66.442,"medio":"-","titular":"Solar Elena SpA","region":"Antofagasta","comuna":"María Elena"}},{"type":"Feature","geometry":{"type":"Point","coordinates":[-71.08386,-31.14175]},"properties":{"nombre":"Emilia Solar","tecnologia":"Solar Fotovoltaico","estado":"En Operación","potencia_mw":3.77,"medio":"PMG","titular":"Enfragen Chile Solar SpA","region":"Coquimbo","comuna":"Combarbalá"}},{"type":"Feature","geometry":{"type":"Point","coordinates":[-70.96366,-32.76588]},"properties":{"nombre":"Enami Solar","tecnologia":"Solar Fotovoltaico","estado":"En Operación","potencia_mw":5.375,"medio":"PMGD","titular":"ENAMI Solar SpA","region":"Valparaíso","comuna":"Catemu"}},{"type":"Feature","geometry":{"type":"Point","coordinates":[-71.08193,-34.83196]},"properties":{"nombre":"Encina III","tecnologia":"Solar Fotovoltaico","estado":"En Operación","potencia_mw":6.0,"medio":"PMGD","titular":"Encina SpA","region":"Maule","comuna":"Teno"}},{"type":"Feature","geometry":{"type":"Point","coordinates":[-70.74809,-32.72975]},"properties":{"nombre":"Encon Solar","tecnologia":"Solar Fotovoltaico","estado":"En Operación","potencia_mw":8.494,"medio":"PMGD","titular":"Loa Solar SpA","region":"Valparaíso","comuna":"San Felipe"}},{"type":"Feature","geometry":{"type":"Point","coordinates":[-71.71632,-35.43431]},"properties":{"nombre":"Erinome","tecnologia":"Solar Fotovoltaico","estado":"En Operación","potencia_mw":2.75,"medio":"PMGD","titular":"Luciano Solar SpA","region":"Maule","comuna":"Talca"}},{"type":"Feature","geometry":{"type":"Point","coordinates":[-70.77848,-32.74005]},"properties":{"nombre":"Escorial del Verano Solar","tecnologia":"Solar Fotovoltaico","estado":"En Operación","potencia_mw":3.0,"medio":"PMGD","titular":"Corcovado de Verano SpA","region":"Valparaíso","comuna":"Panquehue"}},{"type":"Feature","geometry":{"type":"Point","coordinates":[-70.8101,-32.23694]},"properties":{"nombre":"Esfena","tecnologia":"Solar Fotovoltaico","estado":"En Operación","potencia_mw":6.0,"medio":"PMGD","titular":"CVE Proyecto Nueve SpA","region":"Valparaíso","comuna":"Petorca"}},{"type":"Feature","geometry":{"type":"Point","coordinates":[-71.84867,-36.13747]},"properties":{"nombre":"Esmeralda","tecnologia":"Solar Fotovoltaico","estado":"En Operación","potencia_mw":2.15,"medio":"PMGD","titular":"Fotovoltaica Ciprés SpA","region":"Maule","comuna":"Parral"}},{"type":"Feature","geometry":{"type":"Point","coordinates":[-69.62753,-26.29338]},"properties":{"nombre":"Esperanza","tecnologia":"Solar Fotovoltaico","estado":"En Operación","potencia_mw":2.866,"medio":"PMG","titular":"RTS Energía S.A.","region":"Atacama","comuna":"Diego de Almagro"}},{"type":"Feature","geometry":{"type":"Point","coordinates":[-72.53475,-37.59747]},"properties":{"nombre":"Espiga de Oro","tecnologia":"Solar Fotovoltaico","estado":"En Operación","potencia_mw":2.717,"medio":"PMG","titular":"Enerblan SpA","region":"Biobío","comuna":"Negrete"}},{"type":"Feature","geometry":{"type":"Point","coordinates":[-71.30395,-33.4544]},"properties":{"nombre":"Falcón","tecnologia":"Solar Fotovoltaico","estado":"En Operación","potencia_mw":2.9,"medio":"PMGD","titular":"Energía Renovable Roble SpA","region":"Metropolitana","comuna":"María Pinto"}},{"type":"Feature","geometry":{"type":"Point","coordinates":[-71.06997,-34.04336]},"properties":{"nombre":"Faramalla","tecnologia":"Solar Fotovoltaico","estado":"En Operación","potencia_mw":3.0,"medio":"PMGD","titular":"Parque Fotovoltaico Faramalla SpA","region":"Metropolitana","comuna":"Alhué"}},{"type":"Feature","geometry":{"type":"Point","coordinates":[-71.60766,-33.36191]},"properties":{"nombre":"Fardela Negra","tecnologia":"Solar Fotovoltaico","estado":"En Operación","potencia_mw":3.0,"medio":"PMGD","titular":"Fardela Negra SpA","region":"Valparaíso","comuna":"Algarrobo"}},{"type":"Feature","geometry":{"type":"Point","coordinates":[-70.41178,-23.17333]},"properties":{"nombre":"Farol","tecnologia":"Solar Fotovoltaico","estado":"En Operación","potencia_mw":9.0,"medio":"PMGD","titular":"Farol Solar SpA","region":"Antofagasta","comuna":"Mejillones"}},{"type":"Feature","geometry":{"type":"Point","coordinates":[-70.61556,-32.70825]},"properties":{"nombre":"Filomena Solar","tecnologia":"Solar Fotovoltaico","estado":"En Operación","potencia_mw":3.0,"medio":"PMGD","titular":"Paniri de Verano SpA","region":"Valparaíso","comuna":"Santa María"}},{"type":"Feature","geometry":{"type":"Point","coordinates":[-71.43436,-31.8785]},"properties":{"nombre":"Florencia Solar","tecnologia":"Solar Fotovoltaico","estado":"En Operación","potencia_mw":9.0,"medio":"PMGD","titular":"Generadora Sol Soliv SpA","region":"Coquimbo","comuna":"Los Vilos"}},{"type":"Feature","geometry":{"type":"Point","coordinates":[-71.65673,-35.8217]},"properties":{"nombre":"Fotovolt Lin","tecnologia":"Solar Fotovoltaico","estado":"En Operación","potencia_mw":4.5,"medio":"PMGD","titular":"Ailin Fotovoltaica SpA","region":"Maule","comuna":"Linares"}},{"type":"Feature","geometry":{"type":"Point","coordinates":[-71.65546,-35.82407]},"properties":{"nombre":"Fotovolt Linares II","tecnologia":"Solar Fotovoltaico","estado":"En Operación","potencia_mw":1.5,"medio":"PMGD","titular":"Ailin Fotovoltaica SpA","region":"Maule","comuna":"Linares"}},{"type":"Feature","geometry":{"type":"Point","coordinates":[-71.26796,-32.57909]},"properties":{"nombre":"Fragata","tecnologia":"Solar Fotovoltaico","estado":"En Operación","potencia_mw":2.99,"medio":"PMGD","titular":"PFV Fragata SpA","region":"Valparaíso","comuna":"Zapallar"}},{"type":"Feature","geometry":{"type":"Point","coordinates":[-70.63093,-34.00024]},"properties":{"nombre":"Francisco","tecnologia":"Solar Fotovoltaico","estado":"En Operación","potencia_mw":3.0,"medio":"PMGD","titular":"GR Boldo SpA","region":"O'Higgins","comuna":"Mostazal"}},{"type":"Feature","geometry":{"type":"Point","coordinates":[-72.62043,-37.65882]},"properties":{"nombre":"Fulgor","tecnologia":"Solar Fotovoltaico","estado":"En Operación","potencia_mw":2.64,"medio":"PMGD","titular":"Parque Fulgor SpA","region":"Biobío","comuna":"Negrete"}},{"type":"Feature","geometry":{"type":"Point","coordinates":[-70.91982,-33.2628]},"properties":{"nombre":"Fuster del Verano","tecnologia":"Solar Fotovoltaico","estado":"En Operación","potencia_mw":9.0,"medio":"PMGD","titular":"Lascar Energy SpA","region":"Metropolitana","comuna":"Lampa"}},{"type":"Feature","geometry":{"type":"Point","coordinates":[-69.40927,-23.46973]},"properties":{"nombre":"FV Bolero","tecnologia":"Solar Fotovoltaico","estado":"En Operación","potencia_mw":122.039,"medio":"-","titular":"Bolero SpA","region":"Antofagasta","comuna":"Sierra Gorda"}},{"type":"Feature","geometry":{"type":"Point","coordinates":[-68.59881,-24.01567]},"properties":{"nombre":"FV de los Andes","tecnologia":"Solar Fotovoltaico","estado":"En Operación","potencia_mw":8.928,"medio":"PMG","titular":"Fotovoltaica De Los Andes SpA","region":"Antofagasta","comuna":"Antofagasta"}},{"type":"Feature","geometry":{"type":"Point","coordinates":[-68.59902,-24.01782]},"properties":{"nombre":"FV del Desierto","tecnologia":"Solar Fotovoltaico","estado":"En Operación","potencia_mw":8.35,"medio":"PMG","titular":"Fotovoltaica del Desierto SpA","region":"Antofagasta","comuna":"Antofagasta"}},{"type":"Feature","geometry":{"type":"Point","coordinates":[-72.36339,-37.44407]},"properties":{"nombre":"FV Hurtado","tecnologia":"Solar Fotovoltaico","estado":"En Operación","potencia_mw":2.7,"medio":"PMGD","titular":"Patricia Solar SpA","region":"Biobío","comuna":"Los Ángeles"}},{"type":"Feature","geometry":{"type":"Point","coordinates":[-70.60513,-33.82408]},"properties":{"nombre":"Gabardo del Verano Solar","tecnologia":"Solar Fotovoltaico","estado":"En Operación","potencia_mw":6.0,"medio":"PMGD","titular":"Salado Energy SpA","region":"Metropolitana","comuna":"Paine"}},{"type":"Feature","geometry":{"type":"Point","coordinates":[-70.69496,-29.98179]},"properties":{"nombre":"Gabriela","tecnologia":"Solar Fotovoltaico","estado":"En Operación","potencia_mw":9.0,"medio":"PMGD","titular":"Bronte SpA","region":"Coquimbo","comuna":"Vicuña"}},{"type":"Feature","geometry":{"type":"Point","coordinates":[-71.6999,-35.8318]},"properties":{"nombre":"Genova","tecnologia":"Solar Fotovoltaico","estado":"En Operación","potencia_mw":9.0,"medio":"PMGD","titular":"Genova Solar SpA","region":"Maule","comuna":"Linares"}},{"type":"Feature","geometry":{"type":"Point","coordinates":[-71.73921,-34.38115]},"properties":{"nombre":"GR Alcón Solar","tecnologia":"Solar Fotovoltaico","estado":"En Operación","potencia_mw":9.0,"medio":"PMGD","titular":"GR Lleuque SpA","region":"O'Higgins","comuna":"Marchihue"}},{"type":"Feature","geometry":{"type":"Point","coordinates":[-71.12718,-34.41683]},"properties":{"nombre":"GR Peumo","tecnologia":"Solar Fotovoltaico","estado":"En Operación","potencia_mw":8.0,"medio":"PMGD","titular":"GR Ciprés SpA","region":"O'Higgins","comuna":"San Vicente de Tagua Tagua"}},{"type":"Feature","geometry":{"type":"Point","coordinates":[-71.29393,-33.99764]},"properties":{"nombre":"GR Santa Rosa","tecnologia":"Solar Fotovoltaico","estado":"En Operación","potencia_mw":8.888,"medio":"PMGD","titular":"GR Chaquihue SpA","region":"Metropolitana","comuna":"San Pedro de Melipilla"}},{"type":"Feature","geometry":{"type":"Point","coordinates":[-71.14028,-34.80602]},"properties":{"nombre":"Gran Teno","tecnologia":"Solar Fotovoltaico","estado":"En Operación","potencia_mw":199.562,"medio":"-","titular":"GR Algarrobo SpA","region":"Maule","comuna":"Teno"}},{"type":"Feature","geometry":{"type":"Point","coordinates":[-71.63381,-35.80996]},"properties":{"nombre":"Granada","tecnologia":"Solar Fotovoltaico","estado":"En Operación","potencia_mw":9.0,"medio":"PMGD","titular":"Granada SpA","region":"Maule","comuna":"Linares"}},{"type":"Feature","geometry":{"type":"Point","coordinates":[-71.26506,-30.59059]},"properties":{"nombre":"Granate","tecnologia":"Solar Fotovoltaico","estado":"En Operación","potencia_mw":9.0,"medio":"PMGD","titular":"Granate SpA","region":"Coquimbo","comuna":"Ovalle"}},{"type":"Feature","geometry":{"type":"Point","coordinates":[-69.49638,-20.80834]},"properties":{"nombre":"Granja Solar","tecnologia":"Solar Fotovoltaico","estado":"En Operación","potencia_mw":109.59,"medio":"-","titular":"Copec Renovables SpA","region":"Tarapacá","comuna":"Pozo Almonte"}},{"type":"Feature","geometry":{"type":"Point","coordinates":[-71.57197,-34.25262]},"properties":{"nombre":"Guadalao","tecnologia":"Solar Fotovoltaico","estado":"En Operación","potencia_mw":2.99,"medio":"PMGD","titular":"Fotovoltaica Mañío SpA","region":"O'Higgins","comuna":"La Estrella"}},{"type":"Feature","geometry":{"type":"Point","coordinates":[-70.53046,-32.85084]},"properties":{"nombre":"Guadalupe","tecnologia":"Solar Fotovoltaico","estado":"En Operación","potencia_mw":5.6,"medio":"PMGD","titular":"Guadalupe Solar SpA","region":"Valparaíso","comuna":"Los Andes"}},{"type":"Feature","geometry":{"type":"Point","coordinates":[-70.85948,-33.56171]},"properties":{"nombre":"Guanaco Ampliación","tecnologia":"Solar Fotovoltaico","estado":"En Operación","potencia_mw":6.0,"medio":"PMGD","titular":"Incahuasi energy SpA","region":"Metropolitana","comuna":"Padre Hurtado"}},{"type":"Feature","geometry":{"type":"Point","coordinates":[-69.94835,-26.66221]},"properties":{"nombre":"Guanchoi","tecnologia":"Solar Fotovoltaico","estado":"En Operación","potencia_mw":356.61,"medio":"-","titular":"Enel Green Power Chile S.A.","region":"Atacama","comuna":"Diego de Almagro"}},{"type":"Feature","geometry":{"type":"Point","coordinates":[-71.63122,-34.0734]},"properties":{"nombre":"Guaraná","tecnologia":"Solar Fotovoltaico","estado":"En Operación","potencia_mw":1.1,"medio":"PMGD","titular":"Solar TI Dieciséis SpA","region":"O'Higgins","comuna":"Litueche"}},{"type":"Feature","geometry":{"type":"Point","coordinates":[-70.97428,-32.84302]},"properties":{"nombre":"Helios","tecnologia":"Solar Fotovoltaico","estado":"En Operación","potencia_mw":3.0,"medio":"PMGD","titular":"Parsosy Helios SpA","region":"Valparaíso","comuna":"Llaillay"}},{"type":"Feature","geometry":{"type":"Point","coordinates":[-72.87488,-37.98972]},"properties":{"nombre":"Hergo Los Sauces","tecnologia":"Solar Fotovoltaico","estado":"En Operación","potencia_mw":3.0,"medio":"PMGD","titular":"Los Sauces Solar II SpA","region":"Araucanía","comuna":"Los Sauces"}},{"type":"Feature","geometry":{"type":"Point","coordinates":[-71.67817,-35.51222]},"properties":{"nombre":"Hijuela 4","tecnologia":"Solar Fotovoltaico","estado":"En Operación","potencia_mw":3.0,"medio":"PMGD","titular":"Enel Green Power Chile S.A.","region":"Maule","comuna":"Maule"}},{"type":"Feature","geometry":{"type":"Point","coordinates":[-70.63996,-33.96411]},"properties":{"nombre":"Homero Solar","tecnologia":"Solar Fotovoltaico","estado":"En Operación","potencia_mw":2.99,"medio":"PMGD","titular":"GR Espino SpA","region":"O'Higgins","comuna":"Mostazal"}},{"type":"Feature","geometry":{"type":"Point","coordinates":[-70.73478,-33.84184]},"properties":{"nombre":"Horizonte","tecnologia":"Solar Fotovoltaico","estado":"En Operación","potencia_mw":6.0,"medio":"PMGD","titular":"PSF Paine SpA","region":"Metropolitana","comuna":"Paine"}},{"type":"Feature","geometry":{"type":"Point","coordinates":[-70.72022,-32.71604]},"properties":{"nombre":"Hormiga","tecnologia":"Solar Fotovoltaico","estado":"En Operación","potencia_mw":2.541,"medio":"PMGD","titular":"Hormiga Solar SpA","region":"Valparaíso","comuna":"San Felipe"}},{"type":"Feature","geometry":{"type":"Point","coordinates":[-70.1912,-27.73469]},"properties":{"nombre":"Hornitos","tecnologia":"Solar Fotovoltaico","estado":"En Operación","potencia_mw":0.321,"medio":"PMGD","titular":"Solarity SpA","region":"Atacama","comuna":"Tierra Amarilla"}},{"type":"Feature","geometry":{"type":"Point","coordinates":[-71.5605,-35.34732]},"properties":{"nombre":"Hortensias","tecnologia":"Solar Fotovoltaico","estado":"En Operación","potencia_mw":2.975,"medio":"PMGD","titular":"Aurora Solar SpA","region":"Maule","comuna":"San Rafael"}},{"type":"Feature","geometry":{"type":"Point","coordinates":[-72.25131,-36.60393]},"properties":{"nombre":"Huape","tecnologia":"Solar Fotovoltaico","estado":"En Operación","potencia_mw":2.967,"medio":"PMGD","titular":"Farmdo Energy Chile SpA","region":"Ñuble","comuna":"Chillán"}},{"type":"Feature","geometry":{"type":"Point","coordinates":[-71.24027,-30.82816]},"properties":{"nombre":"Huaquelón","tecnologia":"Solar Fotovoltaico","estado":"En Operación","potencia_mw":9.0,"medio":"PMGD","titular":"Nueva Gales SpA","region":"Coquimbo","comuna":"Punitaqui"}},{"type":"Feature","geometry":{"type":"Point","coordinates":[-69.46468,-21.13582]},"properties":{"nombre":"Huatacondo","tecnologia":"Solar Fotovoltaico","estado":"En Operación","potencia_mw":88.1,"medio":"-","titular":"Austriansolar Chile Cuatro SpA","region":"Tarapacá","comuna":"Pozo Almonte"}},{"type":"Feature","geometry":{"type":"Point","coordinates":[-70.69852,-33.34408]},"properties":{"nombre":"ICB","tecnologia":"Solar Fotovoltaico","estado":"En Operación","potencia_mw":0.3,"medio":"PMGD","titular":"ICB Inmobiliaria S.A.","region":"Metropolitana","comuna":"Quilicura"}},{"type":"Feature","geometry":{"type":"Point","coordinates":[-71.11622,-34.30959]},"properties":{"nombre":"Idahue del Verano","tecnologia":"Solar Fotovoltaico","estado":"En Operación","potencia_mw":3.0,"medio":"PMGD","titular":"Palpana de Verano SpA","region":"O'Higgins","comuna":"Coltauco"}},{"type":"Feature","geometry":{"type":"Point","coordinates":[-71.14289,-31.61278]},"properties":{"nombre":"Illapel 5x","tecnologia":"Solar Fotovoltaico","estado":"En Operación","potencia_mw":2.987,"medio":"PMGD","titular":"Parsosy Illpael 5 SpA","region":"Coquimbo","comuna":"Illapel"}},{"type":"Feature","geometry":{"type":"Point","coordinates":[-70.89036,-33.14513]},"properties":{"nombre":"Independencia","tecnologia":"Solar Fotovoltaico","estado":"En Operación","potencia_mw":2.7,"medio":"PMGD","titular":"La Independencia Solar SpA","region":"Metropolitana","comuna":"Tiltil"}},{"type":"Feature","geometry":{"type":"Point","coordinates":[-71.36269,-35.1582]},"properties":{"nombre":"Itahue Solar","tecnologia":"Solar Fotovoltaico","estado":"En Operación","potencia_mw":4.994,"medio":"PMGD","titular":"Cobena Energía SpA","region":"Maule","comuna":"Río Claro"}},{"type":"Feature","geometry":{"type":"Point","coordinates":[-70.9738,-31.1859]},"properties":{"nombre":"Jacarandá","tecnologia":"Solar Fotovoltaico","estado":"En Operación","potencia_mw":3.02,"medio":"PMGD","titular":"Jacaranda SpA","region":"Coquimbo","comuna":"Combarbalá"}},{"type":"Feature","geometry":{"type":"Point","coordinates":[-70.62101,-32.68301]},"properties":{"nombre":"Jahuel","tecnologia":"Solar Fotovoltaico","estado":"En Operación","potencia_mw":5.6,"medio":"PMGD","titular":"Chester Solar I SpA","region":"Valparaíso","comuna":"Santa María"}},{"type":"Feature","geometry":{"type":"Point","coordinates":[-68.69941,-22.58605]},"properties":{"nombre":"Jama","tecnologia":"Solar Fotovoltaico","estado":"En Operación","potencia_mw":51.0,"medio":"-","titular":"Planta Solar San Pedro III SpA","region":"Antofagasta","comuna":"Calama"}},{"type":"Feature","geometry":{"type":"Point","coordinates":[-70.87803,-32.39607]},"properties":{"nombre":"Jardín Solar Petorca","tecnologia":"Solar Fotovoltaico","estado":"En Operación","potencia_mw":0.2,"medio":"PMGD","titular":"PSF Petorca SpA","region":"Valparaíso","comuna":"Cabildo"}},{"type":"Feature","geometry":{"type":"Point","coordinates":[-71.27117,-32.45377]},"properties":{"nombre":"Jaururo Solar","tecnologia":"Solar Fotovoltaico","estado":"En Operación","potencia_mw":2.723,"medio":"PMGD","titular":"Fotovoltaica Jaururo SpA","region":"Valparaíso","comuna":"La Ligua"}},{"type":"Feature","geometry":{"type":"Point","coordinates":[-70.22074,-26.30374]},"properties":{"nombre":"Javiera","tecnologia":"Solar Fotovoltaico","estado":"En Operación","potencia_mw":63.3,"medio":"-","titular":"Javiera SpA","region":"Atacama","comuna":"Chañaral"}},{"type":"Feature","geometry":{"type":"Point","coordinates":[-70.72784,-33.75162]},"properties":{"nombre":"Javiera Carrera","tecnologia":"Solar Fotovoltaico","estado":"En Operación","potencia_mw":9.0,"medio":"PMGD","titular":"GR Torres del Paine SpA","region":"Metropolitana","comuna":"Buin"}},{"type":"Feature","geometry":{"type":"Point","coordinates":[-71.16298,-35.07425]},"properties":{"nombre":"Jilguero","tecnologia":"Solar Fotovoltaico","estado":"En Operación","potencia_mw":1.7,"medio":"PMGD","titular":"PFV Jilguero SpA","region":"Maule","comuna":"Curicó"}},{"type":"Feature","geometry":{"type":"Point","coordinates":[-70.25255,-27.59885]},"properties":{"nombre":"Jotabeche","tecnologia":"Solar Fotovoltaico","estado":"En Operación","potencia_mw":9.0,"medio":"PMGD","titular":"Parque Solar Jotabeche SpA","region":"Atacama","comuna":"Tierra Amarilla"}},{"type":"Feature","geometry":{"type":"Point","coordinates":[-70.74742,-33.2966]},"properties":{"nombre":"Kaufmann","tecnologia":"Solar Fotovoltaico","estado":"En Operación","potencia_mw":0.814,"medio":"PMGD","titular":"AES Andes S.A.","region":"Metropolitana","comuna":"Lampa"}},{"type":"Feature","geometry":{"type":"Point","coordinates":[-70.71469,-32.78298]},"properties":{"nombre":"Konda","tecnologia":"Solar Fotovoltaico","estado":"En Operación","potencia_mw":2.995,"medio":"PMGD","titular":"Konda Solar SpA","region":"Valparaíso","comuna":"San Felipe"}},{"type":"Feature","geometry":{"type":"Point","coordinates":[-71.08363,-34.48549]},"properties":{"nombre":"La Acacia","tecnologia":"Solar Fotovoltaico","estado":"En Operación","potencia_mw":8.44,"medio":"PMGD","titular":"La Acacia SpA","region":"O'Higgins","comuna":"San Vicente de Tagua Tagua"}},{"type":"Feature","geometry":{"type":"Point","coordinates":[-71.73164,-34.04496]},"properties":{"nombre":"La Blanquina","tecnologia":"Solar Fotovoltaico","estado":"En Operación","potencia_mw":8.97,"medio":"PMGD","titular":"Solar La Blanquina SpA","region":"O'Higgins","comuna":"Codegua"}},{"type":"Feature","geometry":{"type":"Point","coordinates":[-71.11217,-30.5165]},"properties":{"nombre":"La Chapeana","tecnologia":"Solar Fotovoltaico","estado":"En Operación","potencia_mw":2.905,"medio":"PMGD","titular":"La Chapeana SpA","region":"Coquimbo","comuna":"Ovalle"}},{"type":"Feature","geometry":{"type":"Point","coordinates":[-71.23494,-30.65216]},"properties":{"nombre":"La Chimba Bis","tecnologia":"Solar Fotovoltaico","estado":"En Operación","potencia_mw":2.76,"medio":"PMGD","titular":"La Chimba Bis SpA","region":"Coquimbo","comuna":"Ovalle"}},{"type":"Feature","geometry":{"type":"Point","coordinates":[-70.78254,-33.82027]},"properties":{"nombre":"La Colonia","tecnologia":"Solar Fotovoltaico","estado":"En Operación","potencia_mw":9.0,"medio":"PMGD","titular":"Enel Green Power Chile S.A.","region":"Metropolitana","comuna":"Buin"}},{"type":"Feature","geometry":{"type":"Point","coordinates":[-71.9442,-36.40145]},"properties":{"nombre":"La Cosecha","tecnologia":"Solar Fotovoltaico","estado":"En Operación","potencia_mw":9.0,"medio":"PMGD","titular":"Sociedad Energías Renovables El Alamo SpA","region":"Ñuble","comuna":"San Carlos"}},{"type":"Feature","geometry":{"type":"Point","coordinates":[-69.61214,-22.25717]},"properties":{"nombre":"La Cruz Solar","tecnologia":"Solar Fotovoltaico","estado":"En Operación","potencia_mw":52.02,"medio":"-","titular":"Fotovoltaica Norte Grande 1 SpA","region":"Antofagasta","comuna":"María Elena"}},{"type":"Feature","geometry":{"type":"Point","coordinates":[-71.07659,-34.02849]},"properties":{"nombre":"La Estancia","tecnologia":"Solar Fotovoltaico","estado":"En Operación","potencia_mw":3.0,"medio":"PMGD","titular":"GR Meli SpA","region":"Metropolitana","comuna":"Alhué"}},{"type":"Feature","geometry":{"type":"Point","coordinates":[-71.79505,-34.95916]},"properties":{"nombre":"La Foresta","tecnologia":"Solar Fotovoltaico","estado":"En Operación","potencia_mw":2.739,"medio":"PMGD","titular":"Sociedad Energías Renovables Los Lirios SpA","region":"Maule","comuna":"Hualañé"}},{"type":"Feature","geometry":{"type":"Point","coordinates":[-71.76717,-34.82618]},"properties":{"nombre":"La Frontera","tecnologia":"Solar Fotovoltaico","estado":"En Operación","potencia_mw":4.8,"medio":"PMGD","titular":"PV La Frontera SpA","region":"O'Higgins","comuna":"Lolol"}},{"type":"Feature","geometry":{"type":"Point","coordinates":[-70.68962,-34.1542]},"properties":{"nombre":"La Gamboína","tecnologia":"Solar Fotovoltaico","estado":"En Operación","potencia_mw":5.0,"medio":"PMGD","titular":"PSF La Gamboina SpA","region":"O'Higgins","comuna":"Rancagua"}},{"type":"Feature","geometry":{"type":"Point","coordinates":[-69.53401,-20.45456]},"properties":{"nombre":"La Huayca II","tecnologia":"Solar Fotovoltaico","estado":"En Operación","potencia_mw":25.05,"medio":"-","titular":"SPS La Huayca S.A.","region":"Tarapacá","comuna":"Pozo Almonte"}},{"type":"Feature","geometry":{"type":"Point","coordinates":[-70.89227,-29.1412]},"properties":{"nombre":"La Huella","tecnologia":"Solar Fotovoltaico","estado":"En Operación","potencia_mw":84.0,"medio":"-","titular":"Austriansolar Chile Seis SpA","region":"Coquimbo","comuna":"La Higuera"}},{"type":"Feature","geometry":{"type":"Point","coordinates":[-71.71385,-35.04986]},"properties":{"nombre":"La Huerta","tecnologia":"Solar Fotovoltaico","estado":"En Operación","potencia_mw":2.97,"medio":"PMGD","titular":"La Huerta SpA","region":"Maule","comuna":"Hualañé"}},{"type":"Feature","geometry":{"type":"Point","coordinates":[-71.39009,-34.64803]},"properties":{"nombre":"La Lajuela","tecnologia":"Solar Fotovoltaico","estado":"En Operación","potencia_mw":6.88,"medio":"PMGD","titular":"Rigel SpA","region":"O'Higgins","comuna":"Santa Cruz"}},{"type":"Feature","geometry":{"type":"Point","coordinates":[-71.23149,-32.42963]},"properties":{"nombre":"La Ligua","tecnologia":"Solar Fotovoltaico","estado":"En Operación","potencia_mw":2.99,"medio":"PMGD","titular":"Illalolén S.A.","region":"Valparaíso","comuna":"La Ligua"}},{"type":"Feature","geometry":{"type":"Point","coordinates":[-71.57291,-33.9134]},"properties":{"nombre":"La Manga","tecnologia":"Solar Fotovoltaico","estado":"En Operación","potencia_mw":2.96,"medio":"PMGD","titular":"La Manga Energy SpA","region":"Metropolitana","comuna":"San Pedro de Melipilla"}},{"type":"Feature","geometry":{"type":"Point","coordinates":[-71.1121,-34.45]},"properties":{"nombre":"La Muralla","tecnologia":"Solar Fotovoltaico","estado":"En Operación","potencia_mw":2.99,"medio":"PMGD","titular":"Parque Solar La Muralla SpA","region":"O'Higgins","comuna":"San Vicente de Tagua Tagua"}},{"type":"Feature","geometry":{"type":"Point","coordinates":[-72.14657,-36.59737]},"properties":{"nombre":"La Palma","tecnologia":"Solar Fotovoltaico","estado":"En Operación","potencia_mw":9.0,"medio":"PMGD","titular":"Santa Elvira Energy SpA","region":"Ñuble","comuna":"Chillán"}},{"type":"Feature","geometry":{"type":"Point","coordinates":[-70.78924,-33.36462]},"properties":{"nombre":"La Paz","tecnologia":"Solar Fotovoltaico","estado":"En Operación","potencia_mw":9.0,"medio":"PMGD","titular":"Planta Solar La Paz II SpA","region":"Metropolitana","comuna":"Pudahuel"}},{"type":"Feature","geometry":{"type":"Point","coordinates":[-72.21497,-37.52213]},"properties":{"nombre":"La Perla","tecnologia":"Solar Fotovoltaico","estado":"En Operación","potencia_mw":1.0,"medio":"PMGD","titular":"MVC Solar 38 SpA","region":"Biobío","comuna":"Los Ángeles"}},{"type":"Feature","geometry":{"type":"Point","coordinates":[-70.71171,-33.02892]},"properties":{"nombre":"La Quinta Solar","tecnologia":"Solar Fotovoltaico","estado":"En Operación","potencia_mw":2.99,"medio":"PMGD","titular":"Quinta Solar SpA","region":"Metropolitana","comuna":"Colina"}},{"type":"Feature","geometry":{"type":"Point","coordinates":[-71.11147,-33.47634]},"properties":{"nombre":"La Rosa de Sharon","tecnologia":"Solar Fotovoltaico","estado":"En Operación","potencia_mw":0.75,"medio":"PMGD","titular":"La Rosa de Sharon SpA","region":"Metropolitana","comuna":"María Pinto"}},{"type":"Feature","geometry":{"type":"Point","coordinates":[-70.35996,-27.44519]},"properties":{"nombre":"La Travesía","tecnologia":"Solar Fotovoltaico","estado":"En Operación","potencia_mw":9.0,"medio":"PMGD","titular":"Parque Solar Tabolango SpA","region":"Atacama","comuna":"Copiapó"}},{"type":"Feature","geometry":{"type":"Point","coordinates":[-72.29338,-35.99178]},"properties":{"nombre":"La Vendimia","tecnologia":"Solar Fotovoltaico","estado":"En Operación","potencia_mw":9.0,"medio":"PMGD","titular":"Energías Renovables El Boldo SpA","region":"Maule","comuna":"Cauquenes"}},{"type":"Feature","geometry":{"type":"Point","coordinates":[-72.02917,-36.6188]},"properties":{"nombre":"La Victoria","tecnologia":"Solar Fotovoltaico","estado":"En Operación","potencia_mw":9.0,"medio":"PMGD","titular":"Magdalena Solar SpA","region":"Ñuble","comuna":"Chillán"}},{"type":"Feature","geometry":{"type":"Point","coordinates":[-71.1119,-30.50755]},"properties":{"nombre":"Lagunilla","tecnologia":"Solar Fotovoltaico","estado":"En Operación","potencia_mw":3.0,"medio":"PMGD","titular":"GR Pacific Pan de Azúcar SpA","region":"Coquimbo","comuna":"Ovalle"}},{"type":"Feature","geometry":{"type":"Point","coordinates":[-72.64853,-37.28116]},"properties":{"nombre":"Laja Andino","tecnologia":"Solar Fotovoltaico","estado":"En Operación","potencia_mw":9.0,"medio":"PMGD","titular":"Andina Solar 10 SpA","region":"Biobío","comuna":"Laja"}},{"type":"Feature","geometry":{"type":"Point","coordinates":[-70.30305,-25.11923]},"properties":{"nombre":"Lalackama","tecnologia":"Solar Fotovoltaico","estado":"En Operación","potencia_mw":54.835,"medio":"-","titular":"Enel Green Power Chile S.A.","region":"Antofagasta","comuna":"Taltal"}},{"type":"Feature","geometry":{"type":"Point","coordinates":[-70.30988,-25.10889]},"properties":{"nombre":"Lalackama II","tecnologia":"Solar Fotovoltaico","estado":"En Operación","potencia_mw":16.451,"medio":"-","titular":"Enel Green Power Chile S.A.","region":"Antofagasta","comuna":"Taltal"}},{"type":"Feature","geometry":{"type":"Point","coordinates":[-72.2701,-36.7449]},"properties":{"nombre":"Larqui","tecnologia":"Solar Fotovoltaico","estado":"En Operación","potencia_mw":9.018,"medio":"PMG","titular":"Larqui Solar SpA","region":"Ñuble","comuna":"Bulnes"}},{"type":"Feature","geometry":{"type":"Point","coordinates":[-71.17653,-34.85932]},"properties":{"nombre":"Las Arboledas","tecnologia":"Solar Fotovoltaico","estado":"En Operación","potencia_mw":2.99,"medio":"PMGD","titular":"Teno III SpA","region":"Maule","comuna":"Teno"}},{"type":"Feature","geometry":{"type":"Point","coordinates":[-71.12799,-35.16744]},"properties":{"nombre":"Las Bandurrias","tecnologia":"Solar Fotovoltaico","estado":"En Operación","potencia_mw":3.0,"medio":"PMGD","titular":"PFV Las Bandurrias SpA","region":"Maule","comuna":"Curicó"}},{"type":"Feature","geometry":{"type":"Point","coordinates":[-71.32301,-34.34879]},"properties":{"nombre":"Las Cabras","tecnologia":"Solar Fotovoltaico","estado":"En Operación","potencia_mw":2.99,"medio":"PMGD","titular":"RCL Solar SpA","region":"O'Higgins","comuna":"Pichidegua"}},{"type":"Feature","geometry":{"type":"Point","coordinates":[-71.2977,-34.06983]},"properties":{"nombre":"Las Cabras- Quilamuta","tecnologia":"Solar Fotovoltaico","estado":"En Operación","potencia_mw":1.09,"medio":"-","titular":"Verfrut - Solarity","region":"O'Higgins","comuna":"Las Cabras"}},{"type":"Feature","geometry":{"type":"Point","coordinates":[-70.96352,-34.5837]},"properties":{"nombre":"Las Cachañas","tecnologia":"Solar Fotovoltaico","estado":"En Operación","potencia_mw":9.0,"medio":"PMGD","titular":"PFV Las Cachañas SpA","region":"O'Higgins","comuna":"San Fernando"}},{"type":"Feature","geometry":{"type":"Point","coordinates":[-71.63111,-35.8025]},"properties":{"nombre":"Las Catitas","tecnologia":"Solar Fotovoltaico","estado":"En Operación","potencia_mw":9.0,"medio":"PMGD","titular":"PFV Las Catitas SpA","region":"Maule","comuna":"Linares"}},{"type":"Feature","geometry":{"type":"Point","coordinates":[-71.51991,-34.28056]},"properties":{"nombre":"Las Chacras","tecnologia":"Solar Fotovoltaico","estado":"En Operación","potencia_mw":2.97,"medio":"PMGD","titular":"Las Chacras Energy SpA","region":"O'Higgins","comuna":"La Estrella"}},{"type":"Feature","geometry":{"type":"Point","coordinates":[-70.25645,-18.53223]},"properties":{"nombre":"Las Chilcas","tecnologia":"Solar Fotovoltaico","estado":"En Operación","potencia_mw":9.0,"medio":"PMGD","titular":"Las Chilcas Solar SpA","region":"Arica y Parinacota","comuna":"Arica"}},{"type":"Feature","geometry":{"type":"Point","coordinates":[-72.01813,-36.45182]},"properties":{"nombre":"Las Codornices","tecnologia":"Solar Fotovoltaico","estado":"En Operación","potencia_mw":2.98,"medio":"PMGD","titular":"PFV Las Codornices SpA","region":"Ñuble","comuna":"San Carlos"}},{"type":"Feature","geometry":{"type":"Point","coordinates":[-71.41249,-35.71958]},"properties":{"nombre":"Las Golondrinas","tecnologia":"Solar Fotovoltaico","estado":"En Operación","potencia_mw":9.0,"medio":"PMGD","titular":"PFV Las Golondrinas SpA","region":"Maule","comuna":"Colbún"}},{"type":"Feature","geometry":{"type":"Point","coordinates":[-70.99324,-34.55771]},"properties":{"nombre":"Las Guindillas","tecnologia":"Solar Fotovoltaico","estado":"En Operación","potencia_mw":9.0,"medio":"PMGD","titular":"Sur Solar SpA","region":"O'Higgins","comuna":"San Fernando"}},{"type":"Feature","geometry":{"type":"Point","coordinates":[-72.05755,-36.49669]},"properties":{"nombre":"Las Lechuzas","tecnologia":"Solar Fotovoltaico","estado":"En Operación","potencia_mw":3.0,"medio":"PMGD","titular":"PFV Las Lechuzas SpA","region":"Ñuble","comuna":"San Carlos"}},{"type":"Feature","geometry":{"type":"Point","coordinates":[-70.93719,-30.66976]},"properties":{"nombre":"Las Majadas","tecnologia":"Solar Fotovoltaico","estado":"En Operación","potencia_mw":9.0,"medio":"PMGD","titular":"Don Pedro SpA","region":"Coquimbo","comuna":"Monte Patria"}},{"type":"Feature","geometry":{"type":"Point","coordinates":[-70.80131,-34.27945]},"properties":{"nombre":"Las Mercedes","tecnologia":"Solar Fotovoltaico","estado":"En Operación","potencia_mw":2.966,"medio":"PMGD","titular":"Sonnedix Fotovoltaica Algarrobo SpA","region":"O'Higgins","comuna":"Requínoa"}},{"type":"Feature","geometry":{"type":"Point","coordinates":[-71.22556,-30.67633]},"properties":{"nombre":"Las Mollacas","tecnologia":"Solar Fotovoltaico","estado":"En Operación","potencia_mw":2.905,"medio":"PMGD","titular":"Las Mollacas SpA","region":"Coquimbo","comuna":"Ovalle"}},{"type":"Feature","geometry":{"type":"Point","coordinates":[-71.49491,-33.6247]},"properties":{"nombre":"Las Palmas del Verano Solar","tecnologia":"Solar Fotovoltaico","estado":"En Operación","potencia_mw":2.8,"medio":"PMGD","titular":"Capurata del Verano SpA","region":"Valparaíso","comuna":"San Antonio"}},{"type":"Feature","geometry":{"type":"Point","coordinates":[-72.00497,-36.78588]},"properties":{"nombre":"Las Palomas","tecnologia":"Solar Fotovoltaico","estado":"En Operación","potencia_mw":2.99,"medio":"PMGD","titular":"PV Las Palomas SpA","region":"Ñuble","comuna":"Bulnes"}},{"type":"Feature","geometry":{"type":"Point","coordinates":[-71.587,-35.35766]},"properties":{"nombre":"Las Perdices","tecnologia":"Solar Fotovoltaico","estado":"En Operación","potencia_mw":2.966,"medio":"PMGD","titular":"Sonnedix Las Perdices SpA","region":"Maule","comuna":"Talca"}},{"type":"Feature","geometry":{"type":"Point","coordinates":[-71.10827,-29.84332]},"properties":{"nombre":"Las Rojas","tecnologia":"Solar Fotovoltaico","estado":"En Operación","potencia_mw":2.995,"medio":"PMGD","titular":"Marquesa Solar SpA","region":"Coquimbo","comuna":"La Serena"}},{"type":"Feature","geometry":{"type":"Point","coordinates":[-68.95386,-22.85504]},"properties":{"nombre":"Las Salinas - Etapa 1","tecnologia":"Solar Fotovoltaico","estado":"En Operación","potencia_mw":198.191,"medio":"-","titular":"Enel Green Power Chile S.A.","region":"Antofagasta","comuna":"Sierra Gorda"}},{"type":"Feature","geometry":{"type":"Point","coordinates":[-71.29534,-30.22256]},"properties":{"nombre":"Las Tacas","tecnologia":"Solar Fotovoltaico","estado":"En Operación","potencia_mw":3.0,"medio":"PMGD","titular":"Enel Green Power Chile S.A.","region":"Coquimbo","comuna":"Coquimbo"}},{"type":"Feature","geometry":{"type":"Point","coordinates":[-71.23569,-29.83397]},"properties":{"nombre":"Las Taguas","tecnologia":"Solar Fotovoltaico","estado":"En Operación","potencia_mw":9.0,"medio":"PMGD","titular":"PFV Las Taguas SpA","region":"Coquimbo","comuna":"La Serena"}},{"type":"Feature","geometry":{"type":"Point","coordinates":[-71.09327,-34.41926]},"properties":{"nombre":"Las Tencas","tecnologia":"Solar Fotovoltaico","estado":"En Operación","potencia_mw":9.0,"medio":"PMGD","titular":"PFV Las Tencas SpA","region":"O'Higgins","comuna":"San Vicente de Tagua Tagua"}},{"type":"Feature","geometry":{"type":"Point","coordinates":[-70.3408,-27.62854]},"properties":{"nombre":"Las Terrazas (Atacama)","tecnologia":"Solar Fotovoltaico","estado":"En Operación","potencia_mw":2.99,"medio":"PMGD","titular":"Energía Atacama S.A.","region":"Atacama","comuna":"Tierra Amarilla"}},{"type":"Feature","geometry":{"type":"Point","coordinates":[-72.39571,-36.76818]},"properties":{"nombre":"Las Tórtolas","tecnologia":"Solar Fotovoltaico","estado":"En Operación","potencia_mw":3.0,"medio":"PMGD","titular":"PFV Las Torcazas SpA","region":"Ñuble","comuna":"Bulnes"}},{"type":"Feature","geometry":{"type":"Point","coordinates":[-71.28206,-33.80384]},"properties":{"nombre":"Las Turcas","tecnologia":"Solar Fotovoltaico","estado":"En Operación","potencia_mw":2.99,"medio":"PMGD","titular":"PV Las Turcas SpA","region":"Metropolitana","comuna":"Melipilla"}},{"type":"Feature","geometry":{"type":"Point","coordinates":[-71.79333,-35.61479]},"properties":{"nombre":"Lemu","tecnologia":"Solar Fotovoltaico","estado":"En Operación","potencia_mw":4.97,"medio":"PMGD","titular":"GR Alerce SpA","region":"Maule","comuna":"San Javier"}},{"type":"Feature","geometry":{"type":"Point","coordinates":[-71.48038,-33.61543]},"properties":{"nombre":"Leyda","tecnologia":"Solar Fotovoltaico","estado":"En Operación","potencia_mw":80.0,"medio":"-","titular":"Parque Solar Leyda SpA","region":"Valparaíso","comuna":"San Antonio"}},{"type":"Feature","geometry":{"type":"Point","coordinates":[-70.90022,-33.73291]},"properties":{"nombre":"Liebre del Verano","tecnologia":"Solar Fotovoltaico","estado":"En Operación","potencia_mw":9.0,"medio":"PMGD","titular":"Guallatiri SpA","region":"Metropolitana","comuna":"Isla de Maipo"}},{"type":"Feature","geometry":{"type":"Point","coordinates":[-70.75038,-34.31418]},"properties":{"nombre":"Lilium","tecnologia":"Solar Fotovoltaico","estado":"En Operación","potencia_mw":2.2,"medio":"PMGD","titular":"Lirios de Chumaquito SpA","region":"O'Higgins","comuna":"Requínoa"}},{"type":"Feature","geometry":{"type":"Point","coordinates":[-71.31483,-34.72641]},"properties":{"nombre":"Lima","tecnologia":"Solar Fotovoltaico","estado":"En Operación","potencia_mw":3.0,"medio":"PMGD","titular":"Parque Fotovoltaico Chépica SpA","region":"O'Higgins","comuna":"Chépica"}},{"type":"Feature","geometry":{"type":"Point","coordinates":[-71.62477,-35.85472]},"properties":{"nombre":"Linares","tecnologia":"Solar Fotovoltaico","estado":"En Operación","potencia_mw":8.98,"medio":"PMGD","titular":"Linares Generación SpA","region":"Maule","comuna":"Linares"}},{"type":"Feature","geometry":{"type":"Point","coordinates":[-70.3026,-23.85577]},"properties":{"nombre":"Lince Solar","tecnologia":"Solar Fotovoltaico","estado":"En Operación","potencia_mw":9.0,"medio":"PMGD","titular":"Orion Solar SpA","region":"Antofagasta","comuna":"Antofagasta"}},{"type":"Feature","geometry":{"type":"Point","coordinates":[-71.39275,-33.38274]},"properties":{"nombre":"Lingue","tecnologia":"Solar Fotovoltaico","estado":"En Operación","potencia_mw":3.0,"medio":"PMGD","titular":"Lingue SpA","region":"Valparaíso","comuna":"Casablanca"}},{"type":"Feature","geometry":{"type":"Point","coordinates":[-70.91717,-33.3385]},"properties":{"nombre":"Lipangue","tecnologia":"Solar Fotovoltaico","estado":"En Operación","potencia_mw":2.99,"medio":"PMGD","titular":"Espinos S.A.","region":"Metropolitana","comuna":"Lampa"}},{"type":"Feature","geometry":{"type":"Point","coordinates":[-70.53871,-32.82446]},"properties":{"nombre":"Liquidambar","tecnologia":"Solar Fotovoltaico","estado":"En Operación","potencia_mw":9.0,"medio":"PMGD","titular":"CVE Proyecto Siete SpA","region":"Valparaíso","comuna":"San Esteban"}},{"type":"Feature","geometry":{"type":"Point","coordinates":[-71.16291,-33.59573]},"properties":{"nombre":"Lirio del Campo","tecnologia":"Solar Fotovoltaico","estado":"En Operación","potencia_mw":2.779,"medio":"PMGD","titular":"Lirio De Campo Solar SpA","region":"Metropolitana","comuna":"Melipilla"}},{"type":"Feature","geometry":{"type":"Point","coordinates":[-70.80296,-34.23597]},"properties":{"nombre":"Lirios","tecnologia":"Solar Fotovoltaico","estado":"En Operación","potencia_mw":4.75,"medio":"PMGD","titular":"Planta Solar Los Lirios II SpA","region":"O'Higgins","comuna":"Requínoa"}},{"type":"Feature","geometry":{"type":"Point","coordinates":[-71.6024,-33.41822]},"properties":{"nombre":"Litoral","tecnologia":"Solar Fotovoltaico","estado":"En Operación","potencia_mw":9.0,"medio":"PMGD","titular":"Litoral Solar Spa","region":"Valparaíso","comuna":"El Quisco"}},{"type":"Feature","geometry":{"type":"Point","coordinates":[-70.17114,-27.11746]},"properties":{"nombre":"Llano de Llampos","tecnologia":"Solar Fotovoltaico","estado":"En Operación","potencia_mw":101.02,"medio":"-","titular":"Amanecer Solar SpA","region":"Atacama","comuna":"Copiapó"}},{"type":"Feature","geometry":{"type":"Point","coordinates":[-70.86156,-29.75455]},"properties":{"nombre":"Llanos de Potroso","tecnologia":"Solar Fotovoltaico","estado":"En Operación","potencia_mw":9.0,"medio":"PMGD","titular":"Llanos de Potroso SpA","region":"Coquimbo","comuna":"La Serena"}},{"type":"Feature","geometry":{"type":"Point","coordinates":[-70.95842,-32.85186]},"properties":{"nombre":"Llay Llay","tecnologia":"Solar Fotovoltaico","estado":"En Operación","potencia_mw":9.0,"medio":"PMGD","titular":"Xué Solar SpA","region":"Valparaíso","comuna":"Llaillay"}},{"type":"Feature","geometry":{"type":"Point","coordinates":[-71.39634,-32.88727]},"properties":{"nombre":"Lliu Lliu","tecnologia":"Solar Fotovoltaico","estado":"En Operación","potencia_mw":3.0,"medio":"PMGD","titular":"Andina Solar 6 SpA","region":"Valparaíso","comuna":"Quillota"}},{"type":"Feature","geometry":{"type":"Point","coordinates":[-70.27349,-27.42265]},"properties":{"nombre":"Lloica","tecnologia":"Solar Fotovoltaico","estado":"En Operación","potencia_mw":3.0,"medio":"PMGD","titular":"PFV Las Loicas SpA","region":"Atacama","comuna":"Copiapó"}},{"type":"Feature","geometry":{"type":"Point","coordinates":[-70.24385,-18.40888]},"properties":{"nombre":"Lluta Solar","tecnologia":"Solar Fotovoltaico","estado":"En Operación","potencia_mw":2.7,"medio":"PMGD","titular":"El Peral SpA","region":"Arica y Parinacota","comuna":"Arica"}},{"type":"Feature","geometry":{"type":"Point","coordinates":[-70.75995,-33.38302]},"properties":{"nombre":"Lo Boza","tecnologia":"Solar Fotovoltaico","estado":"En Operación","potencia_mw":0.768,"medio":"PMGD","titular":"Rizoma IC Energy SpA","region":"Metropolitana","comuna":"Pudahuel"}},{"type":"Feature","geometry":{"type":"Point","coordinates":[-71.31508,-33.98576]},"properties":{"nombre":"Lo Chacón","tecnologia":"Solar Fotovoltaico","estado":"En Operación","potencia_mw":2.99,"medio":"PMGD","titular":"PFV Lo Chacón SpA","region":"Metropolitana","comuna":"San Pedro de Melipilla"}},{"type":"Feature","geometry":{"type":"Point","coordinates":[-70.91969,-34.23954]},"properties":{"nombre":"Lo Conty","tecnologia":"Solar Fotovoltaico","estado":"En Operación","potencia_mw":1.65,"medio":"PMGD","titular":"Maui Solar SpA","region":"O'Higgins","comuna":"Coinco"}},{"type":"Feature","geometry":{"type":"Point","coordinates":[-71.32941,-33.98415]},"properties":{"nombre":"Lo Sierra","tecnologia":"Solar Fotovoltaico","estado":"En Operación","potencia_mw":2.965,"medio":"PMGD","titular":"Parque Solar H6 SpA","region":"Metropolitana","comuna":"San Pedro de Melipilla"}},{"type":"Feature","geometry":{"type":"Point","coordinates":[-70.25858,-23.6013]},"properties":{"nombre":"Lockma","tecnologia":"Solar Fotovoltaico","estado":"En Operación","potencia_mw":9.0,"medio":"PMGD","titular":"CE Centinela Solar SpA","region":"Antofagasta","comuna":"Antofagasta"}},{"type":"Feature","geometry":{"type":"Point","coordinates":[-71.78785,-35.61203]},"properties":{"nombre":"Loica","tecnologia":"Solar Fotovoltaico","estado":"En Operación","potencia_mw":3.0,"medio":"PMGD","titular":"Loica SpA","region":"Maule","comuna":"San Javier"}},{"type":"Feature","geometry":{"type":"Point","coordinates":[-70.88172,-34.19893]},"properties":{"nombre":"Lo Miranda","tecnologia":"Solar Fotovoltaico","estado":"En Operación","potencia_mw":5.955,"medio":"PMGD","titular":"PFV Doñihue SpA","region":"O'Higgins","comuna":"Doñihue"}},{"type":"Feature","geometry":{"type":"Point","coordinates":[-70.82614,-34.3904]},"properties":{"nombre":"Lo Miguel","tecnologia":"Solar Fotovoltaico","estado":"En Operación","potencia_mw":9.0,"medio":"PMGD","titular":"Planta Solar Lo Miguel II SpA","region":"O'Higgins","comuna":"Rengo"}},{"type":"Feature","geometry":{"type":"Point","coordinates":[-70.79959,-32.95181]},"properties":{"nombre":"Loma Los Colorados","tecnologia":"Solar Fotovoltaico","estado":"En Operación","potencia_mw":0.764,"medio":"PMG","titular":"KDM Energía S.A.","region":"Metropolitana","comuna":"Tiltil"}},{"type":"Feature","geometry":{"type":"Point","coordinates":[-70.56933,-33.74429]},"properties":{"nombre":"Loma Tendida del Verano","tecnologia":"Solar Fotovoltaico","estado":"En Operación","potencia_mw":2.993,"medio":"PMGD","titular":"Paruma del Verano SpA","region":"Metropolitana","comuna":"Pirque"}},{"type":"Feature","geometry":{"type":"Point","coordinates":[-71.02255,-31.18638]},"properties":{"nombre":"Lomas Coloradas","tecnologia":"Solar Fotovoltaico","estado":"En Operación","potencia_mw":1.99,"medio":"PMGD","titular":"PSF Lomas Coloradas S.A.","region":"Coquimbo","comuna":"Combarbalá"}},{"type":"Feature","geometry":{"type":"Point","coordinates":[-71.49681,-32.78811]},"properties":{"nombre":"Loncura","tecnologia":"Solar Fotovoltaico","estado":"En Operación","potencia_mw":9.0,"medio":"PMGD","titular":"Tedlar Diemos SpA","region":"Valparaíso","comuna":"Quintero"}},{"type":"Feature","geometry":{"type":"Point","coordinates":[-71.06329,-34.24349]},"properties":{"nombre":"Loreto Solar","tecnologia":"Solar Fotovoltaico","estado":"En Operación","potencia_mw":2.97,"medio":"PMGD","titular":"Fotovoltaica Acacia SpA","region":"O'Higgins","comuna":"Coltauco"}},{"type":"Feature","geometry":{"type":"Point","coordinates":[-71.31367,-34.97695]},"properties":{"nombre":"Loro Choroy","tecnologia":"Solar Fotovoltaico","estado":"En Operación","potencia_mw":9.0,"medio":"PMGD","titular":"PFV El Loro Choroy SpA","region":"Maule","comuna":"Curicó"}},{"type":"Feature","geometry":{"type":"Point","coordinates":[-72.09675,-37.13733]},"properties":{"nombre":"Los Banos","tecnologia":"Solar Fotovoltaico","estado":"En Operación","potencia_mw":5.993,"medio":"PMGD","titular":"Parque Solar Esmeralda SpA","region":"Ñuble","comuna":"Yungay"}},{"type":"Feature","geometry":{"type":"Point","coordinates":[-71.24594,-33.55671]},"properties":{"nombre":"Los Cisnes","tecnologia":"Solar Fotovoltaico","estado":"En Operación","potencia_mw":6.0,"medio":"PMGD","titular":"PFV Los Cisnes SpA","region":"Metropolitana","comuna":"María Pinto"}},{"type":"Feature","geometry":{"type":"Point","coordinates":[-70.90371,-33.56102]},"properties":{"nombre":"Los Corrales del Verano","tecnologia":"Solar Fotovoltaico","estado":"En Operación","potencia_mw":9.0,"medio":"PMGD","titular":"Licancabur de Verano SpA","region":"Metropolitana","comuna":"Padre Hurtado"}},{"type":"Feature","geometry":{"type":"Point","coordinates":[-72.86322,-37.98008]},"properties":{"nombre":"Los Eucaliptos","tecnologia":"Solar Fotovoltaico","estado":"En Operación","potencia_mw":2.99,"medio":"PMGD","titular":"Los Sauces Solar I SpA","region":"Araucanía","comuna":"Los Sauces"}},{"type":"Feature","geometry":{"type":"Point","coordinates":[-71.08208,-33.42645]},"properties":{"nombre":"Los Girasoles","tecnologia":"Solar Fotovoltaico","estado":"En Operación","potencia_mw":2.627,"medio":"PMGD","titular":"Los Girasoles SpA","region":"Metropolitana","comuna":"Curacaví"}},{"type":"Feature","geometry":{"type":"Point","coordinates":[-71.76103,-36.03395]},"properties":{"nombre":"Los Gorriones","tecnologia":"Solar Fotovoltaico","estado":"En Operación","potencia_mw":3.0,"medio":"PMGD","titular":"PV Los Gorriones SpA","region":"Maule","comuna":"Retiro"}},{"type":"Feature","geometry":{"type":"Point","coordinates":[-71.09575,-32.46071]},"properties":{"nombre":"Los Jotes","tecnologia":"Solar Fotovoltaico","estado":"En Operación","potencia_mw":3.0,"medio":"PMGD","titular":"PFV Los Jotes SpA","region":"Valparaíso","comuna":"Cabildo"}},{"type":"Feature","geometry":{"type":"Point","coordinates":[-71.37733,-34.25594]},"properties":{"nombre":"Los Lagos","tecnologia":"Solar Fotovoltaico","estado":"En Operación","potencia_mw":2.2,"medio":"PMGD","titular":"Los Lagos SpA","region":"O'Higgins","comuna":"Las Cabras"}},{"type":"Feature","geometry":{"type":"Point","coordinates":[-70.78274,-34.09063]},"properties":{"nombre":"Los Libertadores","tecnologia":"Solar Fotovoltaico","estado":"En Operación","potencia_mw":7.98,"medio":"PMGD","titular":"PV Libertadores SpA","region":"O'Higgins","comuna":"Graneros"}},{"type":"Feature","geometry":{"type":"Point","coordinates":[-70.16848,-27.85138]},"properties":{"nombre":"Los Loros","tecnologia":"Solar Fotovoltaico","estado":"En Operación","potencia_mw":45.847,"medio":"-","titular":"Parque Solar Los Loros","region":"Atacama","comuna":"Tierra Amarilla"}},{"type":"Feature","geometry":{"type":"Point","coordinates":[-71.44137,-33.3914]},"properties":{"nombre":"Los Magnolios Solar","tecnologia":"Solar Fotovoltaico","estado":"En Operación","potencia_mw":2.99,"medio":"PMGD","titular":"Litre SpA","region":"Valparaíso","comuna":"Casablanca"}},{"type":"Feature","geometry":{"type":"Point","coordinates":[-71.26505,-33.57232]},"properties":{"nombre":"Los Molinos","tecnologia":"Solar Fotovoltaico","estado":"En Operación","potencia_mw":9.0,"medio":"PMGD","titular":"Los Molinos SpA","region":"Metropolitana","comuna":"María Pinto"}},{"type":"Feature","geometry":{"type":"Point","coordinates":[-70.65651,-33.64762]},"properties":{"nombre":"Los Morros I","tecnologia":"Solar Fotovoltaico","estado":"En Operación","potencia_mw":2.6,"medio":"PMGD","titular":"Compañía Eléctrica los Morros S.A.","region":"Metropolitana","comuna":"San Bernardo"}},{"type":"Feature","geometry":{"type":"Point","coordinates":[-71.34368,-30.74119]},"properties":{"nombre":"Los Nogales","tecnologia":"Solar Fotovoltaico","estado":"En Operación","potencia_mw":2.0,"medio":"PMGD","titular":"GPG Generación Distribuida SpA","region":"Coquimbo","comuna":"Ovalle"}},{"type":"Feature","geometry":{"type":"Point","coordinates":[-71.03097,-32.39803]},"properties":{"nombre":"Los Paltos","tecnologia":"Solar Fotovoltaico","estado":"En Operación","potencia_mw":2.695,"medio":"PMGD","titular":"Parque Solar Los Paltos SpA","region":"Valparaíso","comuna":"Cabildo"}},{"type":"Feature","geometry":{"type":"Point","coordinates":[-71.61324,-35.33394]},"properties":{"nombre":"Los Patos","tecnologia":"Solar Fotovoltaico","estado":"En Operación","potencia_mw":2.99,"medio":"PMGD","titular":"PV Los Patos SpA","region":"Maule","comuna":"San Rafael"}},{"type":"Feature","geometry":{"type":"Point","coordinates":[-71.30008,-33.14692]},"properties":{"nombre":"Los Perales","tecnologia":"Solar Fotovoltaico","estado":"En Operación","potencia_mw":3.0,"medio":"PMGD","titular":"PMGD Solar Los Perales I SpA","region":"Valparaíso","comuna":"Quilpué"}},{"type":"Feature","geometry":{"type":"Point","coordinates":[-69.54557,-20.43731]},"properties":{"nombre":"Los Puquios","tecnologia":"Solar Fotovoltaico","estado":"En Operación","potencia_mw":3.0,"medio":"PMGD","titular":"Parque Solar Los Puquios SpA","region":"Tarapacá","comuna":"Pozo Almonte"}},{"type":"Feature","geometry":{"type":"Point","coordinates":[-71.60072,-35.37392]},"properties":{"nombre":"Los Robles","tecnologia":"Solar Fotovoltaico","estado":"En Operación","potencia_mw":2.99,"medio":"PMGD","titular":"Panguilemo SpA","region":"Maule","comuna":"Talca"}},{"type":"Feature","geometry":{"type":"Point","coordinates":[-70.69836,-33.02823]},"properties":{"nombre":"Los Tauretes","tecnologia":"Solar Fotovoltaico","estado":"En Operación","potencia_mw":2.9,"medio":"PMGD","titular":"CVE Proyecto Ocho SpA","region":"Metropolitana","comuna":"Colina"}},{"type":"Feature","geometry":{"type":"Point","coordinates":[-71.05943,-32.79339]},"properties":{"nombre":"Los Tilos","tecnologia":"Solar Fotovoltaico","estado":"En Operación","potencia_mw":3.5,"medio":"PMGD","titular":"Parque Fotovoltaico Ocoa II SpA","region":"Valparaíso","comuna":"Hijuelas"}},{"type":"Feature","geometry":{"type":"Point","coordinates":[-71.58133,-35.47923]},"properties":{"nombre":"Los Tordos","tecnologia":"Solar Fotovoltaico","estado":"En Operación","potencia_mw":5.0,"medio":"PMGD","titular":"PFV Los Tordos SpA","region":"Maule","comuna":"Talca"}},{"type":"Feature","geometry":{"type":"Point","coordinates":[-71.22569,-30.14773]},"properties":{"nombre":"Lucas Solar","tecnologia":"Solar Fotovoltaico","estado":"En Operación","potencia_mw":9.0,"medio":"PMGD","titular":"Don Arturo SpA","region":"Coquimbo","comuna":"Coquimbo"}},{"type":"Feature","geometry":{"type":"Point","coordinates":[-71.58799,-33.91295]},"properties":{"nombre":"Luce Solar","tecnologia":"Solar Fotovoltaico","estado":"En Operación","potencia_mw":2.696,"medio":"PMGD","titular":"Luce Solar SpA","region":"Metropolitana","comuna":"San Pedro de Melipilla"}},{"type":"Feature","geometry":{"type":"Point","coordinates":[-70.63167,-33.99441]},"properties":{"nombre":"Luders","tecnologia":"Solar Fotovoltaico","estado":"En Operación","potencia_mw":2.956,"medio":"PMGD","titular":"GR Laurel SpA","region":"O'Higgins","comuna":"Mostazal"}},{"type":"Feature","geometry":{"type":"Point","coordinates":[-71.31569,-33.64698]},"properties":{"nombre":"Lumbreras","tecnologia":"Solar Fotovoltaico","estado":"En Operación","potencia_mw":3.0,"medio":"PMGD","titular":"Betel SpA","region":"Metropolitana","comuna":"Melipilla"}},{"type":"Feature","geometry":{"type":"Point","coordinates":[-68.99716,-22.47374]},"properties":{"nombre":"Lumilla","tecnologia":"Solar Fotovoltaico","estado":"En Operación","potencia_mw":9.0,"medio":"PMGD","titular":"GR Lumilla SpA","region":"Antofagasta","comuna":"Calama"}},{"type":"Feature","geometry":{"type":"Point","coordinates":[-71.40847,-34.21439]},"properties":{"nombre":"Luna","tecnologia":"Solar Fotovoltaico","estado":"En Operación","potencia_mw":2.939,"medio":"PMGD","titular":"Luna Energy SpA","region":"O'Higgins","comuna":"Las Cabras"}},{"type":"Feature","geometry":{"type":"Point","coordinates":[-70.68001,-30.04019]},"properties":{"nombre":"Luna del Norte","tecnologia":"Solar Fotovoltaico","estado":"En Operación","potencia_mw":2.939,"medio":"PMGD","titular":"Parque Solar Luna Del Norte SpA","region":"Coquimbo","comuna":"Vicuña"}},{"type":"Feature","geometry":{"type":"Point","coordinates":[-69.89286,-27.02625]},"properties":{"nombre":"Luz del Norte","tecnologia":"Solar Fotovoltaico","estado":"En Operación","potencia_mw":141.04,"medio":"-","titular":"Parque Solar Fotovoltaico Luz del Norte SpA","region":"Atacama","comuna":"Copiapó"}},{"type":"Feature","geometry":{"type":"Point","coordinates":[-70.88748,-33.69639]},"properties":{"nombre":"Macao","tecnologia":"Solar Fotovoltaico","estado":"En Operación","potencia_mw":9.0,"medio":"PMGD","titular":"Macao Solar SpA","region":"Metropolitana","comuna":"Talagante"}},{"type":"Feature","geometry":{"type":"Point","coordinates":[-69.64099,-20.368]},"properties":{"nombre":"Macarena","tecnologia":"Solar Fotovoltaico","estado":"En Operación","potencia_mw":0.79,"medio":"PMGD","titular":"CVE Proyecto Veintiseis SpA.","region":"Tarapacá","comuna":"Pozo Almonte"}},{"type":"Feature","geometry":{"type":"Point","coordinates":[-71.40632,-35.73106]},"properties":{"nombre":"Machicura","tecnologia":"Solar Fotovoltaico","estado":"En Operación","potencia_mw":9.0,"medio":"PMG","titular":"Colbún S.A.","region":"Maule","comuna":"Colbún"}},{"type":"Feature","geometry":{"type":"Point","coordinates":[-71.44005,-32.81668]},"properties":{"nombre":"Maikono","tecnologia":"Solar Fotovoltaico","estado":"En Operación","potencia_mw":3.0,"medio":"PMGD","titular":"Tórtola SpA","region":"Valparaíso","comuna":"Quintero"}},{"type":"Feature","geometry":{"type":"Point","coordinates":[-71.3524,-32.14236]},"properties":{"nombre":"Maimalicán","tecnologia":"Solar Fotovoltaico","estado":"En Operación","potencia_mw":9.0,"medio":"PMGD","titular":"PS Maimalicán SpA.","region":"Coquimbo","comuna":"Los Vilos"}},{"type":"Feature","geometry":{"type":"Point","coordinates":[-71.58957,-33.90777]},"properties":{"nombre":"Maitenlahue","tecnologia":"Solar Fotovoltaico","estado":"En Operación","potencia_mw":2.9,"medio":"PMGD","titular":"Fotovoltaica Santa Rosario SpA","region":"Metropolitana","comuna":"San Pedro de Melipilla"}},{"type":"Feature","geometry":{"type":"Point","coordinates":[-70.18094,-27.84263]},"properties":{"nombre":"Malaquita Solar II","tecnologia":"Solar Fotovoltaico","estado":"En Operación","potencia_mw":8.985,"medio":"PMGD","titular":"Apolo del Norte SpA","region":"Atacama","comuna":"Tierra Amarilla"}},{"type":"Feature","geometry":{"type":"Point","coordinates":[-69.9455,-26.27151]},"properties":{"nombre":"Malgarida","tecnologia":"Solar Fotovoltaico","estado":"En Operación","potencia_mw":200.68,"medio":"-","titular":"Acciona Energía Chile Holdings S.A.","region":"Atacama","comuna":"Diego de Almagro"}},{"type":"Feature","geometry":{"type":"Point","coordinates":[-71.28741,-33.77401]},"properties":{"nombre":"Malinke","tecnologia":"Solar Fotovoltaico","estado":"En Operación","potencia_mw":3.0,"medio":"PMGD","titular":"Malinke Solar SpA","region":"Metropolitana","comuna":"Melipilla"}},{"type":"Feature","geometry":{"type":"Point","coordinates":[-70.85364,-33.58295]},"properties":{"nombre":"Malloco","tecnologia":"Solar Fotovoltaico","estado":"En Operación","potencia_mw":9.0,"medio":"PMGD","titular":"Malloco Solar SpA","region":"Metropolitana","comuna":"Peñaflor"}},{"type":"Feature","geometry":{"type":"Point","coordinates":[-70.9871,-32.86303]},"properties":{"nombre":"Manao","tecnologia":"Solar Fotovoltaico","estado":"En Operación","potencia_mw":3.0,"medio":"PMGD","titular":"Solar TI Doce SpA","region":"Valparaíso","comuna":"Llaillay"}},{"type":"Feature","geometry":{"type":"Point","coordinates":[-71.26797,-33.80142]},"properties":{"nombre":"Mandinga","tecnologia":"Solar Fotovoltaico","estado":"En Operación","potencia_mw":9.0,"medio":"PMGD","titular":"Mandinga Solar SpA","region":"Metropolitana","comuna":"Melipilla"}},{"type":"Feature","geometry":{"type":"Point","coordinates":[-71.23526,-33.76798]},"properties":{"nombre":"Marambio","tecnologia":"Solar Fotovoltaico","estado":"En Operación","potencia_mw":2.7,"medio":"PMGD","titular":"Parque Solar Colina SpA","region":"Metropolitana","comuna":"Melipilla"}},{"type":"Feature","geometry":{"type":"Point","coordinates":[-70.71111,-28.58419]},"properties":{"nombre":"Marañón","tecnologia":"Solar Fotovoltaico","estado":"En Operación","potencia_mw":9.0,"medio":"PMGD","titular":"PSF Santa Isabel SpA","region":"Atacama","comuna":"Vallenar"}},{"type":"Feature","geometry":{"type":"Point","coordinates":[-71.66612,-34.40669]},"properties":{"nombre":"Marchigue II","tecnologia":"Solar Fotovoltaico","estado":"En Operación","potencia_mw":8.929,"medio":"PMGD","titular":"GR Canelo SpA","region":"O'Higgins","comuna":"Marchihue"}},{"type":"Feature","geometry":{"type":"Point","coordinates":[-71.61629,-34.40609]},"properties":{"nombre":"Marchigue VII","tecnologia":"Solar Fotovoltaico","estado":"En Operación","potencia_mw":2.95,"medio":"PMGD","titular":"Marchihue VII SpA","region":"O'Higgins","comuna":"Marchihue"}},{"type":"Feature","geometry":{"type":"Point","coordinates":[-71.32321,-34.28823]},"properties":{"nombre":"Margarita X","tecnologia":"Solar Fotovoltaico","estado":"En Operación","potencia_mw":3.9,"medio":"PMGD","titular":"Margarita Solar SpA","region":"O'Higgins","comuna":"Las Cabras"}},{"type":"Feature","geometry":{"type":"Point","coordinates":[-72.39143,-37.45696]},"properties":{"nombre":"María Dolores IX","tecnologia":"Solar Fotovoltaico","estado":"En Operación","potencia_mw":9.0,"medio":"PMGD","titular":"Pedro Solar SpA","region":"Biobío","comuna":"Los Ángeles"}},{"type":"Feature","geometry":{"type":"Point","coordinates":[-69.57663,-22.2204]},"properties":{"nombre":"María Elena FV","tecnologia":"Solar Fotovoltaico","estado":"En Operación","potencia_mw":67.8,"medio":"-","titular":"Generacion Solar SpA","region":"Antofagasta","comuna":"María Elena"}},{"type":"Feature","geometry":{"type":"Point","coordinates":[-70.73479,-32.78727]},"properties":{"nombre":"Marín","tecnologia":"Solar Fotovoltaico","estado":"En Operación","potencia_mw":5.956,"medio":"PMGD","titular":"PMGD Mauco SpA","region":"Valparaíso","comuna":"San Felipe"}},{"type":"Feature","geometry":{"type":"Point","coordinates":[-71.2024,-33.5117]},"properties":{"nombre":"María Pinto","tecnologia":"Solar Fotovoltaico","estado":"En Operación","potencia_mw":2.99,"medio":"PMGD","titular":"PFV María Pinto SpA","region":"Metropolitana","comuna":"María Pinto"}},{"type":"Feature","geometry":{"type":"Point","coordinates":[-71.66192,-35.52912]},"properties":{"nombre":"Maule X","tecnologia":"Solar Fotovoltaico","estado":"En Operación","potencia_mw":7.9,"medio":"PMGD","titular":"Tielmes Energía SpA","region":"Maule","comuna":"Maule"}},{"type":"Feature","geometry":{"type":"Point","coordinates":[-72.13367,-36.74936]},"properties":{"nombre":"Meco Chillán","tecnologia":"Solar Fotovoltaico","estado":"En Operación","potencia_mw":6.0,"medio":"PMGD","titular":"Parque Solar Meco Chillan SpA","region":"Ñuble","comuna":"Bulnes"}},{"type":"Feature","geometry":{"type":"Point","coordinates":[-70.76568,-34.05162]},"properties":{"nombre":"Meli","tecnologia":"Solar Fotovoltaico","estado":"En Operación","potencia_mw":9.0,"medio":"PMGD","titular":"Meli SpA","region":"O'Higgins","comuna":"Graneros"}},{"type":"Feature","geometry":{"type":"Point","coordinates":[-70.99217,-34.78553]},"properties":{"nombre":"Membrillo","tecnologia":"Solar Fotovoltaico","estado":"En Operación","potencia_mw":2.99,"medio":"PMGD","titular":"Fotovoltaica Avellano SpA","region":"O'Higgins","comuna":"Chimbarongo"}},{"type":"Feature","geometry":{"type":"Point","coordinates":[-71.40363,-35.74953]},"properties":{"nombre":"Mercurio Sur","tecnologia":"Solar Fotovoltaico","estado":"En Operación","potencia_mw":3.0,"medio":"PMGD","titular":"Los Libertadores Solar Spa","region":"Maule","comuna":"Colbún"}},{"type":"Feature","geometry":{"type":"Point","coordinates":[-70.5408,-32.894]},"properties":{"nombre":"Meseta de Los Andes","tecnologia":"Solar Fotovoltaico","estado":"En Operación","potencia_mw":148.895,"medio":"-","titular":"Tercera Región Solar SpA","region":"Valparaíso","comuna":"Los Andes"}},{"type":"Feature","geometry":{"type":"Point","coordinates":[-71.12336,-34.84527]},"properties":{"nombre":"Milán A","tecnologia":"Solar Fotovoltaico","estado":"En Operación","potencia_mw":3.0,"medio":"PMGD","titular":"GPG Generación Distribuida SpA","region":"Maule","comuna":"Teno"}},{"type":"Feature","geometry":{"type":"Point","coordinates":[-71.78455,-35.60495]},"properties":{"nombre":"Millahue","tecnologia":"Solar Fotovoltaico","estado":"En Operación","potencia_mw":3.35,"medio":"PMGD","titular":"Blue Solar Cinco SpA","region":"Maule","comuna":"San Javier"}},{"type":"Feature","geometry":{"type":"Point","coordinates":[-70.00823,-23.44013]},"properties":{"nombre":"Mitchi","tecnologia":"Solar Fotovoltaico","estado":"En Operación","potencia_mw":9.0,"medio":"PMGD","titular":"GR Ruil SpA","region":"Antofagasta","comuna":"Antofagasta"}},{"type":"Feature","geometry":{"type":"Point","coordinates":[-71.06893,-32.32438]},"properties":{"nombre":"Montt Solar","tecnologia":"Solar Fotovoltaico","estado":"En Operación","potencia_mw":3.0,"medio":"PMGD","titular":"Canencia Energia SpA","region":"Valparaíso","comuna":"Petorca"}},{"type":"Feature","geometry":{"type":"Point","coordinates":[-71.32075,-33.9861]},"properties":{"nombre":"Mora","tecnologia":"Solar Fotovoltaico","estado":"En Operación","potencia_mw":3.0,"medio":"PMGD","titular":"Enel Green Power Chile S.A.","region":"Metropolitana","comuna":"San Pedro de Melipilla"}},{"type":"Feature","geometry":{"type":"Point","coordinates":[-70.67328,-33.98439]},"properties":{"nombre":"Mostazal","tecnologia":"Solar Fotovoltaico","estado":"En Operación","potencia_mw":9.0,"medio":"PMGD","titular":"GR Litre SpA","region":"O'Higgins","comuna":"Mostazal"}},{"type":"Feature","geometry":{"type":"Point","coordinates":[-72.35354,-37.06692]},"properties":{"nombre":"Moya","tecnologia":"Solar Fotovoltaico","estado":"En Operación","potencia_mw":9.0,"medio":"PMGD","titular":"Suvan Solar SpA","region":"Biobío","comuna":"Cabrero"}},{"type":"Feature","geometry":{"type":"Point","coordinates":[-71.87444,-36.43605]},"properties":{"nombre":"Mutupin","tecnologia":"Solar Fotovoltaico","estado":"En Operación","potencia_mw":9.0,"medio":"PMGD","titular":"Montejo Energía SpA","region":"Ñuble","comuna":"San Carlos"}},{"type":"Feature","geometry":{"type":"Point","coordinates":[-71.1877,-33.75089]},"properties":{"nombre":"Nahuén","tecnologia":"Solar Fotovoltaico","estado":"En Operación","potencia_mw":9.0,"medio":"PMGD","titular":"GR Pilo SpA","region":"Metropolitana","comuna":"Melipilla"}},{"type":"Feature","geometry":{"type":"Point","coordinates":[-70.74237,-34.04993]},"properties":{"nombre":"Nan","tecnologia":"Solar Fotovoltaico","estado":"En Operación","potencia_mw":6.7,"medio":"PMGD","titular":"GR Hornopirén SpA","region":"O'Higgins","comuna":"Graneros"}},{"type":"Feature","geometry":{"type":"Point","coordinates":[-71.22973,-34.66361]},"properties":{"nombre":"Nancagua","tecnologia":"Solar Fotovoltaico","estado":"En Operación","potencia_mw":6.0,"medio":"PMGD","titular":"Parque Solar La Muralla Dos SpA","region":"O'Higgins","comuna":"Nancagua"}},{"type":"Feature","geometry":{"type":"Point","coordinates":[-71.06179,-33.71397]},"properties":{"nombre":"Nazarino del Verano","tecnologia":"Solar Fotovoltaico","estado":"En Operación","potencia_mw":3.0,"medio":"PMGD","titular":"Socompa de Verano SpA","region":"Metropolitana","comuna":"El Monte"}},{"type":"Feature","geometry":{"type":"Point","coordinates":[-71.45053,-34.49299]},"properties":{"nombre":"Newentún","tecnologia":"Solar Fotovoltaico","estado":"En Operación","potencia_mw":6.0,"medio":"PMGD","titular":"Newentún SpA","region":"O'Higgins","comuna":"Peralillo"}},{"type":"Feature","geometry":{"type":"Point","coordinates":[-71.56536,-33.96223]},"properties":{"nombre":"Nihue","tecnologia":"Solar Fotovoltaico","estado":"En Operación","potencia_mw":2.9,"medio":"PMGD","titular":"Nihue Solar SpA","region":"Metropolitana","comuna":"San Pedro de Melipilla"}},{"type":"Feature","geometry":{"type":"Point","coordinates":[-71.1645,-32.09909]},"properties":{"nombre":"Norte Chico","tecnologia":"Solar Fotovoltaico","estado":"En Operación","potencia_mw":1.948,"medio":"PMGD","titular":"Acotango de Verano SpA","region":"Coquimbo","comuna":"Los Vilos"}},{"type":"Feature","geometry":{"type":"Point","coordinates":[-70.91755,-29.12364]},"properties":{"nombre":"North West","tecnologia":"Solar Fotovoltaico","estado":"En Operación","potencia_mw":9.0,"medio":"PMG","titular":"Generadora North West SpA","region":"Atacama","comuna":"Vallenar"}},{"type":"Feature","geometry":{"type":"Point","coordinates":[-69.49503,-21.65018]},"properties":{"nombre":"Nuevo Quillagua","tecnologia":"Solar Fotovoltaico","estado":"En Operación","potencia_mw":95.052,"medio":"-","titular":"Parque Fotovoltaico Nuevo Quillagua SpA","region":"Antofagasta","comuna":"María Elena"}},{"type":"Feature","geometry":{"type":"Point","coordinates":[-70.9263,-32.71055]},"properties":{"nombre":"Ñilhue","tecnologia":"Solar Fotovoltaico","estado":"En Operación","potencia_mw":1.1,"medio":"PMGD","titular":"Gestel Ingeniería Ltda.","region":"Valparaíso","comuna":"Catemu"}},{"type":"Feature","geometry":{"type":"Point","coordinates":[-71.78223,-36.30391]},"properties":{"nombre":"Ñiquén","tecnologia":"Solar Fotovoltaico","estado":"En Operación","potencia_mw":2.994,"medio":"PMGD","titular":"Maiten SpA","region":"Ñuble","comuna":"Ñiquén"}},{"type":"Feature","geometry":{"type":"Point","coordinates":[-71.05888,-32.79606]},"properties":{"nombre":"Ocoa","tecnologia":"Solar Fotovoltaico","estado":"En Operación","potencia_mw":3.0,"medio":"PMGD","titular":"Parque Fotovoltaico Ocoa SpA","region":"Valparaíso","comuna":"Hijuelas"}},{"type":"Feature","geometry":{"type":"Point","coordinates":[-70.71222,-30.05382]},"properties":{"nombre":"Olivia","tecnologia":"Solar Fotovoltaico","estado":"En Operación","potencia_mw":3.0,"medio":"PMGD","titular":"GPG Generación Distribuida SpA","region":"Coquimbo","comuna":"Vicuña"}},{"type":"Feature","geometry":{"type":"Point","coordinates":[-70.68878,-30.035]},"properties":{"nombre":"Olivier","tecnologia":"Solar Fotovoltaico","estado":"En Operación","potencia_mw":2.4,"medio":"PMGD","titular":"GPG Generación Distribuida SpA","region":"Coquimbo","comuna":"Vicuña"}},{"type":"Feature","geometry":{"type":"Point","coordinates":[-71.39186,-33.28966]},"properties":{"nombre":"Olivillo","tecnologia":"Solar Fotovoltaico","estado":"En Operación","potencia_mw":8.85,"medio":"PMGD","titular":"Árbol SpA","region":"Valparaíso","comuna":"Casablanca"}},{"type":"Feature","geometry":{"type":"Point","coordinates":[-72.03174,-36.59622]},"properties":{"nombre":"Orion Solar","tecnologia":"Solar Fotovoltaico","estado":"En Operación","potencia_mw":2.98,"medio":"PMGD","titular":"Orion Solar SpA","region":"Ñuble","comuna":"Chillán"}},{"type":"Feature","geometry":{"type":"Point","coordinates":[-71.21475,-30.54616]},"properties":{"nombre":"Orquídea Solar","tecnologia":"Solar Fotovoltaico","estado":"En Operación","potencia_mw":3.0,"medio":"PMGD","titular":"CVE Proyecto Quince SpA","region":"Coquimbo","comuna":"Ovalle"}},{"type":"Feature","geometry":{"type":"Point","coordinates":[-71.23943,-30.56903]},"properties":{"nombre":"Ovalle Norte","tecnologia":"Solar Fotovoltaico","estado":"En Operación","potencia_mw":9.0,"medio":"PMGD","titular":"Parque Solar Ovalle Norte SpA","region":"Coquimbo","comuna":"Ovalle"}},{"type":"Feature","geometry":{"type":"Point","coordinates":[-71.62464,-35.85618]},"properties":{"nombre":"Pachira","tecnologia":"Solar Fotovoltaico","estado":"En Operación","potencia_mw":9.0,"medio":"PMGD","titular":"El Naranjal SpA","region":"Maule","comuna":"Linares"}},{"type":"Feature","geometry":{"type":"Point","coordinates":[-72.38356,-37.49008]},"properties":{"nombre":"Paillihue Solar","tecnologia":"Solar Fotovoltaico","estado":"En Operación","potencia_mw":8.994,"medio":"PMGD","titular":"Andina Solar 17 Este SpA","region":"Biobío","comuna":"Los Ángeles"}},{"type":"Feature","geometry":{"type":"Point","coordinates":[-71.39951,-33.99566]},"properties":{"nombre":"Palermo Solar","tecnologia":"Solar Fotovoltaico","estado":"En Operación","potencia_mw":8.98,"medio":"PMG","titular":"GPG Generación Distribuida SpA","region":"Metropolitana","comuna":"San Pedro de Melipilla"}},{"type":"Feature","geometry":{"type":"Point","coordinates":[-71.22947,-32.95914]},"properties":{"nombre":"Palto Sunlight","tecnologia":"Solar Fotovoltaico","estado":"En Operación","potencia_mw":9.0,"medio":"PMGD","titular":"Palto Sunlight SpA","region":"Valparaíso","comuna":"Quillota"}},{"type":"Feature","geometry":{"type":"Point","coordinates":[-71.03082,-31.19498]},"properties":{"nombre":"Pama","tecnologia":"Solar Fotovoltaico","estado":"En Operación","potencia_mw":1.99,"medio":"PMGD","titular":"PSF Pama S.A.","region":"Coquimbo","comuna":"Combarbalá"}},{"type":"Feature","geometry":{"type":"Point","coordinates":[-70.11258,-18.88578]},"properties":{"nombre":"Pampa Camarones","tecnologia":"Solar Fotovoltaico","estado":"En Operación","potencia_mw":6.153,"medio":"PMG","titular":"Engie Energía Chile S.A.","region":"Arica y Parinacota","comuna":"Arica"}},{"type":"Feature","geometry":{"type":"Point","coordinates":[-70.17987,-25.53295]},"properties":{"nombre":"Pampa Solar Norte","tecnologia":"Solar Fotovoltaico","estado":"En Operación","potencia_mw":65.865,"medio":"-","titular":"Arcadia Generacion Solar S.A.","region":"Antofagasta","comuna":"Taltal"}},{"type":"Feature","geometry":{"type":"Point","coordinates":[-69.79625,-23.85504]},"properties":{"nombre":"Pampa Tigre","tecnologia":"Solar Fotovoltaico","estado":"En Operación","potencia_mw":101.892,"medio":"-","titular":"AR Pampa SpA","region":"Antofagasta","comuna":"Antofagasta"}},{"type":"Feature","geometry":{"type":"Point","coordinates":[-71.59281,-35.38545]},"properties":{"nombre":"Panguilemo Aeropuerto","tecnologia":"Solar Fotovoltaico","estado":"En Operación","potencia_mw":5.5,"medio":"PMGD","titular":"Parque Solar Retiro SpA","region":"Maule","comuna":"Talca"}},{"type":"Feature","geometry":{"type":"Point","coordinates":[-70.81318,-32.77758]},"properties":{"nombre":"Panquehue II","tecnologia":"Solar Fotovoltaico","estado":"En Operación","potencia_mw":6.0,"medio":"PMGD","titular":"GR Lingue SpA","region":"Valparaíso","comuna":"Panquehue"}},{"type":"Feature","geometry":{"type":"Point","coordinates":[-71.32708,-35.11348]},"properties":{"nombre":"Paraguay","tecnologia":"Solar Fotovoltaico","estado":"En Operación","potencia_mw":8.887,"medio":"PMGD","titular":"PFV La Molina SpA","region":"Maule","comuna":"Molina"}},{"type":"Feature","geometry":{"type":"Point","coordinates":[-70.29454,-24.63848]},"properties":{"nombre":"Paranal","tecnologia":"Solar Fotovoltaico","estado":"En Operación","potencia_mw":4.0,"medio":"PMGD","titular":"Sagesa S.A.","region":"Antofagasta","comuna":"Taltal"}},{"type":"Feature","geometry":{"type":"Point","coordinates":[-71.28035,-34.0027]},"properties":{"nombre":"Parque Alhué","tecnologia":"Solar Fotovoltaico","estado":"En Operación","potencia_mw":6.0,"medio":"PMGD","titular":"Membrillo Solar SpA","region":"Metropolitana","comuna":"San Pedro de Melipilla"}},{"type":"Feature","geometry":{"type":"Point","coordinates":[-71.19634,-34.46892]},"properties":{"nombre":"Parque PVP La Rosa","tecnologia":"Solar Fotovoltaico","estado":"En Operación","potencia_mw":6.0,"medio":"PMGD","titular":"Parque Solar La Rosa II SpA","region":"O'Higgins","comuna":"San Vicente de Tagua Tagua"}},{"type":"Feature","geometry":{"type":"Point","coordinates":[-71.17244,-34.5108]},"properties":{"nombre":"Parque PVP Mayos","tecnologia":"Solar Fotovoltaico","estado":"En Operación","potencia_mw":2.3,"medio":"PMGD","titular":"Parque Solar Santa Cruz SpA","region":"O'Higgins","comuna":"San Vicente de Tagua Tagua"}},{"type":"Feature","geometry":{"type":"Point","coordinates":[-71.26504,-32.93155]},"properties":{"nombre":"Parque PVP San Isidro","tecnologia":"Solar Fotovoltaico","estado":"En Operación","potencia_mw":9.0,"medio":"PMGD","titular":"Parque Solar San Isidro SpA","region":"Valparaíso","comuna":"Quillota"}},{"type":"Feature","geometry":{"type":"Point","coordinates":[-71.34393,-34.59703]},"properties":{"nombre":"Parque Santa Cruz","tecnologia":"Solar Fotovoltaico","estado":"En Operación","potencia_mw":9.0,"medio":"PMGD","titular":"Parque Solar Lo Chacon SpA","region":"O'Higgins","comuna":"Palmilla"}},{"type":"Feature","geometry":{"type":"Point","coordinates":[-71.21522,-31.66307]},"properties":{"nombre":"Parque Solar Cuz Cuz","tecnologia":"Solar Fotovoltaico","estado":"En Operación","potencia_mw":2.97,"medio":"PMGD","titular":"Parque Solar Cuz Cuz SpA","region":"Coquimbo","comuna":"Illapel"}},{"type":"Feature","geometry":{"type":"Point","coordinates":[-69.52243,-22.34464]},"properties":{"nombre":"Parque Solar Finis Terrae","tecnologia":"Solar Fotovoltaico","estado":"En Operación","potencia_mw":241.394,"medio":"-","titular":"Enel Green Power Chile S.A.","region":"Antofagasta","comuna":"María Elena"}},{"type":"Feature","geometry":{"type":"Point","coordinates":[-70.76821,-33.09493]},"properties":{"nombre":"Parque Solar Ovejería","tecnologia":"Solar Fotovoltaico","estado":"En Operación","potencia_mw":9.0,"medio":"PMGD","titular":"Colbún S.A.","region":"Metropolitana","comuna":"Tiltil"}},{"type":"Feature","geometry":{"type":"Point","coordinates":[-71.14307,-30.63865]},"properties":{"nombre":"Pastrán","tecnologia":"Solar Fotovoltaico","estado":"En Operación","potencia_mw":9.0,"medio":"PMGD","titular":"Pastrán SpA","region":"Coquimbo","comuna":"Ovalle"}},{"type":"Feature","geometry":{"type":"Point","coordinates":[-71.27341,-33.65934]},"properties":{"nombre":"Patagua","tecnologia":"Solar Fotovoltaico","estado":"En Operación","potencia_mw":9.0,"medio":"PMGD","titular":"Enel Green Power Chile S.A.","region":"Metropolitana","comuna":"Melipilla"}},{"type":"Feature","geometry":{"type":"Point","coordinates":[-70.9499,-33.53446]},"properties":{"nombre":"Pataguilla","tecnologia":"Solar Fotovoltaico","estado":"En Operación","potencia_mw":9.088,"medio":"PMG","titular":"Pataguilla Solar SpA","region":"Metropolitana","comuna":"Curacaví"}},{"type":"Feature","geometry":{"type":"Point","coordinates":[-70.9512,-33.702]},"properties":{"nombre":"Patricia del Verano Solar","tecnologia":"Solar Fotovoltaico","estado":"En Operación","potencia_mw":9.0,"medio":"PMGD","titular":"Pomerape SpA","region":"Metropolitana","comuna":"Talagante"}},{"type":"Feature","geometry":{"type":"Point","coordinates":[-70.91059,-32.80215]},"properties":{"nombre":"Pedreros Solar","tecnologia":"Solar Fotovoltaico","estado":"En Operación","potencia_mw":2.987,"medio":"PMGD","titular":"Isabel Solar SpA","region":"Valparaíso","comuna":"Panquehue"}},{"type":"Feature","geometry":{"type":"Point","coordinates":[-72.02001,-36.60402]},"properties":{"nombre":"Pegasus Solar","tecnologia":"Solar Fotovoltaico","estado":"En Operación","potencia_mw":2.98,"medio":"PMGD","titular":"Pegasus Solar SpA","region":"Ñuble","comuna":"Coihueco"}},{"type":"Feature","geometry":{"type":"Point","coordinates":[-72.0881,-37.14888]},"properties":{"nombre":"Pellín","tecnologia":"Solar Fotovoltaico","estado":"En Operación","potencia_mw":9.0,"medio":"PMGD","titular":"Solar TI Quince SpA","region":"Ñuble","comuna":"Yungay"}},{"type":"Feature","geometry":{"type":"Point","coordinates":[-71.15282,-33.03477]},"properties":{"nombre":"Pelumpen Solar","tecnologia":"Solar Fotovoltaico","estado":"En Operación","potencia_mw":2.9,"medio":"PMGD","titular":"CVE Proyecto Dieciocho SpA","region":"Valparaíso","comuna":"Olmué"}},{"type":"Feature","geometry":{"type":"Point","coordinates":[-71.8171,-35.41902]},"properties":{"nombre":"Pencahue","tecnologia":"Solar Fotovoltaico","estado":"En Operación","potencia_mw":4.0,"medio":"PMGD","titular":"Hiruela Energía SpA","region":"Maule","comuna":"Pencahue"}},{"type":"Feature","geometry":{"type":"Point","coordinates":[-71.74445,-35.40454]},"properties":{"nombre":"Pencahue Este","tecnologia":"Solar Fotovoltaico","estado":"En Operación","potencia_mw":2.99,"medio":"PMGD","titular":"Parque Solar Porvenir SpA","region":"Maule","comuna":"Pencahue"}},{"type":"Feature","geometry":{"type":"Point","coordinates":[-70.9076,-33.5656]},"properties":{"nombre":"Peñaflor","tecnologia":"Solar Fotovoltaico","estado":"En Operación","potencia_mw":9.0,"medio":"PMGD","titular":"Peteroa Energy SpA","region":"Metropolitana","comuna":"Padre Hurtado"}},{"type":"Feature","geometry":{"type":"Point","coordinates":[-70.83034,-33.75442]},"properties":{"nombre":"Pepa Solar","tecnologia":"Solar Fotovoltaico","estado":"En Operación","potencia_mw":9.0,"medio":"PMGD","titular":"PMGD Pepa SpA","region":"Metropolitana","comuna":"Isla de Maipo"}},{"type":"Feature","geometry":{"type":"Point","coordinates":[-71.16235,-34.85121]},"properties":{"nombre":"Pequén","tecnologia":"Solar Fotovoltaico","estado":"En Operación","potencia_mw":2.9,"medio":"PMGD","titular":"Pequén SpA","region":"Maule","comuna":"Teno"}},{"type":"Feature","geometry":{"type":"Point","coordinates":[-71.71169,-35.0367]},"properties":{"nombre":"Peralillo","tecnologia":"Solar Fotovoltaico","estado":"En Operación","potencia_mw":2.956,"medio":"PMGD","titular":"Parronal Energy SpA","region":"Maule","comuna":"Hualañé"}},{"type":"Feature","geometry":{"type":"Point","coordinates":[-71.01183,-31.83013]},"properties":{"nombre":"Perséfone Solar","tecnologia":"Solar Fotovoltaico","estado":"En Operación","potencia_mw":4.05,"medio":"PMGD","titular":"CVE Proyecto Treinta y Uno SpA","region":"Coquimbo","comuna":"Salamanca"}},{"type":"Feature","geometry":{"type":"Point","coordinates":[-71.58741,-33.6299]},"properties":{"nombre":"Pesaro","tecnologia":"Solar Fotovoltaico","estado":"En Operación","potencia_mw":3.0,"medio":"PMGD","titular":"Pesaro Solar SpA","region":"Valparaíso","comuna":"San Antonio"}},{"type":"Feature","geometry":{"type":"Point","coordinates":[-69.86704,-27.00424]},"properties":{"nombre":"PFV Carrera Pinto","tecnologia":"Solar Fotovoltaico","estado":"En Operación","potencia_mw":90.675,"medio":"-","titular":"Arcadia Generacion Solar S.A.","region":"Atacama","comuna":"Copiapó"}},{"type":"Feature","geometry":{"type":"Point","coordinates":[-69.45973,-22.79296]},"properties":{"nombre":"PFV Cerro Dominador","tecnologia":"Solar Fotovoltaico","estado":"En Operación","potencia_mw":99.9,"medio":"-","titular":"Cerro Dominador PV S.A.","region":"Antofagasta","comuna":"María Elena"}},{"type":"Feature","geometry":{"type":"Point","coordinates":[-71.05211,-34.88219]},"properties":{"nombre":"PFV José Soler Mallafré","tecnologia":"Solar Fotovoltaico","estado":"En Operación","potencia_mw":1.33,"medio":"PMGD","titular":"FV Santa Laura SpA","region":"Maule","comuna":"Teno"}},{"type":"Feature","geometry":{"type":"Point","coordinates":[-70.89274,-33.62527]},"properties":{"nombre":"PFV Malloco","tecnologia":"Solar Fotovoltaico","estado":"En Operación","potencia_mw":2.5,"medio":"PMGD","titular":"Planta Solar Peñaflor II SpA","region":"Metropolitana","comuna":"Peñaflor"}},{"type":"Feature","geometry":{"type":"Point","coordinates":[-68.97279,-22.48126]},"properties":{"nombre":"PFV Paine","tecnologia":"Solar Fotovoltaico","estado":"En Operación","potencia_mw":9.0,"medio":"PMGD","titular":"Paine Energy SpA","region":"Antofagasta","comuna":"Calama"}},{"type":"Feature","geometry":{"type":"Point","coordinates":[-69.44902,-20.49921]},"properties":{"nombre":"PFV Pica","tecnologia":"Solar Fotovoltaico","estado":"En Operación","potencia_mw":0.6,"medio":"PMGD","titular":"Atacama Solar S.A.","region":"Tarapacá","comuna":"Pica"}},{"type":"Feature","geometry":{"type":"Point","coordinates":[-72.60044,-37.69645]},"properties":{"nombre":"PFV Ren","tecnologia":"Solar Fotovoltaico","estado":"En Operación","potencia_mw":3.0,"medio":"PMGD","titular":"Millaray Fotovoltaica SpA","region":"Araucanía","comuna":"Renaico"}},{"type":"Feature","geometry":{"type":"Point","coordinates":[-72.60044,-37.69645]},"properties":{"nombre":"PFV Ren (Ampliación)","tecnologia":"Solar Fotovoltaico","estado":"En Operación","potencia_mw":3.0,"medio":"PMGD","titular":"Millaray Fotovoltaica SpA","region":"Araucanía","comuna":"Renaico"}},{"type":"Feature","geometry":{"type":"Point","coordinates":[-72.3052,-37.53647]},"properties":{"nombre":"PFV SDSI","tecnologia":"Solar Fotovoltaico","estado":"En Operación","potencia_mw":2.6,"medio":"PMGD","titular":"Sanbar Solar SpA","region":"Biobío","comuna":"Los Ángeles"}},{"type":"Feature","geometry":{"type":"Point","coordinates":[-70.67598,-33.99983]},"properties":{"nombre":"Picunche","tecnologia":"Solar Fotovoltaico","estado":"En Operación","potencia_mw":9.0,"medio":"PMGD","titular":"GR Tolhuaca SpA","region":"O'Higgins","comuna":"Mostazal"}},{"type":"Feature","geometry":{"type":"Point","coordinates":[-71.71157,-35.42538]},"properties":{"nombre":"Piduco","tecnologia":"Solar Fotovoltaico","estado":"En Operación","potencia_mw":3.0,"medio":"PMGD","titular":"Enel Green Power Chile S.A.","region":"Maule","comuna":"Pencahue"}},{"type":"Feature","geometry":{"type":"Point","coordinates":[-69.74825,-26.31625]},"properties":{"nombre":"Pilar Los Amarillos","tecnologia":"Solar Fotovoltaico","estado":"En Operación","potencia_mw":3.0,"medio":"PMG","titular":"RTS Energía S.A.","region":"Atacama","comuna":"Diego de Almagro"}},{"type":"Feature","geometry":{"type":"Point","coordinates":[-70.38503,-27.4876]},"properties":{"nombre":"Piloto Solar Cardones","tecnologia":"Solar Fotovoltaico","estado":"En Operación","potencia_mw":0.388,"medio":"PMG","titular":"Central Cardones S.A.","region":"Atacama","comuna":"Copiapó"}},{"type":"Feature","geometry":{"type":"Point","coordinates":[-71.75491,-34.15291]},"properties":{"nombre":"Pilpilén","tecnologia":"Solar Fotovoltaico","estado":"En Operación","potencia_mw":2.75,"medio":"PMGD","titular":"Pilpilén SpA","region":"O'Higgins","comuna":"Litueche"}},{"type":"Feature","geometry":{"type":"Point","coordinates":[-71.44695,-33.2973]},"properties":{"nombre":"Piquero","tecnologia":"Solar Fotovoltaico","estado":"En Operación","potencia_mw":9.0,"medio":"PMGD","titular":"Piquero SpA","region":"Valparaíso","comuna":"Casablanca"}},{"type":"Feature","geometry":{"type":"Point","coordinates":[-70.61332,-33.8633]},"properties":{"nombre":"Pirincho Solar","tecnologia":"Solar Fotovoltaico","estado":"En Operación","potencia_mw":2.88,"medio":"PMGD","titular":"CVE Proyecto Veintiocho SpA","region":"Metropolitana","comuna":"Paine"}},{"type":"Feature","geometry":{"type":"Point","coordinates":[-70.62161,-33.68126]},"properties":{"nombre":"Pirque","tecnologia":"Solar Fotovoltaico","estado":"En Operación","potencia_mw":2.74,"medio":"PMGD","titular":"Solar TI Cuatro SpA","region":"Metropolitana","comuna":"Pirque"}},{"type":"Feature","geometry":{"type":"Point","coordinates":[-71.13921,-34.82509]},"properties":{"nombre":"Pitao","tecnologia":"Solar Fotovoltaico","estado":"En Operación","potencia_mw":9.0,"medio":"PMGD","titular":"GR Pitao SpA","region":"Maule","comuna":"Teno"}},{"type":"Feature","geometry":{"type":"Point","coordinates":[-70.95718,-34.38679]},"properties":{"nombre":"Pitotoy","tecnologia":"Solar Fotovoltaico","estado":"En Operación","potencia_mw":2.985,"medio":"PMGD","titular":"Fotovoltaica Alerce SpA","region":"O'Higgins","comuna":"Rengo"}},{"type":"Feature","geometry":{"type":"Point","coordinates":[-71.59103,-33.36612]},"properties":{"nombre":"Pitra","tecnologia":"Solar Fotovoltaico","estado":"En Operación","potencia_mw":3.0,"medio":"PMGD","titular":"Pitra SpA","region":"Valparaíso","comuna":"Algarrobo"}},{"type":"Feature","geometry":{"type":"Point","coordinates":[-71.09571,-34.60745]},"properties":{"nombre":"Placilla Solar","tecnologia":"Solar Fotovoltaico","estado":"En Operación","potencia_mw":9.0,"medio":"PMGD","titular":"GR Lilen SpA","region":"O'Higgins","comuna":"Placilla"}},{"type":"Feature","geometry":{"type":"Point","coordinates":[-72.44972,-35.87618]},"properties":{"nombre":"Playerito","tecnologia":"Solar Fotovoltaico","estado":"En Operación","potencia_mw":3.0,"medio":"PMGD","titular":"Playero SpA","region":"Maule","comuna":"Chanco"}},{"type":"Feature","geometry":{"type":"Point","coordinates":[-72.44972,-35.87618]},"properties":{"nombre":"Playero","tecnologia":"Solar Fotovoltaico","estado":"En Operación","potencia_mw":3.0,"medio":"PMGD","titular":"Playero SpA","region":"Maule","comuna":"Chanco"}},{"type":"Feature","geometry":{"type":"Point","coordinates":[-72.45031,-35.87502]},"properties":{"nombre":"Playeron","tecnologia":"Solar Fotovoltaico","estado":"En Operación","potencia_mw":3.0,"medio":"PMGD","titular":"Playero SpA","region":"Maule","comuna":"Chanco"}},{"type":"Feature","geometry":{"type":"Point","coordinates":[-70.91916,-31.81547]},"properties":{"nombre":"Plaza Sunlight","tecnologia":"Solar Fotovoltaico","estado":"En Operación","potencia_mw":9.0,"medio":"PMGD","titular":"Plaza Sunlight SpA","region":"Coquimbo","comuna":"Salamanca"}},{"type":"Feature","geometry":{"type":"Point","coordinates":[-70.85075,-33.50932]},"properties":{"nombre":"Plomo del Verano","tecnologia":"Solar Fotovoltaico","estado":"En Operación","potencia_mw":2.4,"medio":"PMGD","titular":"Linzor de Verano SpA","region":"Metropolitana","comuna":"Maipú"}},{"type":"Feature","geometry":{"type":"Point","coordinates":[-71.13954,-34.87043]},"properties":{"nombre":"PMG Teno Solar","tecnologia":"Solar Fotovoltaico","estado":"En Operación","potencia_mw":6.95,"medio":"PMG","titular":"Enlasa Generación Chile S.A.","region":"Maule","comuna":"Teno"}},{"type":"Feature","geometry":{"type":"Point","coordinates":[-72.31823,-35.92893]},"properties":{"nombre":"PMGD Cauquenes","tecnologia":"Solar Fotovoltaico","estado":"En Operación","potencia_mw":3.0,"medio":"PMGD","titular":"GPG Generación Distribuida SpA","region":"Maule","comuna":"Cauquenes"}},{"type":"Feature","geometry":{"type":"Point","coordinates":[-70.30076,-23.86527]},"properties":{"nombre":"PMGD La Perla del Norte","tecnologia":"Solar Fotovoltaico","estado":"En Operación","potencia_mw":9.0,"medio":"PMGD","titular":"Solar TI Treinta y Uno SpA","region":"Antofagasta","comuna":"Antofagasta"}},{"type":"Feature","geometry":{"type":"Point","coordinates":[-69.75221,-20.26858]},"properties":{"nombre":"PMGD PFV PAS1","tecnologia":"Solar Fotovoltaico","estado":"En Operación","potencia_mw":8.97,"medio":"PMGD","titular":"Pozo Almonte Solar 1 SpA","region":"Tarapacá","comuna":"Pozo Almonte"}},{"type":"Feature","geometry":{"type":"Point","coordinates":[-71.55643,-34.45734]},"properties":{"nombre":"Población","tecnologia":"Solar Fotovoltaico","estado":"En Operación","potencia_mw":2.95,"medio":"PMGD","titular":"Población Solar SpA","region":"O'Higgins","comuna":"Peralillo"}},{"type":"Feature","geometry":{"type":"Point","coordinates":[-72.37413,-35.96901]},"properties":{"nombre":"Pocillas","tecnologia":"Solar Fotovoltaico","estado":"En Operación","potencia_mw":3.0,"medio":"PMGD","titular":"Farmdo Energy Chile SpA","region":"Maule","comuna":"Cauquenes"}},{"type":"Feature","geometry":{"type":"Point","coordinates":[-71.87718,-36.43646]},"properties":{"nombre":"Pomuyeto","tecnologia":"Solar Fotovoltaico","estado":"En Operación","potencia_mw":3.0,"medio":"PMGD","titular":"Estremera Energía SpA","region":"Ñuble","comuna":"San Carlos"}},{"type":"Feature","geometry":{"type":"Point","coordinates":[-71.5769,-34.26199]},"properties":{"nombre":"Portezuelo","tecnologia":"Solar Fotovoltaico","estado":"En Operación","potencia_mw":3.0,"medio":"PMGD","titular":"PV Portezuelos SpA","region":"O'Higgins","comuna":"La Estrella"}},{"type":"Feature","geometry":{"type":"Point","coordinates":[-69.75205,-20.27406]},"properties":{"nombre":"Pozo Almonte Solar II","tecnologia":"Solar Fotovoltaico","estado":"En Operación","potencia_mw":7.496,"medio":"PMG","titular":"Pozo Almonte Solar 2 S.A.","region":"Tarapacá","comuna":"Pozo Almonte"}},{"type":"Feature","geometry":{"type":"Point","coordinates":[-69.75025,-20.2488]},"properties":{"nombre":"Pozo Almonte Solar III","tecnologia":"Solar Fotovoltaico","estado":"En Operación","potencia_mw":15.998,"medio":"-","titular":"Pozo Almonte Solar 3 S.A.","region":"Tarapacá","comuna":"Pozo Almonte"}},{"type":"Feature","geometry":{"type":"Point","coordinates":[-71.30721,-30.69631]},"properties":{"nombre":"Pretty Field","tecnologia":"Solar Fotovoltaico","estado":"En Operación","potencia_mw":2.78,"medio":"PMGD","titular":"Campo Lindo SpA","region":"Coquimbo","comuna":"Ovalle"}},{"type":"Feature","geometry":{"type":"Point","coordinates":[-71.32739,-33.65521]},"properties":{"nombre":"Puangue","tecnologia":"Solar Fotovoltaico","estado":"En Operación","potencia_mw":4.0,"medio":"PMGD","titular":"PSF Puangue SpA","region":"Metropolitana","comuna":"Melipilla"}},{"type":"Feature","geometry":{"type":"Point","coordinates":[-70.87247,-34.37101]},"properties":{"nombre":"Pueblo Hundido","tecnologia":"Solar Fotovoltaico","estado":"En Operación","potencia_mw":2.8,"medio":"PMGD","titular":"Fotovoltaica Pueblo Hundido SpA","region":"O'Higgins","comuna":"Rengo"}},{"type":"Feature","geometry":{"type":"Point","coordinates":[-72.11716,-36.88887]},"properties":{"nombre":"Pueblo Seco","tecnologia":"Solar Fotovoltaico","estado":"En Operación","potencia_mw":9.0,"medio":"PMGD","titular":"Parque Solar Pueblo Seco SpA","region":"Ñuble","comuna":"San Ignacio"}},{"type":"Feature","geometry":{"type":"Point","coordinates":[-72.33333,-37.52005]},"properties":{"nombre":"Puelche","tecnologia":"Solar Fotovoltaico","estado":"En Operación","potencia_mw":2.6,"medio":"PMGD","titular":"Puelche Flux Sphera SpA","region":"Biobío","comuna":"Los Ángeles"}},{"type":"Feature","geometry":{"type":"Point","coordinates":[-70.84331,-33.54971]},"properties":{"nombre":"Puente Solar","tecnologia":"Solar Fotovoltaico","estado":"En Operación","potencia_mw":3.0,"medio":"PMGD","titular":"PMGD Puente SpA","region":"Metropolitana","comuna":"Padre Hurtado"}},{"type":"Feature","geometry":{"type":"Point","coordinates":[-68.87012,-22.44992]},"properties":{"nombre":"Puerto Seco Solar","tecnologia":"Solar Fotovoltaico","estado":"En Operación","potencia_mw":8.959,"medio":"PMG","titular":"Calama Solar 2 SpA","region":"Antofagasta","comuna":"Calama"}},{"type":"Feature","geometry":{"type":"Point","coordinates":[-70.93587,-34.44726]},"properties":{"nombre":"Puig Sunlight","tecnologia":"Solar Fotovoltaico","estado":"En Operación","potencia_mw":2.15,"medio":"PMGD","titular":"Malloa Solar SpA","region":"O'Higgins","comuna":"Malloa"}},{"type":"Feature","geometry":{"type":"Point","coordinates":[-71.27709,-32.45426]},"properties":{"nombre":"Pullalli","tecnologia":"Solar Fotovoltaico","estado":"En Operación","potencia_mw":2.989,"medio":"PMGD","titular":"Fotovoltaica La Ligua SpA","region":"Valparaíso","comuna":"La Ligua"}},{"type":"Feature","geometry":{"type":"Point","coordinates":[-70.93298,-34.52393]},"properties":{"nombre":"Pumas","tecnologia":"Solar Fotovoltaico","estado":"En Operación","potencia_mw":2.9,"medio":"PMGD","titular":"Espinos S.A.","region":"O'Higgins","comuna":"San Fernando"}},{"type":"Feature","geometry":{"type":"Point","coordinates":[-71.04716,-29.35817]},"properties":{"nombre":"Punta Baja Solar","tecnologia":"Solar Fotovoltaico","estado":"En Operación","potencia_mw":1.985,"medio":"PMGD","titular":"Sonnedix Parque Solar Punta Colorada SpA","region":"Coquimbo","comuna":"La Higuera"}},{"type":"Feature","geometry":{"type":"Point","coordinates":[-69.86556,-26.31068]},"properties":{"nombre":"PV Salvador","tecnologia":"Solar Fotovoltaico","estado":"En Operación","potencia_mw":67.796,"medio":"-","titular":"PV Salvador SpA","region":"Atacama","comuna":"Diego de Almagro"}},{"type":"Feature","geometry":{"type":"Point","coordinates":[-71.59446,-33.03609]},"properties":{"nombre":"PV UTFSM Valparaíso Valdés","tecnologia":"Solar Fotovoltaico","estado":"En Operación","potencia_mw":0.214,"medio":"PMGD","titular":"MGM Innova Capital Chile SpA","region":"Valparaíso","comuna":"Valparaíso"}},{"type":"Feature","geometry":{"type":"Point","coordinates":[-71.48611,-33.03688]},"properties":{"nombre":"PV UTFSM Viña del Mar","tecnologia":"Solar Fotovoltaico","estado":"En Operación","potencia_mw":0.498,"medio":"PMGD","titular":"MGM Innova Capital Chile SpA","region":"Valparaíso","comuna":"Viña del Mar"}},{"type":"Feature","geometry":{"type":"Point","coordinates":[-71.93914,-36.45241]},"properties":{"nombre":"PVP Itihue","tecnologia":"Solar Fotovoltaico","estado":"En Operación","potencia_mw":9.0,"medio":"PMGD","titular":"Parque Solar Itihue SpA","region":"Ñuble","comuna":"San Carlos"}},{"type":"Feature","geometry":{"type":"Point","coordinates":[-71.03263,-30.02556]},"properties":{"nombre":"Quebrada de Talca","tecnologia":"Solar Fotovoltaico","estado":"En Operación","potencia_mw":1.0,"medio":"PMGD","titular":"Quebrada de Talca Solar SpA","region":"Coquimbo","comuna":"La Serena"}},{"type":"Feature","geometry":{"type":"Point","coordinates":[-70.95345,-34.38729]},"properties":{"nombre":"Queltehue Solar","tecnologia":"Solar Fotovoltaico","estado":"En Operación","potencia_mw":2.987,"medio":"PMGD","titular":"Fotovoltaica El Manzanar SpA","region":"O'Higgins","comuna":"Rengo"}},{"type":"Feature","geometry":{"type":"Point","coordinates":[-70.69485,-34.14]},"properties":{"nombre":"Quemados","tecnologia":"Solar Fotovoltaico","estado":"En Operación","potencia_mw":7.0,"medio":"PMGD","titular":"PSF Quemados SpA","region":"O'Higgins","comuna":"Rancagua"}},{"type":"Feature","geometry":{"type":"Point","coordinates":[-68.96162,-22.45567]},"properties":{"nombre":"Quetena","tecnologia":"Solar Fotovoltaico","estado":"En Operación","potencia_mw":9.0,"medio":"PMGD","titular":"Parque Solar Quetena S.A.","region":"Antofagasta","comuna":"Calama"}},{"type":"Feature","geometry":{"type":"Point","coordinates":[-70.68793,-33.1037]},"properties":{"nombre":"Quilapilún","tecnologia":"Solar Fotovoltaico","estado":"En Operación","potencia_mw":112.385,"medio":"-","titular":"Chungungo S.A.","region":"Metropolitana","comuna":"Colina"}},{"type":"Feature","geometry":{"type":"Point","coordinates":[-69.47421,-21.65799]},"properties":{"nombre":"Quillagua II PV","tecnologia":"Solar Fotovoltaico","estado":"En Operación","potencia_mw":108.96,"medio":"-","titular":"Parque Fotovoltaico Nuevo Quillagua SpA","region":"Antofagasta","comuna":"María Elena"}},{"type":"Feature","geometry":{"type":"Point","coordinates":[-71.16646,-33.64152]},"properties":{"nombre":"Quillay","tecnologia":"Solar Fotovoltaico","estado":"En Operación","potencia_mw":2.997,"medio":"PMGD","titular":"Quillay Solar SpA","region":"Metropolitana","comuna":"Melipilla"}},{"type":"Feature","geometry":{"type":"Point","coordinates":[-72.12854,-36.70985]},"properties":{"nombre":"Quilmo","tecnologia":"Solar Fotovoltaico","estado":"En Operación","potencia_mw":9.0,"medio":"PMG","titular":"Parque Solar Quilmo SpA","region":"Ñuble","comuna":"Chillán Viejo"}},{"type":"Feature","geometry":{"type":"Point","coordinates":[-72.08202,-36.64619]},"properties":{"nombre":"Quilmo Solar","tecnologia":"Solar Fotovoltaico","estado":"En Operación","potencia_mw":5.2,"medio":"PMGD","titular":"Quilmo Solar SpA","region":"Ñuble","comuna":"Chillán"}},{"type":"Feature","geometry":{"type":"Point","coordinates":[-71.15392,-34.92676]},"properties":{"nombre":"Quilvo","tecnologia":"Solar Fotovoltaico","estado":"En Operación","potencia_mw":9.0,"medio":"PMGD","titular":"Nicolas Solar SpA","region":"Maule","comuna":"Romeral"}},{"type":"Feature","geometry":{"type":"Point","coordinates":[-71.58186,-35.50008]},"properties":{"nombre":"Quinantu Solar","tecnologia":"Solar Fotovoltaico","estado":"En Operación","potencia_mw":9.0,"medio":"PMGD","titular":"Taltal Solar S.A.","region":"Maule","comuna":"Talca"}},{"type":"Feature","geometry":{"type":"Point","coordinates":[-72.37306,-37.06066]},"properties":{"nombre":"Quintacabrero","tecnologia":"Solar Fotovoltaico","estado":"En Operación","potencia_mw":8.91,"medio":"PMGD","titular":"Sol del Sur 9 SpA","region":"Biobío","comuna":"Cabrero"}},{"type":"Feature","geometry":{"type":"Point","coordinates":[-71.48456,-30.62553]},"properties":{"nombre":"Ramirez del Verano Solar","tecnologia":"Solar Fotovoltaico","estado":"En Operación","potencia_mw":2.995,"medio":"PMGD","titular":"Poike del Verano SpA","region":"Coquimbo","comuna":"Ovalle"}},{"type":"Feature","geometry":{"type":"Point","coordinates":[-71.76278,-34.80684]},"properties":{"nombre":"Ranguil","tecnologia":"Solar Fotovoltaico","estado":"En Operación","potencia_mw":2.92,"medio":"PMGD","titular":"Ranguil Sur SpA","region":"O'Higgins","comuna":"Lolol"}},{"type":"Feature","geometry":{"type":"Point","coordinates":[-71.76405,-34.80478]},"properties":{"nombre":"Ranguil Solar Norte","tecnologia":"Solar Fotovoltaico","estado":"En Operación","potencia_mw":2.9,"medio":"PMGD","titular":"Ranguil SpA","region":"O'Higgins","comuna":"Lolol"}},{"type":"Feature","geometry":{"type":"Point","coordinates":[-72.34477,-35.93782]},"properties":{"nombre":"Ratulemus (El Rosal)","tecnologia":"Solar Fotovoltaico","estado":"En Operación","potencia_mw":3.0,"medio":"PMGD","titular":"GPG Generación Distribuida SpA","region":"Maule","comuna":"Cauquenes"}},{"type":"Feature","geometry":{"type":"Point","coordinates":[-71.27966,-35.0954]},"properties":{"nombre":"Raulí (Maule)","tecnologia":"Solar Fotovoltaico","estado":"En Operación","potencia_mw":9.0,"medio":"PMGD","titular":"GR Raulí SpA","region":"Maule","comuna":"Molina"}},{"type":"Feature","geometry":{"type":"Point","coordinates":[-71.14459,-34.9143]},"properties":{"nombre":"Rauquén","tecnologia":"Solar Fotovoltaico","estado":"En Operación","potencia_mw":9.0,"medio":"PMGD","titular":"GR Palma SpA","region":"Maule","comuna":"Romeral"}},{"type":"Feature","geometry":{"type":"Point","coordinates":[-71.12899,-34.8748]},"properties":{"nombre":"RCU","tecnologia":"Solar Fotovoltaico","estado":"En Operación","potencia_mw":6.0,"medio":"PMGD","titular":"RTN Solar SpA","region":"Maule","comuna":"Teno"}},{"type":"Feature","geometry":{"type":"Point","coordinates":[-71.27149,-33.03478]},"properties":{"nombre":"RDCL SAN","tecnologia":"Solar Fotovoltaico","estado":"En Operación","potencia_mw":7.5,"medio":"PMGD","titular":"San Alfonso Solar SpA","region":"Valparaíso","comuna":"Limache"}},{"type":"Feature","geometry":{"type":"Point","coordinates":[-71.12953,-30.51213]},"properties":{"nombre":"Recoleta","tecnologia":"Solar Fotovoltaico","estado":"En Operación","potencia_mw":5.48,"medio":"PMGD","titular":"Diego de Almagro Solar 3 S.A.","region":"Coquimbo","comuna":"Ovalle"}},{"type":"Feature","geometry":{"type":"Point","coordinates":[-70.85878,-34.42278]},"properties":{"nombre":"Rengo Solar","tecnologia":"Solar Fotovoltaico","estado":"En Operación","potencia_mw":7.0,"medio":"PMGD","titular":"Rengo Solar SpA","region":"O'Higgins","comuna":"Rengo"}},{"type":"Feature","geometry":{"type":"Point","coordinates":[-70.74526,-34.28211]},"properties":{"nombre":"Retamal - Encino","tecnologia":"Solar Fotovoltaico","estado":"En Operación","potencia_mw":1.9,"medio":"PMGD","titular":"Energía Renovable Encino SpA","region":"O'Higgins","comuna":"Requínoa"}},{"type":"Feature","geometry":{"type":"Point","coordinates":[-70.52798,-32.88254]},"properties":{"nombre":"Rexner","tecnologia":"Solar Fotovoltaico","estado":"En Operación","potencia_mw":3.0,"medio":"PMGD","titular":"Energía First SpA","region":"Valparaíso","comuna":"Calle Larga"}},{"type":"Feature","geometry":{"type":"Point","coordinates":[-71.57792,-33.62876]},"properties":{"nombre":"Rimini","tecnologia":"Solar Fotovoltaico","estado":"En Operación","potencia_mw":9.0,"medio":"PMGD","titular":"Rimini Solar SpA","region":"Valparaíso","comuna":"San Antonio"}},{"type":"Feature","geometry":{"type":"Point","coordinates":[-70.81694,-34.4072]},"properties":{"nombre":"Rinconada","tecnologia":"Solar Fotovoltaico","estado":"En Operación","potencia_mw":7.97,"medio":"PMGD","titular":"GR Tamarugo SpA","region":"O'Higgins","comuna":"Rengo"}},{"type":"Feature","geometry":{"type":"Point","coordinates":[-71.72008,-34.37455]},"properties":{"nombre":"Rinconada Alcones","tecnologia":"Solar Fotovoltaico","estado":"En Operación","potencia_mw":9.0,"medio":"PMGD","titular":"Enel Green Power Chile S.A.","region":"O'Higgins","comuna":"Marchihue"}},{"type":"Feature","geometry":{"type":"Point","coordinates":[-70.68944,-32.65827]},"properties":{"nombre":"Rinconada Norte (SLK 808)","tecnologia":"Solar Fotovoltaico","estado":"En Operación","potencia_mw":2.97,"medio":"PMGD","titular":"FV Rinconada SpA","region":"Valparaíso","comuna":"Putaendo"}},{"type":"Feature","geometry":{"type":"Point","coordinates":[-70.19405,-27.88086]},"properties":{"nombre":"Río Escondido","tecnologia":"Solar Fotovoltaico","estado":"En Operación","potencia_mw":157.96,"medio":"-","titular":"AR Escondido SpA","region":"Atacama","comuna":"Copiapó"}},{"type":"Feature","geometry":{"type":"Point","coordinates":[-70.7013,-33.93992]},"properties":{"nombre":"Río Peuco","tecnologia":"Solar Fotovoltaico","estado":"En Operación","potencia_mw":2.75,"medio":"PMGD","titular":"Nueva Esperanza Solar SpA","region":"O'Higgins","comuna":"Mostazal"}},{"type":"Feature","geometry":{"type":"Point","coordinates":[-71.42566,-33.90104]},"properties":{"nombre":"RLA Solar","tecnologia":"Solar Fotovoltaico","estado":"En Operación","potencia_mw":2.7,"medio":"PMGD","titular":"RLA Solar SpA","region":"Metropolitana","comuna":"San Pedro de Melipilla"}},{"type":"Feature","geometry":{"type":"Point","coordinates":[-70.96231,-32.76989]},"properties":{"nombre":"Rodeo","tecnologia":"Solar Fotovoltaico","estado":"En Operación","potencia_mw":2.96,"medio":"PMGD","titular":"PV Rodeo SpA","region":"Valparaíso","comuna":"Catemu"}},{"type":"Feature","geometry":{"type":"Point","coordinates":[-70.91869,-34.57766]},"properties":{"nombre":"Roma","tecnologia":"Solar Fotovoltaico","estado":"En Operación","potencia_mw":2.8,"medio":"PMGD","titular":"Parque Solar Roma SpA","region":"O'Higgins","comuna":"San Fernando"}},{"type":"Feature","geometry":{"type":"Point","coordinates":[-71.06187,-34.98492]},"properties":{"nombre":"Romería","tecnologia":"Solar Fotovoltaico","estado":"En Operación","potencia_mw":9.0,"medio":"PMGD","titular":"Parque Solar El Sauce SpA","region":"Maule","comuna":"Romeral"}},{"type":"Feature","geometry":{"type":"Point","coordinates":[-70.88686,-34.3604]},"properties":{"nombre":"Rosario","tecnologia":"Solar Fotovoltaico","estado":"En Operación","potencia_mw":4.9,"medio":"PMGD","titular":"GR Pumalín SpA","region":"O'Higgins","comuna":"Rengo"}},{"type":"Feature","geometry":{"type":"Point","coordinates":[-71.22512,-34.64971]},"properties":{"nombre":"Rovián","tecnologia":"Solar Fotovoltaico","estado":"En Operación","potencia_mw":6.985,"medio":"PMGD","titular":"PV Rovian SpA","region":"O'Higgins","comuna":"Nancagua"}},{"type":"Feature","geometry":{"type":"Point","coordinates":[-70.78827,-33.82809]},"properties":{"nombre":"Rucapaine","tecnologia":"Solar Fotovoltaico","estado":"En Operación","potencia_mw":9.0,"medio":"PMGD","titular":"Energia Renovable Rucapaine SpA","region":"Metropolitana","comuna":"Buin"}},{"type":"Feature","geometry":{"type":"Point","coordinates":[-70.81001,-32.95935]},"properties":{"nombre":"Rucasol","tecnologia":"Solar Fotovoltaico","estado":"En Operación","potencia_mw":9.0,"medio":"PMG","titular":"Rucasol SpA","region":"Metropolitana","comuna":"Tiltil"}},{"type":"Feature","geometry":{"type":"Point","coordinates":[-71.2949,-35.01823]},"properties":{"nombre":"Sagrada Familia La Fortuna 15","tecnologia":"Solar Fotovoltaico","estado":"En Operación","potencia_mw":3.0,"medio":"PMGD","titular":"Farmdo Energy Chile SpA","region":"Maule","comuna":"Sagrada Familia"}},{"type":"Feature","geometry":{"type":"Point","coordinates":[-71.5556,-35.4508]},"properties":{"nombre":"Salamanca","tecnologia":"Solar Fotovoltaico","estado":"En Operación","potencia_mw":0.25,"medio":"PMGD","titular":"Maite Solar SpA","region":"Maule","comuna":"Talca"}},{"type":"Feature","geometry":{"type":"Point","coordinates":[-71.43192,-33.90141]},"properties":{"nombre":"Salerno","tecnologia":"Solar Fotovoltaico","estado":"En Operación","potencia_mw":2.8,"medio":"PMGD","titular":"PMGD Salerno SpA","region":"Metropolitana","comuna":"San Pedro de Melipilla"}},{"type":"Feature","geometry":{"type":"Point","coordinates":[-71.14671,-30.55298]},"properties":{"nombre":"Samo Bajo","tecnologia":"Solar Fotovoltaico","estado":"En Operación","potencia_mw":2.78,"medio":"PMGD","titular":"Samo Bajo SpA","region":"Coquimbo","comuna":"Ovalle"}},{"type":"Feature","geometry":{"type":"Point","coordinates":[-72.10843,-36.55637]},"properties":{"nombre":"San Alberto","tecnologia":"Solar Fotovoltaico","estado":"En Operación","potencia_mw":9.0,"medio":"PMGD","titular":"Draco Solar SpA","region":"Ñuble","comuna":"Chillán"}},{"type":"Feature","geometry":{"type":"Point","coordinates":[-71.53933,-35.84661]},"properties":{"nombre":"San Antonio","tecnologia":"Solar Fotovoltaico","estado":"En Operación","potencia_mw":9.0,"medio":"PMGD","titular":"Cuenca Solar SpA.","region":"Maule","comuna":"Linares"}},{"type":"Feature","geometry":{"type":"Point","coordinates":[-70.98512,-33.6691]},"properties":{"nombre":"San Antonio del Monte Sunlight","tecnologia":"Solar Fotovoltaico","estado":"En Operación","potencia_mw":7.2,"medio":"PMGD","titular":"San Antonio SpA","region":"Metropolitana","comuna":"El Monte"}},{"type":"Feature","geometry":{"type":"Point","coordinates":[-71.45893,-33.63923]},"properties":{"nombre":"San Antonio Malvilla","tecnologia":"Solar Fotovoltaico","estado":"En Operación","potencia_mw":3.0,"medio":"PMGD","titular":"Farmdo Energy Chile SpA","region":"Valparaíso","comuna":"San Antonio"}},{"type":"Feature","geometry":{"type":"Point","coordinates":[-72.42076,-37.4467]},"properties":{"nombre":"San Antonio Solar I","tecnologia":"Solar Fotovoltaico","estado":"En Operación","potencia_mw":4.0,"medio":"PMGD","titular":"Santa Barbara Energy SpA","region":"Biobío","comuna":"Los Ángeles"}},{"type":"Feature","geometry":{"type":"Point","coordinates":[-71.32727,-35.11938]},"properties":{"nombre":"San Camilo","tecnologia":"Solar Fotovoltaico","estado":"En Operación","potencia_mw":3.0,"medio":"PMGD","titular":"Enel Green Power Chile S.A.","region":"Maule","comuna":"Molina"}},{"type":"Feature","geometry":{"type":"Point","coordinates":[-71.93863,-36.40357]},"properties":{"nombre":"San Carlos Solar","tecnologia":"Solar Fotovoltaico","estado":"En Operación","potencia_mw":2.6,"medio":"PMGD","titular":"San Carlos Solar SpA","region":"Ñuble","comuna":"San Carlos"}},{"type":"Feature","geometry":{"type":"Point","coordinates":[-71.52127,-35.51952]},"properties":{"nombre":"San Clemente Flor del Llano","tecnologia":"Solar Fotovoltaico","estado":"En Operación","potencia_mw":4.9,"medio":"PMGD","titular":"Vespa Solar SpA","region":"Maule","comuna":"San Clemente"}},{"type":"Feature","geometry":{"type":"Point","coordinates":[-72.08835,-36.52679]},"properties":{"nombre":"San Eduardo","tecnologia":"Solar Fotovoltaico","estado":"En Operación","potencia_mw":0.192,"medio":"PMGD","titular":"Joel Solar SpA","region":"Ñuble","comuna":"San Nicolás"}},{"type":"Feature","geometry":{"type":"Point","coordinates":[-71.20799,-35.00514]},"properties":{"nombre":"San Emilio Solar I","tecnologia":"Solar Fotovoltaico","estado":"En Operación","potencia_mw":3.0,"medio":"PMGD","titular":"San Emilio Solar SpA","region":"Maule","comuna":"Curicó"}},{"type":"Feature","geometry":{"type":"Point","coordinates":[-72.27623,-37.54069]},"properties":{"nombre":"San Eugenio Solar","tecnologia":"Solar Fotovoltaico","estado":"En Operación","potencia_mw":6.1,"medio":"PMGD","titular":"San Eugenio Solar SpA","region":"Biobío","comuna":"Los Ángeles"}},{"type":"Feature","geometry":{"type":"Point","coordinates":[-71.80155,-36.00757]},"properties":{"nombre":"San Francisco Parral","tecnologia":"Solar Fotovoltaico","estado":"En Operación","potencia_mw":1.0,"medio":"PMGD","titular":"Parque Solar Don Flavio SpA","region":"Maule","comuna":"Retiro"}},{"type":"Feature","geometry":{"type":"Point","coordinates":[-70.70382,-33.0401]},"properties":{"nombre":"San Francisco Solar","tecnologia":"Solar Fotovoltaico","estado":"En Operación","potencia_mw":3.0,"medio":"PMGD","titular":"San Francisco Solar SpA","region":"Metropolitana","comuna":"Colina"}},{"type":"Feature","geometry":{"type":"Point","coordinates":[-70.79842,-34.28016]},"properties":{"nombre":"San Isidro","tecnologia":"Solar Fotovoltaico","estado":"En Operación","potencia_mw":2.723,"medio":"PMGD","titular":"Fotovoltaica San Isidro SpA","region":"O'Higgins","comuna":"Requínoa"}},{"type":"Feature","geometry":{"type":"Point","coordinates":[-71.68577,-35.5925]},"properties":{"nombre":"San Javier","tecnologia":"Solar Fotovoltaico","estado":"En Operación","potencia_mw":6.0,"medio":"PMGD","titular":"Parque Solar El Paso","region":"Maule","comuna":"San Javier"}},{"type":"Feature","geometry":{"type":"Point","coordinates":[-71.98339,-36.49002]},"properties":{"nombre":"San José II","tecnologia":"Solar Fotovoltaico","estado":"En Operación","potencia_mw":3.0,"medio":"PMGD","titular":"Impulso Solar San José II SpA","region":"Ñuble","comuna":"San Carlos"}},{"type":"Feature","geometry":{"type":"Point","coordinates":[-71.44139,-33.90165]},"properties":{"nombre":"San Pedro","tecnologia":"Solar Fotovoltaico","estado":"En Operación","potencia_mw":3.0,"medio":"PMGD","titular":"CR Goigüe SpA","region":"Metropolitana","comuna":"San Pedro de Melipilla"}},{"type":"Feature","geometry":{"type":"Point","coordinates":[-68.76013,-22.55495]},"properties":{"nombre":"San Pedro","tecnologia":"Solar Fotovoltaico","estado":"En Operación","potencia_mw":102.2,"medio":"-","titular":"GPG Solar Chile 2017 SpA","region":"Antofagasta","comuna":"Calama"}},{"type":"Feature","geometry":{"type":"Point","coordinates":[-71.59302,-35.33564]},"properties":{"nombre":"San Rafael","tecnologia":"Solar Fotovoltaico","estado":"En Operación","potencia_mw":3.0,"medio":"PMGD","titular":"Avanza Solar SpA","region":"Maule","comuna":"San Rafael"}},{"type":"Feature","geometry":{"type":"Point","coordinates":[-71.40056,-34.00659]},"properties":{"nombre":"San Ramiro","tecnologia":"Solar Fotovoltaico","estado":"En Operación","potencia_mw":9.0,"medio":"PMGD","titular":"Pelequen Sur SpA","region":"Metropolitana","comuna":"San Pedro de Melipilla"}},{"type":"Feature","geometry":{"type":"Point","coordinates":[-70.73969,-33.83992]},"properties":{"nombre":"San Ramón","tecnologia":"Solar Fotovoltaico","estado":"En Operación","potencia_mw":9.0,"medio":"PMGD","titular":"San Ramón Solar SpA","region":"Metropolitana","comuna":"Paine"}},{"type":"Feature","geometry":{"type":"Point","coordinates":[-71.12832,-34.34906]},"properties":{"nombre":"San Vicente TT","tecnologia":"Solar Fotovoltaico","estado":"En Operación","potencia_mw":9.0,"medio":"PMGD","titular":"Blue Solar Doce SpA","region":"O'Higgins","comuna":"San Vicente de Tagua Tagua"}},{"type":"Feature","geometry":{"type":"Point","coordinates":[-71.34584,-33.70918]},"properties":{"nombre":"Sand Solar","tecnologia":"Solar Fotovoltaico","estado":"En Operación","potencia_mw":0.825,"medio":"PMGD","titular":"Copahue de Verano SpA","region":"Metropolitana","comuna":"Melipilla"}},{"type":"Feature","geometry":{"type":"Point","coordinates":[-70.97139,-33.69281]},"properties":{"nombre":"Santa Adriana","tecnologia":"Solar Fotovoltaico","estado":"En Operación","potencia_mw":2.996,"medio":"PMGD","titular":"Parque Fotovoltaico Santa Adriana SpA","region":"Metropolitana","comuna":"Talagante"}},{"type":"Feature","geometry":{"type":"Point","coordinates":[-71.30898,-34.42428]},"properties":{"nombre":"Santa Amelia","tecnologia":"Solar Fotovoltaico","estado":"En Operación","potencia_mw":3.0,"medio":"PMGD","titular":"Betel SpA","region":"O'Higgins","comuna":"Pichidegua"}},{"type":"Feature","geometry":{"type":"Point","coordinates":[-70.93034,-33.70927]},"properties":{"nombre":"Santa Blanca Isla de Maipo","tecnologia":"Solar Fotovoltaico","estado":"En Operación","potencia_mw":2.4,"medio":"PMGD","titular":"Santa Blanca SpA","region":"Metropolitana","comuna":"Talagante"}},{"type":"Feature","geometry":{"type":"Point","coordinates":[-70.89863,-34.68327]},"properties":{"nombre":"Santa Carolina","tecnologia":"Solar Fotovoltaico","estado":"En Operación","potencia_mw":3.0,"medio":"PMGD","titular":"GR Roble SpA","region":"O'Higgins","comuna":"Chimbarongo"}},{"type":"Feature","geometry":{"type":"Point","coordinates":[-70.91339,-29.11718]},"properties":{"nombre":"Santa Cecilia","tecnologia":"Solar Fotovoltaico","estado":"En Operación","potencia_mw":2.945,"medio":"PMGD","titular":"Commonplace Energy S.A.","region":"Atacama","comuna":"Vallenar"}},{"type":"Feature","geometry":{"type":"Point","coordinates":[-71.416,-30.60972]},"properties":{"nombre":"Santa Clara","tecnologia":"Solar Fotovoltaico","estado":"En Operación","potencia_mw":2.73,"medio":"PMGD","titular":"Impulso Solar Las Lloysas SpA","region":"Coquimbo","comuna":"Ovalle"}},{"type":"Feature","geometry":{"type":"Point","coordinates":[-70.90744,-34.31313]},"properties":{"nombre":"Santa Elizabeth","tecnologia":"Solar Fotovoltaico","estado":"En Operación","potencia_mw":9.0,"medio":"PMGD","titular":"PSF Santa Isabel SpA","region":"O'Higgins","comuna":"Rengo"}},{"type":"Feature","geometry":{"type":"Point","coordinates":[-70.78411,-34.12178]},"properties":{"nombre":"Santa Emilia","tecnologia":"Solar Fotovoltaico","estado":"En Operación","potencia_mw":9.0,"medio":"PMGD","titular":"GR Patagonia SpA","region":"O'Higgins","comuna":"Rancagua"}},{"type":"Feature","geometry":{"type":"Point","coordinates":[-71.9872,-36.48756]},"properties":{"nombre":"Santa Ester","tecnologia":"Solar Fotovoltaico","estado":"En Operación","potencia_mw":2.99,"medio":"PMGD","titular":"Impulso Solar San Jose SpA","region":"Ñuble","comuna":"San Carlos"}},{"type":"Feature","geometry":{"type":"Point","coordinates":[-71.71134,-35.62346]},"properties":{"nombre":"Santa Fe","tecnologia":"Solar Fotovoltaico","estado":"En Operación","potencia_mw":8.999,"medio":"PMGD","titular":"Parque Solar Santa Fe SpA","region":"Maule","comuna":"Villa Alegre"}},{"type":"Feature","geometry":{"type":"Point","coordinates":[-70.6138,-30.01749]},"properties":{"nombre":"Santa Francisca","tecnologia":"Solar Fotovoltaico","estado":"En Operación","potencia_mw":6.0,"medio":"PMGD","titular":"CVE Proyecto Diecisiete SpA","region":"Coquimbo","comuna":"Vicuña"}},{"type":"Feature","geometry":{"type":"Point","coordinates":[-70.86526,-33.12536]},"properties":{"nombre":"Santa Inés Solar","tecnologia":"Solar Fotovoltaico","estado":"En Operación","potencia_mw":2.95,"medio":"PMGD","titular":"CVE Proyecto Seis Spa","region":"Metropolitana","comuna":"Tiltil"}},{"type":"Feature","geometry":{"type":"Point","coordinates":[-69.59297,-22.05546]},"properties":{"nombre":"Santa Isabel Etapa I","tecnologia":"Solar Fotovoltaico","estado":"En Operación","potencia_mw":165.79,"medio":"-","titular":"TSGF SpA.","region":"Antofagasta","comuna":"María Elena"}},{"type":"Feature","geometry":{"type":"Point","coordinates":[-71.10395,-32.30107]},"properties":{"nombre":"Santa Julia","tecnologia":"Solar Fotovoltaico","estado":"En Operación","potencia_mw":3.0,"medio":"PMGD","titular":"SPV P4 SpA","region":"Valparaíso","comuna":"Petorca"}},{"type":"Feature","geometry":{"type":"Point","coordinates":[-72.37829,-37.51142]},"properties":{"nombre":"Santa Julia","tecnologia":"Solar Fotovoltaico","estado":"En Operación","potencia_mw":9.0,"medio":"PMGD","titular":"Andina Solar 17 Este SpA","region":"Biobío","comuna":"Los Ángeles"}},{"type":"Feature","geometry":{"type":"Point","coordinates":[-71.03045,-32.39695]},"properties":{"nombre":"Santa Laura","tecnologia":"Solar Fotovoltaico","estado":"En Operación","potencia_mw":2.97,"medio":"PMGD","titular":"Parque Solar Santa Laura SpA","region":"Valparaíso","comuna":"Cabildo"}},{"type":"Feature","geometry":{"type":"Point","coordinates":[-71.1459,-30.6336]},"properties":{"nombre":"Santa Lucía","tecnologia":"Solar Fotovoltaico","estado":"En Operación","potencia_mw":6.9,"medio":"PMGD","titular":"Santa Lucía Solar SpA","region":"Coquimbo","comuna":"Ovalle"}},{"type":"Feature","geometry":{"type":"Point","coordinates":[-71.96728,-36.45548]},"properties":{"nombre":"Santa Luisa Solar","tecnologia":"Solar Fotovoltaico","estado":"En Operación","potencia_mw":2.6,"medio":"PMGD","titular":"Santa Luisa Energy SpA","region":"Ñuble","comuna":"San Carlos"}},{"type":"Feature","geometry":{"type":"Point","coordinates":[-71.52152,-34.45842]},"properties":{"nombre":"Santa Margarita","tecnologia":"Solar Fotovoltaico","estado":"En Operación","potencia_mw":3.0,"medio":"PMGD","titular":"Fotovoltaica Peumo SpA","region":"O'Higgins","comuna":"Peralillo"}},{"type":"Feature","geometry":{"type":"Point","coordinates":[-72.27719,-37.50256]},"properties":{"nombre":"Santa Pamela","tecnologia":"Solar Fotovoltaico","estado":"En Operación","potencia_mw":7.7,"medio":"PMGD","titular":"Ruben Solar SPA","region":"Biobío","comuna":"Los Ángeles"}},{"type":"Feature","geometry":{"type":"Point","coordinates":[-71.90878,-36.54366]},"properties":{"nombre":"Santa Rita","tecnologia":"Solar Fotovoltaico","estado":"En Operación","potencia_mw":2.7,"medio":"PMGD","titular":"Parque Fotovoltaico Santa Rita Solar SpA\n\nSpA","region":"Ñuble","comuna":"Chillán"}},{"type":"Feature","geometry":{"type":"Point","coordinates":[-70.70948,-32.57225]},"properties":{"nombre":"Santa Teresa","tecnologia":"Solar Fotovoltaico","estado":"En Operación","potencia_mw":0.152,"medio":"-","titular":"Hortifrut - Solarity","region":"Valparaíso","comuna":"Putaendo"}},{"type":"Feature","geometry":{"type":"Point","coordinates":[-70.78651,-33.26809]},"properties":{"nombre":"Santa Teresita","tecnologia":"Solar Fotovoltaico","estado":"En Operación","potencia_mw":9.0,"medio":"PMGD","titular":"Planta Solar Santa Teresita II SpA","region":"Metropolitana","comuna":"Lampa"}},{"type":"Feature","geometry":{"type":"Point","coordinates":[-70.86172,-33.0779]},"properties":{"nombre":"Santiago Solar","tecnologia":"Solar Fotovoltaico","estado":"En Operación","potencia_mw":90.83,"medio":"-","titular":"Santiago Solar S.A.","region":"Metropolitana","comuna":"Tiltil"}},{"type":"Feature","geometry":{"type":"Point","coordinates":[-70.6884,-32.89183]},"properties":{"nombre":"Santuario Solar","tecnologia":"Solar Fotovoltaico","estado":"En Operación","potencia_mw":2.987,"medio":"PMGD","titular":"PMGD Santuario SpA","region":"Valparaíso","comuna":"Los Andes"}},{"type":"Feature","geometry":{"type":"Point","coordinates":[-71.40363,-35.74953]},"properties":{"nombre":"Saturno Norte","tecnologia":"Solar Fotovoltaico","estado":"En Operación","potencia_mw":4.5,"medio":"PMGD","titular":"Los Libertadores Solar Spa","region":"Maule","comuna":"Colbún"}},{"type":"Feature","geometry":{"type":"Point","coordinates":[-71.09248,-30.22716]},"properties":{"nombre":"SDGx01","tecnologia":"Solar Fotovoltaico","estado":"En Operación","potencia_mw":1.25,"medio":"PMG","titular":"Engie Energía Chile S.A.","region":"Coquimbo","comuna":"Andacollo"}},{"type":"Feature","geometry":{"type":"Point","coordinates":[-72.0904,-37.14105]},"properties":{"nombre":"SGT Cholguán","tecnologia":"Solar Fotovoltaico","estado":"En Operación","potencia_mw":2.2,"medio":"PMGD","titular":"Ravenna Solar SpA","region":"Ñuble","comuna":"Yungay"}},{"type":"Feature","geometry":{"type":"Point","coordinates":[-72.0904,-37.14105]},"properties":{"nombre":"SGT Tucapel","tecnologia":"Solar Fotovoltaico","estado":"En Operación","potencia_mw":6.8,"medio":"PMGD","titular":"Ravenna Solar SpA","region":"Ñuble","comuna":"Yungay"}},{"type":"Feature","geometry":{"type":"Point","coordinates":[-71.36277,-32.59229]},"properties":{"nombre":"SGT Catapilco","tecnologia":"Solar Fotovoltaico","estado":"En Operación","potencia_mw":9.0,"medio":"PMGD","titular":"San Marino Solar SpA","region":"Valparaíso","comuna":"Zapallar"}},{"type":"Feature","geometry":{"type":"Point","coordinates":[-71.17999,-31.62093]},"properties":{"nombre":"Siete Colores","tecnologia":"Solar Fotovoltaico","estado":"En Operación","potencia_mw":9.0,"medio":"PMGD","titular":"Siete Colores SpA","region":"Coquimbo","comuna":"Illapel"}},{"type":"Feature","geometry":{"type":"Point","coordinates":[-70.96403,-30.71722]},"properties":{"nombre":"Sirimavo","tecnologia":"Solar Fotovoltaico","estado":"En Operación","potencia_mw":3.0,"medio":"PMGD","titular":"Rauquén SpA","region":"Coquimbo","comuna":"Monte Patria"}},{"type":"Feature","geometry":{"type":"Point","coordinates":[-70.68737,-32.66201]},"properties":{"nombre":"SLK CB Nueve","tecnologia":"Solar Fotovoltaico","estado":"En Operación","potencia_mw":3.0,"medio":"PMGD","titular":"SLK CB Nueve SpA.","region":"Valparaíso","comuna":"Putaendo"}},{"type":"Feature","geometry":{"type":"Point","coordinates":[-70.71645,-30.05442]},"properties":{"nombre":"Sofía","tecnologia":"Solar Fotovoltaico","estado":"En Operación","potencia_mw":2.4,"medio":"PMGD","titular":"GPG Generación Distribuida SpA","region":"Coquimbo","comuna":"Vicuña"}},{"type":"Feature","geometry":{"type":"Point","coordinates":[-68.57509,-24.03317]},"properties":{"nombre":"Sol de Lila","tecnologia":"Solar Fotovoltaico","estado":"En Operación","potencia_mw":149.23,"medio":"-","titular":"Enel Green Power Chile S.A.","region":"Antofagasta","comuna":"Antofagasta"}},{"type":"Feature","geometry":{"type":"Point","coordinates":[-69.92355,-26.31823]},"properties":{"nombre":"Sol de Los Andes","tecnologia":"Solar Fotovoltaico","estado":"En Operación","potencia_mw":89.716,"medio":"-","titular":"Austriansolar Chile Uno SpA","region":"Atacama","comuna":"Diego de Almagro"}},{"type":"Feature","geometry":{"type":"Point","coordinates":[-70.86347,-33.30029]},"properties":{"nombre":"Sol de Septiembre","tecnologia":"Solar Fotovoltaico","estado":"En Operación","potencia_mw":8.97,"medio":"PMGD","titular":"Sol de Septiembre SpA","region":"Metropolitana","comuna":"Lampa"}},{"type":"Feature","geometry":{"type":"Point","coordinates":[-71.70721,-35.56066]},"properties":{"nombre":"Sol del Maule","tecnologia":"Solar Fotovoltaico","estado":"En Operación","potencia_mw":2.5,"medio":"PMGD","titular":"San Javier I SpA","region":"Maule","comuna":"San Javier"}},{"type":"Feature","geometry":{"type":"Point","coordinates":[-68.59448,-24.01651]},"properties":{"nombre":"Sol del Norte","tecnologia":"Solar Fotovoltaico","estado":"En Operación","potencia_mw":7.42,"medio":"PMG","titular":"Fotovoltaica Sol Del Norte SpA","region":"Antofagasta","comuna":"Antofagasta"}},{"type":"Feature","geometry":{"type":"Point","coordinates":[-70.68371,-30.04006]},"properties":{"nombre":"Sol del Norte","tecnologia":"Solar Fotovoltaico","estado":"En Operación","potencia_mw":2.939,"medio":"PMGD","titular":"Parque Solar Sol Del Norte SpA","region":"Coquimbo","comuna":"Vicuña"}},{"type":"Feature","geometry":{"type":"Point","coordinates":[-69.5621,-22.2006]},"properties":{"nombre":"Sol del Desierto","tecnologia":"Solar Fotovoltaico","estado":"En Operación","potencia_mw":225.51,"medio":"-","titular":"Parque Solar Fotovoltaico Sol Del Desierto SpA","region":"Antofagasta","comuna":"María Elena"}},{"type":"Feature","geometry":{"type":"Point","coordinates":[-72.95678,-40.31992]},"properties":{"nombre":"Solar del Bueno","tecnologia":"Solar Fotovoltaico","estado":"En Operación","potencia_mw":3.0,"medio":"PMGD","titular":"Solar del Bueno SpA","region":"Los Ríos","comuna":"La Unión"}},{"type":"Feature","geometry":{"type":"Point","coordinates":[-70.02006,-26.37893]},"properties":{"nombre":"Solar Diego de Almagro","tecnologia":"Solar Fotovoltaico","estado":"En Operación","potencia_mw":31.914,"medio":"-","titular":"Arcadia Generacion Solar S.A.","region":"Atacama","comuna":"Diego de Almagro"}},{"type":"Feature","geometry":{"type":"Point","coordinates":[-71.54089,-34.33726]},"properties":{"nombre":"Solar Esperanza II","tecnologia":"Solar Fotovoltaico","estado":"En Operación","potencia_mw":8.99,"medio":"PMGD","titular":"GR Araucaria SpA","region":"O'Higgins","comuna":"Marchihue"}},{"type":"Feature","geometry":{"type":"Point","coordinates":[-70.74373,-29.21137]},"properties":{"nombre":"Solar La Silla","tecnologia":"Solar Fotovoltaico","estado":"En Operación","potencia_mw":1.53,"medio":"PMG","titular":"Enel Green Power Chile S.A.","region":"Coquimbo","comuna":"La Higuera"}},{"type":"Feature","geometry":{"type":"Point","coordinates":[-70.11122,-27.25422]},"properties":{"nombre":"Solar San Andrés","tecnologia":"Solar Fotovoltaico","estado":"En Operación","potencia_mw":50.6,"medio":"-","titular":"San Andrés SpA","region":"Atacama","comuna":"Copiapó"}},{"type":"Feature","geometry":{"type":"Point","coordinates":[-71.26245,-30.11419]},"properties":{"nombre":"Solaris","tecnologia":"Solar Fotovoltaico","estado":"En Operación","potencia_mw":8.55,"medio":"PMGD","titular":"Enel Green Power Chile S.A.","region":"Coquimbo","comuna":"Coquimbo"}},{"type":"Feature","geometry":{"type":"Point","coordinates":[-70.95952,-34.47382]},"properties":{"nombre":"Solarpack Malloa","tecnologia":"Solar Fotovoltaico","estado":"En Operación","potencia_mw":2.6,"medio":"PMGD","titular":"Chronos Solar SpA","region":"O'Higgins","comuna":"Malloa"}},{"type":"Feature","geometry":{"type":"Point","coordinates":[-71.29393,-33.047]},"properties":{"nombre":"SolarPack Villa Alemana","tecnologia":"Solar Fotovoltaico","estado":"En Operación","potencia_mw":2.7,"medio":"PMGD","titular":"Anumar Energía del Sol 1 SpA","region":"Valparaíso","comuna":"Villa Alemana"}},{"type":"Feature","geometry":{"type":"Point","coordinates":[-71.28763,-30.21914]},"properties":{"nombre":"Soy Solar","tecnologia":"Solar Fotovoltaico","estado":"En Operación","potencia_mw":3.0,"medio":"PMGD","titular":"GPG Generación Distribuida SpA","region":"Coquimbo","comuna":"Coquimbo"}},{"type":"Feature","geometry":{"type":"Point","coordinates":[-71.21799,-30.54173]},"properties":{"nombre":"Sunhunter","tecnologia":"Solar Fotovoltaico","estado":"En Operación","potencia_mw":9.0,"medio":"PMGD","titular":"Sunhunter SpA","region":"Coquimbo","comuna":"Ovalle"}},{"type":"Feature","geometry":{"type":"Point","coordinates":[-70.94137,-34.45935]},"properties":{"nombre":"Sunray","tecnologia":"Solar Fotovoltaico","estado":"En Operación","potencia_mw":9.0,"medio":"PMGD","titular":"Santa Ines SpA","region":"O'Higgins","comuna":"Malloa"}},{"type":"Feature","geometry":{"type":"Point","coordinates":[-71.37759,-32.92237]},"properties":{"nombre":"Tabolango","tecnologia":"Solar Fotovoltaico","estado":"En Operación","potencia_mw":9.0,"medio":"PMGD","titular":"Andina Solar 2 SpA","region":"Valparaíso","comuna":"Limache"}},{"type":"Feature","geometry":{"type":"Point","coordinates":[-69.53511,-22.25989]},"properties":{"nombre":"Taira","tecnologia":"Solar Fotovoltaico","estado":"En Operación","potencia_mw":200.332,"medio":"-","titular":"Planta solar Tocopilla SpA","region":"Antofagasta","comuna":"María Elena"}},{"type":"Feature","geometry":{"type":"Point","coordinates":[-70.86902,-33.63645]},"properties":{"nombre":"Talagante","tecnologia":"Solar Fotovoltaico","estado":"En Operación","potencia_mw":9.0,"medio":"PMGD","titular":"Tedlar Jupiter SpA","region":"Metropolitana","comuna":"Talagante"}},{"type":"Feature","geometry":{"type":"Point","coordinates":[-71.5557,-35.46096]},"properties":{"nombre":"Talca","tecnologia":"Solar Fotovoltaico","estado":"En Operación","potencia_mw":9.0,"medio":"PMGD","titular":"Santa Catalina Solar SpA","region":"Maule","comuna":"Talca"}},{"type":"Feature","geometry":{"type":"Point","coordinates":[-71.25308,-30.56015]},"properties":{"nombre":"Talhuén","tecnologia":"Solar Fotovoltaico","estado":"En Operación","potencia_mw":3.0,"medio":"PMGD","titular":"Reden Talhuén Solar SpA","region":"Coquimbo","comuna":"Ovalle"}},{"type":"Feature","geometry":{"type":"Point","coordinates":[-70.42356,-23.14195]},"properties":{"nombre":"Tallado","tecnologia":"Solar Fotovoltaico","estado":"En Operación","potencia_mw":9.0,"medio":"PMGD","titular":"Angamos Solar SpA","region":"Antofagasta","comuna":"Mejillones"}},{"type":"Feature","geometry":{"type":"Point","coordinates":[-71.92763,-36.02886]},"properties":{"nombre":"Tamango","tecnologia":"Solar Fotovoltaico","estado":"En Operación","potencia_mw":45.836,"medio":"-","titular":"GR Liun SpA","region":"Maule","comuna":"Retiro"}},{"type":"Feature","geometry":{"type":"Point","coordinates":[-70.78961,-28.6036]},"properties":{"nombre":"Tamarama","tecnologia":"Solar Fotovoltaico","estado":"En Operación","potencia_mw":9.0,"medio":"PMGD","titular":"Tamarama SpA","region":"Atacama","comuna":"Vallenar"}},{"type":"Feature","geometry":{"type":"Point","coordinates":[-70.77497,-28.43668]},"properties":{"nombre":"Tamarico","tecnologia":"Solar Fotovoltaico","estado":"En Operación","potencia_mw":152.3,"medio":"-","titular":"Tamarico Solar Dos SpA","region":"Atacama","comuna":"Vallenar"}},{"type":"Feature","geometry":{"type":"Point","coordinates":[-69.64318,-20.36822]},"properties":{"nombre":"Tamarugo","tecnologia":"Solar Fotovoltaico","estado":"En Operación","potencia_mw":2.95,"medio":"PMGD","titular":"Baobab Ingeniería y Energías\n\nRenovables SpA","region":"Tarapacá","comuna":"Pozo Almonte"}},{"type":"Feature","geometry":{"type":"Point","coordinates":[-70.09011,-22.17203]},"properties":{"nombre":"Tamaya Solar","tecnologia":"Solar Fotovoltaico","estado":"En Operación","potencia_mw":112.89,"medio":"-","titular":"Engie Energía\n\nChile S.A.","region":"Antofagasta","comuna":"Tocopilla"}},{"type":"Feature","geometry":{"type":"Point","coordinates":[-70.77019,-30.04853]},"properties":{"nombre":"Tambo Real","tecnologia":"Solar Fotovoltaico","estado":"En Operación","potencia_mw":2.926,"medio":"PMGD","titular":"Generadora Eléctrica Kaltemp Ltda.","region":"Coquimbo","comuna":"Vicuña"}},{"type":"Feature","geometry":{"type":"Point","coordinates":[-71.41976,-33.37598]},"properties":{"nombre":"Taranto Solar","tecnologia":"Solar Fotovoltaico","estado":"En Operación","potencia_mw":9.0,"medio":"PMGD","titular":"Sonnedix Taranto SpA","region":"Valparaíso","comuna":"Casablanca"}},{"type":"Feature","geometry":{"type":"Point","coordinates":[-70.15518,-18.50257]},"properties":{"nombre":"Taruca","tecnologia":"Solar Fotovoltaico","estado":"En Operación","potencia_mw":9.0,"medio":"PMGD","titular":"Taruca Solar SpA","region":"Arica y Parinacota","comuna":"Arica"}},{"type":"Feature","geometry":{"type":"Point","coordinates":[-70.53801,-33.47911]},"properties":{"nombre":"Techos Altamira","tecnologia":"Solar Fotovoltaico","estado":"En Operación","potencia_mw":0.15,"medio":"PMGD","titular":"EERM Energías del Futuro S.A.","region":"Metropolitana","comuna":"Peñalolén"}},{"type":"Feature","geometry":{"type":"Point","coordinates":[-72.19988,-36.78293]},"properties":{"nombre":"TES Solar","tecnologia":"Solar Fotovoltaico","estado":"En Operación","potencia_mw":2.6,"medio":"PMGD","titular":"TES Solar SpA","region":"Ñuble","comuna":"Bulnes"}},{"type":"Feature","geometry":{"type":"Point","coordinates":[-70.26595,-27.5295]},"properties":{"nombre":"Tierra","tecnologia":"Solar Fotovoltaico","estado":"En Operación","potencia_mw":8.0,"medio":"PMGD","titular":"GR Alerce Andino SpA","region":"Atacama","comuna":"Tierra Amarilla"}},{"type":"Feature","geometry":{"type":"Point","coordinates":[-71.0798,-32.33147]},"properties":{"nombre":"Tijeral","tecnologia":"Solar Fotovoltaico","estado":"En Operación","potencia_mw":3.0,"medio":"PMGD","titular":"Tijeral SpA","region":"Valparaíso","comuna":"Petorca"}},{"type":"Feature","geometry":{"type":"Point","coordinates":[-70.81997,-32.95755]},"properties":{"nombre":"Tiltil Solar","tecnologia":"Solar Fotovoltaico","estado":"En Operación","potencia_mw":2.48,"medio":"PMGD","titular":"Hanwha Q Cells Til Til Uno SpA","region":"Metropolitana","comuna":"Tiltil"}},{"type":"Feature","geometry":{"type":"Point","coordinates":[-72.09722,-37.13936]},"properties":{"nombre":"Topacio","tecnologia":"Solar Fotovoltaico","estado":"En Operación","potencia_mw":3.0,"medio":"PMGD","titular":"Parque Solar Esmeralda SpA","region":"Ñuble","comuna":"Yungay"}},{"type":"Feature","geometry":{"type":"Point","coordinates":[-71.61653,-34.34584]},"properties":{"nombre":"Torcazas","tecnologia":"Solar Fotovoltaico","estado":"En Operación","potencia_mw":3.0,"medio":"PMGD","titular":"PFV Las Torcazas SpA","region":"O'Higgins","comuna":"Marchihue"}},{"type":"Feature","geometry":{"type":"Point","coordinates":[-71.14411,-34.87318]},"properties":{"nombre":"Torino","tecnologia":"Solar Fotovoltaico","estado":"En Operación","potencia_mw":8.0,"medio":"PMGD","titular":"GPG Generación Distribuida SpA","region":"Maule","comuna":"Teno"}},{"type":"Feature","geometry":{"type":"Point","coordinates":[-70.52688,-32.88137]},"properties":{"nombre":"Tórtolas del Verano","tecnologia":"Solar Fotovoltaico","estado":"En Operación","potencia_mw":3.0,"medio":"PMGD","titular":"Calbuco de Verano SpA","region":"Valparaíso","comuna":"Los Andes"}},{"type":"Feature","geometry":{"type":"Point","coordinates":[-71.18749,-32.72213]},"properties":{"nombre":"Tranque del Sol","tecnologia":"Solar Fotovoltaico","estado":"En Operación","potencia_mw":9.0,"medio":"PMGD","titular":"Andina Solar 13 SpA","region":"Valparaíso","comuna":"Nogales"}},{"type":"Feature","geometry":{"type":"Point","coordinates":[-70.85826,-33.5098]},"properties":{"nombre":"Trebal Solar","tecnologia":"Solar Fotovoltaico","estado":"En Operación","potencia_mw":2.999,"medio":"PMGD","titular":"El Roble Solar SpA","region":"Metropolitana","comuna":"Maipú"}},{"type":"Feature","geometry":{"type":"Point","coordinates":[-71.36127,-33.65954]},"properties":{"nombre":"Trebo","tecnologia":"Solar Fotovoltaico","estado":"En Operación","potencia_mw":2.97,"medio":"PMGD","titular":"Solar TI Diecisiete SpA","region":"Metropolitana","comuna":"Melipilla"}},{"type":"Feature","geometry":{"type":"Point","coordinates":[-71.5789,-35.59965]},"properties":{"nombre":"Trica-Dos","tecnologia":"Solar Fotovoltaico","estado":"En Operación","potencia_mw":2.8,"medio":"PMGD","titular":"Tricahue SpA","region":"Maule","comuna":"Yerbas Buenas"}},{"type":"Feature","geometry":{"type":"Point","coordinates":[-70.82228,-34.35701]},"properties":{"nombre":"Tricahue II","tecnologia":"Solar Fotovoltaico","estado":"En Operación","potencia_mw":8.981,"medio":"PMGD","titular":"Tricahue Solar SpA","region":"O'Higgins","comuna":"Rengo"}},{"type":"Feature","geometry":{"type":"Point","coordinates":[-71.5653,-34.33768]},"properties":{"nombre":"Trinidad","tecnologia":"Solar Fotovoltaico","estado":"En Operación","potencia_mw":2.99,"medio":"PMGD","titular":"SPV P4 SpA","region":"O'Higgins","comuna":"Marchihue"}},{"type":"Feature","geometry":{"type":"Point","coordinates":[-70.97138,-32.78443]},"properties":{"nombre":"Tucúquere","tecnologia":"Solar Fotovoltaico","estado":"En Operación","potencia_mw":2.975,"medio":"PMGD","titular":"Tucuquere SpA","region":"Valparaíso","comuna":"Catemu"}},{"type":"Feature","geometry":{"type":"Point","coordinates":[-72.6628,-37.23729]},"properties":{"nombre":"Turquía","tecnologia":"Solar Fotovoltaico","estado":"En Operación","potencia_mw":1.5,"medio":"PMGD","titular":"Tedlar Luna SpA","region":"Biobío","comuna":"San Rosendo"}},{"type":"Feature","geometry":{"type":"Point","coordinates":[-72.27845,-35.96232]},"properties":{"nombre":"Tutuvén","tecnologia":"Solar Fotovoltaico","estado":"En Operación","potencia_mw":8.737,"medio":"PMGD","titular":"Parque Solar Tangua SpA","region":"Maule","comuna":"Cauquenes"}},{"type":"Feature","geometry":{"type":"Point","coordinates":[-71.67044,-35.48572]},"properties":{"nombre":"Unihue","tecnologia":"Solar Fotovoltaico","estado":"En Operación","potencia_mw":2.7,"medio":"PMGD","titular":"Parque Solar Unihue SpA","region":"Maule","comuna":"Maule"}},{"type":"Feature","geometry":{"type":"Point","coordinates":[-70.21661,-23.56178]},"properties":{"nombre":"Uribe Solar","tecnologia":"Solar Fotovoltaico","estado":"En Operación","potencia_mw":52.75,"medio":"-","titular":"Fotovoltaica Norte Grande 5 SpA","region":"Antofagasta","comuna":"Antofagasta"}},{"type":"Feature","geometry":{"type":"Point","coordinates":[-68.84669,-22.48601]},"properties":{"nombre":"Usya","tecnologia":"Solar Fotovoltaico","estado":"En Operación","potencia_mw":55.0,"medio":"-","titular":"Acciona Energía Chile Holdings S.A.","region":"Antofagasta","comuna":"Calama"}},{"type":"Feature","geometry":{"type":"Point","coordinates":[-71.40671,-32.81631]},"properties":{"nombre":"Valle Alegre","tecnologia":"Solar Fotovoltaico","estado":"En Operación","potencia_mw":2.8,"medio":"PMGD","titular":"Fotovoltaica Valle Alegre SpA","region":"Valparaíso","comuna":"Quintero"}},{"type":"Feature","geometry":{"type":"Point","coordinates":[-70.84503,-33.28599]},"properties":{"nombre":"Valle de la Luna II","tecnologia":"Solar Fotovoltaico","estado":"En Operación","potencia_mw":2.99,"medio":"PMGD","titular":"Valle De La Luna II SpA","region":"Metropolitana","comuna":"Lampa"}},{"type":"Feature","geometry":{"type":"Point","coordinates":[-69.57815,-22.33321]},"properties":{"nombre":"Valle del Sol (Modificación)","tecnologia":"Solar Fotovoltaico","estado":"En Operación","potencia_mw":149.55,"medio":"-","titular":"Enel Green Power Chile Limitada","region":"Antofagasta","comuna":"María Elena"}},{"type":"Feature","geometry":{"type":"Point","coordinates":[-70.27413,-27.80891]},"properties":{"nombre":"Valle Escondido","tecnologia":"Solar Fotovoltaico","estado":"En Operación","potencia_mw":106.23,"medio":"-","titular":"AR Valle Escondido SpA","region":"Atacama","comuna":"Tierra Amarilla"}},{"type":"Feature","geometry":{"type":"Point","coordinates":[-70.39133,-27.35018]},"properties":{"nombre":"Valle Solar Este II","tecnologia":"Solar Fotovoltaico","estado":"En Operación","potencia_mw":8.992,"medio":"PMGD","titular":"Sinergia Solar SpA","region":"Atacama","comuna":"Copiapó"}},{"type":"Feature","geometry":{"type":"Point","coordinates":[-70.39369,-27.35088]},"properties":{"nombre":"Valle Solar Oeste II","tecnologia":"Solar Fotovoltaico","estado":"En Operación","potencia_mw":8.992,"medio":"PMGD","titular":"Solar Brothers SpA","region":"Atacama","comuna":"Copiapó"}},{"type":"Feature","geometry":{"type":"Point","coordinates":[-70.99589,-32.83744]},"properties":{"nombre":"Valparaíso","tecnologia":"Solar Fotovoltaico","estado":"En Operación","potencia_mw":6.0,"medio":"PMGD","titular":"Parque Solar La Rosa SpA","region":"Valparaíso","comuna":"Llaillay"}},{"type":"Feature","geometry":{"type":"Point","coordinates":[-72.42076,-37.4467]},"properties":{"nombre":"Velasco Solar","tecnologia":"Solar Fotovoltaico","estado":"En Operación","potencia_mw":1.0,"medio":"PMGD","titular":"Santa Barbara Energy SpA","region":"Biobío","comuna":"Los Ángeles"}},{"type":"Feature","geometry":{"type":"Point","coordinates":[-71.15268,-34.86931]},"properties":{"nombre":"Venezia Solar","tecnologia":"Solar Fotovoltaico","estado":"En Operación","potencia_mw":9.0,"medio":"PMG","titular":"Venezia Solar SpA","region":"Maule","comuna":"Teno"}},{"type":"Feature","geometry":{"type":"Point","coordinates":[-71.02856,-34.74563]},"properties":{"nombre":"Ventisquero Solar","tecnologia":"Solar Fotovoltaico","estado":"En Operación","potencia_mw":9.0,"medio":"PMGD","titular":"Chimbarongo Solar SpA","region":"O'Higgins","comuna":"Chimbarongo"}},{"type":"Feature","geometry":{"type":"Point","coordinates":[-72.13835,-36.6727]},"properties":{"nombre":"Venturada","tecnologia":"Solar Fotovoltaico","estado":"En Operación","potencia_mw":8.98,"medio":"PMGD","titular":"Venturada Energía SpA","region":"Ñuble","comuna":"Chillán Viejo"}},{"type":"Feature","geometry":{"type":"Point","coordinates":[-71.17081,-34.86164]},"properties":{"nombre":"Verona","tecnologia":"Solar Fotovoltaico","estado":"En Operación","potencia_mw":3.0,"medio":"PMGD","titular":"Verona Solar SpA","region":"Maule","comuna":"Teno"}},{"type":"Feature","geometry":{"type":"Point","coordinates":[-70.61824,-33.67845]},"properties":{"nombre":"Vicente Solar","tecnologia":"Solar Fotovoltaico","estado":"En Operación","potencia_mw":2.695,"medio":"PMGD","titular":"Solar TI DOS SpA","region":"Metropolitana","comuna":"Pirque"}},{"type":"Feature","geometry":{"type":"Point","coordinates":[-69.62313,-20.27787]},"properties":{"nombre":"Víctor Jara","tecnologia":"Solar Fotovoltaico","estado":"En Operación","potencia_mw":179.852,"medio":"-","titular":"GR Chañar SpA","region":"Tarapacá","comuna":"Pozo Almonte"}},{"type":"Feature","geometry":{"type":"Point","coordinates":[-68.97543,-22.47918]},"properties":{"nombre":"Victoria","tecnologia":"Solar Fotovoltaico","estado":"En Operación","potencia_mw":9.0,"medio":"PMGD","titular":"Victoria Solar SpA","region":"Antofagasta","comuna":"Calama"}},{"type":"Feature","geometry":{"type":"Point","coordinates":[-71.70398,-35.68499]},"properties":{"nombre":"Villa Alegre","tecnologia":"Solar Fotovoltaico","estado":"En Operación","potencia_mw":8.999,"medio":"PMGD","titular":"Parque Solar Villa Alegre SpA","region":"Maule","comuna":"Villa Alegre"}},{"type":"Feature","geometry":{"type":"Point","coordinates":[-71.88282,-35.59179]},"properties":{"nombre":"Villa Cruz","tecnologia":"Solar Fotovoltaico","estado":"En Operación","potencia_mw":2.933,"medio":"PMGD","titular":"Villa Cruz SpA","region":"Maule","comuna":"San Javier"}},{"type":"Feature","geometry":{"type":"Point","coordinates":[-71.60638,-33.94274]},"properties":{"nombre":"Villa CVE","tecnologia":"Solar Fotovoltaico","estado":"En Operación","potencia_mw":5.322,"medio":"PMGD","titular":"Solar TI Veinticuatro SpA","region":"Metropolitana","comuna":"San Pedro de Melipilla"}},{"type":"Feature","geometry":{"type":"Point","coordinates":[-71.71101,-35.95525]},"properties":{"nombre":"Villa Longaví","tecnologia":"Solar Fotovoltaico","estado":"En Operación","potencia_mw":9.011,"medio":"PMG","titular":"Parque Solar Villa Longaví SpA","region":"Maule","comuna":"Longaví"}},{"type":"Feature","geometry":{"type":"Point","coordinates":[-71.36518,-33.09163]},"properties":{"nombre":"Villa Moscoso","tecnologia":"Solar Fotovoltaico","estado":"En Operación","potencia_mw":3.0,"medio":"PMGD","titular":"CFT Villa Alemana SpA","region":"Valparaíso","comuna":"Villa Alemana"}},{"type":"Feature","geometry":{"type":"Point","coordinates":[-71.62691,-35.11311]},"properties":{"nombre":"Villa Prat","tecnologia":"Solar Fotovoltaico","estado":"En Operación","potencia_mw":2.96,"medio":"PMGD","titular":"Villa Prat Energy SpA","region":"Maule","comuna":"Sagrada Familia"}},{"type":"Feature","geometry":{"type":"Point","coordinates":[-71.81975,-35.86565]},"properties":{"nombre":"Villa Seca","tecnologia":"Solar Fotovoltaico","estado":"En Operación","potencia_mw":3.0,"medio":"PMGD","titular":"Parque Solar Villa Seca SpA","region":"Maule","comuna":"Retiro"}},{"type":"Feature","geometry":{"type":"Point","coordinates":[-71.62091,-35.10736]},"properties":{"nombre":"Villa Solar","tecnologia":"Solar Fotovoltaico","estado":"En Operación","potencia_mw":2.739,"medio":"PMGD","titular":"Villaprat SpA","region":"Maule","comuna":"Sagrada Familia"}},{"type":"Feature","geometry":{"type":"Point","coordinates":[-71.43889,-33.30833]},"properties":{"nombre":"Viñas del Sol","tecnologia":"Solar Fotovoltaico","estado":"En Operación","potencia_mw":6.0,"medio":"PMGD","titular":"Andina Solar 1 SpA","region":"Valparaíso","comuna":"Casablanca"}},{"type":"Feature","geometry":{"type":"Point","coordinates":[-70.88307,-33.54484]},"properties":{"nombre":"Violeta (RM)","tecnologia":"Solar Fotovoltaico","estado":"En Operación","potencia_mw":7.3,"medio":"PMGD","titular":"GR Queulat SpA","region":"Metropolitana","comuna":"Padre Hurtado"}},{"type":"Feature","geometry":{"type":"Point","coordinates":[-71.62458,-34.29106]},"properties":{"nombre":"Vituco 2B","tecnologia":"Solar Fotovoltaico","estado":"En Operación","potencia_mw":2.95,"medio":"PMGD","titular":"Vituco SpA","region":"O'Higgins","comuna":"Marchihue"}},{"type":"Feature","geometry":{"type":"Point","coordinates":[-70.10852,-18.49924]},"properties":{"nombre":"Willka","tecnologia":"Solar Fotovoltaico","estado":"En Operación","potencia_mw":98.0,"medio":"-","titular":"Inversiones Fotovoltaicas SpA","region":"Arica y Parinacota","comuna":"Arica"}},{"type":"Feature","geometry":{"type":"Point","coordinates":[-70.97278,-32.78716]},"properties":{"nombre":"Yahutela","tecnologia":"Solar Fotovoltaico","estado":"En Operación","potencia_mw":6.0,"medio":"PMGD","titular":"Catemu Solar SpA","region":"Valparaíso","comuna":"Catemu"}},{"type":"Feature","geometry":{"type":"Point","coordinates":[-71.99598,-37.09245]},"properties":{"nombre":"Yungay II Trilaleo","tecnologia":"Solar Fotovoltaico","estado":"En Operación","potencia_mw":9.0,"medio":"PMGD","titular":"MVC Solar 17 SpA","region":"Ñuble","comuna":"Yungay"}},{"type":"Feature","geometry":{"type":"Point","coordinates":[-72.48661,-37.54701]},"properties":{"nombre":"Zorzal","tecnologia":"Solar Fotovoltaico","estado":"En Operación","potencia_mw":2.999,"medio":"PMGD","titular":"Zorzal SpA","region":"Biobío","comuna":"Los Ángeles"}},{"type":"Feature","geometry":{"type":"Point","coordinates":[-68.59277,-22.73167]},"properties":{"nombre":"Likana Solar","tecnologia":"Solar CSP","estado":"Aprobado","potencia_mw":450.0,"medio":"-","titular":"Likana Solar SpA","region":"Antofagasta","comuna":"Calama"}},{"type":"Feature","geometry":{"type":"Point","coordinates":[-70.03029,-18.98559]},"properties":{"nombre":"Termosolar Camarones","tecnologia":"Solar CSP","estado":"Aprobado","potencia_mw":105.0,"medio":"-","titular":"Lorenzo Lajarin González","region":"Arica y Parinacota","comuna":"Camarones"}},{"type":"Feature","geometry":{"type":"Point","coordinates":[-69.47933,-22.17306]},"properties":{"nombre":"Termosolar María Elena","tecnologia":"Solar CSP","estado":"Aprobado","potencia_mw":400.0,"medio":"-","titular":"Ibereolica Solar Atacama S.A.","region":"Antofagasta","comuna":"María Elena"}},{"type":"Feature","geometry":{"type":"Point","coordinates":[-69.56427,-22.73568]},"properties":{"nombre":"Termosolar Pedro de Valdivia","tecnologia":"Solar CSP","estado":"Aprobado","potencia_mw":360.0,"medio":"-","titular":"Ibereolica Solar Atacama S.A.","region":"Antofagasta","comuna":"María Elena"}},{"type":"Feature","geometry":{"type":"Point","coordinates":[-69.48054,-22.77631]},"properties":{"nombre":"CSP Cerro Dominador","tecnologia":"Solar CSP","estado":"En Operación","potencia_mw":108.27,"medio":"-","titular":"Cerro Dominador CSP","region":"Antofagasta","comuna":"María Elena"}},{"type":"Feature","geometry":{"type":"Point","coordinates":[-71.88891,-36.32687]},"properties":{"nombre":"Andino Suiza","tecnologia":"Eólico","estado":"En Calificación","potencia_mw":115.2,"medio":"-","titular":"Cóndor Los Lagos SpA","region":"Ñuble","comuna":"Ñiquén"}},{"type":"Feature","geometry":{"type":"Point","coordinates":[-73.58766,-41.41594]},"properties":{"nombre":"Alto Los Muermos","tecnologia":"Eólico","estado":"En Calificación","potencia_mw":430.0,"medio":"-","titular":"Alto Los Muermos","region":"Los Lagos","comuna":"Los Muermos"}},{"type":"Feature","geometry":{"type":"Point","coordinates":[-71.6866,-30.58768]},"properties":{"nombre":"Carica","tecnologia":"Eólico","estado":"En Calificación","potencia_mw":92.4,"medio":"-","titular":"Sonnedix Parque Eolico Carica SpA","region":"Coquimbo","comuna":"Ovalle"}},{"type":"Feature","geometry":{"type":"Point","coordinates":[-71.68333,-30.75932]},"properties":{"nombre":"Cerro Los Loros","tecnologia":"Eólico","estado":"En Calificación","potencia_mw":79.2,"medio":"-","titular":"Enel Green Power Chile S.A.","region":"Coquimbo","comuna":"Ovalle"}},{"type":"Feature","geometry":{"type":"Point","coordinates":[-73.26553,-41.18428]},"properties":{"nombre":"Cuatro Vientos","tecnologia":"Eólico","estado":"En Calificación","potencia_mw":360.0,"medio":"-","titular":"Colbún S.A.","region":"Los Lagos","comuna":"Llanquihue"}},{"type":"Feature","geometry":{"type":"Point","coordinates":[-72.19948,-36.05538]},"properties":{"nombre":"El Parrón","tecnologia":"Eólico","estado":"En Calificación","potencia_mw":184.0,"medio":"-","titular":"Inversiones Bosquemar SpA","region":"Maule","comuna":"Cauquenes"}},{"type":"Feature","geometry":{"type":"Point","coordinates":[-72.73002,-40.2168]},"properties":{"nombre":"El Rancho","tecnologia":"Eólico","estado":"En Calificación","potencia_mw":216.0,"medio":"-","titular":"Parque Eólico Pidenco SpA","region":"Los Ríos","comuna":"La Unión"}},{"type":"Feature","geometry":{"type":"Point","coordinates":[-72.37978,-36.18336]},"properties":{"nombre":"El Sauzal","tecnologia":"Eólico","estado":"En Calificación","potencia_mw":360.0,"medio":"-","titular":"Inversiones Bosquemar SpA","region":"Ñuble","comuna":"Quirihue"}},{"type":"Feature","geometry":{"type":"Point","coordinates":[-70.10252,-52.38697]},"properties":{"nombre":"HNH ENERGY","tecnologia":"Eólico","estado":"En Calificación","potencia_mw":1396.8,"medio":"-","titular":"ASOE Chile Diez SpA","region":"Magallanes","comuna":"San Gregorio"}},{"type":"Feature","geometry":{"type":"Point","coordinates":[-72.13128,-37.23945]},"properties":{"nombre":"Las Lilas","tecnologia":"Eólico","estado":"En Calificación","potencia_mw":240.0,"medio":"-","titular":"Parque Eólico Las Lilas SpA","region":"Biobío","comuna":"Los Ángeles"}},{"type":"Feature","geometry":{"type":"Point","coordinates":[-69.95207,-25.02116]},"properties":{"nombre":"Llanura Solar","tecnologia":"Eólico","estado":"En Calificación","potencia_mw":152.0,"medio":"-","titular":"CI GMF II Llanura Solar ProjectCo SpA","region":"Antofagasta","comuna":"Taltal"}},{"type":"Feature","geometry":{"type":"Point","coordinates":[-73.17957,-41.16135]},"properties":{"nombre":"Loma Verde","tecnologia":"Eólico","estado":"En Calificación","potencia_mw":136.4,"medio":"-","titular":"Engie Energía Chile S.A.","region":"Los Lagos","comuna":"Frutillar"}},{"type":"Feature","geometry":{"type":"Point","coordinates":[-73.78952,-41.46594]},"properties":{"nombre":"Mirador del Sur","tecnologia":"Eólico","estado":"En Calificación","potencia_mw":320.0,"medio":"-","titular":"WPD Trumao SpA","region":"Los Lagos","comuna":"Los Muermos"}},{"type":"Feature","geometry":{"type":"Point","coordinates":[-69.96213,-24.96229]},"properties":{"nombre":"Thayari","tecnologia":"Eólico","estado":"En Calificación","potencia_mw":264.0,"medio":"-","titular":"Parque Eolico Thayari SpA","region":"Antofagasta","comuna":"Taltal"}},{"type":"Feature","geometry":{"type":"Point","coordinates":[-73.10643,-41.16395]},"properties":{"nombre":"Trumao","tecnologia":"Eólico","estado":"En Calificación","potencia_mw":320.0,"medio":"-","titular":"Mirador del Sur SpA","region":"Los Lagos","comuna":"Frutillar"}},{"type":"Feature","geometry":{"type":"Point","coordinates":[-72.06,-37.43016]},"properties":{"nombre":"Tulipanes","tecnologia":"Eólico","estado":"En Calificación","potencia_mw":410.4,"medio":"-","titular":"Parque Eolico Tulipanes SpA","region":"Biobío","comuna":"Quilleco"}},{"type":"Feature","geometry":{"type":"Point","coordinates":[-69.95947,-24.98352]},"properties":{"nombre":"Vientos de Taltal","tecnologia":"Eólico","estado":"En Calificación","potencia_mw":256.0,"medio":"-","titular":"Vientos de Taltal SpA","region":"Antofagasta","comuna":"Taltal"}},{"type":"Feature","geometry":{"type":"Point","coordinates":[-73.29386,-41.11596]},"properties":{"nombre":"Vientos del Lago","tecnologia":"Eólico","estado":"En Calificación","potencia_mw":132.0,"medio":"-","titular":"OPDE Chile SpA","region":"Los Lagos","comuna":"Frutillar"}},{"type":"Feature","geometry":{"type":"Point","coordinates":[-72.69797,-37.6974]},"properties":{"nombre":"Almendro","tecnologia":"Eólico","estado":"Aprobado","potencia_mw":144.0,"medio":"-","titular":"Bioenergias Forestales SpA","region":"Araucanía","comuna":"Angol"}},{"type":"Feature","geometry":{"type":"Point","coordinates":[-73.6747,-41.95658]},"properties":{"nombre":"Ancud (Modificación)","tecnologia":"Eólico","estado":"Aprobado","potencia_mw":120.0,"medio":"-","titular":"Viento Austral SpA","region":"Los Lagos","comuna":"Ancud"}},{"type":"Feature","geometry":{"type":"Point","coordinates":[-68.76513,-22.46]},"properties":{"nombre":"Andes Wind Parks","tecnologia":"Eólico","estado":"Aprobado","potencia_mw":65.0,"medio":"-","titular":"Andes Wind Parks S.A.","region":"Antofagasta","comuna":"Calama"}},{"type":"Feature","geometry":{"type":"Point","coordinates":[-69.76805,-24.89625]},"properties":{"nombre":"Antofagasta - Etapa II (Modificación)","tecnologia":"Eólico","estado":"Aprobado","potencia_mw":462.0,"medio":"-","titular":"Parque Eólico Antofagasta SpA","region":"Antofagasta","comuna":"Taltal"}},{"type":"Feature","geometry":{"type":"Point","coordinates":[-73.47088,-37.21619]},"properties":{"nombre":"Arauco","tecnologia":"Eólico","estado":"Aprobado","potencia_mw":125.0,"medio":"-","titular":"Element Power Chile S.A.","region":"Biobío","comuna":"Arauco"}},{"type":"Feature","geometry":{"type":"Point","coordinates":[-72.56229,-37.27307]},"properties":{"nombre":"Buenaventura","tecnologia":"Eólico","estado":"Aprobado","potencia_mw":28.0,"medio":"-","titular":"Eólica La Esperanza S.A.","region":"Biobío","comuna":"Laja"}},{"type":"Feature","geometry":{"type":"Point","coordinates":[-72.32864,-37.04466]},"properties":{"nombre":"Cabrero","tecnologia":"Eólico","estado":"Aprobado","potencia_mw":95.2,"medio":"-","titular":"Wind 3 SpA","region":"Biobío","comuna":"Cabrero"}},{"type":"Feature","geometry":{"type":"Point","coordinates":[-73.22659,-41.68454]},"properties":{"nombre":"Calbuco","tecnologia":"Eólico","estado":"Aprobado","potencia_mw":49.6,"medio":"-","titular":"Energías Calbuco S.A.","region":"Los Lagos","comuna":"Calbuco"}},{"type":"Feature","geometry":{"type":"Point","coordinates":[-73.21026,-36.77642]},"properties":{"nombre":"Chome","tecnologia":"Eólico","estado":"Aprobado","potencia_mw":12.0,"medio":"-","titular":"Ingeniería Seawind Sudamérica Ltda.","region":"Biobío","comuna":"Hualpén"}},{"type":"Feature","geometry":{"type":"Point","coordinates":[-72.63744,-37.63234]},"properties":{"nombre":"Coihue","tecnologia":"Eólico","estado":"Aprobado","potencia_mw":18.4,"medio":"-","titular":"Parque Eólico Coihue SPA","region":"Biobío","comuna":"Negrete"}},{"type":"Feature","geometry":{"type":"Point","coordinates":[-72.2846,-38.04561]},"properties":{"nombre":"Collipulli","tecnologia":"Eólico","estado":"Aprobado","potencia_mw":48.0,"medio":"-","titular":"Ener-Renova S.A.","region":"Araucanía","comuna":"Collipulli"}},{"type":"Feature","geometry":{"type":"Point","coordinates":[-72.29214,-36.30704]},"properties":{"nombre":"Culenco","tecnologia":"Eólico","estado":"Aprobado","potencia_mw":256.0,"medio":"-","titular":"PLAN 8 Energía Infinita Ltda","region":"Ñuble","comuna":"San Carlos"}},{"type":"Feature","geometry":{"type":"Point","coordinates":[-72.16118,-37.03723]},"properties":{"nombre":"Dañicalqui","tecnologia":"Eólico","estado":"Aprobado","potencia_mw":95.2,"medio":"-","titular":"Eolica Dañicalqui SpA","region":"Ñuble","comuna":"Yungay"}},{"type":"Feature","geometry":{"type":"Point","coordinates":[-72.52934,-37.47644]},"properties":{"nombre":"Don Álvaro","tecnologia":"Eólico","estado":"Aprobado","potencia_mw":114.0,"medio":"-","titular":"Energía Eólica Don Álvaro SpA","region":"Biobío","comuna":"Los Ángeles"}},{"type":"Feature","geometry":{"type":"Point","coordinates":[-72.49895,-37.70717]},"properties":{"nombre":"El Alba","tecnologia":"Eólico","estado":"Aprobado","potencia_mw":43.2,"medio":"-","titular":"Acciona Energía Chile SpA","region":"Araucanía","comuna":"Renaico"}},{"type":"Feature","geometry":{"type":"Point","coordinates":[-72.33468,-35.45511]},"properties":{"nombre":"El Guanaco","tecnologia":"Eólico","estado":"Aprobado","potencia_mw":316.8,"medio":"-","titular":"Atlas Energía SpA","region":"Maule","comuna":"Constitución"}},{"type":"Feature","geometry":{"type":"Point","coordinates":[-72.36585,-37.29286]},"properties":{"nombre":"El Rosal","tecnologia":"Eólico","estado":"Aprobado","potencia_mw":184.4,"medio":"-","titular":"Engie Energía Chile S.A.","region":"Biobío","comuna":"Los Ángeles"}},{"type":"Feature","geometry":{"type":"Point","coordinates":[-72.40712,-36.5479]},"properties":{"nombre":"Entre Cerros","tecnologia":"Eólico","estado":"Aprobado","potencia_mw":46.2,"medio":"-","titular":"Inversiones Bosquemar Ltda.","region":"Ñuble","comuna":"Portezuelo"}},{"type":"Feature","geometry":{"type":"Point","coordinates":[-72.42906,-37.60937]},"properties":{"nombre":"Entre Ríos","tecnologia":"Eólico","estado":"Aprobado","potencia_mw":310.5,"medio":"-","titular":"AR Coihue SpA","region":"Biobío","comuna":"Mulchén"}},{"type":"Feature","geometry":{"type":"Point","coordinates":[-69.90529,-24.82702]},"properties":{"nombre":"ERNC Antofagasta","tecnologia":"Eólico","estado":"Aprobado","potencia_mw":496.0,"medio":"-","titular":"Ibereólica ERNC Antofagasta SpA","region":"Antofagasta","comuna":"Taltal"}},{"type":"Feature","geometry":{"type":"Point","coordinates":[-69.73422,-21.44]},"properties":{"nombre":"ERNC Tarapacá","tecnologia":"Eólico","estado":"Aprobado","potencia_mw":91.0,"medio":"-","titular":"ERNC Loa SpA","region":"Tarapacá","comuna":"Pozo Almonte"}},{"type":"Feature","geometry":{"type":"Point","coordinates":[-70.88881,-52.85256]},"properties":{"nombre":"Faro del Sur","tecnologia":"Eólico","estado":"Aprobado","potencia_mw":384.0,"medio":"-","titular":"Eólica Faro del Sur SpA","region":"Magallanes","comuna":"Punta Arenas"}},{"type":"Feature","geometry":{"type":"Point","coordinates":[-72.62241,-37.64947]},"properties":{"nombre":"Fénix","tecnologia":"Eólico","estado":"Aprobado","potencia_mw":144.0,"medio":"-","titular":"Parque Eólico Maqui SpA","region":"Biobío","comuna":"Negrete"}},{"type":"Feature","geometry":{"type":"Point","coordinates":[-72.6332,-37.56081]},"properties":{"nombre":"Fundo Las Marías","tecnologia":"Eólico","estado":"Aprobado","potencia_mw":11.12,"medio":"-","titular":"Windkraft Uno Chile SpA","region":"Biobío","comuna":"Negrete"}},{"type":"Feature","geometry":{"type":"Point","coordinates":[-68.82259,-22.43323]},"properties":{"nombre":"Granja Eólica Calama","tecnologia":"Eólico","estado":"Aprobado","potencia_mw":250.0,"medio":"-","titular":"Codelco Chile, División Chuquicamata","region":"Antofagasta","comuna":"Calama"}},{"type":"Feature","geometry":{"type":"Point","coordinates":[-71.61431,-31.20996]},"properties":{"nombre":"Hacienda Quijote","tecnologia":"Eólico","estado":"Aprobado","potencia_mw":26.0,"medio":"-","titular":"Proyecto Eólico Hacienda Quijote SpA","region":"Coquimbo","comuna":"Canela"}},{"type":"Feature","geometry":{"type":"Point","coordinates":[-71.62829,-31.19222]},"properties":{"nombre":"Híbrido Amolanas","tecnologia":"Eólico","estado":"Aprobado","potencia_mw":117.0,"medio":"-","titular":"Pacific Hydro Chile S.A.","region":"Coquimbo","comuna":"Ovalle"}},{"type":"Feature","geometry":{"type":"Point","coordinates":[-69.77277,-24.98827]},"properties":{"nombre":"Horizonte (Modificación)","tecnologia":"Eólico","estado":"Aprobado","potencia_mw":180.0,"medio":"-","titular":"Colbún S.A.","region":"Antofagasta","comuna":"Taltal"}},{"type":"Feature","geometry":{"type":"Point","coordinates":[-72.35132,-37.65607]},"properties":{"nombre":"Junquillos","tecnologia":"Eólico","estado":"Aprobado","potencia_mw":472.5,"medio":"-","titular":"Colbún S.A.","region":"Biobío","comuna":"Mulchén"}},{"type":"Feature","geometry":{"type":"Point","coordinates":[-71.63371,-45.46528]},"properties":{"nombre":"Kosten Aike","tecnologia":"Eólico","estado":"Aprobado","potencia_mw":36.0,"medio":"-","titular":"Eólica Kosten Aike SpA","region":"Aysén","comuna":"Coyhaique"}},{"type":"Feature","geometry":{"type":"Point","coordinates":[-71.4999,-31.9323]},"properties":{"nombre":"La Cachina","tecnologia":"Eólico","estado":"Aprobado","potencia_mw":66.0,"medio":"-","titular":"Ener-Renova","region":"Coquimbo","comuna":"Los Vilos"}},{"type":"Feature","geometry":{"type":"Point","coordinates":[-72.55023,-37.5917]},"properties":{"nombre":"La Esperanza II","tecnologia":"Eólico","estado":"Aprobado","potencia_mw":17.5,"medio":"-","titular":"Eólica La Esperanza S.A.","region":"Biobío","comuna":"Negrete"}},{"type":"Feature","geometry":{"type":"Point","coordinates":[-71.62693,-31.09428]},"properties":{"nombre":"La Gorgonia","tecnologia":"Eólico","estado":"Aprobado","potencia_mw":76.0,"medio":"-","titular":"Parque Eólico La Gorgonia S.A.","region":"Coquimbo","comuna":"Punitaqui"}},{"type":"Feature","geometry":{"type":"Point","coordinates":[-72.34959,-37.55674]},"properties":{"nombre":"LA Sur 2","tecnologia":"Eólico","estado":"Aprobado","potencia_mw":11.2,"medio":"-","titular":"Windkraft Cinco Chile SpA","region":"Biobío","comuna":"Los Ángeles"}},{"type":"Feature","geometry":{"type":"Point","coordinates":[-71.51511,-33.31368]},"properties":{"nombre":"Las Dichas","tecnologia":"Eólico","estado":"Aprobado","potencia_mw":16.0,"medio":"-","titular":"Ener-Renova","region":"Valparaíso","comuna":"Casablanca"}},{"type":"Feature","geometry":{"type":"Point","coordinates":[-72.20045,-37.16032]},"properties":{"nombre":"Las Fresias","tecnologia":"Eólico","estado":"Aprobado","potencia_mw":310.0,"medio":"-","titular":"Parque Eólico Las Fresias SpA","region":"Ñuble","comuna":"Yungay"}},{"type":"Feature","geometry":{"type":"Point","coordinates":[-72.53198,-37.74432]},"properties":{"nombre":"Las Viñas","tecnologia":"Eólico","estado":"Aprobado","potencia_mw":58.7,"medio":"-","titular":"Parque Eólico Renaico S.p.A","region":"Araucanía","comuna":"Renaico"}},{"type":"Feature","geometry":{"type":"Point","coordinates":[-72.33748,-37.55344]},"properties":{"nombre":"LASUR 1","tecnologia":"Eólico","estado":"Aprobado","potencia_mw":16.8,"medio":"-","titular":"Windkraft cuatro Chile SpA","region":"Biobío","comuna":"Los Ángeles"}},{"type":"Feature","geometry":{"type":"Point","coordinates":[-73.60233,-37.67831]},"properties":{"nombre":"Lebu 2da Etapa","tecnologia":"Eólico","estado":"Aprobado","potencia_mw":158.0,"medio":"-","titular":"Inversiones BOSQUEMAR Ltda","region":"Biobío","comuna":"Lebu"}},{"type":"Feature","geometry":{"type":"Point","coordinates":[-73.65479,-37.64421]},"properties":{"nombre":"Lebu Sur","tecnologia":"Eólico","estado":"Aprobado","potencia_mw":108.0,"medio":"-","titular":"Inversiones BOSQUEMAR Ltda","region":"Biobío","comuna":"Lebu"}},{"type":"Feature","geometry":{"type":"Point","coordinates":[-71.00307,-32.83044]},"properties":{"nombre":"Llay-Llay","tecnologia":"Eólico","estado":"Aprobado","potencia_mw":33.6,"medio":"-","titular":"Parque Eolico Llay Llay SpA","region":"Valparaíso","comuna":"Llaillay"}},{"type":"Feature","geometry":{"type":"Point","coordinates":[-69.84098,-21.48301]},"properties":{"nombre":"Loa","tecnologia":"Eólico","estado":"Aprobado","potencia_mw":528.0,"medio":"-","titular":"Aprovechamientos Energéticos S.A.","region":"Antofagasta","comuna":"Tocopilla"}},{"type":"Feature","geometry":{"type":"Point","coordinates":[-72.59115,-37.84658]},"properties":{"nombre":"Los Alpes","tecnologia":"Eólico","estado":"Aprobado","potencia_mw":105.6,"medio":"-","titular":"Empresa Eléctrica Alpes SpA","region":"Araucanía","comuna":"Angol"}},{"type":"Feature","geometry":{"type":"Point","coordinates":[-71.96651,-36.94569]},"properties":{"nombre":"Los Coihues","tecnologia":"Eólico","estado":"Aprobado","potencia_mw":338.4,"medio":"-","titular":"Hy2Wind SpA","region":"Ñuble","comuna":"El Carmen"}},{"type":"Feature","geometry":{"type":"Point","coordinates":[-73.30517,-41.26893]},"properties":{"nombre":"Los Lagos del Sur","tecnologia":"Eólico","estado":"Aprobado","potencia_mw":283.8,"medio":"-","titular":"Eólica Los Lagos SpA","region":"Los Lagos","comuna":"Los Muermos"}},{"type":"Feature","geometry":{"type":"Point","coordinates":[-73.2908,-41.67059]},"properties":{"nombre":"Los Portones","tecnologia":"Eólico","estado":"Aprobado","potencia_mw":167.4,"medio":"-","titular":"Engie Energía Chile S.A.","region":"Los Lagos","comuna":"Calbuco"}},{"type":"Feature","geometry":{"type":"Point","coordinates":[-72.26415,-38.1203]},"properties":{"nombre":"Los Trigales","tecnologia":"Eólico","estado":"Aprobado","potencia_mw":154.8,"medio":"-","titular":"Parque Eólico Los Trigales SpA.","region":"Araucanía","comuna":"Ercilla"}},{"type":"Feature","geometry":{"type":"Point","coordinates":[-69.98676,-23.73766]},"properties":{"nombre":"Morros","tecnologia":"Eólico","estado":"Aprobado","potencia_mw":192.0,"medio":"-","titular":"Andes Mainstream SpA","region":"Antofagasta","comuna":"Antofagasta"}},{"type":"Feature","geometry":{"type":"Point","coordinates":[-72.22264,-37.80514]},"properties":{"nombre":"Newen Küruf","tecnologia":"Eólico","estado":"Aprobado","potencia_mw":168.0,"medio":"-","titular":"Soc. Eolica Valle Verde SpA","region":"Biobío","comuna":"Mulchén"}},{"type":"Feature","geometry":{"type":"Point","coordinates":[-73.6832,-42.1558]},"properties":{"nombre":"Oxypora","tecnologia":"Eólico","estado":"Aprobado","potencia_mw":9.0,"medio":"PMGD","titular":"Oxypora SpA","region":"Los Lagos","comuna":"Ancud"}},{"type":"Feature","geometry":{"type":"Point","coordinates":[-73.03998,-40.16297]},"properties":{"nombre":"Ovejera Sur","tecnologia":"Eólico","estado":"Aprobado","potencia_mw":252.0,"medio":"-","titular":"Parque Eólico Ovejera Sur SpA","region":"Los Ríos","comuna":"La Unión"}},{"type":"Feature","geometry":{"type":"Point","coordinates":[-72.07654,-37.28416]},"properties":{"nombre":"Peñasco Ventoso","tecnologia":"Eólico","estado":"Aprobado","potencia_mw":486.0,"medio":"-","titular":"Quilleco SpA","region":"Biobío","comuna":"Quilleco"}},{"type":"Feature","geometry":{"type":"Point","coordinates":[-72.36714,-37.77411]},"properties":{"nombre":"Piedra Amarilla","tecnologia":"Eólico","estado":"Aprobado","potencia_mw":69.3,"medio":"-","titular":"Sociedad Vientos de Renaico SpA","region":"Biobío","comuna":"Mulchén"}},{"type":"Feature","geometry":{"type":"Point","coordinates":[-73.68291,-41.87851]},"properties":{"nombre":"PMGD Coloane","tecnologia":"Eólico","estado":"Aprobado","potencia_mw":21.6,"medio":"PMGD","titular":"Coloane SpA","region":"Los Lagos","comuna":"Ancud"}},{"type":"Feature","geometry":{"type":"Point","coordinates":[-73.48969,-41.76567]},"properties":{"nombre":"PMGD Dalca","tecnologia":"Eólico","estado":"Aprobado","potencia_mw":21.6,"medio":"PMGD","titular":"Dalca SpA","region":"Los Lagos","comuna":"Calbuco"}},{"type":"Feature","geometry":{"type":"Point","coordinates":[-68.84428,-23.47971]},"properties":{"nombre":"Proyecto Minera Gaby","tecnologia":"Eólico","estado":"Aprobado","potencia_mw":40.0,"medio":"-","titular":"Ingeniería Seawind Sudamérica SpA","region":"Antofagasta","comuna":"Sierra Gorda"}},{"type":"Feature","geometry":{"type":"Point","coordinates":[-72.56135,-37.7373]},"properties":{"nombre":"Puelche","tecnologia":"Eólico","estado":"Aprobado","potencia_mw":86.0,"medio":"-","titular":"Parronal SpA","region":"Araucanía","comuna":"Renaico"}},{"type":"Feature","geometry":{"type":"Point","coordinates":[-69.49161,-21.65671]},"properties":{"nombre":"Quillagua","tecnologia":"Eólico","estado":"Aprobado","potencia_mw":100.0,"medio":"-","titular":"Ingeniería Seawind Sudamérica Ltda.","region":"Antofagasta","comuna":"María Elena"}},{"type":"Feature","geometry":{"type":"Point","coordinates":[-72.6303,-37.43754]},"properties":{"nombre":"Rarinco","tecnologia":"Eólico","estado":"Aprobado","potencia_mw":198.0,"medio":"-","titular":"Energia Renovable Verano Tres SpA","region":"Biobío","comuna":"Los Ángeles"}},{"type":"Feature","geometry":{"type":"Point","coordinates":[-72.57115,-37.31183]},"properties":{"nombre":"Rinconada","tecnologia":"Eólico","estado":"Aprobado","potencia_mw":258.0,"medio":"-","titular":"Energía Eólica Rinconada SpA","region":"Biobío","comuna":"Laja"}},{"type":"Feature","geometry":{"type":"Point","coordinates":[-71.96768,-36.31431]},"properties":{"nombre":"San Carlos","tecnologia":"Eólico","estado":"Aprobado","potencia_mw":187.5,"medio":"-","titular":"Wind 5 SpA","region":"Ñuble","comuna":"San Carlos"}},{"type":"Feature","geometry":{"type":"Point","coordinates":[-72.59352,-37.60026]},"properties":{"nombre":"Rihue","tecnologia":"Eólico","estado":"Aprobado","potencia_mw":138.6,"medio":"-","titular":"Rihue SpA","region":"Biobío","comuna":"Negrete"}},{"type":"Feature","geometry":{"type":"Point","coordinates":[-72.44963,-37.51922]},"properties":{"nombre":"San Manuel","tecnologia":"Eólico","estado":"Aprobado","potencia_mw":45.0,"medio":"-","titular":"AM Eólica Chacaico SpA","region":"Biobío","comuna":"Los Ángeles"}},{"type":"Feature","geometry":{"type":"Point","coordinates":[-70.22014,-26.01799]},"properties":{"nombre":"Señora Rosario","tecnologia":"Eólico","estado":"Aprobado","potencia_mw":84.0,"medio":"-","titular":"Acciona Energía Chile S.A.","region":"Atacama","comuna":"Chañaral"}},{"type":"Feature","geometry":{"type":"Point","coordinates":[-71.67375,-30.82307]},"properties":{"nombre":"Talinay II","tecnologia":"Eólico","estado":"Aprobado","potencia_mw":500.0,"medio":"-","titular":"Parque Talinay Sur S.A","region":"Coquimbo","comuna":"Ovalle"}},{"type":"Feature","geometry":{"type":"Point","coordinates":[-70.39092,-24.74678]},"properties":{"nombre":"Terra Energía Renovable","tecnologia":"Eólico","estado":"Aprobado","potencia_mw":350.0,"medio":"-","titular":"Energía Eólica Paposo SpA","region":"Antofagasta","comuna":"Taltal"}},{"type":"Feature","geometry":{"type":"Point","coordinates":[-73.67109,-42.14464]},"properties":{"nombre":"Urospora","tecnologia":"Eólico","estado":"Aprobado","potencia_mw":9.0,"medio":"PMGD","titular":"Parque Eólico Urospora SpA","region":"Los Lagos","comuna":"Ancud"}},{"type":"Feature","geometry":{"type":"Point","coordinates":[-73.55063,-37.28286]},"properties":{"nombre":"Viento Sur","tecnologia":"Eólico","estado":"Aprobado","potencia_mw":215.0,"medio":"-","titular":"Arauco Bioenergía S.A","region":"Biobío","comuna":"Arauco"}},{"type":"Feature","geometry":{"type":"Point","coordinates":[-68.72771,-22.53435]},"properties":{"nombre":"Vientos del Loa","tecnologia":"Eólico","estado":"Aprobado","potencia_mw":204.6,"medio":"-","titular":"ENGIE Energía Chile S.A.","region":"Antofagasta","comuna":"Calama"}},{"type":"Feature","geometry":{"type":"Point","coordinates":[-73.5197,-37.33125]},"properties":{"nombre":"Vientos del Pacífico","tecnologia":"Eólico","estado":"Aprobado","potencia_mw":100.0,"medio":"-","titular":"Parque Eólico Vientos del Pacífico SpA","region":"Biobío","comuna":"Arauco"}},{"type":"Feature","geometry":{"type":"Point","coordinates":[-73.15417,-41.15518]},"properties":{"nombre":"Villa Alegre 1","tecnologia":"Eólico","estado":"Aprobado","potencia_mw":20.4,"medio":"-","titular":"Windkraft _Villa Alegre 1 SPA","region":"Los Lagos","comuna":"Frutillar"}},{"type":"Feature","geometry":{"type":"Point","coordinates":[-73.15681,-41.16403]},"properties":{"nombre":"Villa Alegre 2","tecnologia":"Eólico","estado":"Aprobado","potencia_mw":16.8,"medio":"-","titular":"Windkraft Villa Alegre 2 SPA","region":"Los Lagos","comuna":"Frutillar"}},{"type":"Feature","geometry":{"type":"Point","coordinates":[-70.06591,-24.96285]},"properties":{"nombre":"Wayra","tecnologia":"Eólico","estado":"Aprobado","potencia_mw":384.0,"medio":"-","titular":"EDF en Chile Holding SpA","region":"Antofagasta","comuna":"Taltal"}},{"type":"Feature","geometry":{"type":"Point","coordinates":[-72.09761,-45.50011]},"properties":{"nombre":"Alto Baguales (Ampliación)","tecnologia":"Eólico","estado":"En Construcción","potencia_mw":30.4,"medio":"-","titular":"Empresa Eléctrica de Aysén S.A.","region":"Aysén","comuna":"Coyhaique"}},{"type":"Feature","geometry":{"type":"Point","coordinates":[-72.96831,-39.9716]},"properties":{"nombre":"Caman - Etapa 1","tecnologia":"Eólico","estado":"En Construcción","potencia_mw":145.7,"medio":"-","titular":"AR Caman SpA","region":"Los Ríos","comuna":"Paillaco"}},{"type":"Feature","geometry":{"type":"Point","coordinates":[-72.62298,-37.84923]},"properties":{"nombre":"Cancura","tecnologia":"Eólico","estado":"En Construcción","potencia_mw":33.6,"medio":"-","titular":"PE Cancura SpA","region":"Araucanía","comuna":"Angol"}},{"type":"Feature","geometry":{"type":"Point","coordinates":[-73.73142,-42.14986]},"properties":{"nombre":"CH1 Butalcura","tecnologia":"Eólico","estado":"En Construcción","potencia_mw":9.0,"medio":"PMGD","titular":"WIND 1 SPA","region":"Los Lagos","comuna":"Ancud"}},{"type":"Feature","geometry":{"type":"Point","coordinates":[-73.73325,-42.13178]},"properties":{"nombre":"CH2 Butalcura","tecnologia":"Eólico","estado":"En Construcción","potencia_mw":9.0,"medio":"PMGD","titular":"WIND 2 SPA","region":"Los Lagos","comuna":"Ancud"}},{"type":"Feature","geometry":{"type":"Point","coordinates":[-73.22214,-41.63934]},"properties":{"nombre":"Chara","tecnologia":"Eólico","estado":"En Construcción","potencia_mw":9.0,"medio":"PMGD","titular":"Parque Eólico Chara SpA","region":"Los Lagos","comuna":"Calbuco"}},{"type":"Feature","geometry":{"type":"Point","coordinates":[-73.14035,-39.81322]},"properties":{"nombre":"El Alemán","tecnologia":"Eólico","estado":"En Construcción","potencia_mw":9.0,"medio":"-","titular":"Parque Eólico El Alemán SpA","region":"Los Ríos","comuna":"Valdivia"}},{"type":"Feature","geometry":{"type":"Point","coordinates":[-72.77178,-40.95222]},"properties":{"nombre":"El Cruce","tecnologia":"Eólico","estado":"En Construcción","potencia_mw":2.9,"medio":"PMGD","titular":"El Cruce SpA","region":"Los Lagos","comuna":"Puerto Octay"}},{"type":"Feature","geometry":{"type":"Point","coordinates":[-72.85395,-40.93424]},"properties":{"nombre":"Gaw","tecnologia":"Eólico","estado":"En Construcción","potencia_mw":3.0,"medio":"PMGD","titular":"PE GAW SpA","region":"Los Lagos","comuna":"Puerto Octay"}},{"type":"Feature","geometry":{"type":"Point","coordinates":[-73.57301,-37.50855]},"properties":{"nombre":"Lebu Norte","tecnologia":"Eólico","estado":"En Construcción","potencia_mw":9.0,"medio":"PMGD","titular":"Parque Eólico Lebu Norte SpA","region":"Biobío","comuna":"Lebu"}},{"type":"Feature","geometry":{"type":"Point","coordinates":[-72.8963,-40.95793]},"properties":{"nombre":"Ochs","tecnologia":"Eólico","estado":"En Construcción","potencia_mw":2.9,"medio":"PMGD","titular":"OCHS SpA","region":"Los Lagos","comuna":"Puerto Octay"}},{"type":"Feature","geometry":{"type":"Point","coordinates":[-69.95959,-24.94808]},"properties":{"nombre":"Pampas","tecnologia":"Eólico","estado":"En Construcción","potencia_mw":128.0,"medio":"-","titular":"Energía Eólica Pampas SpA","region":"Antofagasta","comuna":"Taltal"}},{"type":"Feature","geometry":{"type":"Point","coordinates":[-73.13216,-40.92267]},"properties":{"nombre":"Purranque 1","tecnologia":"Eólico","estado":"En Construcción","potencia_mw":9.0,"medio":"-","titular":"Windkraft Purranque 1 SPA","region":"Los Lagos","comuna":"Purranque"}},{"type":"Feature","geometry":{"type":"Point","coordinates":[-73.13539,-40.93049]},"properties":{"nombre":"Purranque 2","tecnologia":"Eólico","estado":"En Construcción","potencia_mw":9.0,"medio":"-","titular":"Windkraft Purranque 2 SPA","region":"Los Lagos","comuna":"Purranque"}},{"type":"Feature","geometry":{"type":"Point","coordinates":[-69.64419,-24.93906]},"properties":{"nombre":"Pampa Fidelia Etapa 1","tecnologia":"Eólico","estado":"En Pruebas","potencia_mw":126.0,"medio":"-","titular":"Engie Energía Chile S.A.","region":"Antofagasta","comuna":"Taltal"}},{"type":"Feature","geometry":{"type":"Point","coordinates":[-69.64419,-24.93906]},"properties":{"nombre":"Pampa Fidelia Etapa 2","tecnologia":"Eólico","estado":"En Pruebas","potencia_mw":180.0,"medio":"-","titular":"Engie Energía Chile S.A.","region":"Antofagasta","comuna":"Taltal"}},{"type":"Feature","geometry":{"type":"Point","coordinates":[-72.14985,-36.96224]},"properties":{"nombre":"Pemuco","tecnologia":"Eólico","estado":"En Pruebas","potencia_mw":165.0,"medio":"-","titular":"Engie Energía Chile S.A.","region":"Ñuble","comuna":"Pemuco"}},{"type":"Feature","geometry":{"type":"Point","coordinates":[-72.57705,-37.41865]},"properties":{"nombre":"San Matías - Etapa 2","tecnologia":"Eólico","estado":"En Pruebas","potencia_mw":4.3,"medio":"-","titular":"Energía Eólica San Matías SpA","region":"Biobío","comuna":"Los Ángeles"}},{"type":"Feature","geometry":{"type":"Point","coordinates":[-72.55878,-37.52422]},"properties":{"nombre":"Alena","tecnologia":"Eólico","estado":"En Operación","potencia_mw":83.92,"medio":"-","titular":"AR Alena SpA","region":"Biobío","comuna":"Los Ángeles"}},{"type":"Feature","geometry":{"type":"Point","coordinates":[-72.10304,-45.52567]},"properties":{"nombre":"Alto Baguales 2","tecnologia":"Eólico","estado":"En Operación","potencia_mw":1.8,"medio":"-","titular":"Empresa Eléctrica de Aysén S.A.","region":"Aysén","comuna":"Coyhaique"}},{"type":"Feature","geometry":{"type":"Point","coordinates":[-69.76805,-24.89625]},"properties":{"nombre":"Antofagasta","tecnologia":"Eólico","estado":"En Operación","potencia_mw":350.794,"medio":"-","titular":"Parque Eólico Antofagasta SpA","region":"Antofagasta","comuna":"Taltal"}},{"type":"Feature","geometry":{"type":"Point","coordinates":[-71.4921,-28.96297]},"properties":{"nombre":"Atacama","tecnologia":"Eólico","estado":"En Operación","potencia_mw":160.294,"medio":"-","titular":"Parque Eólico Atacama SpA","region":"Atacama","comuna":"Freirina"}},{"type":"Feature","geometry":{"type":"Point","coordinates":[-73.15815,-41.23565]},"properties":{"nombre":"Aurora","tecnologia":"Eólico","estado":"En Operación","potencia_mw":126.6,"medio":"-","titular":"AELA Eólica Lllanquihue SpA","region":"Los Lagos","comuna":"Llanquihue"}},{"type":"Feature","geometry":{"type":"Point","coordinates":[-71.46677,-28.91153]},"properties":{"nombre":"Cabo Leones","tecnologia":"Eólico","estado":"En Operación","potencia_mw":175.199,"medio":"-","titular":"Parque Eólico Cabo Leones I S.A.","region":"Atacama","comuna":"Freirina"}},{"type":"Feature","geometry":{"type":"Point","coordinates":[-71.4435,-28.96879]},"properties":{"nombre":"Cabo Leones II","tecnologia":"Eólico","estado":"En Operación","potencia_mw":205.25,"medio":"-","titular":"Ibereólica Cabo Leones II S.A.","region":"Atacama","comuna":"Freirina"}},{"type":"Feature","geometry":{"type":"Point","coordinates":[-71.49175,-28.92731]},"properties":{"nombre":"Cabo Leones III","tecnologia":"Eólico","estado":"En Operación","potencia_mw":188.274,"medio":"-","titular":"Ibereólica Cabo Leones III S.A.","region":"Atacama","comuna":"Freirina"}},{"type":"Feature","geometry":{"type":"Point","coordinates":[-70.82913,-52.94942]},"properties":{"nombre":"Cabo Negro","tecnologia":"Eólico","estado":"En Operación","potencia_mw":2.5,"medio":"-","titular":"Pecket Energy S.A.","region":"Magallanes","comuna":"Punta Arenas"}},{"type":"Feature","geometry":{"type":"Point","coordinates":[-72.49436,-37.41278]},"properties":{"nombre":"Campo Lindo Etapa 1","tecnologia":"Eólico","estado":"En Operación","potencia_mw":62.945,"medio":"-","titular":"Parque Eolico Campo Lindo SpA","region":"Biobío","comuna":"Los Ángeles"}},{"type":"Feature","geometry":{"type":"Point","coordinates":[-71.61069,-31.28669]},"properties":{"nombre":"Canela","tecnologia":"Eólico","estado":"En Operación","potencia_mw":17.968,"medio":"-","titular":"Enel Generación Chile S.A.","region":"Coquimbo","comuna":"Canela"}},{"type":"Feature","geometry":{"type":"Point","coordinates":[-71.61782,-31.30638]},"properties":{"nombre":"Canela II","tecnologia":"Eólico","estado":"En Operación","potencia_mw":59.4,"medio":"-","titular":"Enel Generación Chile S.A.","region":"Coquimbo","comuna":"Canela"}},{"type":"Feature","geometry":{"type":"Point","coordinates":[-71.66781,-34.07718]},"properties":{"nombre":"Cardonal","tecnologia":"Eólico","estado":"En Operación","potencia_mw":30.895,"medio":"-","titular":"Statkraft Eólico S.A.","region":"O'Higgins","comuna":"Litueche"}},{"type":"Feature","geometry":{"type":"Point","coordinates":[-69.92844,-23.76023]},"properties":{"nombre":"Cerro Tigre","tecnologia":"Eólico","estado":"En Operación","potencia_mw":182.05,"medio":"-","titular":"AR Cerro Tigre SpA","region":"Antofagasta","comuna":"Antofagasta"}},{"type":"Feature","geometry":{"type":"Point","coordinates":[-68.58115,-22.10902]},"properties":{"nombre":"Ckhúri","tecnologia":"Eólico","estado":"En Operación","potencia_mw":94.334,"medio":"-","titular":"Huemúl Energía SpA","region":"Antofagasta","comuna":"Calama"}},{"type":"Feature","geometry":{"type":"Point","coordinates":[-72.47897,-37.51407]},"properties":{"nombre":"Cuel","tecnologia":"Eólico","estado":"En Operación","potencia_mw":32.495,"medio":"-","titular":"AELA Eólica Negrete SpA","region":"Biobío","comuna":"Los Ángeles"}},{"type":"Feature","geometry":{"type":"Point","coordinates":[-72.5514,-37.26997]},"properties":{"nombre":"El Maiten","tecnologia":"Eólico","estado":"En Operación","potencia_mw":10.89,"medio":"-","titular":"Parque Eólico El Maitén SpA","region":"Biobío","comuna":"Laja"}},{"type":"Feature","geometry":{"type":"Point","coordinates":[-72.4199,-37.58935]},"properties":{"nombre":"El Nogal","tecnologia":"Eólico","estado":"En Operación","potencia_mw":8.9,"medio":"PMGD","titular":"Parque Eólico El Nogal SpA","region":"Biobío","comuna":"Mulchén"}},{"type":"Feature","geometry":{"type":"Point","coordinates":[-71.96777,-45.02482]},"properties":{"nombre":"El Toqui","tecnologia":"Eólico","estado":"En Operación","potencia_mw":1.4,"medio":"-","titular":"Empresa Eléctrica de Aysén S.A.","region":"Aysén","comuna":"Coyhaique"}},{"type":"Feature","geometry":{"type":"Point","coordinates":[-71.70101,-30.58317]},"properties":{"nombre":"Eólica El Arrayán","tecnologia":"Eólico","estado":"En Operación","potencia_mw":114.989,"medio":"-","titular":"Parque Eólico El Arrayán SpA","region":"Coquimbo","comuna":"Ovalle"}},{"type":"Feature","geometry":{"type":"Point","coordinates":[-73.42633,-37.25716]},"properties":{"nombre":"Eólica Las Peñas","tecnologia":"Eólico","estado":"En Operación","potencia_mw":8.35,"medio":"PMGD","titular":"Eólico Las Peñas SpA","region":"Biobío","comuna":"Arauco"}},{"type":"Feature","geometry":{"type":"Point","coordinates":[-73.64417,-37.6822]},"properties":{"nombre":"Eolica Lebu III","tecnologia":"Eólico","estado":"En Operación","potencia_mw":5.15,"medio":"PMGD","titular":"Parque Eólico Lebu-Toro SpA","region":"Biobío","comuna":"Lebu"}},{"type":"Feature","geometry":{"type":"Point","coordinates":[-72.50834,-37.53942]},"properties":{"nombre":"Eólica Los Buenos Aires","tecnologia":"Eólico","estado":"En Operación","potencia_mw":23.85,"medio":"-","titular":"Enel Green Power Chile S.A.","region":"Biobío","comuna":"Los Ángeles"}},{"type":"Feature","geometry":{"type":"Point","coordinates":[-71.63223,-31.02937]},"properties":{"nombre":"Eólica Los Cururos","tecnologia":"Eólico","estado":"En Operación","potencia_mw":107.7,"medio":"-","titular":"Parque Eólico Los Cururos SpA","region":"Coquimbo","comuna":"Ovalle"}},{"type":"Feature","geometry":{"type":"Point","coordinates":[-71.04014,-29.36754]},"properties":{"nombre":"Eólica Punta Colorada","tecnologia":"Eólico","estado":"En Operación","potencia_mw":19.998,"medio":"-","titular":"Compañía Barrick Chile Generación SpA","region":"Coquimbo","comuna":"La Higuera"}},{"type":"Feature","geometry":{"type":"Point","coordinates":[-71.62508,-31.23603]},"properties":{"nombre":"Eólica Punta Palmeras","tecnologia":"Eólico","estado":"En Operación","potencia_mw":44.705,"medio":"-","titular":"Punta Palmeras S.A.","region":"Coquimbo","comuna":"Canela"}},{"type":"Feature","geometry":{"type":"Point","coordinates":[-71.46823,-28.88147]},"properties":{"nombre":"Eólica San Juan","tecnologia":"Eólico","estado":"En Operación","potencia_mw":189.4,"medio":"-","titular":"San Juan S.A.","region":"Atacama","comuna":"Freirina"}},{"type":"Feature","geometry":{"type":"Point","coordinates":[-73.92411,-42.27541]},"properties":{"nombre":"Eólica San Pedro","tecnologia":"Eólico","estado":"En Operación","potencia_mw":35.996,"medio":"-","titular":"Alba SpA","region":"Los Lagos","comuna":"Dalcahue"}},{"type":"Feature","geometry":{"type":"Point","coordinates":[-73.91878,-42.2812]},"properties":{"nombre":"Eólica San Pedro II","tecnologia":"Eólico","estado":"En Operación","potencia_mw":64.993,"medio":"-","titular":"Río Alto Generación S.A.","region":"Los Lagos","comuna":"Dalcahue"}},{"type":"Feature","geometry":{"type":"Point","coordinates":[-71.56972,-30.84637]},"properties":{"nombre":"Eólica Talinay Oriente","tecnologia":"Eólico","estado":"En Operación","potencia_mw":89.55,"medio":"-","titular":"Parque Talinay Oriente S.A.","region":"Coquimbo","comuna":"Ovalle"}},{"type":"Feature","geometry":{"type":"Point","coordinates":[-71.65297,-30.81116]},"properties":{"nombre":"Eólica Talinay Poniente","tecnologia":"Eólico","estado":"En Operación","potencia_mw":60.098,"medio":"-","titular":"Enel Generación Chile S.A.","region":"Coquimbo","comuna":"Ovalle"}},{"type":"Feature","geometry":{"type":"Point","coordinates":[-69.85721,-25.08005]},"properties":{"nombre":"Eólica Taltal","tecnologia":"Eólico","estado":"En Operación","potencia_mw":98.109,"medio":"-","titular":"Enel Green Power Chile S.A.","region":"Antofagasta","comuna":"Taltal"}},{"type":"Feature","geometry":{"type":"Point","coordinates":[-71.60186,-31.34849]},"properties":{"nombre":"Eólica Totoral","tecnologia":"Eólico","estado":"En Operación","potencia_mw":45.54,"medio":"-","titular":"Norvind S.A.","region":"Coquimbo","comuna":"Canela"}},{"type":"Feature","geometry":{"type":"Point","coordinates":[-69.869,-24.96227]},"properties":{"nombre":"Horizonte Norte","tecnologia":"Eólico","estado":"En Operación","potencia_mw":366.599,"medio":"-","titular":"Colbún S.A.","region":"Antofagasta","comuna":"Taltal"}},{"type":"Feature","geometry":{"type":"Point","coordinates":[-69.869,-24.96227]},"properties":{"nombre":"Horizonte Sur","tecnologia":"Eólico","estado":"En Operación","potencia_mw":364.445,"medio":"-","titular":"Colbún S.A.","region":"Antofagasta","comuna":"Taltal"}},{"type":"Feature","geometry":{"type":"Point","coordinates":[-73.56849,-37.74617]},"properties":{"nombre":"Huajache","tecnologia":"Eólico","estado":"En Operación","potencia_mw":5.987,"medio":"PMGD","titular":"Huajache SpA","region":"Biobío","comuna":"Lebu"}},{"type":"Feature","geometry":{"type":"Point","coordinates":[-69.98948,-24.91856]},"properties":{"nombre":"Kallpa","tecnologia":"Eólico","estado":"En Operación","potencia_mw":335.596,"medio":"-","titular":"ENGIE Energía Chile S.A.","region":"Antofagasta","comuna":"Taltal"}},{"type":"Feature","geometry":{"type":"Point","coordinates":[-72.57693,-37.79203]},"properties":{"nombre":"La Cabaña","tecnologia":"Eólico","estado":"En Operación","potencia_mw":105.23,"medio":"-","titular":"Enel Green Power Chile S.A.","region":"Araucanía","comuna":"Renaico"}},{"type":"Feature","geometry":{"type":"Point","coordinates":[-72.53435,-37.60584]},"properties":{"nombre":"La Esperanza","tecnologia":"Eólico","estado":"En Operación","potencia_mw":9.0,"medio":"PMG","titular":"Eólica La Esperanza S.A.","region":"Biobío","comuna":"Negrete"}},{"type":"Feature","geometry":{"type":"Point","coordinates":[-71.60601,-34.15274]},"properties":{"nombre":"La Estrella","tecnologia":"Eólico","estado":"En Operación","potencia_mw":49.1,"medio":"-","titular":"Eólica La Estrella SpA","region":"O'Higgins","comuna":"La Estrella"}},{"type":"Feature","geometry":{"type":"Point","coordinates":[-72.5975,-37.66789]},"properties":{"nombre":"La Flor","tecnologia":"Eólico","estado":"En Operación","potencia_mw":31.5,"medio":"-","titular":"Vientos de Renaico SpA","region":"Araucanía","comuna":"Renaico"}},{"type":"Feature","geometry":{"type":"Point","coordinates":[-73.64912,-37.68611]},"properties":{"nombre":"Lebu","tecnologia":"Eólico","estado":"En Operación","potencia_mw":9.34,"medio":"PMG","titular":"Parque Eólico Lebu-Toro SpA","region":"Biobío","comuna":"Lebu"}},{"type":"Feature","geometry":{"type":"Point","coordinates":[-69.97066,-23.77166]},"properties":{"nombre":"Llanos del Viento","tecnologia":"Eólico","estado":"En Operación","potencia_mw":157.011,"medio":"-","titular":"AR Llanos del Viento SpA","region":"Antofagasta","comuna":"Antofagasta"}},{"type":"Feature","geometry":{"type":"Point","coordinates":[-72.39094,-37.52592]},"properties":{"nombre":"Lomas de Duqueco","tecnologia":"Eólico","estado":"En Operación","potencia_mw":58.0,"medio":"-","titular":"WPD Chile SpA","region":"Biobío","comuna":"Los Ángeles"}},{"type":"Feature","geometry":{"type":"Point","coordinates":[-71.62825,-34.12929]},"properties":{"nombre":"Los Cerrillos","tecnologia":"Eólico","estado":"En Operación","potencia_mw":44.681,"medio":"-","titular":"Statkraft Eólico S.A.","region":"O'Higgins","comuna":"Litueche"}},{"type":"Feature","geometry":{"type":"Point","coordinates":[-72.45741,-37.66677]},"properties":{"nombre":"Los Olmos","tecnologia":"Eólico","estado":"En Operación","potencia_mw":109.13,"medio":"-","titular":"Energía Eólica Los Olmos SpA","region":"Biobío","comuna":"Mulchén"}},{"type":"Feature","geometry":{"type":"Point","coordinates":[-72.25795,-38.00555]},"properties":{"nombre":"Malleco Norte","tecnologia":"Eólico","estado":"En Operación","potencia_mw":133.9,"medio":"-","titular":"WPD Malleco SpA","region":"Araucanía","comuna":"Collipulli"}},{"type":"Feature","geometry":{"type":"Point","coordinates":[-72.25795,-38.00555]},"properties":{"nombre":"Malleco Sur","tecnologia":"Eólico","estado":"En Operación","potencia_mw":131.86,"medio":"-","titular":"WPD Malleco SpA","region":"Araucanía","comuna":"Collipulli"}},{"type":"Feature","geometry":{"type":"Point","coordinates":[-71.63294,-34.10127]},"properties":{"nombre":"Manantiales","tecnologia":"Eólico","estado":"En Operación","potencia_mw":26.472,"medio":"-","titular":"Statkraft Eólico S.A.","region":"O'Higgins","comuna":"Litueche"}},{"type":"Feature","geometry":{"type":"Point","coordinates":[-72.46626,-37.51842]},"properties":{"nombre":"Mesamávida","tecnologia":"Eólico","estado":"En Operación","potencia_mw":60.0,"medio":"-","titular":"Energía Eólica Mesamávida SpA","region":"Biobío","comuna":"Los Ángeles"}},{"type":"Feature","geometry":{"type":"Point","coordinates":[-71.63711,-31.07259]},"properties":{"nombre":"Monte Redondo","tecnologia":"Eólico","estado":"En Operación","potencia_mw":47.52,"medio":"-","titular":"Eólica Monte Redondo S.A.","region":"Coquimbo","comuna":"Ovalle"}},{"type":"Feature","geometry":{"type":"Point","coordinates":[-72.54552,-37.59701]},"properties":{"nombre":"Negrete","tecnologia":"Eólico","estado":"En Operación","potencia_mw":35.34,"medio":"-","titular":"WPD Negrete SpA","region":"Biobío","comuna":"Negrete"}},{"type":"Feature","geometry":{"type":"Point","coordinates":[-68.77024,-22.47352]},"properties":{"nombre":"Parque Eólico Calama","tecnologia":"Eólico","estado":"En Operación","potencia_mw":160.696,"medio":"-","titular":"Engie Energía Chile S.A.","region":"Antofagasta","comuna":"Calama"}},{"type":"Feature","geometry":{"type":"Point","coordinates":[-70.95497,-52.85062]},"properties":{"nombre":"Piloto H2V HIF","tecnologia":"Eólico","estado":"En Operación","potencia_mw":3.4,"medio":"-","titular":"HIF CHILE 1 SpA","region":"Magallanes","comuna":"Punta Arenas"}},{"type":"Feature","geometry":{"type":"Point","coordinates":[-73.59225,-37.54045]},"properties":{"nombre":"PMGD El Arrebol","tecnologia":"Eólico","estado":"En Operación","potencia_mw":9.0,"medio":"PMGD","titular":"Empresa Eléctrica El Arrebol SpA","region":"Biobío","comuna":"Lebu"}},{"type":"Feature","geometry":{"type":"Point","coordinates":[-72.99971,-41.03077]},"properties":{"nombre":"Puelche Sur","tecnologia":"Eólico","estado":"En Operación","potencia_mw":156.859,"medio":"-","titular":"AR Puelche Sur SpA","region":"Los Lagos","comuna":"Frutillar"}},{"type":"Feature","geometry":{"type":"Point","coordinates":[-71.64504,-30.90455]},"properties":{"nombre":"Punta de Talca","tecnologia":"Eólico","estado":"En Operación","potencia_mw":79.243,"medio":"-","titular":"Parque Eólico Punta de Talca SpA","region":"Coquimbo","comuna":"Ovalle"}},{"type":"Feature","geometry":{"type":"Point","coordinates":[-71.63304,-31.13486]},"properties":{"nombre":"Punta Sierra","tecnologia":"Eólico","estado":"En Operación","potencia_mw":81.185,"medio":"-","titular":"Pacific Hydro Punta Sierra SpA","region":"Coquimbo","comuna":"Ovalle"}},{"type":"Feature","geometry":{"type":"Point","coordinates":[-73.57341,-37.74283]},"properties":{"nombre":"Raki","tecnologia":"Eólico","estado":"En Operación","potencia_mw":8.98,"medio":"PMGD","titular":"Raki SpA","region":"Biobío","comuna":"Lebu"}},{"type":"Feature","geometry":{"type":"Point","coordinates":[-72.58114,-37.72064]},"properties":{"nombre":"Renaico I","tecnologia":"Eólico","estado":"En Operación","potencia_mw":87.5,"medio":"-","titular":"Enel Generación Chile S.A.","region":"Araucanía","comuna":"Renaico"}},{"type":"Feature","geometry":{"type":"Point","coordinates":[-72.56135,-37.7373]},"properties":{"nombre":"Renaico II","tecnologia":"Eólico","estado":"En Operación","potencia_mw":141.412,"medio":"-","titular":"Enel Green Power Chile S.A.","region":"Araucanía","comuna":"Renaico"}},{"type":"Feature","geometry":{"type":"Point","coordinates":[-72.51131,-37.69399]},"properties":{"nombre":"San Gabriel (Modificación)","tecnologia":"Eólico","estado":"En Operación","potencia_mw":180.0,"medio":"-","titular":"Parque Eólico San Gabriel SpA","region":"Araucanía","comuna":"Renaico"}},{"type":"Feature","geometry":{"type":"Point","coordinates":[-72.57705,-37.41865]},"properties":{"nombre":"San Matías","tecnologia":"Eólico","estado":"En Operación","potencia_mw":79.433,"medio":"-","titular":"Energía Eólica San Matías SpA","region":"Biobío","comuna":"Los Ángeles"}},{"type":"Feature","geometry":{"type":"Point","coordinates":[-71.42237,-28.86163]},"properties":{"nombre":"Sarco","tecnologia":"Eólico","estado":"En Operación","potencia_mw":167.56,"medio":"-","titular":"AELA Eólica Sarco SpA","region":"Atacama","comuna":"Freirina"}},{"type":"Feature","geometry":{"type":"Point","coordinates":[-68.97469,-22.87768]},"properties":{"nombre":"Sierra Gorda Este","tecnologia":"Eólico","estado":"En Operación","potencia_mw":110.619,"medio":"-","titular":"Enel Green Power Chile S.A.","region":"Antofagasta","comuna":"Sierra Gorda"}},{"type":"Feature","geometry":{"type":"Point","coordinates":[-69.08436,-22.49847]},"properties":{"nombre":"Tchamma","tecnologia":"Eólico","estado":"En Operación","potencia_mw":171.777,"medio":"-","titular":"AR Tchamma SpA","region":"Antofagasta","comuna":"Calama"}},{"type":"Feature","geometry":{"type":"Point","coordinates":[-72.59948,-37.68573]},"properties":{"nombre":"Tolpán Sur","tecnologia":"Eólico","estado":"En Operación","potencia_mw":80.9,"medio":"-","titular":"Acciona Energía Chile Holdings S.A.","region":"Araucanía","comuna":"Renaico"}},{"type":"Feature","geometry":{"type":"Point","coordinates":[-71.60981,-34.04421]},"properties":{"nombre":"Ucuquer","tecnologia":"Eólico","estado":"En Operación","potencia_mw":7.072,"medio":"PMGD","titular":"Energías Ucuquer S.A.","region":"O'Higgins","comuna":"Litueche"}},{"type":"Feature","geometry":{"type":"Point","coordinates":[-71.62139,-34.04515]},"properties":{"nombre":"Ucuquer II","tecnologia":"Eólico","estado":"En Operación","potencia_mw":10.503,"medio":"-","titular":"Energías Ucuquer Dos S.A.","region":"O'Higgins","comuna":"Litueche"}},{"type":"Feature","geometry":{"type":"Point","coordinates":[-68.81711,-22.51783]},"properties":{"nombre":"Valle de los Vientos","tecnologia":"Eólico","estado":"En Operación","potencia_mw":88.9,"medio":"-","titular":"Enel Green Power Chile S.A.","region":"Antofagasta","comuna":"Calama"}},{"type":"Feature","geometry":{"type":"Point","coordinates":[-70.83498,-52.93722]},"properties":{"nombre":"Vientos Patagónicos","tecnologia":"Eólico","estado":"En Operación","potencia_mw":10.35,"medio":"-","titular":"Vientos Patagónicos SpA","region":"Magallanes","comuna":"Punta Arenas"}},{"type":"Feature","geometry":{"type":"Point","coordinates":[-70.10736,-21.10443]},"properties":{"nombre":"Espejo de Tarapacá","tecnologia":"Hidroeléctrico mayor a 20 MW","estado":"Aprobado","potencia_mw":300.0,"medio":"-","titular":"Espejo de Tarapaca SpA","region":"Tarapacá","comuna":"Iquique"}},{"type":"Feature","geometry":{"type":"Point","coordinates":[-72.33693,-37.58291]},"properties":{"nombre":"Frontera","tecnologia":"Hidroeléctrico mayor a 20 MW","estado":"Aprobado","potencia_mw":109.3,"medio":"-","titular":"Inversiones La Frontera Sur SpA","region":"Biobío","comuna":"Mulchén"}},{"type":"Feature","geometry":{"type":"Point","coordinates":[-70.32162,-34.37921]},"properties":{"nombre":"Nido de Águilas","tecnologia":"Hidroeléctrico mayor a 20 MW","estado":"Aprobado","potencia_mw":125.0,"medio":"-","titular":"Hidroeléctrica Nido de Águilas S.A.","region":"O'Higgins","comuna":"Machalí"}},{"type":"Feature","geometry":{"type":"Point","coordinates":[-71.31997,-36.66404]},"properties":{"nombre":"Punilla","tecnologia":"Hidroeléctrico mayor a 20 MW","estado":"Aprobado","potencia_mw":94.0,"medio":"-","titular":"MOP","region":"Ñuble","comuna":"San Fabián"}},{"type":"Feature","geometry":{"type":"Point","coordinates":[-71.89233,-37.7138]},"properties":{"nombre":"Rucalhue","tecnologia":"Hidroeléctrico mayor a 20 MW","estado":"Aprobado","potencia_mw":90.0,"medio":"-","titular":"Atiaia Energía Chile SpA","region":"Biobío","comuna":"Santa Bárbara"}},{"type":"Feature","geometry":{"type":"Point","coordinates":[-72.79598,-40.56916]},"properties":{"nombre":"Los Lagos","tecnologia":"Hidroeléctrico mayor a 20 MW","estado":"En Construcción","potencia_mw":48.7,"medio":"-","titular":"Empresa Eléctrica Pilmaiquén S.A","region":"Los Ríos","comuna":"Río Bueno"}},{"type":"Feature","geometry":{"type":"Point","coordinates":[-71.53492,-36.58114]},"properties":{"nombre":"Ñuble","tecnologia":"Hidroeléctrico mayor a 20 MW","estado":"En Construcción","potencia_mw":136.0,"medio":"-","titular":"Hidroeléctrica Ñuble SpA","region":"Ñuble","comuna":"San Fabián"}},{"type":"Feature","geometry":{"type":"Point","coordinates":[-71.85343,-37.25863]},"properties":{"nombre":"Trupán","tecnologia":"Hidroeléctrico mayor a 20 MW","estado":"En Construcción","potencia_mw":20.0,"medio":"-","titular":"Asociación de Canalistas Canal Zañartu","region":"Biobío","comuna":"Tucapel"}},{"type":"Feature","geometry":{"type":"Point","coordinates":[-71.4894,-37.36443]},"properties":{"nombre":"Abanico","tecnologia":"Hidroeléctrico mayor a 20 MW","estado":"En Operación","potencia_mw":90.386,"medio":"-","titular":"Enel Generación Chile S.A.","region":"Biobío","comuna":"Antuco"}},{"type":"Feature","geometry":{"type":"Point","coordinates":[-70.19266,-33.50125]},"properties":{"nombre":"Alfalfal","tecnologia":"Hidroeléctrico mayor a 20 MW","estado":"En Operación","potencia_mw":184.553,"medio":"-","titular":"AES Andes S.A.","region":"Metropolitana","comuna":"San José de Maipo"}},{"type":"Feature","geometry":{"type":"Point","coordinates":[-70.23483,-33.57665]},"properties":{"nombre":"Alfalfal II","tecnologia":"Hidroeléctrico mayor a 20 MW","estado":"En Operación","potencia_mw":259.38,"medio":"-","titular":"Alto Maipo SpA","region":"Metropolitana","comuna":"San José de Maipo"}},{"type":"Feature","geometry":{"type":"Point","coordinates":[-71.18653,-35.85295]},"properties":{"nombre":"Ancoa","tecnologia":"Hidroeléctrico mayor a 20 MW","estado":"En Operación","potencia_mw":25.409,"medio":"-","titular":"Hidroeléctrica Embalse Ancoa SpA","region":"Maule","comuna":"Colbún"}},{"type":"Feature","geometry":{"type":"Point","coordinates":[-71.81674,-37.71259]},"properties":{"nombre":"Angostura","tecnologia":"Hidroeléctrico mayor a 20 MW","estado":"En Operación","potencia_mw":321.0,"medio":"-","titular":"Colbún S.A.","region":"Biobío","comuna":"Santa Bárbara"}},{"type":"Feature","geometry":{"type":"Point","coordinates":[-71.62675,-37.30988]},"properties":{"nombre":"Antuco","tecnologia":"Hidroeléctrico mayor a 20 MW","estado":"En Operación","potencia_mw":326.628,"medio":"-","titular":"Enel Generación Chile S.A.","region":"Biobío","comuna":"Antuco"}},{"type":"Feature","geometry":{"type":"Point","coordinates":[-70.3289,-32.91706]},"properties":{"nombre":"Blanco","tecnologia":"Hidroeléctrico mayor a 20 MW","estado":"En Operación","potencia_mw":52.867,"medio":"-","titular":"Colbún S.A.","region":"Valparaíso","comuna":"Los Andes"}},{"type":"Feature","geometry":{"type":"Point","coordinates":[-72.34179,-41.52813]},"properties":{"nombre":"Canutillar","tecnologia":"Hidroeléctrico mayor a 20 MW","estado":"En Operación","potencia_mw":171.57,"medio":"-","titular":"Colbún S.A.","region":"Los Lagos","comuna":"Puerto Montt"}},{"type":"Feature","geometry":{"type":"Point","coordinates":[-70.50612,-32.85357]},"properties":{"nombre":"Chacabuquito","tecnologia":"Hidroeléctrico mayor a 20 MW","estado":"En Operación","potencia_mw":25.636,"medio":"-","titular":"Colbún S.A.","region":"Valparaíso","comuna":"Los Andes"}},{"type":"Feature","geometry":{"type":"Point","coordinates":[-70.45232,-34.27552]},"properties":{"nombre":"Chacayes","tecnologia":"Hidroeléctrico mayor a 20 MW","estado":"En Operación","potencia_mw":111.72,"medio":"-","titular":"Pacific Hydro Chacayes S.A.","region":"O'Higgins","comuna":"Machalí"}},{"type":"Feature","geometry":{"type":"Point","coordinates":[-70.80773,-35.7866]},"properties":{"nombre":"Cipreses","tecnologia":"Hidroeléctrico mayor a 20 MW","estado":"En Operación","potencia_mw":96.641,"medio":"-","titular":"Enel Generación Chile S.A.","region":"Maule","comuna":"San Clemente"}},{"type":"Feature","geometry":{"type":"Point","coordinates":[-71.37124,-35.68612]},"properties":{"nombre":"Colbún","tecnologia":"Hidroeléctrico mayor a 20 MW","estado":"En Operación","potencia_mw":460.8,"medio":"-","titular":"Colbún S.A.","region":"Maule","comuna":"Colbún"}},{"type":"Feature","geometry":{"type":"Point","coordinates":[-70.94167,-35.80552]},"properties":{"nombre":"Curillinque","tecnologia":"Hidroeléctrico mayor a 20 MW","estado":"En Operación","potencia_mw":84.618,"medio":"-","titular":"Empresa Eléctrica Pehuenche S.A.","region":"Maule","comuna":"San Clemente"}},{"type":"Feature","geometry":{"type":"Point","coordinates":[-71.55262,-36.25721]},"properties":{"nombre":"Digua","tecnologia":"Hidroeléctrico mayor a 20 MW","estado":"En Operación","potencia_mw":22.5,"medio":"-","titular":"Eléctrica Digua SpA","region":"Maule","comuna":"Parral"}},{"type":"Feature","geometry":{"type":"Point","coordinates":[-70.4191,-34.96369]},"properties":{"nombre":"El Paso","tecnologia":"Hidroeléctrico mayor a 20 MW","estado":"En Operación","potencia_mw":59.64,"medio":"-","titular":"Hidroeléctrica El Paso SpA","region":"O'Higgins","comuna":"San Fernando"}},{"type":"Feature","geometry":{"type":"Point","coordinates":[-71.45283,-37.2751]},"properties":{"nombre":"El Toro","tecnologia":"Hidroeléctrico mayor a 20 MW","estado":"En Operación","potencia_mw":437.272,"medio":"-","titular":"Enel Generación Chile S.A.","region":"Biobío","comuna":"Antuco"}},{"type":"Feature","geometry":{"type":"Point","coordinates":[-70.26332,-32.90055]},"properties":{"nombre":"Hornitos","tecnologia":"Hidroeléctrico mayor a 20 MW","estado":"En Operación","potencia_mw":57.007,"medio":"-","titular":"Rio Tranquilo S.A.","region":"Valparaíso","comuna":"Los Andes"}},{"type":"Feature","geometry":{"type":"Point","coordinates":[-70.83501,-35.80997]},"properties":{"nombre":"Isla","tecnologia":"Hidroeléctrico mayor a 20 MW","estado":"En Operación","potencia_mw":69.881,"medio":"-","titular":"Enel Generación Chile S.A.","region":"Maule","comuna":"San Clemente"}},{"type":"Feature","geometry":{"type":"Point","coordinates":[-70.32865,-32.91699]},"properties":{"nombre":"Juncal","tecnologia":"Hidroeléctrico mayor a 20 MW","estado":"En Operación","potencia_mw":29.127,"medio":"-","titular":"Colbún S.A.","region":"Valparaíso","comuna":"Los Andes"}},{"type":"Feature","geometry":{"type":"Point","coordinates":[-70.55422,-34.8335]},"properties":{"nombre":"La Confluencia","tecnologia":"Hidroeléctrico mayor a 20 MW","estado":"En Operación","potencia_mw":162.946,"medio":"-","titular":"Hidroeléctrica La Confluencia S.A.","region":"O'Higgins","comuna":"San Fernando"}},{"type":"Feature","geometry":{"type":"Point","coordinates":[-70.71441,-34.75155]},"properties":{"nombre":"La Higuera","tecnologia":"Hidroeléctrico mayor a 20 MW","estado":"En Operación","potencia_mw":160.77,"medio":"-","titular":"Hidroeléctrica La Higuera S.A.","region":"O'Higgins","comuna":"San Fernando"}},{"type":"Feature","geometry":{"type":"Point","coordinates":[-70.76762,-35.82067]},"properties":{"nombre":"La Mina","tecnologia":"Hidroeléctrico mayor a 20 MW","estado":"En Operación","potencia_mw":36.93,"medio":"-","titular":"Colbún S.A.","region":"Maule","comuna":"San Clemente"}},{"type":"Feature","geometry":{"type":"Point","coordinates":[-72.53029,-37.24404]},"properties":{"nombre":"Laja I","tecnologia":"Hidroeléctrico mayor a 20 MW","estado":"En Operación","potencia_mw":34.056,"medio":"-","titular":"Eólica Monte Redondo SpA","region":"Biobío","comuna":"Laja"}},{"type":"Feature","geometry":{"type":"Point","coordinates":[-70.29029,-33.55272]},"properties":{"nombre":"Las Lajas","tecnologia":"Hidroeléctrico mayor a 20 MW","estado":"En Operación","potencia_mw":277.46,"medio":"-","titular":"Alto Maipo SpA","region":"Metropolitana","comuna":"San José de Maipo"}},{"type":"Feature","geometry":{"type":"Point","coordinates":[-70.98186,-35.79082]},"properties":{"nombre":"Loma Alta","tecnologia":"Hidroeléctrico mayor a 20 MW","estado":"En Operación","potencia_mw":36.349,"medio":"-","titular":"Empresa Eléctrica Pehuenche S.A.","region":"Maule","comuna":"San Clemente"}},{"type":"Feature","geometry":{"type":"Point","coordinates":[-70.62658,-35.91741]},"properties":{"nombre":"Los Cóndores","tecnologia":"Hidroeléctrico mayor a 20 MW","estado":"En Operación","potencia_mw":169.74,"medio":"-","titular":"Enel Generación Chile S.A.","region":"Maule","comuna":"San Clemente"}},{"type":"Feature","geometry":{"type":"Point","coordinates":[-71.06391,-35.85786]},"properties":{"nombre":"Los Hierros","tecnologia":"Hidroeléctrico mayor a 20 MW","estado":"En Operación","potencia_mw":25.0,"medio":"-","titular":"Empresa Eléctricas Aguas Del Melado SpA","region":"Maule","comuna":"Colbún"}},{"type":"Feature","geometry":{"type":"Point","coordinates":[-70.40784,-32.86645]},"properties":{"nombre":"Los Quilos","tecnologia":"Hidroeléctrico mayor a 20 MW","estado":"En Operación","potencia_mw":31.797,"medio":"-","titular":"Colbún S.A.","region":"Valparaíso","comuna":"San Esteban"}},{"type":"Feature","geometry":{"type":"Point","coordinates":[-71.3978,-35.73245]},"properties":{"nombre":"Machicura","tecnologia":"Hidroeléctrico mayor a 20 MW","estado":"En Operación","potencia_mw":94.763,"medio":"-","titular":"Colbún S.A.","region":"Maule","comuna":"Colbún"}},{"type":"Feature","geometry":{"type":"Point","coordinates":[-70.26179,-33.5307]},"properties":{"nombre":"Maitenes","tecnologia":"Hidroeléctrico mayor a 20 MW","estado":"En Operación","potencia_mw":26.92,"medio":"-","titular":"AES Andes S.A.","region":"Metropolitana","comuna":"San José de Maipo"}},{"type":"Feature","geometry":{"type":"Point","coordinates":[-71.7074,-37.53639]},"properties":{"nombre":"Mampil","tecnologia":"Hidroeléctrico mayor a 20 MW","estado":"En Operación","potencia_mw":54.907,"medio":"-","titular":"Duqueco SpA","region":"Biobío","comuna":"Santa Bárbara"}},{"type":"Feature","geometry":{"type":"Point","coordinates":[-71.47538,-38.04572]},"properties":{"nombre":"Palmucho","tecnologia":"Hidroeléctrico mayor a 20 MW","estado":"En Operación","potencia_mw":31.952,"medio":"-","titular":"Enel Generación Chile S.A.","region":"Biobío","comuna":"Alto Biobío"}},{"type":"Feature","geometry":{"type":"Point","coordinates":[-70.44272,-34.23926]},"properties":{"nombre":"Pangal","tecnologia":"Hidroeléctrico mayor a 20 MW","estado":"En Operación","potencia_mw":36.907,"medio":"-","titular":"Pacific Hydro Chile S.A.","region":"O'Higgins","comuna":"Machalí"}},{"type":"Feature","geometry":{"type":"Point","coordinates":[-71.61214,-37.91078]},"properties":{"nombre":"Pangue","tecnologia":"Hidroeléctrico mayor a 20 MW","estado":"En Operación","potencia_mw":465.832,"medio":"-","titular":"Enel Generación Chile S.A.","region":"Biobío","comuna":"Alto Biobío"}},{"type":"Feature","geometry":{"type":"Point","coordinates":[-71.16354,-35.7308]},"properties":{"nombre":"Pehuenche","tecnologia":"Hidroeléctrico mayor a 20 MW","estado":"En Operación","potencia_mw":543.33,"medio":"-","titular":"Empresa Eléctrica Pehuenche S.A.","region":"Maule","comuna":"Colbún"}},{"type":"Feature","geometry":{"type":"Point","coordinates":[-71.59627,-37.54115]},"properties":{"nombre":"Peuchén","tecnologia":"Hidroeléctrico mayor a 20 MW","estado":"En Operación","potencia_mw":84.873,"medio":"-","titular":"DUQUECO SPA","region":"Biobío","comuna":"Santa Bárbara"}},{"type":"Feature","geometry":{"type":"Point","coordinates":[-72.64913,-40.63791]},"properties":{"nombre":"Pilmaiquén","tecnologia":"Hidroeléctrico mayor a 20 MW","estado":"En Operación","potencia_mw":40.678,"medio":"-","titular":"Enel Green Power Chile S.A.","region":"Los Ríos","comuna":"Río Bueno"}},{"type":"Feature","geometry":{"type":"Point","coordinates":[-72.21729,-39.59568]},"properties":{"nombre":"Pullinque","tecnologia":"Hidroeléctrico mayor a 20 MW","estado":"En Operación","potencia_mw":51.158,"medio":"-","titular":"Enel Green Power Chile S.A.","region":"Los Ríos","comuna":"Panguipulli"}},{"type":"Feature","geometry":{"type":"Point","coordinates":[-70.53516,-33.6185]},"properties":{"nombre":"Puntilla","tecnologia":"Hidroeléctrico mayor a 20 MW","estado":"En Operación","potencia_mw":21.749,"medio":"-","titular":"Eléctrica Puntilla S.A.","region":"Metropolitana","comuna":"Pirque"}},{"type":"Feature","geometry":{"type":"Point","coordinates":[-70.21923,-33.81284]},"properties":{"nombre":"Queltehues","tecnologia":"Hidroeléctrico mayor a 20 MW","estado":"En Operación","potencia_mw":48.941,"medio":"-","titular":"AES Andes S.A.","region":"Metropolitana","comuna":"San José de Maipo"}},{"type":"Feature","geometry":{"type":"Point","coordinates":[-71.95665,-37.33583]},"properties":{"nombre":"Quilleco","tecnologia":"Hidroeléctrico mayor a 20 MW","estado":"En Operación","potencia_mw":70.651,"medio":"-","titular":"Colbún S.A.","region":"Biobío","comuna":"Quilleco"}},{"type":"Feature","geometry":{"type":"Point","coordinates":[-71.51797,-37.99795]},"properties":{"nombre":"Ralco","tecnologia":"Hidroeléctrico mayor a 20 MW","estado":"En Operación","potencia_mw":685.06,"medio":"-","titular":"Enel Generación Chile S.A.","region":"Biobío","comuna":"Alto Biobío"}},{"type":"Feature","geometry":{"type":"Point","coordinates":[-71.58879,-34.04127]},"properties":{"nombre":"Rapel","tecnologia":"Hidroeléctrico mayor a 20 MW","estado":"En Operación","potencia_mw":361.985,"medio":"-","titular":"Enel Generación Chile S.A.","region":"O'Higgins","comuna":"Litueche"}},{"type":"Feature","geometry":{"type":"Point","coordinates":[-72.70416,-40.61915]},"properties":{"nombre":"Rucatayo","tecnologia":"Hidroeléctrico mayor a 20 MW","estado":"En Operación","potencia_mw":59.3,"medio":"-","titular":"Empresa Eléctrica Rucatayo S.A.","region":"Los Lagos","comuna":"Puyehue"}},{"type":"Feature","geometry":{"type":"Point","coordinates":[-71.86569,-37.36049]},"properties":{"nombre":"Rucúe","tecnologia":"Hidroeléctrico mayor a 20 MW","estado":"En Operación","potencia_mw":178.132,"medio":"-","titular":"Colbún S.A.","region":"Biobío","comuna":"Quilleco"}},{"type":"Feature","geometry":{"type":"Point","coordinates":[-70.38255,-34.73458]},"properties":{"nombre":"San Andrés","tecnologia":"Hidroeléctrico mayor a 20 MW","estado":"En Operación","potencia_mw":42.89,"medio":"-","titular":"Hidroeléctrica San Andrés SpA","region":"O'Higgins","comuna":"San Fernando"}},{"type":"Feature","geometry":{"type":"Point","coordinates":[-71.54146,-35.61467]},"properties":{"nombre":"San Ignacio","tecnologia":"Hidroeléctrico mayor a 20 MW","estado":"En Operación","potencia_mw":35.08,"medio":"-","titular":"Colbún S.A.","region":"Maule","comuna":"Yerbas Buenas"}},{"type":"Feature","geometry":{"type":"Point","coordinates":[-70.631,-34.25276]},"properties":{"nombre":"Sauzal","tecnologia":"Hidroeléctrico mayor a 20 MW","estado":"En Operación","potencia_mw":82.626,"medio":"-","titular":"Enel Generación Chile S.A.","region":"O'Higgins","comuna":"Machalí"}},{"type":"Feature","geometry":{"type":"Point","coordinates":[-67.84601,-54.91418]},"properties":{"nombre":"Río Guerrico","tecnologia":"Hidroeléctrico menor a 20 MW","estado":"En Calificación","potencia_mw":1.0,"medio":"-","titular":"Empresa Eléctrica de Magallanes S.A","region":"Magallanes","comuna":"Cabo de Hornos"}},{"type":"Feature","geometry":{"type":"Point","coordinates":[-71.8506,-38.49923]},"properties":{"nombre":"Alto Cautín","tecnologia":"Hidroeléctrico menor a 20 MW","estado":"Aprobado","potencia_mw":6.0,"medio":"-","titular":"Agrícola Río Blanco S.A.","region":"Araucanía","comuna":"Curacautín"}},{"type":"Feature","geometry":{"type":"Point","coordinates":[-71.53909,-39.42117]},"properties":{"nombre":"Añihuerraqui","tecnologia":"Hidroeléctrico menor a 20 MW","estado":"Aprobado","potencia_mw":9.0,"medio":"-","titular":"GTD Negocios S.A.","region":"Araucanía","comuna":"Curarrehue"}},{"type":"Feature","geometry":{"type":"Point","coordinates":[-71.84447,-37.14651]},"properties":{"nombre":"Baquedano","tecnologia":"Hidroeléctrico menor a 20 MW","estado":"Aprobado","potencia_mw":17.8,"medio":"-","titular":"Energía Baquedano Sopa","region":"Biobío","comuna":"Tucapel"}},{"type":"Feature","geometry":{"type":"Point","coordinates":[-71.41373,-36.28859]},"properties":{"nombre":"Bullileo","tecnologia":"Hidroeléctrico menor a 20 MW","estado":"Aprobado","potencia_mw":8.0,"medio":"-","titular":"Bullileo SpA","region":"Maule","comuna":"Parral"}},{"type":"Feature","geometry":{"type":"Point","coordinates":[-73.21478,-37.83372]},"properties":{"nombre":"Butamalal","tecnologia":"Hidroeléctrico menor a 20 MW","estado":"Aprobado","potencia_mw":12.0,"medio":"-","titular":"RPI Chile Energias Renovables S.A.","region":"Biobío","comuna":"Cañete"}},{"type":"Feature","geometry":{"type":"Point","coordinates":[-72.41551,-37.81418]},"properties":{"nombre":"Canal Bio-Bio Sur","tecnologia":"Hidroeléctrico menor a 20 MW","estado":"Aprobado","potencia_mw":7.1,"medio":"-","titular":"Mainco S.A.","region":"Biobío","comuna":"Mulchén"}},{"type":"Feature","geometry":{"type":"Point","coordinates":[-73.20223,-37.78126]},"properties":{"nombre":"Cayucupil","tecnologia":"Hidroeléctrico menor a 20 MW","estado":"Aprobado","potencia_mw":6.0,"medio":"-","titular":"Hidroeléctrica Cayucupil Ltda.","region":"Biobío","comuna":"Cañete"}},{"type":"Feature","geometry":{"type":"Point","coordinates":[-71.26283,-35.87236]},"properties":{"nombre":"Chupallar","tecnologia":"Hidroeléctrico menor a 20 MW","estado":"Aprobado","potencia_mw":19.0,"medio":"-","titular":"Empresa Electrica Chupallar SpA","region":"Maule","comuna":"Linares"}},{"type":"Feature","geometry":{"type":"Point","coordinates":[-71.99704,-38.61837]},"properties":{"nombre":"Condor","tecnologia":"Hidroeléctrico menor a 20 MW","estado":"Aprobado","potencia_mw":5.4,"medio":"-","titular":"Schwager Energy S.A.","region":"Araucanía","comuna":"Lautaro"}},{"type":"Feature","geometry":{"type":"Point","coordinates":[-72.09903,-37.41804]},"properties":{"nombre":"Diuto II","tecnologia":"Hidroeléctrico menor a 20 MW","estado":"Aprobado","potencia_mw":3.8,"medio":"-","titular":"Asociación de Canalistas del Laja","region":"Biobío","comuna":"Los Ángeles"}},{"type":"Feature","geometry":{"type":"Point","coordinates":[-73.89447,-42.56776]},"properties":{"nombre":"Dongo (Aumento)","tecnologia":"Hidroeléctrico menor a 20 MW","estado":"Aprobado","potencia_mw":0.3,"medio":"-","titular":"Hidroeléctrica Dongo SpA","region":"Los Lagos","comuna":"Chonchi"}},{"type":"Feature","geometry":{"type":"Point","coordinates":[-71.54387,-35.58578]},"properties":{"nombre":"Duao","tecnologia":"Hidroeléctrico menor a 20 MW","estado":"Aprobado","potencia_mw":1.0,"medio":"-","titular":"Colbún S.A.","region":"Maule","comuna":"San Clemente"}},{"type":"Feature","geometry":{"type":"Point","coordinates":[-72.2437,-39.72367]},"properties":{"nombre":"El Mañío","tecnologia":"Hidroeléctrico menor a 20 MW","estado":"Aprobado","potencia_mw":7.2,"medio":"-","titular":"Sociedad Hidroeléctrica Río Conquil S.A.","region":"Los Ríos","comuna":"Panguipulli"}},{"type":"Feature","geometry":{"type":"Point","coordinates":[-70.7505,-35.82452]},"properties":{"nombre":"El Médano","tecnologia":"Hidroeléctrico menor a 20 MW","estado":"Aprobado","potencia_mw":6.6,"medio":"-","titular":"Colbún S.A.","region":"Maule","comuna":"San Clemente"}},{"type":"Feature","geometry":{"type":"Point","coordinates":[-72.03843,-44.99341]},"properties":{"nombre":"El Toqui (Ampliación)","tecnologia":"Hidroeléctrico menor a 20 MW","estado":"Aprobado","potencia_mw":3.9,"medio":"-","titular":"Sociedad Conttractual Minera El Toqui","region":"Aysén","comuna":"Coyhaique"}},{"type":"Feature","geometry":{"type":"Point","coordinates":[-72.15384,-40.09932]},"properties":{"nombre":"Florín (Modificación)","tecnologia":"Hidroeléctrico menor a 20 MW","estado":"Aprobado","potencia_mw":9.0,"medio":"-","titular":"Empresa Eléctrica Florín SpA","region":"Los Ríos","comuna":"Futrono"}},{"type":"Feature","geometry":{"type":"Point","coordinates":[-72.09411,-40.09148]},"properties":{"nombre":"Florín II","tecnologia":"Hidroeléctrico menor a 20 MW","estado":"Aprobado","potencia_mw":13.0,"medio":"-","titular":"Empresa Eléctrica Florín SpA","region":"Los Ríos","comuna":"Futrono"}},{"type":"Feature","geometry":{"type":"Point","coordinates":[-72.07848,-40.06965]},"properties":{"nombre":"Florín III","tecnologia":"Hidroeléctrico menor a 20 MW","estado":"Aprobado","potencia_mw":4.6,"medio":"-","titular":"Empresa Eléctrica Florín SpA","region":"Los Ríos","comuna":"Futrono"}},{"type":"Feature","geometry":{"type":"Point","coordinates":[-71.91917,-40.24774]},"properties":{"nombre":"Huenteleufu","tecnologia":"Hidroeléctrico menor a 20 MW","estado":"Aprobado","potencia_mw":6.7,"medio":"-","titular":"Trans Antartic Energia S.A.","region":"Los Ríos","comuna":"Futrono"}},{"type":"Feature","geometry":{"type":"Point","coordinates":[-70.34076,-34.90184]},"properties":{"nombre":"Las Damas (Ampliación)","tecnologia":"Hidroeléctrico menor a 20 MW","estado":"Aprobado","potencia_mw":12.0,"medio":"-","titular":"Hidroeléctrica Dos Valles SpA","region":"O'Higgins","comuna":"San Fernando"}},{"type":"Feature","geometry":{"type":"Point","coordinates":[-71.48561,-37.57224]},"properties":{"nombre":"Las Juntas","tecnologia":"Hidroeléctrico menor a 20 MW","estado":"Aprobado","potencia_mw":6.6,"medio":"-","titular":"Hidroeléctrica Las Juntas S.A.","region":"Biobío","comuna":"Santa Bárbara"}},{"type":"Feature","geometry":{"type":"Point","coordinates":[-72.64546,-41.68125]},"properties":{"nombre":"La Arena (Ampliación)","tecnologia":"Hidroeléctrico menor a 20 MW","estado":"Aprobado","potencia_mw":6.0,"medio":"-","titular":"Empresa Electrica La Arena SpA","region":"Los Lagos","comuna":"Llanquihue"}},{"type":"Feature","geometry":{"type":"Point","coordinates":[-72.27861,-37.63771]},"properties":{"nombre":"Licura","tecnologia":"Hidroeléctrico menor a 20 MW","estado":"Aprobado","potencia_mw":0.35,"medio":"-","titular":"JC Hidro SpA","region":"Biobío","comuna":"Mulchén"}},{"type":"Feature","geometry":{"type":"Point","coordinates":[-72.66316,-46.82226]},"properties":{"nombre":"Los Maquis (Rehabilitación)","tecnologia":"Hidroeléctrico menor a 20 MW","estado":"Aprobado","potencia_mw":1.0,"medio":"-","titular":"Empresa Eléctrica de Aysén S.A.","region":"Aysén","comuna":"Chile Chico"}},{"type":"Feature","geometry":{"type":"Point","coordinates":[-72.51644,-41.25939]},"properties":{"nombre":"Los Pinos","tecnologia":"Hidroeléctrico menor a 20 MW","estado":"Aprobado","potencia_mw":2.9,"medio":"-","titular":"Los Pinos SpA","region":"Los Lagos","comuna":"Puerto Varas"}},{"type":"Feature","geometry":{"type":"Point","coordinates":[-70.5583,-33.48663]},"properties":{"nombre":"Los Presidentes","tecnologia":"Hidroeléctrico menor a 20 MW","estado":"Aprobado","potencia_mw":1.04,"medio":"-","titular":"Asociación de Canalistas Sociedad del Canal de Maipo","region":"Metropolitana","comuna":"Peñalolén"}},{"type":"Feature","geometry":{"type":"Point","coordinates":[-72.17969,-37.44679]},"properties":{"nombre":"Nancagua","tecnologia":"Hidroeléctrico menor a 20 MW","estado":"Aprobado","potencia_mw":0.8,"medio":"-","titular":"Asociación de Canalistas del Laja","region":"Biobío","comuna":"Los Ángeles"}},{"type":"Feature","geometry":{"type":"Point","coordinates":[-71.53773,-35.61542]},"properties":{"nombre":"ODT","tecnologia":"Hidroeléctrico menor a 20 MW","estado":"Aprobado","potencia_mw":1.4,"medio":"-","titular":"Colbún S.A.","region":"Maule","comuna":"Yerbas Buenas"}},{"type":"Feature","geometry":{"type":"Point","coordinates":[-71.5388,-35.61758]},"properties":{"nombre":"Pando","tecnologia":"Hidroeléctrico menor a 20 MW","estado":"Aprobado","potencia_mw":0.4,"medio":"-","titular":"Colbún S.A.","region":"Maule","comuna":"Yerbas Buenas"}},{"type":"Feature","geometry":{"type":"Point","coordinates":[-71.61613,-39.32665]},"properties":{"nombre":"Pangui","tecnologia":"Hidroeléctrico menor a 20 MW","estado":"Aprobado","potencia_mw":9.0,"medio":"-","titular":"RP El Torrente Eléctrica S.A","region":"Araucanía","comuna":"Curarrehue"}},{"type":"Feature","geometry":{"type":"Point","coordinates":[-71.57055,-36.39903]},"properties":{"nombre":"Perquilauquén","tecnologia":"Hidroeléctrico menor a 20 MW","estado":"Aprobado","potencia_mw":17.0,"medio":"-","titular":"Empresa Electrica Perquilauquen SpA","region":"Maule","comuna":"Parral"}},{"type":"Feature","geometry":{"type":"Point","coordinates":[-73.77312,-42.32944]},"properties":{"nombre":"Piruquina","tecnologia":"Hidroeléctrico menor a 20 MW","estado":"Aprobado","potencia_mw":7.6,"medio":"-","titular":"Endesa Eco","region":"Los Lagos","comuna":"Dalcahue"}},{"type":"Feature","geometry":{"type":"Point","coordinates":[-72.22141,-37.64506]},"properties":{"nombre":"Quitralman 1 y 2","tecnologia":"Hidroeléctrico menor a 20 MW","estado":"Aprobado","potencia_mw":1.15,"medio":"-","titular":"JC Hidro SpA","region":"Biobío","comuna":"Mulchén"}},{"type":"Feature","geometry":{"type":"Point","coordinates":[-72.64584,-41.60582]},"properties":{"nombre":"Río Chaica","tecnologia":"Hidroeléctrico menor a 20 MW","estado":"Aprobado","potencia_mw":7.3,"medio":"-","titular":"Hidroeléctrica Lumen S.A.","region":"Los Lagos","comuna":"Puerto Montt"}},{"type":"Feature","geometry":{"type":"Point","coordinates":[-72.6843,-40.93721]},"properties":{"nombre":"Río Coihueco","tecnologia":"Hidroeléctrico menor a 20 MW","estado":"Aprobado","potencia_mw":1.8,"medio":"-","titular":"Power Train Technologies Chile S.A","region":"Los Lagos","comuna":"Puerto Octay"}},{"type":"Feature","geometry":{"type":"Point","coordinates":[-72.42492,-40.57974]},"properties":{"nombre":"Río Isla","tecnologia":"Hidroeléctrico menor a 20 MW","estado":"Aprobado","potencia_mw":4.2,"medio":"-","titular":"Electrica Rio Isla S.A.","region":"Los Ríos","comuna":"Río Bueno"}},{"type":"Feature","geometry":{"type":"Point","coordinates":[-72.41656,-41.91981]},"properties":{"nombre":"Río Negro","tecnologia":"Hidroeléctrico menor a 20 MW","estado":"Aprobado","potencia_mw":8.0,"medio":"-","titular":"Hidroenergía Chile Ltda.","region":"Los Lagos","comuna":"Hualaihué"}},{"type":"Feature","geometry":{"type":"Point","coordinates":[-72.02059,-41.0868]},"properties":{"nombre":"Sendero de la luz","tecnologia":"Hidroeléctrico menor a 20 MW","estado":"Aprobado","potencia_mw":0.2,"medio":"-","titular":"Alberto  Schirmer Roth","region":"Los Lagos","comuna":"Puerto Varas"}},{"type":"Feature","geometry":{"type":"Point","coordinates":[-71.47954,-38.84698]},"properties":{"nombre":"Tacura (Modificación)","tecnologia":"Hidroeléctrico menor a 20 MW","estado":"Aprobado","potencia_mw":7.7,"medio":"-","titular":"Tracura Energia S.A.","region":"Araucanía","comuna":"Melipeuco"}},{"type":"Feature","geometry":{"type":"Point","coordinates":[-71.12001,-35.86528]},"properties":{"nombre":"Túnel Melado","tecnologia":"Hidroeléctrico menor a 20 MW","estado":"Aprobado","potencia_mw":3.0,"medio":"-","titular":"Besalco Construcciones S.A","region":"Maule","comuna":"Parral"}},{"type":"Feature","geometry":{"type":"Point","coordinates":[-72.24577,-41.12791]},"properties":{"nombre":"Uso Particular","tecnologia":"Hidroeléctrico menor a 20 MW","estado":"Aprobado","potencia_mw":1.8,"medio":"-","titular":"Rene Vera Giannini","region":"Los Lagos","comuna":"Puerto Varas"}},{"type":"Feature","geometry":{"type":"Point","coordinates":[-72.20086,-37.41605]},"properties":{"nombre":"Moraga","tecnologia":"Hidroeléctrico menor a 20 MW","estado":"En Construcción","potencia_mw":1.6,"medio":"PMGD","titular":"José Luis Moraga SpA","region":"Biobío","comuna":"Los Ángeles"}},{"type":"Feature","geometry":{"type":"Point","coordinates":[-72.13882,-37.40504]},"properties":{"nombre":"San José","tecnologia":"Hidroeléctrico menor a 20 MW","estado":"En Construcción","potencia_mw":1.6,"medio":"PMGD","titular":"José Luis Moraga SpA","region":"Biobío","comuna":"Los Ángeles"}},{"type":"Feature","geometry":{"type":"Point","coordinates":[-72.1717,-37.40996]},"properties":{"nombre":"San Luis","tecnologia":"Hidroeléctrico menor a 20 MW","estado":"En Construcción","potencia_mw":1.9,"medio":"PMGD","titular":"José Luis Moraga SpA","region":"Biobío","comuna":"Los Ángeles"}},{"type":"Feature","geometry":{"type":"Point","coordinates":[-72.03389,-37.68016]},"properties":{"nombre":"Tres Aguas","tecnologia":"Hidroeléctrico menor a 20 MW","estado":"En Construcción","potencia_mw":6.8,"medio":"PMGD","titular":"Espinos S.A.","region":"Biobío","comuna":"Quilaco"}},{"type":"Feature","geometry":{"type":"Point","coordinates":[-70.3408,-34.90173]},"properties":{"nombre":"CH Dos Valles (Ampliación)","tecnologia":"Hidroeléctrico menor a 20 MW","estado":"En Pruebas","potencia_mw":4.5,"medio":"PMG","titular":"Hidroeléctrica Dos Valles SpA","region":"O'Higgins","comuna":"San Fernando"}},{"type":"Feature","geometry":{"type":"Point","coordinates":[-71.59799,-37.53857]},"properties":{"nombre":"La Confianza","tecnologia":"Hidroeléctrico menor a 20 MW","estado":"En Pruebas","potencia_mw":2.6,"medio":"PMG","titular":"Hidroconfianza SpA","region":"Biobío","comuna":"Quilleco"}},{"type":"Feature","geometry":{"type":"Point","coordinates":[-72.32555,-40.09892]},"properties":{"nombre":"Las Flores (Ampliación)","tecnologia":"Hidroeléctrico menor a 20 MW","estado":"En Pruebas","potencia_mw":2.1,"medio":"-","titular":"Hidroeléctrica Las Flores S.A.","region":"Los Ríos","comuna":"Futrono"}},{"type":"Feature","geometry":{"type":"Point","coordinates":[-72.03694,-39.85324]},"properties":{"nombre":"Panguipulli","tecnologia":"Hidroeléctrico menor a 20 MW","estado":"En Pruebas","potencia_mw":0.34,"medio":"PMGD","titular":"Latinoamericana S.A.","region":"Los Ríos","comuna":"Panguipulli"}},{"type":"Feature","geometry":{"type":"Point","coordinates":[-71.45523,-37.56231]},"properties":{"nombre":"Aillín","tecnologia":"Hidroeléctrico menor a 20 MW","estado":"En Operación","potencia_mw":6.851,"medio":"PMG","titular":"Hidroeléctrica Las Juntas S.A.","region":"Biobío","comuna":"Santa Bárbara"}},{"type":"Feature","geometry":{"type":"Point","coordinates":[-72.22289,-38.99865]},"properties":{"nombre":"Allipén","tecnologia":"Hidroeléctrico menor a 20 MW","estado":"En Operación","potencia_mw":2.596,"medio":"PMGD","titular":"Hidroeléctrica Allipén S.A.","region":"Araucanía","comuna":"Cunco"}},{"type":"Feature","geometry":{"type":"Point","coordinates":[-72.40364,-37.80021]},"properties":{"nombre":"Alto Renaico","tecnologia":"Hidroeléctrico menor a 20 MW","estado":"En Operación","potencia_mw":1.378,"medio":"PMG","titular":"Espinos S.A.","region":"Biobío","comuna":"Mulchén"}},{"type":"Feature","geometry":{"type":"Point","coordinates":[-70.10975,-20.25059]},"properties":{"nombre":"Alto Hospicio","tecnologia":"Hidroeléctrico menor a 20 MW","estado":"En Operación","potencia_mw":1.1,"medio":"PMGD","titular":"Enernuevas S.A.","region":"Tarapacá","comuna":"Alto Hospicio"}},{"type":"Feature","geometry":{"type":"Point","coordinates":[-70.42644,-33.37019]},"properties":{"nombre":"Arrayán","tecnologia":"Hidroeléctrico menor a 20 MW","estado":"En Operación","potencia_mw":1.2,"medio":"PMGD","titular":"Hidroeléctrica Arrayán","region":"Metropolitana","comuna":"Lo Barnechea"}},{"type":"Feature","geometry":{"type":"Point","coordinates":[-70.63364,-33.64269]},"properties":{"nombre":"Auxiliar del Maipo","tecnologia":"Hidroeléctrico menor a 20 MW","estado":"En Operación","potencia_mw":5.1,"medio":"PMGD","titular":"Carbomet Energía S.A.","region":"Metropolitana","comuna":"San Bernardo"}},{"type":"Feature","geometry":{"type":"Point","coordinates":[-72.70998,-45.37553]},"properties":{"nombre":"Aysén","tecnologia":"Hidroeléctrico menor a 20 MW","estado":"En Operación","potencia_mw":6.6,"medio":"-","titular":"Edelaysen","region":"Aysén","comuna":"Aysén"}},{"type":"Feature","geometry":{"type":"Point","coordinates":[-71.61468,-37.86893]},"properties":{"nombre":"Boquiamargo","tecnologia":"Hidroeléctrico menor a 20 MW","estado":"En Operación","potencia_mw":1.09,"medio":"PMGD","titular":"Eléctrica San Miguel SpA","region":"Biobío","comuna":"Alto Biobío"}},{"type":"Feature","geometry":{"type":"Point","coordinates":[-72.47916,-37.59382]},"properties":{"nombre":"Bureo","tecnologia":"Hidroeléctrico menor a 20 MW","estado":"En Operación","potencia_mw":2.156,"medio":"PMGD","titular":"PMGD Bio Bio Negrete S.A.","region":"Biobío","comuna":"Negrete"}},{"type":"Feature","geometry":{"type":"Point","coordinates":[-72.04766,-37.31353]},"properties":{"nombre":"Caliboro","tecnologia":"Hidroeléctrico menor a 20 MW","estado":"En Operación","potencia_mw":1.4,"medio":"PMGD","titular":"Socer S.A.","region":"Biobío","comuna":"Quilleco"}},{"type":"Feature","geometry":{"type":"Point","coordinates":[-72.3382,-40.88782]},"properties":{"nombre":"Callao","tecnologia":"Hidroeléctrico menor a 20 MW","estado":"En Operación","potencia_mw":3.292,"medio":"PMG","titular":"Hidroenesur S.A.","region":"Los Lagos","comuna":"Puerto Octay"}},{"type":"Feature","geometry":{"type":"Point","coordinates":[-72.40001,-40.81895]},"properties":{"nombre":"Capullo","tecnologia":"Hidroeléctrico menor a 20 MW","estado":"En Operación","potencia_mw":11.843,"medio":"-","titular":"Empresa Eléctrica Capullo S.A.","region":"Los Lagos","comuna":"Puyehue"}},{"type":"Feature","geometry":{"type":"Point","coordinates":[-70.95286,-33.52864]},"properties":{"nombre":"Carena","tecnologia":"Hidroeléctrico menor a 20 MW","estado":"En Operación","potencia_mw":8.4,"medio":"-","titular":"Empresa Eléctrica Industrial S.A.","region":"Metropolitana","comuna":"Curacaví"}},{"type":"Feature","geometry":{"type":"Point","coordinates":[-71.52076,-38.88303]},"properties":{"nombre":"Carilafquén","tecnologia":"Hidroeléctrico menor a 20 MW","estado":"En Operación","potencia_mw":19.236,"medio":"-","titular":"Empresa Eléctrica Carén S.A.","region":"Araucanía","comuna":"Melipeuco"}},{"type":"Feature","geometry":{"type":"Point","coordinates":[-70.12732,-20.23708]},"properties":{"nombre":"Cavancha","tecnologia":"Hidroeléctrico menor a 20 MW","estado":"En Operación","potencia_mw":2.592,"medio":"PMGD","titular":"Enernuevas S.A.","region":"Tarapacá","comuna":"Iquique"}},{"type":"Feature","geometry":{"type":"Point","coordinates":[-72.33755,-40.71486]},"properties":{"nombre":"Chanleufu II","tecnologia":"Hidroeléctrico menor a 20 MW","estado":"En Operación","potencia_mw":3.4,"medio":"PMGD","titular":"Lágrimas Del Sur SpA","region":"Los Lagos","comuna":"Puyehue"}},{"type":"Feature","geometry":{"type":"Point","coordinates":[-69.54877,-18.37286]},"properties":{"nombre":"Chapiquiña","tecnologia":"Hidroeléctrico menor a 20 MW","estado":"En Operación","potencia_mw":10.832,"medio":"-","titular":"Engie Energía Chile S.A.","region":"Arica y Parinacota","comuna":"Putre"}},{"type":"Feature","geometry":{"type":"Point","coordinates":[-71.35502,-35.66146]},"properties":{"nombre":"Chiburgo","tecnologia":"Hidroeléctrico menor a 20 MW","estado":"En Operación","potencia_mw":19.157,"medio":"-","titular":"Colbún S.A.","region":"Maule","comuna":"Colbún"}},{"type":"Feature","geometry":{"type":"Point","coordinates":[-71.9936,-40.34534]},"properties":{"nombre":"Chilco","tecnologia":"Hidroeléctrico menor a 20 MW","estado":"En Operación","potencia_mw":0.2,"medio":"PMGD","titular":"Ganadera y Forestal Carran Ltda.","region":"Los Ríos","comuna":"Lago Ranco"}},{"type":"Feature","geometry":{"type":"Point","coordinates":[-70.30344,-34.43987]},"properties":{"nombre":"Cipresillos","tecnologia":"Hidroeléctrico menor a 20 MW","estado":"En Operación","potencia_mw":10.356,"medio":"-","titular":"Eléctrica Cipresillos SpA","region":"O'Higgins","comuna":"Machalí"}},{"type":"Feature","geometry":{"type":"Point","coordinates":[-72.29619,-41.49171]},"properties":{"nombre":"Cochamó","tecnologia":"Hidroeléctrico menor a 20 MW","estado":"En Operación","potencia_mw":0.68,"medio":"-","titular":"SAGESA S.A.","region":"Los Lagos","comuna":"Cochamó"}},{"type":"Feature","geometry":{"type":"Point","coordinates":[-73.95798,-42.59761]},"properties":{"nombre":"Collil","tecnologia":"Hidroeléctrico menor a 20 MW","estado":"En Operación","potencia_mw":6.997,"medio":"PMGD","titular":"Energía Collil S.A.","region":"Los Lagos","comuna":"Chonchi"}},{"type":"Feature","geometry":{"type":"Point","coordinates":[-72.88206,-40.37733]},"properties":{"nombre":"Contra","tecnologia":"Hidroeléctrico menor a 20 MW","estado":"En Operación","potencia_mw":0.328,"medio":"PMGD","titular":"Empresa Eléctrica Contra SpA","region":"Los Ríos","comuna":"Río Bueno"}},{"type":"Feature","geometry":{"type":"Point","coordinates":[-71.12865,-34.768]},"properties":{"nombre":"Convento Viejo","tecnologia":"Hidroeléctrico menor a 20 MW","estado":"En Operación","potencia_mw":16.58,"medio":"-","titular":"Sociedad Concesionaria Embalse Convento Viejo S.A.","region":"O'Higgins","comuna":"Chimbarongo"}},{"type":"Feature","geometry":{"type":"Point","coordinates":[-70.40461,-34.74173]},"properties":{"nombre":"Corrales","tecnologia":"Hidroeléctrico menor a 20 MW","estado":"En Operación","potencia_mw":2.968,"medio":"PMG","titular":"Hidroeléctrica Los Corrales SpA","region":"O'Higgins","comuna":"San Fernando"}},{"type":"Feature","geometry":{"type":"Point","coordinates":[-72.29055,-40.79403]},"properties":{"nombre":"Correntoso","tecnologia":"Hidroeléctrico menor a 20 MW","estado":"En Operación","potencia_mw":8.38,"medio":"PMG","titular":"Hidropalmar SpA","region":"Los Lagos","comuna":"Puyehue"}},{"type":"Feature","geometry":{"type":"Point","coordinates":[-69.55859,-18.37553]},"properties":{"nombre":"Cosapilla","tecnologia":"Hidroeléctrico menor a 20 MW","estado":"En Operación","potencia_mw":0.5,"medio":"PMGD","titular":"Engie Energía Chile S.A.","region":"Arica y Parinacota","comuna":"Putre"}},{"type":"Feature","geometry":{"type":"Point","coordinates":[-70.52571,-34.20492]},"properties":{"nombre":"Coya","tecnologia":"Hidroeléctrico menor a 20 MW","estado":"En Operación","potencia_mw":11.972,"medio":"-","titular":"Pacific Hydro Chile S.A.","region":"O'Higgins","comuna":"Machalí"}},{"type":"Feature","geometry":{"type":"Point","coordinates":[-72.48268,-41.95996]},"properties":{"nombre":"Cuchildeo","tecnologia":"Hidroeléctrico menor a 20 MW","estado":"En Operación","potencia_mw":0.765,"medio":"-","titular":"Empresa Eléctrica Cuchildeo SpA","region":"Los Lagos","comuna":"Hualaihué"}},{"type":"Feature","geometry":{"type":"Point","coordinates":[-72.20758,-40.64686]},"properties":{"nombre":"Cumbres","tecnologia":"Hidroeléctrico menor a 20 MW","estado":"En Operación","potencia_mw":17.86,"medio":"-","titular":"Cumbres SpA","region":"Los Ríos","comuna":"Río Bueno"}},{"type":"Feature","geometry":{"type":"Point","coordinates":[-71.16079,-35.2465]},"properties":{"nombre":"Cumpeo","tecnologia":"Hidroeléctrico menor a 20 MW","estado":"En Operación","potencia_mw":5.75,"medio":"PMGD","titular":"Hidroeléctrica Cumpeo S.A.","region":"Maule","comuna":"Molina"}},{"type":"Feature","geometry":{"type":"Point","coordinates":[-72.53989,-40.39145]},"properties":{"nombre":"Curileufu","tecnologia":"Hidroeléctrico menor a 20 MW","estado":"En Operación","potencia_mw":0.22,"medio":"PMGD","titular":"Soc. Agrícola y Ganadera Curileufu Ltda.","region":"Los Ríos","comuna":"Río Bueno"}},{"type":"Feature","geometry":{"type":"Point","coordinates":[-70.46011,-34.79704]},"properties":{"nombre":"Don Eugenio","tecnologia":"Hidroeléctrico menor a 20 MW","estado":"En Operación","potencia_mw":2.976,"medio":"PMG","titular":"Hidroeléctrica Don Eugenio SpA","region":"O'Higgins","comuna":"San Fernando"}},{"type":"Feature","geometry":{"type":"Point","coordinates":[-73.81266,-42.31409]},"properties":{"nombre":"Don Tito","tecnologia":"Hidroeléctrico menor a 20 MW","estado":"En Operación","potencia_mw":3.0,"medio":"PMG","titular":"Energías Pudidi SpA","region":"Los Lagos","comuna":"Dalcahue"}},{"type":"Feature","geometry":{"type":"Point","coordinates":[-72.51618,-40.55776]},"properties":{"nombre":"Don Walterio","tecnologia":"Hidroeléctrico menor a 20 MW","estado":"En Operación","potencia_mw":2.946,"medio":"PMGD","titular":"Generadora Eléctrica Rhom Ltda.","region":"Los Ríos","comuna":"Río Bueno"}},{"type":"Feature","geometry":{"type":"Point","coordinates":[-73.89447,-42.56776]},"properties":{"nombre":"Dongo","tecnologia":"Hidroeléctrico menor a 20 MW","estado":"En Operación","potencia_mw":5.998,"medio":"PMGD","titular":"Dongo Energóa SpA","region":"Los Lagos","comuna":"Chonchi"}},{"type":"Feature","geometry":{"type":"Point","coordinates":[-72.6746,-39.12035]},"properties":{"nombre":"Donguil","tecnologia":"Hidroeléctrico menor a 20 MW","estado":"En Operación","potencia_mw":0.249,"medio":"PMGD","titular":"Donguil Energía S.A.","region":"Araucanía","comuna":"Gorbea"}},{"type":"Feature","geometry":{"type":"Point","coordinates":[-72.00595,-40.33286]},"properties":{"nombre":"Doña Hilda","tecnologia":"Hidroeléctrico menor a 20 MW","estado":"En Operación","potencia_mw":0.419,"medio":"PMGD","titular":"Forestal y Ganadera Carrán Ltda","region":"Los Ríos","comuna":"Lago Ranco"}},{"type":"Feature","geometry":{"type":"Point","coordinates":[-70.3408,-34.90173]},"properties":{"nombre":"Dos Valles","tecnologia":"Hidroeléctrico menor a 20 MW","estado":"En Operación","potencia_mw":4.462,"medio":"PMG","titular":"Hidroeléctrica Dos Valles SpA","region":"O'Higgins","comuna":"San Fernando"}},{"type":"Feature","geometry":{"type":"Point","coordinates":[-71.42928,-38.55276]},"properties":{"nombre":"El Agrio","tecnologia":"Hidroeléctrico menor a 20 MW","estado":"En Operación","potencia_mw":2.497,"medio":"PMGD","titular":"El Agrio Hidro SpA","region":"Araucanía","comuna":"Curacautín"}},{"type":"Feature","geometry":{"type":"Point","coordinates":[-72.46484,-40.5982]},"properties":{"nombre":"El Arrayan","tecnologia":"Hidroeléctrico menor a 20 MW","estado":"En Operación","potencia_mw":0.149,"medio":"PMGD","titular":"Energías Renovables El Arrayan Ltda","region":"Los Ríos","comuna":"Río Bueno"}},{"type":"Feature","geometry":{"type":"Point","coordinates":[-72.22151,-37.6452]},"properties":{"nombre":"El Atajo","tecnologia":"Hidroeléctrico menor a 20 MW","estado":"En Operación","potencia_mw":1.2,"medio":"PMGD","titular":"Central El Atajo SpA","region":"Biobío","comuna":"Mulchén"}},{"type":"Feature","geometry":{"type":"Point","coordinates":[-72.16131,-37.68121]},"properties":{"nombre":"El Brinco","tecnologia":"Hidroeléctrico menor a 20 MW","estado":"En Operación","potencia_mw":0.19,"medio":"PMGD","titular":"Hidro Munilque SpA","region":"Biobío","comuna":"Mulchén"}},{"type":"Feature","geometry":{"type":"Point","coordinates":[-71.75711,-38.83959]},"properties":{"nombre":"El Canelo","tecnologia":"Hidroeléctrico menor a 20 MW","estado":"En Operación","potencia_mw":6.04,"medio":"PMGD","titular":"Hidroeléctrica El Canelo S.A.","region":"Araucanía","comuna":"Melipeuco"}},{"type":"Feature","geometry":{"type":"Point","coordinates":[-72.60982,-41.40457]},"properties":{"nombre":"El Colorado","tecnologia":"Hidroeléctrico menor a 20 MW","estado":"En Operación","potencia_mw":1.99,"medio":"PMGD","titular":"Desarrollo de Energía SpA","region":"Los Lagos","comuna":"Puerto Montt"}},{"type":"Feature","geometry":{"type":"Point","coordinates":[-72.0817,-37.42293]},"properties":{"nombre":"El Diuto","tecnologia":"Hidroeléctrico menor a 20 MW","estado":"En Operación","potencia_mw":3.292,"medio":"PMGD","titular":"Minicentral Hidroeléctrica El Diuto Ltda.","region":"Biobío","comuna":"Los Ángeles"}},{"type":"Feature","geometry":{"type":"Point","coordinates":[-71.21548,-35.23746]},"properties":{"nombre":"El Galpón","tecnologia":"Hidroeléctrico menor a 20 MW","estado":"En Operación","potencia_mw":1.286,"medio":"PMGD","titular":"Enerbosch S.A.","region":"Maule","comuna":"Río Claro"}},{"type":"Feature","geometry":{"type":"Point","coordinates":[-70.53571,-33.62188]},"properties":{"nombre":"El Llano","tecnologia":"Hidroeléctrico menor a 20 MW","estado":"En Operación","potencia_mw":1.908,"medio":"PMGD","titular":"Eléctrica Puntilla S.A.","region":"Metropolitana","comuna":"Pirque"}},{"type":"Feature","geometry":{"type":"Point","coordinates":[-71.8131,-38.83737]},"properties":{"nombre":"El Manzano (Melipeuco)","tecnologia":"Hidroeléctrico menor a 20 MW","estado":"En Operación","potencia_mw":4.85,"medio":"PMGD","titular":"Hidroeléctrica El Manzano S.A.","region":"Araucanía","comuna":"Melipeuco"}},{"type":"Feature","geometry":{"type":"Point","coordinates":[-71.60955,-37.89577]},"properties":{"nombre":"El Mirador","tecnologia":"Hidroeléctrico menor a 20 MW","estado":"En Operación","potencia_mw":3.0,"medio":"PMGD","titular":"El Mirador SpA","region":"Biobío","comuna":"Alto Biobío"}},{"type":"Feature","geometry":{"type":"Point","coordinates":[-71.64279,-37.1342]},"properties":{"nombre":"El Pinar","tecnologia":"Hidroeléctrico menor a 20 MW","estado":"En Operación","potencia_mw":11.378,"medio":"-","titular":"Empresa Electrica El Pinar SpA","region":"Ñuble","comuna":"Yungay"}},{"type":"Feature","geometry":{"type":"Point","coordinates":[-72.11104,-37.69731]},"properties":{"nombre":"El Portal","tecnologia":"Hidroeléctrico menor a 20 MW","estado":"En Operación","potencia_mw":1.1,"medio":"PMGD","titular":"Central El Portal SpA","region":"Biobío","comuna":"Mulchén"}},{"type":"Feature","geometry":{"type":"Point","coordinates":[-70.54321,-33.5481]},"properties":{"nombre":"El Rincón (RM)","tecnologia":"Hidroeléctrico menor a 20 MW","estado":"En Operación","potencia_mw":0.285,"medio":"PMG","titular":"Asoc. De Canal. Sociedad Del Canal De Maipo","region":"Metropolitana","comuna":"La Florida"}},{"type":"Feature","geometry":{"type":"Point","coordinates":[-70.69106,-32.5623]},"properties":{"nombre":"El Tártaro","tecnologia":"Hidroeléctrico menor a 20 MW","estado":"En Operación","potencia_mw":0.104,"medio":"PMGD","titular":"Wenke y Cia. Ltda.","region":"Valparaíso","comuna":"Putaendo"}},{"type":"Feature","geometry":{"type":"Point","coordinates":[-70.05127,-20.22863]},"properties":{"nombre":"El Toro 2","tecnologia":"Hidroeléctrico menor a 20 MW","estado":"En Operación","potencia_mw":1.11,"medio":"PMGD","titular":"Enernuevas S.A.","region":"Tarapacá","comuna":"Alto Hospicio"}},{"type":"Feature","geometry":{"type":"Point","coordinates":[-72.62147,-47.22849]},"properties":{"nombre":"El Traro","tecnologia":"Hidroeléctrico menor a 20 MW","estado":"En Operación","potencia_mw":0.64,"medio":"-","titular":"Edelaysen","region":"Aysén","comuna":"Cochrane"}},{"type":"Feature","geometry":{"type":"Point","coordinates":[-72.54079,-41.272]},"properties":{"nombre":"Ensenada","tecnologia":"Hidroeléctrico menor a 20 MW","estado":"En Operación","potencia_mw":1.2,"medio":"PMGD","titular":"Hidroeléctrica Ensenada S.A.","region":"Los Lagos","comuna":"Puerto Varas"}},{"type":"Feature","geometry":{"type":"Point","coordinates":[-70.51069,-33.60807]},"properties":{"nombre":"Eyzaguirre","tecnologia":"Hidroeléctrico menor a 20 MW","estado":"En Operación","potencia_mw":1.871,"medio":"PMGD","titular":"Asoc. De Canal. Sociedad Del Canal De Maipo","region":"Metropolitana","comuna":"Puente Alto"}},{"type":"Feature","geometry":{"type":"Point","coordinates":[-70.54655,-33.54665]},"properties":{"nombre":"Florida","tecnologia":"Hidroeléctrico menor a 20 MW","estado":"En Operación","potencia_mw":5.987,"medio":"PMG","titular":"Asoc. De Canal. Sociedad Del Canal De Maipo","region":"Metropolitana","comuna":"La Florida"}},{"type":"Feature","geometry":{"type":"Point","coordinates":[-70.54535,-33.54758]},"properties":{"nombre":"Florida II","tecnologia":"Hidroeléctrico menor a 20 MW","estado":"En Operación","potencia_mw":19.125,"medio":"-","titular":"Asoc. De Canal. Sociedad Del Canal De Maipo","region":"Metropolitana","comuna":"La Florida"}},{"type":"Feature","geometry":{"type":"Point","coordinates":[-70.54295,-33.54793]},"properties":{"nombre":"Florida III","tecnologia":"Hidroeléctrico menor a 20 MW","estado":"En Operación","potencia_mw":2.494,"medio":"PMG","titular":"Asoc. De Canal. Sociedad Del Canal De Maipo","region":"Metropolitana","comuna":"La Florida"}},{"type":"Feature","geometry":{"type":"Point","coordinates":[-70.35972,-33.60284]},"properties":{"nombre":"Guayacán","tecnologia":"Hidroeléctrico menor a 20 MW","estado":"En Operación","potencia_mw":11.843,"medio":"-","titular":"Energía Coyanco S.A.","region":"Metropolitana","comuna":"San José de Maipo"}},{"type":"Feature","geometry":{"type":"Point","coordinates":[-72.40353,-40.91779]},"properties":{"nombre":"Hidrobonito MC1","tecnologia":"Hidroeléctrico menor a 20 MW","estado":"En Operación","potencia_mw":8.955,"medio":"PMG","titular":"Hidroenesur SpA","region":"Los Lagos","comuna":"Puerto Octay"}},{"type":"Feature","geometry":{"type":"Point","coordinates":[-72.40353,-40.91779]},"properties":{"nombre":"Hidrobonito MC2","tecnologia":"Hidroeléctrico menor a 20 MW","estado":"En Operación","potencia_mw":3.15,"medio":"PMG","titular":"Hidroenesur SpA","region":"Los Lagos","comuna":"Puerto Octay"}},{"type":"Feature","geometry":{"type":"Point","coordinates":[-72.48905,-41.94625]},"properties":{"nombre":"Hornopirén","tecnologia":"Hidroeléctrico menor a 20 MW","estado":"En Operación","potencia_mw":0.26,"medio":"PMGD","titular":"Pequeño Medio de Generación Distribuida Hornopirén Ltda.","region":"Los Lagos","comuna":"Hualaihué"}},{"type":"Feature","geometry":{"type":"Point","coordinates":[-72.18089,-37.04975]},"properties":{"nombre":"Itata","tecnologia":"Hidroeléctrico menor a 20 MW","estado":"En Operación","potencia_mw":19.43,"medio":"-","titular":"Eléctrica Puntilla S.A.","region":"Ñuble","comuna":"Yungay"}},{"type":"Feature","geometry":{"type":"Point","coordinates":[-70.26965,-32.90112]},"properties":{"nombre":"Juncalito","tecnologia":"Hidroeléctrico menor a 20 MW","estado":"En Operación","potencia_mw":1.52,"medio":"PMG","titular":"Colbún S.A.","region":"Valparaíso","comuna":"Los Andes"}},{"type":"Feature","geometry":{"type":"Point","coordinates":[-72.64552,-41.68124]},"properties":{"nombre":"La Arena","tecnologia":"Hidroeléctrico menor a 20 MW","estado":"En Operación","potencia_mw":6.783,"medio":"PMGD","titular":"Empresa Eléctrica La Arena SpA","region":"Los Lagos","comuna":"Puerto Montt"}},{"type":"Feature","geometry":{"type":"Point","coordinates":[-72.13019,-37.69148]},"properties":{"nombre":"La Bifurcada","tecnologia":"Hidroeléctrico menor a 20 MW","estado":"En Operación","potencia_mw":0.226,"medio":"PMGD","titular":"Hidro Munilque SpA","region":"Biobío","comuna":"Mulchén"}},{"type":"Feature","geometry":{"type":"Point","coordinates":[-70.6473,-34.14904]},"properties":{"nombre":"La Compañía II","tecnologia":"Hidroeléctrico menor a 20 MW","estado":"En Operación","potencia_mw":2.555,"medio":"PMGD","titular":"Empresa Eléctrica La Compañía SpA","region":"O'Higgins","comuna":"Codegua"}},{"type":"Feature","geometry":{"type":"Point","coordinates":[-70.81643,-34.93589]},"properties":{"nombre":"La Montaña","tecnologia":"Hidroeléctrico menor a 20 MW","estado":"En Operación","potencia_mw":2.975,"medio":"PMGD","titular":"Hidroélctrica Puma S.A.","region":"Maule","comuna":"Teno"}},{"type":"Feature","geometry":{"type":"Point","coordinates":[-70.8483,-34.9351]},"properties":{"nombre":"La Montaña II","tecnologia":"Hidroeléctrico menor a 20 MW","estado":"En Operación","potencia_mw":1.884,"medio":"PMGD","titular":"Hidroeléctrica Río Claro S.A.","region":"Maule","comuna":"Teno"}},{"type":"Feature","geometry":{"type":"Point","coordinates":[-71.03727,-30.70039]},"properties":{"nombre":"La Paloma","tecnologia":"Hidroeléctrico menor a 20 MW","estado":"En Operación","potencia_mw":4.416,"medio":"PMGD","titular":"HidroPaloma S.A.","region":"Coquimbo","comuna":"Ovalle"}},{"type":"Feature","geometry":{"type":"Point","coordinates":[-72.20877,-37.65859]},"properties":{"nombre":"La Viña-Alto La Viña","tecnologia":"Hidroeléctrico menor a 20 MW","estado":"En Operación","potencia_mw":0.542,"medio":"PMGD","titular":"Hidro Munilque SpA","region":"Biobío","comuna":"Mulchén"}},{"type":"Feature","geometry":{"type":"Point","coordinates":[-72.28884,-45.75614]},"properties":{"nombre":"Lago Atravesado","tecnologia":"Hidroeléctrico menor a 20 MW","estado":"En Operación","potencia_mw":10.5,"medio":"-","titular":"Edelaysen","region":"Aysén","comuna":"Coyhaique"}},{"type":"Feature","geometry":{"type":"Point","coordinates":[-72.30348,-40.0847]},"properties":{"nombre":"Las Flores","tecnologia":"Hidroeléctrico menor a 20 MW","estado":"En Operación","potencia_mw":2.5,"medio":"PMGD","titular":"Hidroeléctrica Las Flores S.A.","region":"Los Ríos","comuna":"Futrono"}},{"type":"Feature","geometry":{"type":"Point","coordinates":[-71.53315,-38.89135]},"properties":{"nombre":"Las Nieves","tecnologia":"Hidroeléctrico menor a 20 MW","estado":"En Operación","potencia_mw":6.676,"medio":"-","titular":"Hidroeléctrica Las Nieves SpA","region":"Araucanía","comuna":"Melipeuco"}},{"type":"Feature","geometry":{"type":"Point","coordinates":[-70.46967,-33.59259]},"properties":{"nombre":"Las Vertientes","tecnologia":"Hidroeléctrico menor a 20 MW","estado":"En Operación","potencia_mw":1.865,"medio":"PMGD","titular":"Eléctrica Puntilla S.A.","region":"Metropolitana","comuna":"Pirque"}},{"type":"Feature","geometry":{"type":"Point","coordinates":[-72.4014,-40.61803]},"properties":{"nombre":"Licán","tecnologia":"Hidroeléctrico menor a 20 MW","estado":"En Operación","potencia_mw":17.955,"medio":"-","titular":"Licán SpA","region":"Los Ríos","comuna":"Río Bueno"}},{"type":"Feature","geometry":{"type":"Point","coordinates":[-71.26136,-35.53728]},"properties":{"nombre":"Lircay","tecnologia":"Hidroeléctrico menor a 20 MW","estado":"En Operación","potencia_mw":18.953,"medio":"-","titular":"Hidroeléctrica Río Lircay S.A.","region":"Maule","comuna":"San Clemente"}},{"type":"Feature","geometry":{"type":"Point","coordinates":[-71.52424,-37.56689]},"properties":{"nombre":"Llauquereo","tecnologia":"Hidroeléctrico menor a 20 MW","estado":"En Operación","potencia_mw":1.755,"medio":"PMG","titular":"Hidroeléctrica Lleuquereo S.A.","region":"Biobío","comuna":"Santa Bárbara"}},{"type":"Feature","geometry":{"type":"Point","coordinates":[-70.59482,-33.6354]},"properties":{"nombre":"Los Bajos","tecnologia":"Hidroeléctrico menor a 20 MW","estado":"En Operación","potencia_mw":5.473,"medio":"PMGD","titular":"Carbomet Energía S.A.","region":"Metropolitana","comuna":"Puente Alto"}},{"type":"Feature","geometry":{"type":"Point","coordinates":[-72.68738,-41.00712]},"properties":{"nombre":"Los Colonos","tecnologia":"Hidroeléctrico menor a 20 MW","estado":"En Operación","potencia_mw":0.64,"medio":"PMGD","titular":"Empresa Eléctrica Río Puma SpA.","region":"Los Lagos","comuna":"Puerto Octay"}},{"type":"Feature","geometry":{"type":"Point","coordinates":[-72.31481,-40.64721]},"properties":{"nombre":"Los Corrales","tecnologia":"Hidroeléctrico menor a 20 MW","estado":"En Operación","potencia_mw":0.8,"medio":"PMGD","titular":"Lágrimas Del Sur SpA","region":"Los Ríos","comuna":"Puyehue"}},{"type":"Feature","geometry":{"type":"Point","coordinates":[-72.31482,-40.64717]},"properties":{"nombre":"Los Corrales II","tecnologia":"Hidroeléctrico menor a 20 MW","estado":"En Operación","potencia_mw":1.025,"medio":"PMGD","titular":"Lágrimas Del Sur SpA","region":"Los Ríos","comuna":"Río Bueno"}},{"type":"Feature","geometry":{"type":"Point","coordinates":[-71.07893,-35.83984]},"properties":{"nombre":"Los Hierros II","tecnologia":"Hidroeléctrico menor a 20 MW","estado":"En Operación","potencia_mw":6.0,"medio":"PMG","titular":"Empresa Eléctrica Portezuelo SpA","region":"Maule","comuna":"Colbún"}},{"type":"Feature","geometry":{"type":"Point","coordinates":[-70.5867,-30.74423]},"properties":{"nombre":"Los Molles","tecnologia":"Hidroeléctrico menor a 20 MW","estado":"En Operación","potencia_mw":17.951,"medio":"-","titular":"Enel Generación Chile S.A.","region":"Coquimbo","comuna":"Monte Patria"}},{"type":"Feature","geometry":{"type":"Point","coordinates":[-70.65611,-33.64778]},"properties":{"nombre":"Los Morros","tecnologia":"Hidroeléctrico menor a 20 MW","estado":"En Operación","potencia_mw":3.054,"medio":"PMGD","titular":"Compañía Molinera Villarrica Ltda.","region":"Metropolitana","comuna":"San Bernardo"}},{"type":"Feature","geometry":{"type":"Point","coordinates":[-71.70627,-37.52789]},"properties":{"nombre":"Los Padres","tecnologia":"Hidroeléctrico menor a 20 MW","estado":"En Operación","potencia_mw":2.181,"medio":"PMGD","titular":"Los Padres Hidro SpA","region":"Biobío","comuna":"Quilleco"}},{"type":"Feature","geometry":{"type":"Point","coordinates":[-72.23568,-40.33226]},"properties":{"nombre":"Los Portones","tecnologia":"Hidroeléctrico menor a 20 MW","estado":"En Operación","potencia_mw":2.195,"medio":"PMGD","titular":"Los Portones S.A.","region":"Los Ríos","comuna":"Lago Ranco"}},{"type":"Feature","geometry":{"type":"Point","coordinates":[-72.23519,-40.33235]},"properties":{"nombre":"Los Portones (Ampliación 2)","tecnologia":"Hidroeléctrico menor a 20 MW","estado":"En Operación","potencia_mw":0.2,"medio":"PMGD","titular":"Los Portones S.A.","region":"Los Ríos","comuna":"Lago Ranco"}},{"type":"Feature","geometry":{"type":"Point","coordinates":[-72.66399,-38.98382]},"properties":{"nombre":"Maisan","tecnologia":"Hidroeléctrico menor a 20 MW","estado":"En Operación","potencia_mw":0.59,"medio":"PMGD","titular":"Hidroeléctrica Maisán SpA","region":"Araucanía","comuna":"Pitrufquén"}},{"type":"Feature","geometry":{"type":"Point","coordinates":[-71.52076,-38.88303]},"properties":{"nombre":"Malalcahuello","tecnologia":"Hidroeléctrico menor a 20 MW","estado":"En Operación","potencia_mw":9.154,"medio":"-","titular":"Empresa Eléctrica Carén S.A.","region":"Araucanía","comuna":"Melipeuco"}},{"type":"Feature","geometry":{"type":"Point","coordinates":[-71.00442,-33.5874]},"properties":{"nombre":"Mallarauco","tecnologia":"Hidroeléctrico menor a 20 MW","estado":"En Operación","potencia_mw":3.392,"medio":"PMGD","titular":"Hidroeléctrica Mallarauco S.A.","region":"Metropolitana","comuna":"Melipilla"}},{"type":"Feature","geometry":{"type":"Point","coordinates":[-72.48752,-40.7719]},"properties":{"nombre":"María Elena","tecnologia":"Hidroeléctrico menor a 20 MW","estado":"En Operación","potencia_mw":0.285,"medio":"PMGD","titular":"Generadora Eléctrica María Elena Ltda.","region":"Los Lagos","comuna":"Puyehue"}},{"type":"Feature","geometry":{"type":"Point","coordinates":[-71.26417,-35.59609]},"properties":{"nombre":"Mariposas","tecnologia":"Hidroeléctrico menor a 20 MW","estado":"En Operación","potencia_mw":6.285,"medio":"PMG","titular":"Hidroeléctrica Río Lircay S.A.","region":"Maule","comuna":"San Clemente"}},{"type":"Feature","geometry":{"type":"Point","coordinates":[-72.35484,-40.9478]},"properties":{"nombre":"MC3","tecnologia":"Hidroeléctrico menor a 20 MW","estado":"En Operación","potencia_mw":2.271,"medio":"PMG","titular":"Hidroenersur S.A.","region":"Los Lagos","comuna":"Puerto Octay"}},{"type":"Feature","geometry":{"type":"Point","coordinates":[-70.80838,-35.78722]},"properties":{"nombre":"MCH Dosal","tecnologia":"Hidroeléctrico menor a 20 MW","estado":"En Operación","potencia_mw":0.27,"medio":"PMGD","titular":"Dosal Hnos. y Cia. Ltda.","region":"Maule","comuna":"Curicó"}},{"type":"Feature","geometry":{"type":"Point","coordinates":[-72.12059,-37.28756]},"properties":{"nombre":"Melo","tecnologia":"Hidroeléctrico menor a 20 MW","estado":"En Operación","potencia_mw":2.97,"medio":"PMGD","titular":"SOCER S.A.","region":"Biobío","comuna":"Quilleco"}},{"type":"Feature","geometry":{"type":"Point","coordinates":[-70.06847,-20.30103]},"properties":{"nombre":"Minihidro Santa Rosa","tecnologia":"Hidroeléctrico menor a 20 MW","estado":"En Operación","potencia_mw":1.25,"medio":"PMGD","titular":"Enernuevas S.A.","region":"Tarapacá","comuna":"Alto Hospicio"}},{"type":"Feature","geometry":{"type":"Point","coordinates":[-72.25167,-40.64153]},"properties":{"nombre":"Mocho","tecnologia":"Hidroeléctrico menor a 20 MW","estado":"En Operación","potencia_mw":14.77,"medio":"-","titular":"Hidromocho S.A.","region":"Los Ríos","comuna":"Río Bueno"}},{"type":"Feature","geometry":{"type":"Point","coordinates":[-72.22794,-39.29825]},"properties":{"nombre":"Molinera Villarrica","tecnologia":"Hidroeléctrico menor a 20 MW","estado":"En Operación","potencia_mw":0.597,"medio":"PMGD","titular":"CIA Molinera Villarrica Ltda","region":"Araucanía","comuna":"Villarrica"}},{"type":"Feature","geometry":{"type":"Point","coordinates":[-72.06126,-45.86999]},"properties":{"nombre":"Monreal","tecnologia":"Hidroeléctrico menor a 20 MW","estado":"En Operación","potencia_mw":3.0,"medio":"-","titular":"Edelaysen","region":"Aysén","comuna":"Coyhaique"}},{"type":"Feature","geometry":{"type":"Point","coordinates":[-72.05854,-39.17168]},"properties":{"nombre":"MSA-I","tecnologia":"Hidroeléctrico menor a 20 MW","estado":"En Operación","potencia_mw":3.0,"medio":"PMGD","titular":"Minicentrales Araucanía S.A.","region":"Araucanía","comuna":"Villarrica"}},{"type":"Feature","geometry":{"type":"Point","coordinates":[-72.22691,-40.31625]},"properties":{"nombre":"Muchi","tecnologia":"Hidroeléctrico menor a 20 MW","estado":"En Operación","potencia_mw":0.998,"medio":"PMGD","titular":"Hidromuchi S.A.","region":"Los Ríos","comuna":"Lago Ranco"}},{"type":"Feature","geometry":{"type":"Point","coordinates":[-72.42746,-37.57548]},"properties":{"nombre":"Munilque","tecnologia":"Hidroeléctrico menor a 20 MW","estado":"En Operación","potencia_mw":0.547,"medio":"PMGD","titular":"PMGD Bio Bio Negrete S.A.","region":"Biobío","comuna":"Mulchén"}},{"type":"Feature","geometry":{"type":"Point","coordinates":[-72.43117,-37.57229]},"properties":{"nombre":"Munilque II","tecnologia":"Hidroeléctrico menor a 20 MW","estado":"En Operación","potencia_mw":0.547,"medio":"PMGD","titular":"PMGD Bio Bio Negrete S.A.","region":"Biobío","comuna":"Mulchén"}},{"type":"Feature","geometry":{"type":"Point","coordinates":[-72.34006,-40.89515]},"properties":{"nombre":"Nalcas","tecnologia":"Hidroeléctrico menor a 20 MW","estado":"En Operación","potencia_mw":6.992,"medio":"PMG","titular":"Hidroenesur S.A.","region":"Los Lagos","comuna":"Puerto Octay"}},{"type":"Feature","geometry":{"type":"Point","coordinates":[-72.67914,-44.72256]},"properties":{"nombre":"Nuevo Reino","tecnologia":"Hidroeléctrico menor a 20 MW","estado":"En Operación","potencia_mw":0.3,"medio":"-","titular":"Edelaysen","region":"Aysén","comuna":"Cisnes"}},{"type":"Feature","geometry":{"type":"Point","coordinates":[-70.80756,-35.78591]},"properties":{"nombre":"Ojos de Agua","tecnologia":"Hidroeléctrico menor a 20 MW","estado":"En Operación","potencia_mw":8.985,"medio":"PMG","titular":"Enel Generación Chile S.A.","region":"Maule","comuna":"San Clemente"}},{"type":"Feature","geometry":{"type":"Point","coordinates":[-70.34138,-34.90164]},"properties":{"nombre":"Palacios","tecnologia":"Hidroeléctrico menor a 20 MW","estado":"En Operación","potencia_mw":3.017,"medio":"PMG","titular":"Hidroeléctrica Palacios SpA.","region":"O'Higgins","comuna":"San Fernando"}},{"type":"Feature","geometry":{"type":"Point","coordinates":[-72.3314,-40.79279]},"properties":{"nombre":"Palmar","tecnologia":"Hidroeléctrico menor a 20 MW","estado":"En Operación","potencia_mw":8.56,"medio":"PMG","titular":"Hidropalmar SpA","region":"Los Lagos","comuna":"Puyehue"}},{"type":"Feature","geometry":{"type":"Point","coordinates":[-72.51614,-40.55668]},"properties":{"nombre":"Pehui","tecnologia":"Hidroeléctrico menor a 20 MW","estado":"En Operación","potencia_mw":1.1,"medio":"PMGD","titular":"Generadora Eléctrica Pehui Ltda","region":"Los Ríos","comuna":"Río Bueno"}},{"type":"Feature","geometry":{"type":"Point","coordinates":[-72.29927,-40.33893]},"properties":{"nombre":"Pichilonco","tecnologia":"Hidroeléctrico menor a 20 MW","estado":"En Operación","potencia_mw":1.15,"medio":"PMGD","titular":"Hidroeléctrica Pichilonco S.A.","region":"Los Ríos","comuna":"Lago Ranco"}},{"type":"Feature","geometry":{"type":"Point","coordinates":[-70.43758,-34.75524]},"properties":{"nombre":"Piedras Negras","tecnologia":"Hidroeléctrico menor a 20 MW","estado":"En Operación","potencia_mw":2.964,"medio":"PMG","titular":"Hidroeléctrica Piedras Negras SpA","region":"O'Higgins","comuna":"San Fernando"}},{"type":"Feature","geometry":{"type":"Point","coordinates":[-72.4357,-39.73811]},"properties":{"nombre":"Piutel","tecnologia":"Hidroeléctrico menor a 20 MW","estado":"En Operación","potencia_mw":0.559,"medio":"PMGD","titular":"Piutel Generación Eléctrica Limitada","region":"Los Ríos","comuna":"Panguipulli"}},{"type":"Feature","geometry":{"type":"Point","coordinates":[-71.27288,-35.46972]},"properties":{"nombre":"Providencia","tecnologia":"Hidroeléctrico menor a 20 MW","estado":"En Operación","potencia_mw":14.129,"medio":"-","titular":"Hidroeléctrica Río Lircay S.A.","region":"Maule","comuna":"San Clemente"}},{"type":"Feature","geometry":{"type":"Point","coordinates":[-70.86382,-29.99605]},"properties":{"nombre":"Puclaro","tecnologia":"Hidroeléctrico menor a 20 MW","estado":"En Operación","potencia_mw":5.376,"medio":"PMGD","titular":"Hidroeléctrica Puclaro S.A.","region":"Coquimbo","comuna":"Vicuña"}},{"type":"Feature","geometry":{"type":"Point","coordinates":[-72.38527,-40.80998]},"properties":{"nombre":"Pulelfu","tecnologia":"Hidroeléctrico menor a 20 MW","estado":"En Operación","potencia_mw":8.955,"medio":"PMG","titular":"Empresa Electrica La Leonera S.A.","region":"Los Lagos","comuna":"Puyehue"}},{"type":"Feature","geometry":{"type":"Point","coordinates":[-70.43901,-34.75499]},"properties":{"nombre":"Punta del Viento","tecnologia":"Hidroeléctrico menor a 20 MW","estado":"En Operación","potencia_mw":2.964,"medio":"-","titular":"Hidroeléctrica Punta Del Viento SpA","region":"O'Higgins","comuna":"San Fernando"}},{"type":"Feature","geometry":{"type":"Point","coordinates":[-71.18202,-35.20207]},"properties":{"nombre":"Purísima","tecnologia":"Hidroeléctrico menor a 20 MW","estado":"En Operación","potencia_mw":0.42,"medio":"PMGD","titular":"Enerbosch S.A.","region":"Maule","comuna":"Molina"}},{"type":"Feature","geometry":{"type":"Point","coordinates":[-71.80827,-37.693]},"properties":{"nombre":"Quillaileo","tecnologia":"Hidroeléctrico menor a 20 MW","estado":"En Operación","potencia_mw":0.816,"medio":"PMGD","titular":"Central Hidroelectrica Quillaileo SpA","region":"Biobío","comuna":"Santa Bárbara"}},{"type":"Feature","geometry":{"type":"Point","coordinates":[-72.07686,-39.75848]},"properties":{"nombre":"Reca","tecnologia":"Hidroeléctrico menor a 20 MW","estado":"En Operación","potencia_mw":1.696,"medio":"PMGD","titular":"Enerbosch S.A.","region":"Los Ríos","comuna":"Panguipulli"}},{"type":"Feature","geometry":{"type":"Point","coordinates":[-72.41567,-37.81384]},"properties":{"nombre":"Renaico","tecnologia":"Hidroeléctrico menor a 20 MW","estado":"En Operación","potencia_mw":6.3,"medio":"PMG","titular":"Espinos S.A.","region":"Biobío","comuna":"Mulchén"}},{"type":"Feature","geometry":{"type":"Point","coordinates":[-72.12341,-43.4906]},"properties":{"nombre":"Río Azul","tecnologia":"Hidroeléctrico menor a 20 MW","estado":"En Operación","potencia_mw":1.4,"medio":"-","titular":"Edelaysen","region":"Los Lagos","comuna":"Palena"}},{"type":"Feature","geometry":{"type":"Point","coordinates":[-70.93883,-35.83015]},"properties":{"nombre":"Río Colorado","tecnologia":"Hidroeléctrico menor a 20 MW","estado":"En Operación","potencia_mw":16.466,"medio":"-","titular":"Hidroeléctrica Río Colorado S.A.","region":"Maule","comuna":"San Clemente"}},{"type":"Feature","geometry":{"type":"Point","coordinates":[-70.64509,-28.6762]},"properties":{"nombre":"Río Huasco","tecnologia":"Hidroeléctrico menor a 20 MW","estado":"En Operación","potencia_mw":5.1,"medio":"PMG","titular":"Hidroeléctrica Río Huasco S.A.","region":"Atacama","comuna":"Vallenar"}},{"type":"Feature","geometry":{"type":"Point","coordinates":[-72.15703,-37.85116]},"properties":{"nombre":"Río Mulchén","tecnologia":"Hidroeléctrico menor a 20 MW","estado":"En Operación","potencia_mw":2.975,"medio":"PMGD","titular":"Central Hidroeléctrica Río Mulchén S.A.","region":"Biobío","comuna":"Mulchén"}},{"type":"Feature","geometry":{"type":"Point","coordinates":[-72.75329,-37.81608]},"properties":{"nombre":"Río Picoiquén","tecnologia":"Hidroeléctrico menor a 20 MW","estado":"En Operación","potencia_mw":19.306,"medio":"-","titular":"Hidroangol S.A.","region":"Araucanía","comuna":"Angol"}},{"type":"Feature","geometry":{"type":"Point","coordinates":[-72.04724,-38.60101]},"properties":{"nombre":"Río Trueno","tecnologia":"Hidroeléctrico menor a 20 MW","estado":"En Operación","potencia_mw":5.59,"medio":"PMGD","titular":"Hidroelectrica Trueno S.A.","region":"Araucanía","comuna":"Vilcún"}},{"type":"Feature","geometry":{"type":"Point","coordinates":[-71.28059,-35.85032]},"properties":{"nombre":"Robleria","tecnologia":"Hidroeléctrico menor a 20 MW","estado":"En Operación","potencia_mw":3.991,"medio":"PMGD","titular":"Hidroeléctrica Robleria SpA","region":"Maule","comuna":"Linares"}},{"type":"Feature","geometry":{"type":"Point","coordinates":[-71.3557,-35.59821]},"properties":{"nombre":"San Clemente","tecnologia":"Hidroeléctrico menor a 20 MW","estado":"En Operación","potencia_mw":5.885,"medio":"PMG","titular":"Colbún S.A.","region":"Maule","comuna":"San Clemente"}},{"type":"Feature","geometry":{"type":"Point","coordinates":[-72.43342,-45.33123]},"properties":{"nombre":"San Víctor","tecnologia":"Hidroeléctrico menor a 20 MW","estado":"En Operación","potencia_mw":2.99,"medio":"PMG","titular":"Empresa Electrica San Victor SpA","region":"Aysén","comuna":"Aysén"}},{"type":"Feature","geometry":{"type":"Point","coordinates":[-72.05363,-39.09566]},"properties":{"nombre":"Santa Elena","tecnologia":"Hidroeléctrico menor a 20 MW","estado":"En Operación","potencia_mw":2.75,"medio":"PMGD","titular":"Central Hidroeléctrica Santa Elena S.A.","region":"Araucanía","comuna":"Cunco"}},{"type":"Feature","geometry":{"type":"Point","coordinates":[-72.29709,-37.44072]},"properties":{"nombre":"Santa Isabel","tecnologia":"Hidroeléctrico menor a 20 MW","estado":"En Operación","potencia_mw":1.45,"medio":"PMGD","titular":"Socer S.A.","region":"Biobío","comuna":"Quilleco"}},{"type":"Feature","geometry":{"type":"Point","coordinates":[-70.65524,-34.23568]},"properties":{"nombre":"Sauzalito","tecnologia":"Hidroeléctrico menor a 20 MW","estado":"En Operación","potencia_mw":11.222,"medio":"-","titular":"Enel Generación Chile S.A.","region":"O'Higgins","comuna":"Machalí"}},{"type":"Feature","geometry":{"type":"Point","coordinates":[-72.30207,-41.55119]},"properties":{"nombre":"Terra Austral","tecnologia":"Hidroeléctrico menor a 20 MW","estado":"En Operación","potencia_mw":0.78,"medio":"-","titular":"Compañía Hidroeléctrica Hidroener SpA","region":"Los Lagos","comuna":"Cochamó"}},{"type":"Feature","geometry":{"type":"Point","coordinates":[-72.04601,-39.21589]},"properties":{"nombre":"Trailelfu","tecnologia":"Hidroeléctrico menor a 20 MW","estado":"En Operación","potencia_mw":2.45,"medio":"PMGD","titular":"Hidroeléctrica Trailelfu SpA","region":"Araucanía","comuna":"Villarrica"}},{"type":"Feature","geometry":{"type":"Point","coordinates":[-71.95381,-39.85466]},"properties":{"nombre":"Tranca del Toro","tecnologia":"Hidroeléctrico menor a 20 MW","estado":"En Operación","potencia_mw":1.9,"medio":"PMGD","titular":"Forestal Neltume Carranco S.A.","region":"Los Ríos","comuna":"Panguipulli"}},{"type":"Feature","geometry":{"type":"Point","coordinates":[-71.96414,-39.74324]},"properties":{"nombre":"Tranquil","tecnologia":"Hidroeléctrico menor a 20 MW","estado":"En Operación","potencia_mw":2.967,"medio":"PMGD","titular":"Empresa Eléctrica Tranquil SpA","region":"Los Ríos","comuna":"Panguipulli"}},{"type":"Feature","geometry":{"type":"Point","coordinates":[-71.66325,-38.84454]},"properties":{"nombre":"Trufultruful","tecnologia":"Hidroeléctrico menor a 20 MW","estado":"En Operación","potencia_mw":0.819,"medio":"PMGD","titular":"ENERBOSCH","region":"Araucanía","comuna":"Melipeuco"}},{"type":"Feature","geometry":{"type":"Point","coordinates":[-70.21479,-33.82069]},"properties":{"nombre":"Volcán","tecnologia":"Hidroeléctrico menor a 20 MW","estado":"En Operación","potencia_mw":12.997,"medio":"-","titular":"AES Andes S.A.","region":"Metropolitana","comuna":"San José de Maipo"}},{"type":"Feature","geometry":{"type":"Point","coordinates":[-71.44989,-35.43377]},"properties":{"nombre":"BioCircular Los Ciruelos","tecnologia":"Bioenergía","estado":"Aprobado","potencia_mw":6.0,"medio":"-","titular":"Genera4 SpA","region":"Maule","comuna":"San Clemente"}},{"type":"Feature","geometry":{"type":"Point","coordinates":[-73.23017,-39.8039]},"properties":{"nombre":"Bioenergia de Los Ríos","tecnologia":"Bioenergía","estado":"Aprobado","potencia_mw":10.0,"medio":"-","titular":"Bioenergia de Los Rios S.A.","region":"Los Ríos","comuna":"Valdivia"}},{"type":"Feature","geometry":{"type":"Point","coordinates":[-72.6746,-36.50563]},"properties":{"nombre":"Bioenergía Ñuble","tecnologia":"Bioenergía","estado":"Aprobado","potencia_mw":17.6,"medio":"-","titular":"Planta Bio-E Ñuble I SpA","region":"Ñuble","comuna":"Coelemu"}},{"type":"Feature","geometry":{"type":"Point","coordinates":[-73.13789,-36.87521]},"properties":{"nombre":"Biomasa CBB Forestal","tecnologia":"Bioenergía","estado":"Aprobado","potencia_mw":6.0,"medio":"-","titular":"CBB Forestal S.A.","region":"Biobío","comuna":"San Pedro de la Paz"}},{"type":"Feature","geometry":{"type":"Point","coordinates":[-72.25797,-37.68145]},"properties":{"nombre":"Biomasa Mulchén","tecnologia":"Bioenergía","estado":"Aprobado","potencia_mw":20.0,"medio":"-","titular":"Energia Pura S.A.","region":"Biobío","comuna":"Mulchén"}},{"type":"Feature","geometry":{"type":"Point","coordinates":[-72.41826,-35.32457]},"properties":{"nombre":"Celco (Ampliación)","tecnologia":"Bioenergía","estado":"Aprobado","potencia_mw":21.0,"medio":"-","titular":"Celulosa Arauco y  Constitución S.A.","region":"Maule","comuna":"Constitución"}},{"type":"Feature","geometry":{"type":"Point","coordinates":[-73.15641,-36.93456]},"properties":{"nombre":"Cogeneración de Energía","tecnologia":"Bioenergía","estado":"Aprobado","potencia_mw":10.0,"medio":"-","titular":"Forestal y Papelera Concepcion S.A.","region":"Biobío","comuna":"Coronel"}},{"type":"Feature","geometry":{"type":"Point","coordinates":[-72.96502,-36.76457]},"properties":{"nombre":"Los Pinos Biogás (Ampliación)","tecnologia":"Bioenergía","estado":"Aprobado","potencia_mw":6.0,"medio":"-","titular":"Bio Energía Los Pinos SpA","region":"Biobío","comuna":"Penco"}},{"type":"Feature","geometry":{"type":"Point","coordinates":[-71.31222,-35.09074]},"properties":{"nombre":"Molina (Modificación)","tecnologia":"Bioenergía","estado":"Aprobado","potencia_mw":1.1,"medio":"-","titular":"Bio Energía Molina SpA","region":"Maule","comuna":"Molina"}},{"type":"Feature","geometry":{"type":"Point","coordinates":[-73.0949,-36.83608]},"properties":{"nombre":"Papeles Norske Skog","tecnologia":"Bioenergía","estado":"Aprobado","potencia_mw":27.0,"medio":"-","titular":"Papeles Norske Skog Bio Bio Ltda.","region":"Biobío","comuna":"San Pedro de la Paz"}},{"type":"Feature","geometry":{"type":"Point","coordinates":[-72.9875,-37.12971]},"properties":{"nombre":"Santa Juana","tecnologia":"Bioenergía","estado":"Aprobado","potencia_mw":2.9,"medio":"-","titular":"Compañía Eléctrica Santa Juana Ltda.","region":"Biobío","comuna":"Santa Juana"}},{"type":"Feature","geometry":{"type":"Point","coordinates":[-72.37827,-38.22607]},"properties":{"nombre":"Victoria 20 MW","tecnologia":"Bioenergía","estado":"Aprobado","potencia_mw":20.0,"medio":"-","titular":"Energías Victoria SpA","region":"Araucanía","comuna":"Victoria"}},{"type":"Feature","geometry":{"type":"Point","coordinates":[-72.97861,-40.71056]},"properties":{"nombre":"BioCircular Los Laureles","tecnologia":"Bioenergía","estado":"En Construcción","potencia_mw":3.0,"medio":"-","titular":"Biocircular Los Laureles SpA.","region":"Los Lagos","comuna":"Osorno"}},{"type":"Feature","geometry":{"type":"Point","coordinates":[-71.81612,-36.22379]},"properties":{"nombre":"La Gloria-21","tecnologia":"Bioenergía","estado":"En Pruebas","potencia_mw":3.1,"medio":"PMGD","titular":"La Gloria S.A.","region":"Maule","comuna":"Parral"}},{"type":"Feature","geometry":{"type":"Point","coordinates":[-72.30061,-37.59027]},"properties":{"nombre":"Ancalí","tecnologia":"Bioenergía","estado":"En Operación","potencia_mw":1.56,"medio":"PMGD","titular":"Agrícola Ancalí Ltda.","region":"Biobío","comuna":"Los Ángeles"}},{"type":"Feature","geometry":{"type":"Point","coordinates":[-73.22766,-37.20893]},"properties":{"nombre":"Arauco","tecnologia":"Bioenergía","estado":"En Operación","potencia_mw":57.0,"medio":"-","titular":"Celulosa Arauco y Constitución S.A.","region":"Biobío","comuna":"Arauco"}},{"type":"Feature","geometry":{"type":"Point","coordinates":[-72.41688,-35.3237]},"properties":{"nombre":"Celco","tecnologia":"Bioenergía","estado":"En Operación","potencia_mw":8.0,"medio":"PMG","titular":"Celulosa Arauco y Constitución S.A.","region":"Maule","comuna":"Constitución"}},{"type":"Feature","geometry":{"type":"Point","coordinates":[-72.06742,-37.16488]},"properties":{"nombre":"Cholguán","tecnologia":"Bioenergía","estado":"En Operación","potencia_mw":13.0,"medio":"-","titular":"Maderas Arauco S.A.","region":"Ñuble","comuna":"Yungay"}},{"type":"Feature","geometry":{"type":"Point","coordinates":[-72.71129,-37.29044]},"properties":{"nombre":"CMPC Laja","tecnologia":"Bioenergía","estado":"En Operación","potencia_mw":40.447,"medio":"-","titular":"CMPC Pulp SpA","region":"Biobío","comuna":"Laja"}},{"type":"Feature","geometry":{"type":"Point","coordinates":[-72.48256,-37.79153]},"properties":{"nombre":"CMPC Pacífico","tecnologia":"Bioenergía","estado":"En Operación","potencia_mw":33.0,"medio":"-","titular":"CMPC Pulp SpA","region":"Araucanía","comuna":"Collipulli"}},{"type":"Feature","geometry":{"type":"Point","coordinates":[-72.65652,-37.51509]},"properties":{"nombre":"CMPC Santa Fe","tecnologia":"Bioenergía","estado":"En Operación","potencia_mw":5.0,"medio":"PMG","titular":"CMPC Pulp SpA","region":"Biobío","comuna":"Nacimiento"}},{"type":"Feature","geometry":{"type":"Point","coordinates":[-72.73692,-36.51084]},"properties":{"nombre":"Coelemu","tecnologia":"Bioenergía","estado":"En Operación","potencia_mw":5.89,"medio":"PMGD","titular":"Energía León S.A.","region":"Ñuble","comuna":"Coelemu"}},{"type":"Feature","geometry":{"type":"Point","coordinates":[-70.71614,-32.71077]},"properties":{"nombre":"Doña Javiera","tecnologia":"Bioenergía","estado":"En Operación","potencia_mw":1.9,"medio":"PMGD","titular":"Doña Javiera Valledor SpA","region":"Valparaíso","comuna":"San Felipe"}},{"type":"Feature","geometry":{"type":"Point","coordinates":[-71.14998,-33.57719]},"properties":{"nombre":"El Campesino","tecnologia":"Bioenergía","estado":"En Operación","potencia_mw":0.995,"medio":"PMGD","titular":"AASA Energía S.A.","region":"Metropolitana","comuna":"Melipilla"}},{"type":"Feature","geometry":{"type":"Point","coordinates":[-71.63582,-33.08824]},"properties":{"nombre":"El Molle","tecnologia":"Bioenergía","estado":"En Operación","potencia_mw":4.146,"medio":"PMGD","titular":"Stericycle Urbano SpA","region":"Valparaíso","comuna":"Valparaíso"}},{"type":"Feature","geometry":{"type":"Point","coordinates":[-70.69757,-33.98168]},"properties":{"nombre":"Energía Pacífico","tecnologia":"Bioenergía","estado":"En Operación","potencia_mw":14.305,"medio":"-","titular":"Energía Pacífico S.A.","region":"O'Higgins","comuna":"Mostazal"}},{"type":"Feature","geometry":{"type":"Point","coordinates":[-73.15742,-36.93524]},"properties":{"nombre":"Escuadrón","tecnologia":"Bioenergía","estado":"En Operación","potencia_mw":12.454,"medio":"-","titular":"Eléctrica Nueva Energía S.A.","region":"Biobío","comuna":"Coronel"}},{"type":"Feature","geometry":{"type":"Point","coordinates":[-72.36016,-37.39353]},"properties":{"nombre":"HBS","tecnologia":"Bioenergía","estado":"En Operación","potencia_mw":1.1,"medio":"PMGD","titular":"HBS Energía S.A.","region":"Biobío","comuna":"Los Ángeles"}},{"type":"Feature","geometry":{"type":"Point","coordinates":[-72.40867,-37.16906]},"properties":{"nombre":"Laja","tecnologia":"Bioenergía","estado":"En Operación","potencia_mw":11.466,"medio":"-","titular":"CMPC Maderas SpA","region":"Biobío","comuna":"Cabrero"}},{"type":"Feature","geometry":{"type":"Point","coordinates":[-72.46972,-38.53936]},"properties":{"nombre":"Lautaro","tecnologia":"Bioenergía","estado":"En Operación","potencia_mw":43.965,"medio":"-","titular":"Comasa SpA","region":"Araucanía","comuna":"Lautaro"}},{"type":"Feature","geometry":{"type":"Point","coordinates":[-70.66908,-33.62854]},"properties":{"nombre":"Lepanto","tecnologia":"Bioenergía","estado":"En Operación","potencia_mw":2.0,"medio":"PMGD","titular":"Enerkey SpA","region":"Metropolitana","comuna":"San Bernardo"}},{"type":"Feature","geometry":{"type":"Point","coordinates":[-72.02081,-34.98726]},"properties":{"nombre":"Licantén","tecnologia":"Bioenergía","estado":"En Operación","potencia_mw":6.0,"medio":"PMG","titular":"Celulosa Arauco y  Constitución S.A.","region":"Maule","comuna":"Licantén"}},{"type":"Feature","geometry":{"type":"Point","coordinates":[-70.8046,-32.95671]},"properties":{"nombre":"Loma Los Colorados II","tecnologia":"Bioenergía","estado":"En Operación","potencia_mw":19.84,"medio":"-","titular":"KDM Energía S.A.","region":"Metropolitana","comuna":"Tiltil"}},{"type":"Feature","geometry":{"type":"Point","coordinates":[-73.15551,-36.93657]},"properties":{"nombre":"Lomas Coloradas","tecnologia":"Bioenergía","estado":"En Operación","potencia_mw":3.0,"medio":"PMGD","titular":"Electrica Nueva Energia S.A.","region":"Biobío","comuna":"Coronel"}},{"type":"Feature","geometry":{"type":"Point","coordinates":[-72.96472,-36.76446]},"properties":{"nombre":"Los Pinos","tecnologia":"Bioenergía","estado":"En Operación","potencia_mw":3.0,"medio":"PMGD","titular":"Bio Energía Los Pinos SpA","region":"Biobío","comuna":"Penco"}},{"type":"Feature","geometry":{"type":"Point","coordinates":[-72.39964,-37.04489]},"properties":{"nombre":"Masisa","tecnologia":"Bioenergía","estado":"En Operación","potencia_mw":11.0,"medio":"-","titular":"Neomas SpA","region":"Biobío","comuna":"Cabrero"}},{"type":"Feature","geometry":{"type":"Point","coordinates":[-71.31357,-35.09137]},"properties":{"nombre":"Molina","tecnologia":"Bioenergía","estado":"En Operación","potencia_mw":0.7,"medio":"PMGD","titular":"Bio Energía Molina SpA","region":"Maule","comuna":"Molina"}},{"type":"Feature","geometry":{"type":"Point","coordinates":[-73.21853,-37.20159]},"properties":{"nombre":"MAPA","tecnologia":"Bioenergía","estado":"En Operación","potencia_mw":145.43,"medio":"-","titular":"Celulosa Arauco y Constitución S.A.","region":"Biobío","comuna":"Arauco"}},{"type":"Feature","geometry":{"type":"Point","coordinates":[-72.48106,-36.6615]},"properties":{"nombre":"Nueva Aldea","tecnologia":"Bioenergía","estado":"En Operación","potencia_mw":51.0,"medio":"-","titular":"Celulosa Arauco y  Constitución S.A.","region":"Ñuble","comuna":"Ranquil"}},{"type":"Feature","geometry":{"type":"Point","coordinates":[-72.65188,-37.51442]},"properties":{"nombre":"Santa Fe","tecnologia":"Bioenergía","estado":"En Operación","potencia_mw":62.633,"medio":"-","titular":"Bioenergías Forestales SpA","region":"Biobío","comuna":"Nacimiento"}},{"type":"Feature","geometry":{"type":"Point","coordinates":[-70.79785,-33.70043]},"properties":{"nombre":"Santa Marta","tecnologia":"Bioenergía","estado":"En Operación","potencia_mw":14.185,"medio":"-","titular":"Consorcio Santa Marta S.A.","region":"Metropolitana","comuna":"Talagante"}},{"type":"Feature","geometry":{"type":"Point","coordinates":[-70.92996,-34.67142]},"properties":{"nombre":"Tamm","tecnologia":"Bioenergía","estado":"En Operación","potencia_mw":0.181,"medio":"PMGD","titular":"Roberto Tamm y CIA. Ltda.","region":"O'Higgins","comuna":"Chimbarongo"}},{"type":"Feature","geometry":{"type":"Point","coordinates":[-72.85995,-36.86634]},"properties":{"nombre":"TER Copiulemu","tecnologia":"Bioenergía","estado":"En Operación","potencia_mw":0.95,"medio":"PMGD","titular":"Duero Energía Copiulemu SpA","region":"Biobío","comuna":"Florida"}},{"type":"Feature","geometry":{"type":"Point","coordinates":[-70.83626,-33.54043]},"properties":{"nombre":"Trebal Mapocho","tecnologia":"Bioenergía","estado":"En Operación","potencia_mw":9.0,"medio":"PMGD","titular":"Aguas Andinas S.A.","region":"Metropolitana","comuna":"Padre Hurtado"}},{"type":"Feature","geometry":{"type":"Point","coordinates":[-72.9007,-39.56355]},"properties":{"nombre":"Valdivia","tecnologia":"Bioenergía","estado":"En Operación","potencia_mw":61.0,"medio":"-","titular":"Celulosa Arauco y  Constitución S.A.","region":"Los Ríos","comuna":"Mariquina"}},{"type":"Feature","geometry":{"type":"Point","coordinates":[-72.41106,-35.37072]},"properties":{"nombre":"Viñales","tecnologia":"Bioenergía","estado":"En Operación","potencia_mw":22.0,"medio":"-","titular":"Maderas Arauco S.A.","region":"Maule","comuna":"Constitución"}},{"type":"Feature","geometry":{"type":"Point","coordinates":[-71.67378,-38.29285]},"properties":{"nombre":"Curacautín","tecnologia":"Geotermia","estado":"Aprobado","potencia_mw":70.0,"titular":"MRP Geotérmica Curacautín","region":"Araucanía","comuna":"Quilaco"}},{"type":"Feature","geometry":{"type":"Point","coordinates":[-68.15428,-21.85505]},"properties":{"nombre":"Cerro Pabellón","tecnologia":"Geotermia","estado":"En Operación","potencia_mw":83.58,"titular":"Geotérmica del Norte S.A.","region":"Antofagasta","comuna":"Calama-Ollagüe"}},{"type":"Feature","geometry":{"type":"Point","coordinates":[-71.59208,-31.29115]},"properties":{"nombre":"Canelillo","tecnologia":"Termoeléctrico","estado":"Aprobado","potencia_mw":200.0,"medio":"-","titular":"Generadora Canelillo SpA","region":"Coquimbo","comuna":"Canela"}},{"type":"Feature","geometry":{"type":"Point","coordinates":[-70.21484,-23.45801]},"properties":{"nombre":"Capricornio","tecnologia":"Termoeléctrico","estado":"Aprobado","potencia_mw":31.1,"medio":"-","titular":"E-CL S.A.","region":"Antofagasta","comuna":"Antofagasta"}},{"type":"Feature","geometry":{"type":"Point","coordinates":[-73.03839,-41.48816]},"properties":{"nombre":"Corcovado","tecnologia":"Termoeléctrico","estado":"Aprobado","potencia_mw":9.0,"medio":"PMGD","titular":"Generadora Corcovado SpA","region":"Los Lagos","comuna":"Puerto Montt"}},{"type":"Feature","geometry":{"type":"Point","coordinates":[-71.81945,-38.45282]},"properties":{"nombre":"Curacautín (Ampliación)","tecnologia":"Termoeléctrico","estado":"Aprobado","potencia_mw":5.8,"medio":"-","titular":"PSEG Generación y Energía Chile Ltda.","region":"Araucanía","comuna":"Curacautín"}},{"type":"Feature","geometry":{"type":"Point","coordinates":[-73.32084,-37.4914]},"properties":{"nombre":"Curanilahue (Ampliación)","tecnologia":"Termoeléctrico","estado":"Aprobado","potencia_mw":1.9,"medio":"-","titular":"Sagesa S.A.","region":"Biobío","comuna":"Curanilahue"}},{"type":"Feature","geometry":{"type":"Point","coordinates":[-72.27815,-36.86833]},"properties":{"nombre":"El Campesino","tecnologia":"Termoeléctrico","estado":"Aprobado","potencia_mw":640.0,"medio":"-","titular":"Central El Campesino S.A.","region":"Ñuble","comuna":"Bulnes"}},{"type":"Feature","geometry":{"type":"Point","coordinates":[-71.22976,-30.14022]},"properties":{"nombre":"El Peñon Gas","tecnologia":"Termoeléctrico","estado":"Aprobado","potencia_mw":21.0,"medio":"-","titular":"Innovación Energía S.A.","region":"Coquimbo","comuna":"Coquimbo"}},{"type":"Feature","geometry":{"type":"Point","coordinates":[-70.03821,-26.40113]},"properties":{"nombre":"Gas Diego de Almagro","tecnologia":"Termoeléctrico","estado":"Aprobado","potencia_mw":40.0,"medio":"-","titular":"Innovación Energía S.A.","region":"Atacama","comuna":"Diego de Almagro"}},{"type":"Feature","geometry":{"type":"Point","coordinates":[-70.96305,-28.52334]},"properties":{"nombre":"Generadores Vallenar","tecnologia":"Termoeléctrico","estado":"Aprobado","potencia_mw":9.0,"medio":"PMGD","titular":"Agrocomercial AS Limitada","region":"Atacama","comuna":"Freirina"}},{"type":"Feature","geometry":{"type":"Point","coordinates":[-70.02164,-26.41615]},"properties":{"nombre":"Gerdau AZA","tecnologia":"Termoeléctrico","estado":"Aprobado","potencia_mw":69.0,"medio":"-","titular":"Gerdau AZA Generacion S.A.","region":"Atacama","comuna":"Diego de Almagro"}},{"type":"Feature","geometry":{"type":"Point","coordinates":[-72.35352,-37.28567]},"properties":{"nombre":"GNL Ampliación","tecnologia":"Termoeléctrico","estado":"Aprobado","potencia_mw":4.05,"medio":"-","titular":"HBS Gas Natural Licuado S.A.","region":"Biobío","comuna":"Los Ángeles"}},{"type":"Feature","geometry":{"type":"Point","coordinates":[-70.40217,-23.14791]},"properties":{"nombre":"Illapa","tecnologia":"Termoeléctrico","estado":"Aprobado","potencia_mw":250.0,"medio":"-","titular":"Central Illapa S.A.","region":"Antofagasta","comuna":"Mejillones"}},{"type":"Feature","geometry":{"type":"Point","coordinates":[-71.67716,-33.10316]},"properties":{"nombre":"Laguna Verde CC","tecnologia":"Termoeléctrico","estado":"Aprobado","potencia_mw":394.0,"medio":"-","titular":"Aes Gener S.A.","region":"Valparaíso","comuna":"Valparaíso"}},{"type":"Feature","geometry":{"type":"Point","coordinates":[-72.19728,-36.95955]},"properties":{"nombre":"Las Arcillas","tecnologia":"Termoeléctrico","estado":"Aprobado","potencia_mw":480.0,"medio":"-","titular":"Engie","region":"Ñuble","comuna":"Pemuco"}},{"type":"Feature","geometry":{"type":"Point","coordinates":[-73.66938,-37.61538]},"properties":{"nombre":"Lebu (Ampliación)","tecnologia":"Termoeléctrico","estado":"Aprobado","potencia_mw":1.4,"medio":"-","titular":"Sagesa S.A.","region":"Biobío","comuna":"Lebu"}},{"type":"Feature","geometry":{"type":"Point","coordinates":[-72.79853,-39.92818]},"properties":{"nombre":"Lipingue","tecnologia":"Termoeléctrico","estado":"Aprobado","potencia_mw":8.0,"medio":"PMGD","titular":"Electrica Lambda Limitada","region":"Los Ríos","comuna":"Los Lagos"}},{"type":"Feature","geometry":{"type":"Point","coordinates":[-71.33033,-32.98995]},"properties":{"nombre":"Los Rulos","tecnologia":"Termoeléctrico","estado":"Aprobado","potencia_mw":540.0,"medio":"-","titular":"Cerro el Plomo S.A.","region":"Valparaíso","comuna":"Limache"}},{"type":"Feature","geometry":{"type":"Point","coordinates":[-70.37404,-23.08285]},"properties":{"nombre":"Luz Minera","tecnologia":"Termoeléctrico","estado":"Aprobado","potencia_mw":760.0,"medio":"-","titular":"Central eléctrica Luz Minera SpA","region":"Antofagasta","comuna":"Mejillones"}},{"type":"Feature","geometry":{"type":"Point","coordinates":[-70.18559,-20.7784]},"properties":{"nombre":"Pacífico","tecnologia":"Termoeléctrico","estado":"Aprobado","potencia_mw":350.0,"medio":"-","titular":"Río Seco S.A.","region":"Tarapacá","comuna":"Iquique"}},{"type":"Feature","geometry":{"type":"Point","coordinates":[-70.25983,-18.47772]},"properties":{"nombre":"Parinacota","tecnologia":"Termoeléctrico","estado":"Aprobado","potencia_mw":38.0,"medio":"-","titular":"Termoeléctrica del Norte S.A.","region":"Arica y Parinacota","comuna":"Arica"}},{"type":"Feature","geometry":{"type":"Point","coordinates":[-72.47859,-51.73068]},"properties":{"nombre":"Puerto Natales Turbogenerador","tecnologia":"Termoeléctrico","estado":"Aprobado","potencia_mw":3.5,"medio":"-","titular":"Edelmag","region":"Magallanes","comuna":"Natales"}},{"type":"Feature","geometry":{"type":"Point","coordinates":[-71.5387,-35.6107]},"properties":{"nombre":"San Ignacio","tecnologia":"Termoeléctrico","estado":"Aprobado","potencia_mw":18.0,"medio":"-","titular":"Colbún S.A.","region":"Maule","comuna":"Yerbas Buenas"}},{"type":"Feature","geometry":{"type":"Point","coordinates":[-70.89099,-29.86842]},"properties":{"nombre":"Talcuna","tecnologia":"Termoeléctrico","estado":"Aprobado","potencia_mw":6.0,"medio":"-","titular":"Marquesa GLP SpA","region":"Coquimbo","comuna":"Vicuña"}},{"type":"Feature","geometry":{"type":"Point","coordinates":[-71.00958,-32.84179]},"properties":{"nombre":"Tapihue II","tecnologia":"Termoeléctrico","estado":"Aprobado","potencia_mw":6.4,"medio":"PMGD","titular":"Tecnored S.A.","region":"Valparaíso","comuna":"Llaillay"}},{"type":"Feature","geometry":{"type":"Point","coordinates":[-70.42234,-23.0937]},"properties":{"nombre":"Ttanti","tecnologia":"Termoeléctrico","estado":"Aprobado","potencia_mw":1290.0,"medio":"-","titular":"Gasatacama Chile S.A.","region":"Antofagasta","comuna":"Mejillones"}},{"type":"Feature","geometry":{"type":"Point","coordinates":[-70.71594,-33.32775]},"properties":{"nombre":"Aggreko RM Quilicura 14.2","tecnologia":"Termoeléctrico","estado":"En Construcción","potencia_mw":3.0,"medio":"PMGD","titular":"Aggreko Chile Limitada","region":"Metropolitana","comuna":"Quilicura"}},{"type":"Feature","geometry":{"type":"Point","coordinates":[-71.61391,-31.10952]},"properties":{"nombre":"Cala Morritos","tecnologia":"Termoeléctrico","estado":"En Construcción","potencia_mw":200.0,"medio":"-","titular":"Cala Morritos Power SpA","region":"Coquimbo","comuna":"Ovalle"}},{"type":"Feature","geometry":{"type":"Point","coordinates":[-67.56865,-54.93104]},"properties":{"nombre":"Central Navarino","tecnologia":"Termoeléctrico","estado":"En Construcción","potencia_mw":1.0,"medio":"-","titular":"Innovación Energía S.A.","region":"Magallanes","comuna":"Cabo de Hornos"}},{"type":"Feature","geometry":{"type":"Point","coordinates":[-73.88162,-41.88104]},"properties":{"nombre":"Diesel Quetalmahue","tecnologia":"Termoeléctrico","estado":"En Construcción","potencia_mw":3.0,"medio":"PMGD","titular":"Bepatagonia Generación S.A.","region":"Los Lagos","comuna":"Ancud"}},{"type":"Feature","geometry":{"type":"Point","coordinates":[-71.75594,-34.3998]},"properties":{"nombre":"Doña Luzma","tecnologia":"Termoeléctrico","estado":"En Construcción","potencia_mw":40.0,"medio":"-","titular":"Energías Alcones SpA.","region":"O'Higgins","comuna":"Marchihue"}},{"type":"Feature","geometry":{"type":"Point","coordinates":[-73.24617,-39.81123]},"properties":{"nombre":"Dreams Valdivia II","tecnologia":"Termoeléctrico","estado":"En Construcción","potencia_mw":1.6,"medio":"-","titular":"Empresas Lipigas S.A.","region":"Los Ríos","comuna":"Valdivia"}},{"type":"Feature","geometry":{"type":"Point","coordinates":[-71.55951,-33.12228]},"properties":{"nombre":"Las Mercedes 01","tecnologia":"Termoeléctrico","estado":"En Construcción","potencia_mw":2.9,"medio":"PMGD","titular":"Aggreko Chile Limitada","region":"Valparaíso","comuna":"Valparaíso"}},{"type":"Feature","geometry":{"type":"Point","coordinates":[-71.23046,-33.74295]},"properties":{"nombre":"Chocalán 1","tecnologia":"Termoeléctrico","estado":"En Pruebas","potencia_mw":3.0,"medio":"PMGD","titular":"Aggreko Chile Limitada","region":"Metropolitana","comuna":"San Pedro de Melipilla"}},{"type":"Feature","geometry":{"type":"Point","coordinates":[-71.1438,-34.86755]},"properties":{"nombre":"Gas Teno (Ampliación)","tecnologia":"Termoeléctrico","estado":"En Pruebas","potencia_mw":10.0,"medio":"-","titular":"Innovación Energía S.A.","region":"Maule","comuna":"Teno"}},{"type":"Feature","geometry":{"type":"Point","coordinates":[-72.95397,-41.43223]},"properties":{"nombre":"PRP Melipulli","tecnologia":"Termoeléctrico","estado":"En Pruebas","potencia_mw":9.0,"medio":"PMGD","titular":"Llonquén Energías SpA","region":"Los Lagos","comuna":"Puerto Montt"}},{"type":"Feature","geometry":{"type":"Point","coordinates":[-71.49183,-32.92794]},"properties":{"nombre":"Aconcagua","tecnologia":"Termoeléctrico","estado":"En Operación","potencia_mw":26.29,"medio":"-","titular":"Enap Refinerias S.A. - Aconcagua","region":"Valparaíso","comuna":"Concón"}},{"type":"Feature","geometry":{"type":"Point","coordinates":[-70.70604,-33.33465]},"properties":{"nombre":"Aggreko 01","tecnologia":"Termoeléctrico","estado":"En Operación","potencia_mw":3.0,"medio":"PMGD","titular":"Aggreko Chile Ltda.","region":"Metropolitana","comuna":"Quilicura"}},{"type":"Feature","geometry":{"type":"Point","coordinates":[-70.76097,-33.38046]},"properties":{"nombre":"Agni","tecnologia":"Termoeléctrico","estado":"En Operación","potencia_mw":2.97,"medio":"PMGD","titular":"Tacora Energy SpA","region":"Metropolitana","comuna":"Pudahuel"}},{"type":"Feature","geometry":{"type":"Point","coordinates":[-69.86457,-24.13553]},"properties":{"nombre":"Aguas Blancas","tecnologia":"Termoeléctrico","estado":"En Operación","potencia_mw":1.827,"medio":"PMG","titular":"On-Group S.A.","region":"Antofagasta","comuna":"Antofagasta"}},{"type":"Feature","geometry":{"type":"Point","coordinates":[-72.91038,-41.43475]},"properties":{"nombre":"Alerce","tecnologia":"Termoeléctrico","estado":"En Operación","potencia_mw":2.99,"medio":"PMGD","titular":"Generadora La Calera SpA","region":"Los Lagos","comuna":"Puerto Montt"}},{"type":"Feature","geometry":{"type":"Point","coordinates":[-73.80606,-42.62741]},"properties":{"nombre":"Almendrado","tecnologia":"Termoeléctrico","estado":"En Operación","potencia_mw":2.955,"medio":"PMGD","titular":"Central Eléctrica Almendrado SpA","region":"Los Lagos","comuna":"Chonchi"}},{"type":"Feature","geometry":{"type":"Point","coordinates":[-72.21164,-44.74644]},"properties":{"nombre":"Amengual","tecnologia":"Termoeléctrico","estado":"En Operación","potencia_mw":0.09,"medio":"-","titular":"Edelaysen","region":"Aysén","comuna":"Lago Verde"}},{"type":"Feature","geometry":{"type":"Point","coordinates":[-70.04403,-26.40632]},"properties":{"nombre":"Andes Generación","tecnologia":"Termoeléctrico","estado":"En Operación","potencia_mw":34.096,"medio":"-","titular":"Andes Generación SpA","region":"Atacama","comuna":"Diego de Almagro"}},{"type":"Feature","geometry":{"type":"Point","coordinates":[-70.40696,-23.08764]},"properties":{"nombre":"Andina","tecnologia":"Termoeléctrico","estado":"En Operación","potencia_mw":161.15,"medio":"-","titular":"Engie Energía Chile S.A.","region":"Antofagasta","comuna":"Mejillones"}},{"type":"Feature","geometry":{"type":"Point","coordinates":[-70.36923,-23.06594]},"properties":{"nombre":"Angamos","tecnologia":"Termoeléctrico","estado":"En Operación","potencia_mw":506.183,"medio":"-","titular":"Empresa Eléctrica Angamos SpA","region":"Antofagasta","comuna":"Mejillones"}},{"type":"Feature","geometry":{"type":"Point","coordinates":[-73.18518,-39.80087]},"properties":{"nombre":"Antilhue","tecnologia":"Termoeléctrico","estado":"En Operación","potencia_mw":94.403,"medio":"-","titular":"Generadora Antilhue SpA","region":"Los Ríos","comuna":"Valdivia"}},{"type":"Feature","geometry":{"type":"Point","coordinates":[-70.303,-18.4675]},"properties":{"nombre":"Arica","tecnologia":"Termoeléctrico","estado":"En Operación","potencia_mw":10.521,"medio":"-","titular":"Engie Energía Chile S.A.","region":"Arica y Parinacota","comuna":"Arica"}},{"type":"Feature","geometry":{"type":"Point","coordinates":[-72.82931,-37.98379]},"properties":{"nombre":"Aromos","tecnologia":"Termoeléctrico","estado":"En Operación","potencia_mw":2.991,"medio":"PMGD","titular":"Alto Cautín SpA","region":"Araucanía","comuna":"Los Sauces"}},{"type":"Feature","geometry":{"type":"Point","coordinates":[-70.41722,-23.09138]},"properties":{"nombre":"Atacama","tecnologia":"Termoeléctrico","estado":"En Operación","potencia_mw":716.386,"medio":"-","titular":"Enel Generación Chile S.A.","region":"Antofagasta","comuna":"Mejillones"}},{"type":"Feature","geometry":{"type":"Point","coordinates":[-72.70946,-45.375]},"properties":{"nombre":"Aysén Térmico","tecnologia":"Termoeléctrico","estado":"En Operación","potencia_mw":2.8,"medio":"-","titular":"Edelaysen","region":"Aysén","comuna":"Aysén"}},{"type":"Feature","geometry":{"type":"Point","coordinates":[-70.61767,-33.42618]},"properties":{"nombre":"Bellet","tecnologia":"Termoeléctrico","estado":"En Operación","potencia_mw":0.5,"medio":"PMGD","titular":"Energía Morro Guayacán SpA","region":"Metropolitana","comuna":"Providencia"}},{"type":"Feature","geometry":{"type":"Point","coordinates":[-70.63349,-33.5105]},"properties":{"nombre":"Berlioz","tecnologia":"Termoeléctrico","estado":"En Operación","potencia_mw":3.0,"medio":"PMGD","titular":"AS Energía Limitada","region":"Metropolitana","comuna":"San Joaquín"}},{"type":"Feature","geometry":{"type":"Point","coordinates":[-71.22512,-32.85238]},"properties":{"nombre":"Biocruz","tecnologia":"Termoeléctrico","estado":"En Operación","potencia_mw":5.2,"medio":"PMGD","titular":"Tomaval Generación S.A.","region":"Valparaíso","comuna":"La Cruz"}},{"type":"Feature","geometry":{"type":"Point","coordinates":[-73.07614,-41.52429]},"properties":{"nombre":"Bluegate","tecnologia":"Termoeléctrico","estado":"En Operación","potencia_mw":3.0,"medio":"PMGD","titular":"Bluegate Energía SpA","region":"Los Lagos","comuna":"Puerto Montt"}},{"type":"Feature","geometry":{"type":"Point","coordinates":[-72.2598,-37.68867]},"properties":{"nombre":"Boldos","tecnologia":"Termoeléctrico","estado":"En Operación","potencia_mw":2.991,"medio":"PMGD","titular":"Alto Cautín SpA","region":"Biobío","comuna":"Mulchén"}},{"type":"Feature","geometry":{"type":"Point","coordinates":[-72.91038,-41.43475]},"properties":{"nombre":"Calafate","tecnologia":"Termoeléctrico","estado":"En Operación","potencia_mw":2.99,"medio":"PMGD","titular":"Generadora Calafate SpA","region":"Los Lagos","comuna":"Puerto Montt"}},{"type":"Feature","geometry":{"type":"Point","coordinates":[-73.07642,-41.52363]},"properties":{"nombre":"Calfuco","tecnologia":"Termoeléctrico","estado":"En Operación","potencia_mw":2.99,"medio":"PMGD","titular":"Generadora Azul SpA","region":"Los Lagos","comuna":"Puerto Montt"}},{"type":"Feature","geometry":{"type":"Point","coordinates":[-73.18878,-39.79997]},"properties":{"nombre":"Calle Calle","tecnologia":"Termoeléctrico","estado":"En Operación","potencia_mw":11.6,"medio":"PMG","titular":"Sagesa S.A.","region":"Los Ríos","comuna":"Valdivia"}},{"type":"Feature","geometry":{"type":"Point","coordinates":[-73.00427,-40.31546]},"properties":{"nombre":"Campesina (Ex Aldea)","tecnologia":"Termoeléctrico","estado":"En Operación","potencia_mw":2.99,"medio":"PMGD","titular":"Llonquén Energías SpA","region":"Los Ríos","comuna":"La Unión"}},{"type":"Feature","geometry":{"type":"Point","coordinates":[-71.4833,-32.74833]},"properties":{"nombre":"Campiche","tecnologia":"Termoeléctrico","estado":"En Operación","potencia_mw":248.59,"medio":"-","titular":"Empresa Eléctrica Campiche S.A.","region":"Valparaíso","comuna":"Puchuncaví"}},{"type":"Feature","geometry":{"type":"Point","coordinates":[-70.93294,-33.70594]},"properties":{"nombre":"Camping Diésel","tecnologia":"Termoeléctrico","estado":"En Operación","potencia_mw":3.0,"medio":"PMGD","titular":"Tacora Energy SpA","region":"Metropolitana","comuna":"Talagante"}},{"type":"Feature","geometry":{"type":"Point","coordinates":[-70.61381,-34.0339]},"properties":{"nombre":"Candelaria","tecnologia":"Termoeléctrico","estado":"En Operación","potencia_mw":237.61,"medio":"-","titular":"Colbun S.A.","region":"O'Higgins","comuna":"Codegua"}},{"type":"Feature","geometry":{"type":"Point","coordinates":[-73.38276,-37.73084]},"properties":{"nombre":"Cañete","tecnologia":"Termoeléctrico","estado":"En Operación","potencia_mw":4.0,"medio":"PMGD","titular":"Sagesa S.A.","region":"Biobío","comuna":"Cañete"}},{"type":"Feature","geometry":{"type":"Point","coordinates":[-70.38551,-27.48825]},"properties":{"nombre":"Cardones","tecnologia":"Termoeléctrico","estado":"En Operación","potencia_mw":148.677,"medio":"-","titular":"Central Cardones S.A.","region":"Atacama","comuna":"Copiapó"}},{"type":"Feature","geometry":{"type":"Point","coordinates":[-71.39227,-33.32626]},"properties":{"nombre":"Casablanca I","tecnologia":"Termoeléctrico","estado":"En Operación","potencia_mw":1.6,"medio":"PMGD","titular":"Tecnored S.A.","region":"Valparaíso","comuna":"Casablanca"}},{"type":"Feature","geometry":{"type":"Point","coordinates":[-71.39227,-33.32626]},"properties":{"nombre":"Casablanca II","tecnologia":"Termoeléctrico","estado":"En Operación","potencia_mw":0.9,"medio":"PMGD","titular":"Tecnored S.A.","region":"Valparaíso","comuna":"Casablanca"}},{"type":"Feature","geometry":{"type":"Point","coordinates":[-71.14319,-34.86665]},"properties":{"nombre":"CBB-Centro","tecnologia":"Termoeléctrico","estado":"En Operación","potencia_mw":12.08,"medio":"-","titular":"Nuevo Amanecer FZ SpA","region":"Maule","comuna":"Teno"}},{"type":"Feature","geometry":{"type":"Point","coordinates":[-70.39177,-27.48435]},"properties":{"nombre":"Cenizas","tecnologia":"Termoeléctrico","estado":"En Operación","potencia_mw":14.067,"medio":"-","titular":"Eléctrica Cenizas S.A.","region":"Atacama","comuna":"Copiapó"}},{"type":"Feature","geometry":{"type":"Point","coordinates":[-70.91996,-28.50944]},"properties":{"nombre":"Central de Respaldo Maitencillo","tecnologia":"Termoeléctrico","estado":"En Operación","potencia_mw":67.792,"medio":"-","titular":"Empresa Eléctrica Vallenar S.A.","region":"Atacama","comuna":"Freirina"}},{"type":"Feature","geometry":{"type":"Point","coordinates":[-72.74842,-45.43381]},"properties":{"nombre":"Chacabuco","tecnologia":"Termoeléctrico","estado":"En Operación","potencia_mw":9.68,"medio":"-","titular":"Edelaysen","region":"Aysén","comuna":"Aysén"}},{"type":"Feature","geometry":{"type":"Point","coordinates":[-71.47755,-31.94169]},"properties":{"nombre":"Chagual","tecnologia":"Termoeléctrico","estado":"En Operación","potencia_mw":102.189,"medio":"-","titular":"Prime Energía Quickstart SpA","region":"Coquimbo","comuna":"Los Vilos"}},{"type":"Feature","geometry":{"type":"Point","coordinates":[-73.1961,-40.78992]},"properties":{"nombre":"Chifin","tecnologia":"Termoeléctrico","estado":"En Operación","potencia_mw":2.99,"medio":"PMGD","titular":"Llonquén Energías SpA","region":"Los Lagos","comuna":"Río Negro"}},{"type":"Feature","geometry":{"type":"Point","coordinates":[-71.29012,-35.06041]},"properties":{"nombre":"Chile","tecnologia":"Termoeléctrico","estado":"En Operación","potencia_mw":1.1,"medio":"PMGD","titular":"PMGD Chile Generación Ltda.","region":"Maule","comuna":"Sagrada Familia"}},{"type":"Feature","geometry":{"type":"Point","coordinates":[-71.72462,-46.54052]},"properties":{"nombre":"Chile Chico","tecnologia":"Termoeléctrico","estado":"En Operación","potencia_mw":2.73,"medio":"-","titular":"Edelaysen","region":"Aysén","comuna":"Chile Chico"}},{"type":"Feature","geometry":{"type":"Point","coordinates":[-72.1716,-36.6289]},"properties":{"nombre":"Chillán","tecnologia":"Termoeléctrico","estado":"En Operación","potencia_mw":2.9,"medio":"PMGD","titular":"Espinos S.A.","region":"Ñuble","comuna":"Chillán Viejo"}},{"type":"Feature","geometry":{"type":"Point","coordinates":[-73.61552,-43.09139]},"properties":{"nombre":"Chiloé","tecnologia":"Termoeléctrico","estado":"En Operación","potencia_mw":9.056,"medio":"PMG","titular":"Elektra Generación S.A.","region":"Los Lagos","comuna":"Quellón"}},{"type":"Feature","geometry":{"type":"Point","coordinates":[-70.82401,-33.35415]},"properties":{"nombre":"Chorrillos","tecnologia":"Termoeléctrico","estado":"En Operación","potencia_mw":2.99,"medio":"PMGD","titular":"Generadora Chorrillos SpA","region":"Metropolitana","comuna":"Lampa"}},{"type":"Feature","geometry":{"type":"Point","coordinates":[-72.61649,-38.2624]},"properties":{"nombre":"Chufken","tecnologia":"Termoeléctrico","estado":"En Operación","potencia_mw":2.4,"medio":"PMGD","titular":"Sagesa S.A.","region":"Araucanía","comuna":"Traiguén"}},{"type":"Feature","geometry":{"type":"Point","coordinates":[-73.08842,-40.57865]},"properties":{"nombre":"Chuyaca","tecnologia":"Termoeléctrico","estado":"En Operación","potencia_mw":13.28,"medio":"-","titular":"Sagesa S.A.","region":"Los Lagos","comuna":"Osorno"}},{"type":"Feature","geometry":{"type":"Point","coordinates":[-72.67885,-44.72283]},"properties":{"nombre":"Cisnes","tecnologia":"Termoeléctrico","estado":"En Operación","potencia_mw":0.56,"medio":"-","titular":"Edelaysen","region":"Aysén","comuna":"Cisnes"}},{"type":"Feature","geometry":{"type":"Point","coordinates":[-70.55796,-33.60797]},"properties":{"nombre":"CMPC Cordillera","tecnologia":"Termoeléctrico","estado":"En Operación","potencia_mw":51.85,"medio":"-","titular":"Papeles Cordillera SpA","region":"Metropolitana","comuna":"Puente Alto"}},{"type":"Feature","geometry":{"type":"Point","coordinates":[-70.93817,-33.70758]},"properties":{"nombre":"CMPC Tissue","tecnologia":"Termoeléctrico","estado":"En Operación","potencia_mw":3.9,"medio":"PMG","titular":"CMPC Tissue S.A.","region":"Metropolitana","comuna":"Talagante"}},{"type":"Feature","geometry":{"type":"Point","coordinates":[-72.30801,-41.55176]},"properties":{"nombre":"Cochamó","tecnologia":"Termoeléctrico","estado":"En Operación","potencia_mw":2.643,"medio":"-","titular":"Sagesa S.A.","region":"Los Lagos","comuna":"Cochamó"}},{"type":"Feature","geometry":{"type":"Point","coordinates":[-70.36569,-23.06287]},"properties":{"nombre":"Cochrane","tecnologia":"Termoeléctrico","estado":"En Operación","potencia_mw":489.603,"medio":"-","titular":"AES Andes S.A.","region":"Antofagasta","comuna":"Mejillones"}},{"type":"Feature","geometry":{"type":"Point","coordinates":[-73.4263,-41.76309]},"properties":{"nombre":"Colaco Pargua","tecnologia":"Termoeléctrico","estado":"En Operación","potencia_mw":3.0,"medio":"PMGD","titular":"Bepatagonia Generación S.A.","region":"Los Lagos","comuna":"Calbuco"}},{"type":"Feature","geometry":{"type":"Point","coordinates":[-71.47402,-32.93037]},"properties":{"nombre":"Colmito","tecnologia":"Termoeléctrico","estado":"En Operación","potencia_mw":57.259,"medio":"-","titular":"Central Colmito S.A.","region":"Valparaíso","comuna":"Concón"}},{"type":"Feature","geometry":{"type":"Point","coordinates":[-71.08717,-31.14252]},"properties":{"nombre":"Combarbalá","tecnologia":"Termoeléctrico","estado":"En Operación","potencia_mw":75.97,"medio":"-","titular":"Prime Energía Quickstart SpA","region":"Coquimbo","comuna":"Combarbalá"}},{"type":"Feature","geometry":{"type":"Point","coordinates":[-71.47854,-31.93948]},"properties":{"nombre":"Conchalí","tecnologia":"Termoeléctrico","estado":"En Operación","potencia_mw":3.0,"medio":"PMGD","titular":"Quemchi Generadora de Electricidad S.A.","region":"Coquimbo","comuna":"Los Vilos"}},{"type":"Feature","geometry":{"type":"Point","coordinates":[-71.47423,-32.93312]},"properties":{"nombre":"Concón","tecnologia":"Termoeléctrico","estado":"En Operación","potencia_mw":2.489,"medio":"PMG","titular":"Tecnored S.A.","region":"Valparaíso","comuna":"Concón"}},{"type":"Feature","geometry":{"type":"Point","coordinates":[-72.40687,-35.3604]},"properties":{"nombre":"Constitución","tecnologia":"Termoeléctrico","estado":"En Operación","potencia_mw":9.012,"medio":"PMG","titular":"Elektra Generación S.A.","region":"Maule","comuna":"Constitución"}},{"type":"Feature","geometry":{"type":"Point","coordinates":[-73.22335,-38.03414]},"properties":{"nombre":"Contulmo","tecnologia":"Termoeléctrico","estado":"En Operación","potencia_mw":0.83,"medio":"PMGD","titular":"Sagesa S.A.","region":"Biobío","comuna":"Contulmo"}},{"type":"Feature","geometry":{"type":"Point","coordinates":[-73.16858,-36.96757]},"properties":{"nombre":"Coronel","tecnologia":"Termoeléctrico","estado":"En Operación","potencia_mw":44.765,"medio":"-","titular":"Sagesa S.A.","region":"Biobío","comuna":"Coronel"}},{"type":"Feature","geometry":{"type":"Point","coordinates":[-70.7842,-32.74437]},"properties":{"nombre":"Cortés","tecnologia":"Termoeléctrico","estado":"En Operación","potencia_mw":2.97,"medio":"PMGD","titular":"Mocho Energy SpA","region":"Valparaíso","comuna":"Panquehue"}},{"type":"Feature","geometry":{"type":"Point","coordinates":[-70.70504,-34.19105]},"properties":{"nombre":"Coya","tecnologia":"Termoeléctrico","estado":"En Operación","potencia_mw":3.0,"medio":"PMGD","titular":"Inmobiliaria, Inversiones y Servicios Power Chile Limitada","region":"O'Higgins","comuna":"Machalí"}},{"type":"Feature","geometry":{"type":"Point","coordinates":[-71.81945,-38.45282]},"properties":{"nombre":"Curacautín","tecnologia":"Termoeléctrico","estado":"En Operación","potencia_mw":2.4,"medio":"PMGD","titular":"Sagesa S.A.","region":"Araucanía","comuna":"Curacautín"}},{"type":"Feature","geometry":{"type":"Point","coordinates":[-71.55697,-33.12914]},"properties":{"nombre":"Curauma","tecnologia":"Termoeléctrico","estado":"En Operación","potencia_mw":2.5,"medio":"PMGD","titular":"Tecnored S.A.","region":"Valparaíso","comuna":"Valparaíso"}},{"type":"Feature","geometry":{"type":"Point","coordinates":[-72.60797,-38.75923]},"properties":{"nombre":"Dagoberto","tecnologia":"Termoeléctrico","estado":"En Operación","potencia_mw":2.88,"medio":"PMGD","titular":"Respaldo y Potencia SpA","region":"Araucanía","comuna":"Temuco"}},{"type":"Feature","geometry":{"type":"Point","coordinates":[-73.71394,-42.14512]},"properties":{"nombre":"Degañ","tecnologia":"Termoeléctrico","estado":"En Operación","potencia_mw":31.995,"medio":"-","titular":"Generación de Energía Nueva Degan SpA","region":"Los Lagos","comuna":"Ancud"}},{"type":"Feature","geometry":{"type":"Point","coordinates":[-73.71394,-42.14512]},"properties":{"nombre":"Degañ II","tecnologia":"Termoeléctrico","estado":"En Operación","potencia_mw":18.818,"medio":"-","titular":"Generación de Energía Nueva Degan SpA","region":"Los Lagos","comuna":"Ancud"}},{"type":"Feature","geometry":{"type":"Point","coordinates":[-72.6982,-37.82691]},"properties":{"nombre":"Deuco","tecnologia":"Termoeléctrico","estado":"En Operación","potencia_mw":2.88,"medio":"PMGD","titular":"Respaldo y Potencia SpA","region":"Araucanía","comuna":"Angol"}},{"type":"Feature","geometry":{"type":"Point","coordinates":[-70.03939,-26.39885]},"properties":{"nombre":"Diego de Almagro","tecnologia":"Termoeléctrico","estado":"En Operación","potencia_mw":23.669,"medio":"-","titular":"Electrica Moka SpA","region":"Atacama","comuna":"Diego de Almagro"}},{"type":"Feature","geometry":{"type":"Point","coordinates":[-73.144,-36.8742]},"properties":{"nombre":"Don Pedro","tecnologia":"Termoeléctrico","estado":"En Operación","potencia_mw":2.88,"medio":"PMGD","titular":"Respaldo y Potencia SpA","region":"Biobío","comuna":"San Pedro de la Paz"}},{"type":"Feature","geometry":{"type":"Point","coordinates":[-71.59006,-33.09307]},"properties":{"nombre":"Egido","tecnologia":"Termoeléctrico","estado":"En Operación","potencia_mw":3.0,"medio":"PMGD","titular":"Tacora Energy SpA","region":"Valparaíso","comuna":"Valparaíso"}},{"type":"Feature","geometry":{"type":"Point","coordinates":[-72.9966,-41.33137]},"properties":{"nombre":"El Canelo","tecnologia":"Termoeléctrico","estado":"En Operación","potencia_mw":3.0,"medio":"PMGD","titular":"Central Eléctrica El Canelo SpA","region":"Los Lagos","comuna":"Puerto Varas"}},{"type":"Feature","geometry":{"type":"Point","coordinates":[-72.9966,-41.33137]},"properties":{"nombre":"El Canelo II","tecnologia":"Termoeléctrico","estado":"En Operación","potencia_mw":3.0,"medio":"PMGD","titular":"Central Eléctrica El Canelo SpA","region":"Los Lagos","comuna":"Puerto Varas"}},{"type":"Feature","geometry":{"type":"Point","coordinates":[-71.05716,-34.92499]},"properties":{"nombre":"El Cerezo","tecnologia":"Termoeléctrico","estado":"En Operación","potencia_mw":3.0,"medio":"PMGD","titular":"BEPatagonia Generación SpA","region":"Maule","comuna":"Teno"}},{"type":"Feature","geometry":{"type":"Point","coordinates":[-71.47939,-31.9398]},"properties":{"nombre":"El Faro","tecnologia":"Termoeléctrico","estado":"En Operación","potencia_mw":3.0,"medio":"PMGD","titular":"Fontus Scl III Spa","region":"Coquimbo","comuna":"Los Vilos"}},{"type":"Feature","geometry":{"type":"Point","coordinates":[-73.26609,-41.60475]},"properties":{"nombre":"El Jardín","tecnologia":"Termoeléctrico","estado":"En Operación","potencia_mw":3.0,"medio":"PMGD","titular":"Generadora La Calera S.A.","region":"Los Lagos","comuna":"Maullín"}},{"type":"Feature","geometry":{"type":"Point","coordinates":[-70.71214,-33.65995]},"properties":{"nombre":"El Nogal","tecnologia":"Termoeléctrico","estado":"En Operación","potencia_mw":3.0,"medio":"PMGD","titular":"Generadora Estancilla SpA","region":"Metropolitana","comuna":"San Bernardo"}},{"type":"Feature","geometry":{"type":"Point","coordinates":[-71.22991,-30.14222]},"properties":{"nombre":"El Peñón","tecnologia":"Termoeléctrico","estado":"En Operación","potencia_mw":80.838,"medio":"-","titular":"Enlasa Generación Chile S.A.","region":"Coquimbo","comuna":"Coquimbo"}},{"type":"Feature","geometry":{"type":"Point","coordinates":[-70.0377,-26.40104]},"properties":{"nombre":"El Salvador","tecnologia":"Termoeléctrico","estado":"En Operación","potencia_mw":17.702,"medio":"-","titular":"Asesorias G-51 SpA","region":"Atacama","comuna":"Diego de Almagro"}},{"type":"Feature","geometry":{"type":"Point","coordinates":[-71.63678,-33.42771]},"properties":{"nombre":"El Totoral","tecnologia":"Termoeléctrico","estado":"En Operación","potencia_mw":3.103,"medio":"PMG","titular":"Tecnored S.A.","region":"Valparaíso","comuna":"El Quisco"}},{"type":"Feature","geometry":{"type":"Point","coordinates":[-72.62147,-47.22849]},"properties":{"nombre":"El Traro","tecnologia":"Termoeléctrico","estado":"En Operación","potencia_mw":1.32,"medio":"-","titular":"Edelaysen","region":"Aysén","comuna":"Cochrane"}},{"type":"Feature","geometry":{"type":"Point","coordinates":[-70.02225,-26.38032]},"properties":{"nombre":"Emelda","tecnologia":"Termoeléctrico","estado":"En Operación","potencia_mw":71.51,"medio":"-","titular":"Empresa Eléctrica Diego de Almagro SpA","region":"Atacama","comuna":"Diego de Almagro"}},{"type":"Feature","geometry":{"type":"Point","coordinates":[-71.39751,-33.61739]},"properties":{"nombre":"Ermitaño","tecnologia":"Termoeléctrico","estado":"En Operación","potencia_mw":2.85,"medio":"PMGD","titular":"Generadora Ermitaño SpA","region":"Valparaíso","comuna":"San Antonio"}},{"type":"Feature","geometry":{"type":"Point","coordinates":[-70.67471,-34.24045]},"properties":{"nombre":"Esperanza","tecnologia":"Termoeléctrico","estado":"En Operación","potencia_mw":19.255,"medio":"-","titular":"Enorchile S.A.","region":"O'Higgins","comuna":"Requinoa"}},{"type":"Feature","geometry":{"type":"Point","coordinates":[-70.71252,-33.65977]},"properties":{"nombre":"Estancilla","tecnologia":"Termoeléctrico","estado":"En Operación","potencia_mw":3.0,"medio":"PMGD","titular":"Generadora Estancilla SpA","region":"Metropolitana","comuna":"San Bernardo"}},{"type":"Feature","geometry":{"type":"Point","coordinates":[-70.12928,-20.20655]},"properties":{"nombre":"Estandartes","tecnologia":"Termoeléctrico","estado":"En Operación","potencia_mw":6.188,"medio":"PMGD","titular":"Enorchile S.A.","region":"Tarapacá","comuna":"Iquique"}},{"type":"Feature","geometry":{"type":"Point","coordinates":[-70.7061,-33.37154]},"properties":{"nombre":"Etersol","tecnologia":"Termoeléctrico","estado":"En Operación","potencia_mw":0.73,"medio":"PMGD","titular":"Energía Morro Guayacán SpA","region":"Metropolitana","comuna":"Quilicura"}},{"type":"Feature","geometry":{"type":"Point","coordinates":[-70.60361,-33.5091]},"properties":{"nombre":"Exequiel Fernández","tecnologia":"Termoeléctrico","estado":"En Operación","potencia_mw":0.5,"medio":"PMGD","titular":"Energía Morro Guayacán SpA","region":"Metropolitana","comuna":"La Florida"}},{"type":"Feature","geometry":{"type":"Point","coordinates":[-71.8663,-43.183]},"properties":{"nombre":"Futaleufú","tecnologia":"Termoeléctrico","estado":"En Operación","potencia_mw":1.164,"medio":"-","titular":"Edelaysen","region":"Aysén","comuna":"Futaleufú"}},{"type":"Feature","geometry":{"type":"Point","coordinates":[-73.16726,-40.49533]},"properties":{"nombre":"Gami","tecnologia":"Termoeléctrico","estado":"En Operación","potencia_mw":2.875,"medio":"PMGD","titular":"Generadora Eléctrica Gami Ltda.","region":"Los Lagos","comuna":"San Pablo"}},{"type":"Feature","geometry":{"type":"Point","coordinates":[-71.25652,-28.46471]},"properties":{"nombre":"Guacolda","tecnologia":"Termoeléctrico","estado":"En Operación","potencia_mw":702.659,"medio":"-","titular":"Guacolda Energía SpA","region":"Atacama","comuna":"Huasco"}},{"type":"Feature","geometry":{"type":"Point","coordinates":[-72.35352,-37.28567]},"properties":{"nombre":"HBS GNL","tecnologia":"Termoeléctrico","estado":"En Operación","potencia_mw":3.382,"medio":"PMGD","titular":"HBS Energía S.A.","region":"Biobío","comuna":"Los Ángeles"}},{"type":"Feature","geometry":{"type":"Point","coordinates":[-70.60782,-33.42]},"properties":{"nombre":"Holley","tecnologia":"Termoeléctrico","estado":"En Operación","potencia_mw":0.8,"medio":"PMGD","titular":"Energía Morro Guayacán SpA","region":"Metropolitana","comuna":"Providencia"}},{"type":"Feature","geometry":{"type":"Point","coordinates":[-73.21675,-37.21181]},"properties":{"nombre":"Horcones","tecnologia":"Termoeléctrico","estado":"En Operación","potencia_mw":24.3,"medio":"-","titular":"Arauco Bioenergía SpA","region":"Biobío","comuna":"Arauco"}},{"type":"Feature","geometry":{"type":"Point","coordinates":[-70.40759,-23.08792]},"properties":{"nombre":"Hornitos","tecnologia":"Termoeléctrico","estado":"En Operación","potencia_mw":157.61,"medio":"-","titular":"Inversiones Hornitos SpA","region":"Antofagasta","comuna":"Mejillones"}},{"type":"Feature","geometry":{"type":"Point","coordinates":[-72.48461,-41.96026]},"properties":{"nombre":"Hornopirén","tecnologia":"Termoeléctrico","estado":"En Operación","potencia_mw":3.75,"medio":"-","titular":"Sagesa S.A.","region":"Los Lagos","comuna":"Hualaihué"}},{"type":"Feature","geometry":{"type":"Point","coordinates":[-71.25364,-28.47005]},"properties":{"nombre":"Huasco","tecnologia":"Termoeléctrico","estado":"En Operación","potencia_mw":57.681,"medio":"-","titular":"Guacolda Energía SpA","region":"Atacama","comuna":"Huasco"}},{"type":"Feature","geometry":{"type":"Point","coordinates":[-73.52386,-45.16376]},"properties":{"nombre":"Huichas","tecnologia":"Termoeléctrico","estado":"En Operación","potencia_mw":0.48,"medio":"-","titular":"Edelaysen","region":"Aysén","comuna":"Aysén"}},{"type":"Feature","geometry":{"type":"Point","coordinates":[-70.40514,-23.08641]},"properties":{"nombre":"IEM","tecnologia":"Termoeléctrico","estado":"En Operación","potencia_mw":347.95,"medio":"-","titular":"Engie Energía Chile S.A.","region":"Antofagasta","comuna":"Mejillones"}},{"type":"Feature","geometry":{"type":"Point","coordinates":[-70.34018,-23.03498]},"properties":{"nombre":"Kelar","tecnologia":"Termoeléctrico","estado":"En Operación","potencia_mw":517.41,"medio":"-","titular":"Tamakaya Energía SpA","region":"Antofagasta","comuna":"Mejillones"}},{"type":"Feature","geometry":{"type":"Point","coordinates":[-72.38518,-43.97002]},"properties":{"nombre":"La Junta","tecnologia":"Termoeléctrico","estado":"En Operación","potencia_mw":0.508,"medio":"-","titular":"Edelaysen","region":"Aysén","comuna":"Cisnes"}},{"type":"Feature","geometry":{"type":"Point","coordinates":[-70.38574,-23.53582]},"properties":{"nombre":"La Portada","tecnologia":"Termoeléctrico","estado":"En Operación","potencia_mw":2.952,"medio":"PMG","titular":"Tecnet S.A.","region":"Antofagasta","comuna":"Antofagasta"}},{"type":"Feature","geometry":{"type":"Point","coordinates":[-71.84954,-44.23975]},"properties":{"nombre":"Lago Verde","tecnologia":"Termoeléctrico","estado":"En Operación","potencia_mw":0.2,"medio":"-","titular":"Edelaysen","region":"Aysén","comuna":"Lago Verde"}},{"type":"Feature","geometry":{"type":"Point","coordinates":[-73.00658,-41.45386]},"properties":{"nombre":"Lagunitas","tecnologia":"Termoeléctrico","estado":"En Operación","potencia_mw":2.5,"medio":"PMGD","titular":"Empresa Eléctrica Lagunitas SpA","region":"Los Lagos","comuna":"Puerto Montt"}},{"type":"Feature","geometry":{"type":"Point","coordinates":[-73.26554,-41.60457]},"properties":{"nombre":"Las Dalias","tecnologia":"Termoeléctrico","estado":"En Operación","potencia_mw":3.0,"medio":"PMGD","titular":"Generadora Azul SpA","region":"Los Lagos","comuna":"Maullín"}},{"type":"Feature","geometry":{"type":"Point","coordinates":[-73.0947,-40.60941]},"properties":{"nombre":"Las Quemas","tecnologia":"Termoeléctrico","estado":"En Operación","potencia_mw":9.0,"medio":"PMGD","titular":"Genersur SpA","region":"Los Lagos","comuna":"Osorno"}},{"type":"Feature","geometry":{"type":"Point","coordinates":[-71.01104,-32.84296]},"properties":{"nombre":"Las Vegas","tecnologia":"Termoeléctrico","estado":"En Operación","potencia_mw":2.209,"medio":"PMG","titular":"Tecnored S.A.","region":"Valparaíso","comuna":"Llaillay"}},{"type":"Feature","geometry":{"type":"Point","coordinates":[-73.66938,-37.61538]},"properties":{"nombre":"Lebu","tecnologia":"Termoeléctrico","estado":"En Operación","potencia_mw":3.4,"medio":"PMGD","titular":"Sagesa S.A.","region":"Biobío","comuna":"Lebu"}},{"type":"Feature","geometry":{"type":"Point","coordinates":[-71.64398,-35.82674]},"properties":{"nombre":"Linares Norte","tecnologia":"Termoeléctrico","estado":"En Operación","potencia_mw":0.464,"medio":"PMG","titular":"Tecnored S.A.","region":"Maule","comuna":"Linares"}},{"type":"Feature","geometry":{"type":"Point","coordinates":[-71.49149,-32.92841]},"properties":{"nombre":"Lipigas Concón","tecnologia":"Termoeléctrico","estado":"En Operación","potencia_mw":6.0,"medio":"PMGD","titular":"Empresas Lipigas S.A.","region":"Valparaíso","comuna":"Concón"}},{"type":"Feature","geometry":{"type":"Point","coordinates":[-72.48749,-41.72832]},"properties":{"nombre":"Llaguepe","tecnologia":"Termoeléctrico","estado":"En Operación","potencia_mw":2.225,"medio":"-","titular":"Sagesa S.A.","region":"Los Lagos","comuna":"Cochamó"}},{"type":"Feature","geometry":{"type":"Point","coordinates":[-71.21823,-30.15253]},"properties":{"nombre":"Llanos Blancos","tecnologia":"Termoeléctrico","estado":"En Operación","potencia_mw":149.865,"medio":"-","titular":"Prime Energía Quickstart SpA","region":"Coquimbo","comuna":"Coquimbo"}},{"type":"Feature","geometry":{"type":"Point","coordinates":[-71.42929,-38.55277]},"properties":{"nombre":"Lonquimay","tecnologia":"Termoeléctrico","estado":"En Operación","potencia_mw":1.2,"medio":"PMGD","titular":"Sagesa S.A.","region":"Araucanía","comuna":"Lonquimay"}},{"type":"Feature","geometry":{"type":"Point","coordinates":[-73.41798,-37.62573]},"properties":{"nombre":"Los Álamos","tecnologia":"Termoeléctrico","estado":"En Operación","potencia_mw":0.8,"medio":"PMGD","titular":"Sagesa S.A.","region":"Biobío","comuna":"Los Álamos"}},{"type":"Feature","geometry":{"type":"Point","coordinates":[-70.72227,-33.30138]},"properties":{"nombre":"Los Arrayánes","tecnologia":"Termoeléctrico","estado":"En Operación","potencia_mw":3.0,"medio":"PMGD","titular":"Inmobiliaria Agua Marina S.A.","region":"Metropolitana","comuna":"Colina"}},{"type":"Feature","geometry":{"type":"Point","coordinates":[-71.4503,-31.88301]},"properties":{"nombre":"Los Espinos","tecnologia":"Termoeléctrico","estado":"En Operación","potencia_mw":121.276,"medio":"-","titular":"Espinos S.A.","region":"Coquimbo","comuna":"Los Vilos"}},{"type":"Feature","geometry":{"type":"Point","coordinates":[-72.29124,-37.10209]},"properties":{"nombre":"Los Guindos","tecnologia":"Termoeléctrico","estado":"En Operación","potencia_mw":270.923,"medio":"-","titular":"Los Guindos Generación SpA","region":"Biobío","comuna":"Cabrero"}},{"type":"Feature","geometry":{"type":"Point","coordinates":[-72.93175,-40.59199]},"properties":{"nombre":"Los Negros","tecnologia":"Termoeléctrico","estado":"En Operación","potencia_mw":2.99,"medio":"PMGD","titular":"Llonquén Energías SpA","region":"Los Lagos","comuna":"Osorno"}},{"type":"Feature","geometry":{"type":"Point","coordinates":[-72.32474,-37.08544]},"properties":{"nombre":"Los Pinos","tecnologia":"Termoeléctrico","estado":"En Operación","potencia_mw":106.41,"medio":"-","titular":"Colbun S.A.","region":"Biobío","comuna":"Cabrero"}},{"type":"Feature","geometry":{"type":"Point","coordinates":[-72.83303,-37.9871]},"properties":{"nombre":"Los Sauces","tecnologia":"Termoeléctrico","estado":"En Operación","potencia_mw":2.985,"medio":"PMGD","titular":"Espinos S.A.","region":"Araucanía","comuna":"Los Sauces"}},{"type":"Feature","geometry":{"type":"Point","coordinates":[-71.01285,-32.84386]},"properties":{"nombre":"Los Vientos","tecnologia":"Termoeléctrico","estado":"En Operación","potencia_mw":127.762,"medio":"-","titular":"Generadora Metropolitana SpA","region":"Valparaíso","comuna":"Llaillay"}},{"type":"Feature","geometry":{"type":"Point","coordinates":[-72.4743,-39.56096]},"properties":{"nombre":"Lousiana Pacific","tecnologia":"Termoeléctrico","estado":"En Operación","potencia_mw":3.0,"medio":"PMGD","titular":"Sagesa S.A.","region":"Los Ríos","comuna":"Panguipulli"}},{"type":"Feature","geometry":{"type":"Point","coordinates":[-72.46994,-38.54177]},"properties":{"nombre":"Lousiana Pacific II","tecnologia":"Termoeléctrico","estado":"En Operación","potencia_mw":3.0,"medio":"PMGD","titular":"Sagesa S.A.","region":"Araucanía","comuna":"Lautaro"}},{"type":"Feature","geometry":{"type":"Point","coordinates":[-70.06048,-23.43899]},"properties":{"nombre":"Mantos Blancos","tecnologia":"Termoeléctrico","estado":"En Operación","potencia_mw":27.92,"medio":"-","titular":"Mantos Copper S.A.","region":"Antofagasta","comuna":"Antofagasta"}},{"type":"Feature","geometry":{"type":"Point","coordinates":[-72.14256,-45.15335]},"properties":{"nombre":"Mañihuales","tecnologia":"Termoeléctrico","estado":"En Operación","potencia_mw":1.625,"medio":"-","titular":"Edelaysen","region":"Aysén","comuna":"Aysén"}},{"type":"Feature","geometry":{"type":"Point","coordinates":[-109.43134,-27.16338]},"properties":{"nombre":"Mataveri","tecnologia":"Termoeléctrico","estado":"En Operación","potencia_mw":4.29,"medio":"-","titular":"Sasipa Spa","region":"Valparaíso","comuna":"Isla de Pascua"}},{"type":"Feature","geometry":{"type":"Point","coordinates":[-72.40687,-35.36014]},"properties":{"nombre":"Maule","tecnologia":"Termoeléctrico","estado":"En Operación","potencia_mw":5.959,"medio":"PMG","titular":"Elektra Generación S.A.","region":"Maule","comuna":"Constitución"}},{"type":"Feature","geometry":{"type":"Point","coordinates":[-70.67734,-33.69044]},"properties":{"nombre":"Mayor Power","tecnologia":"Termoeléctrico","estado":"En Operación","potencia_mw":3.0,"medio":"PMGD","titular":"Firme Energía SpA","region":"Metropolitana","comuna":"Buin"}},{"type":"Feature","geometry":{"type":"Point","coordinates":[-70.4116,-23.08909]},"properties":{"nombre":"Mejillones","tecnologia":"Termoeléctrico","estado":"En Operación","potencia_mw":305.087,"medio":"-","titular":"Engie Energía Chile S.A.","region":"Antofagasta","comuna":"Mejillones"}},{"type":"Feature","geometry":{"type":"Point","coordinates":[-73.745,-43.8966]},"properties":{"nombre":"Melinka y Repollal","tecnologia":"Termoeléctrico","estado":"En Operación","potencia_mw":1.15,"medio":"-","titular":"Municipalidad de Guaitecas","region":"Aysén","comuna":"Guaitecas"}},{"type":"Feature","geometry":{"type":"Point","coordinates":[-70.70412,-33.65685]},"properties":{"nombre":"Merced (Ex Las Mercedes)","tecnologia":"Termoeléctrico","estado":"En Operación","potencia_mw":3.0,"medio":"PMGD","titular":"Generadora Los Hibiscos SpA","region":"Metropolitana","comuna":"San Bernado"}},{"type":"Feature","geometry":{"type":"Point","coordinates":[-71.00648,-34.6764]},"properties":{"nombre":"Mimbre","tecnologia":"Termoeléctrico","estado":"En Operación","potencia_mw":2.985,"medio":"PMGD","titular":"Generadora Mimbre SpA","region":"O'Higgins","comuna":"Chimbarongo"}},{"type":"Feature","geometry":{"type":"Point","coordinates":[-70.9491,-30.69703]},"properties":{"nombre":"Monte Patria","tecnologia":"Termoeléctrico","estado":"En Operación","potencia_mw":9.0,"medio":"PMGD","titular":"Elektra Generación S.A.","region":"Coquimbo","comuna":"Monte Patria"}},{"type":"Feature","geometry":{"type":"Point","coordinates":[-72.97379,-41.46782]},"properties":{"nombre":"Multiexport","tecnologia":"Termoeléctrico","estado":"En Operación","potencia_mw":0.8,"medio":"PMGD","titular":"Sagesa S.A.","region":"Los Lagos","comuna":"Puerto Montt"}},{"type":"Feature","geometry":{"type":"Point","coordinates":[-72.97594,-41.46731]},"properties":{"nombre":"Multiexport II","tecnologia":"Termoeléctrico","estado":"En Operación","potencia_mw":1.6,"medio":"PMGD","titular":"Sagesa S.A.","region":"Los Lagos","comuna":"Puerto Montt"}},{"type":"Feature","geometry":{"type":"Point","coordinates":[-71.3231,-32.93662]},"properties":{"nombre":"Nehuenco","tecnologia":"Termoeléctrico","estado":"En Operación","potencia_mw":326.97,"medio":"-","titular":"Colbún S.A.","region":"Valparaíso","comuna":"Quillota"}},{"type":"Feature","geometry":{"type":"Point","coordinates":[-71.3231,-32.93662]},"properties":{"nombre":"Nehuenco 9B","tecnologia":"Termoeléctrico","estado":"En Operación","potencia_mw":88.204,"medio":"-","titular":"Colbún S.A.","region":"Valparaíso","comuna":"Quillota"}},{"type":"Feature","geometry":{"type":"Point","coordinates":[-71.3231,-32.93662]},"properties":{"nombre":"Nehuenco II","tecnologia":"Termoeléctrico","estado":"En Operación","potencia_mw":405.562,"medio":"-","titular":"Colbún S.A.","region":"Valparaíso","comuna":"Quillota"}},{"type":"Feature","geometry":{"type":"Point","coordinates":[-73.11273,-36.77549]},"properties":{"nombre":"Newén","tecnologia":"Termoeléctrico","estado":"En Operación","potencia_mw":14.461,"medio":"-","titular":"Gas Sur  S.A.","region":"Biobío","comuna":"Talcahuano"}},{"type":"Feature","geometry":{"type":"Point","coordinates":[-72.47945,-36.6598]},"properties":{"nombre":"Nueva Aldea II","tecnologia":"Termoeléctrico","estado":"En Operación","potencia_mw":9.886,"medio":"-","titular":"Arauco Bioenergía SpA","region":"Ñuble","comuna":"Ranquil"}},{"type":"Feature","geometry":{"type":"Point","coordinates":[-70.68697,-33.41836]},"properties":{"nombre":"Nueva Renca","tecnologia":"Termoeléctrico","estado":"En Operación","potencia_mw":370.1,"medio":"-","titular":"Generadora Metropolitana SpA","region":"Metropolitana","comuna":"Renca"}},{"type":"Feature","geometry":{"type":"Point","coordinates":[-71.48316,-32.74981]},"properties":{"nombre":"Nueva Ventanas","tecnologia":"Termoeléctrico","estado":"En Operación","potencia_mw":245.165,"medio":"-","titular":"Empresa Eléctrica Ventanas S.A.","region":"Valparaíso","comuna":"Puchuncaví"}},{"type":"Feature","geometry":{"type":"Point","coordinates":[-72.67914,-44.72256]},"properties":{"nombre":"Nuevo Reino","tecnologia":"Termoeléctrico","estado":"En Operación","potencia_mw":1.37,"medio":"-","titular":"Edelaysen","region":"Aysén","comuna":"Cisnes"}},{"type":"Feature","geometry":{"type":"Point","coordinates":[-71.47689,-31.93534]},"properties":{"nombre":"Olivos","tecnologia":"Termoeléctrico","estado":"En Operación","potencia_mw":99.936,"medio":"-","titular":"Espinos S.A.","region":"Coquimbo","comuna":"Los Vilos"}},{"type":"Feature","geometry":{"type":"Point","coordinates":[-72.34506,-36.90681]},"properties":{"nombre":"Orafti","tecnologia":"Termoeléctrico","estado":"En Operación","potencia_mw":7.2,"medio":"PMGD","titular":"Orafti Chile S.A.","region":"Ñuble","comuna":"Pemuco"}},{"type":"Feature","geometry":{"type":"Point","coordinates":[-70.91423,-29.11352]},"properties":{"nombre":"Pajonales","tecnologia":"Termoeléctrico","estado":"En Operación","potencia_mw":101.36,"medio":"-","titular":"Prime Energía Quickstart SpA","region":"Atacama","comuna":"Vallenar"}},{"type":"Feature","geometry":{"type":"Point","coordinates":[-71.79857,-43.61565]},"properties":{"nombre":"Palena","tecnologia":"Termoeléctrico","estado":"En Operación","potencia_mw":1.232,"medio":"-","titular":"Edelaysen","region":"Los Lagos","comuna":"Palena"}},{"type":"Feature","geometry":{"type":"Point","coordinates":[-73.12171,-36.78729]},"properties":{"nombre":"Petropower","tecnologia":"Termoeléctrico","estado":"En Operación","potencia_mw":20.5,"medio":"-","titular":"Enap Refinerías S.A.","region":"Biobío","comuna":"Hualpén"}},{"type":"Feature","geometry":{"type":"Point","coordinates":[-72.25862,-37.68935]},"properties":{"nombre":"Picoltué","tecnologia":"Termoeléctrico","estado":"En Operación","potencia_mw":5.97,"medio":"PMGD","titular":"Espinos S.A.","region":"Biobío","comuna":"Mulchén"}},{"type":"Feature","geometry":{"type":"Point","coordinates":[-72.37653,-35.39107]},"properties":{"nombre":"Pinares","tecnologia":"Termoeléctrico","estado":"En Operación","potencia_mw":8.6,"medio":"PMGD","titular":"Eléctrica Pinares Ltda.","region":"Maule","comuna":"Constitución"}},{"type":"Feature","geometry":{"type":"Point","coordinates":[-71.55907,-33.10847]},"properties":{"nombre":"Placilla","tecnologia":"Termoeléctrico","estado":"En Operación","potencia_mw":2.373,"medio":"PMG","titular":"Tecnored S.A.","region":"Valparaíso","comuna":"Valparaíso"}},{"type":"Feature","geometry":{"type":"Point","coordinates":[-70.41444,-23.09891]},"properties":{"nombre":"Planta de Ácido Sulfúrico Mejillones","tecnologia":"Termoeléctrico","estado":"En Operación","potencia_mw":20.068,"medio":"-","titular":"Noracid S.A.","region":"Antofagasta","comuna":"Mejillones"}},{"type":"Feature","geometry":{"type":"Point","coordinates":[-73.68328,-41.81963]},"properties":{"nombre":"PMGD TER Ciruelillo","tecnologia":"Termoeléctrico","estado":"En Operación","potencia_mw":2.955,"medio":"PMGD","titular":"Imelsa Energía SpA","region":"Los Lagos","comuna":"Ancud"}},{"type":"Feature","geometry":{"type":"Point","coordinates":[-70.38079,-53.2918]},"properties":{"nombre":"Porvenir","tecnologia":"Termoeléctrico","estado":"En Operación","potencia_mw":11.088,"medio":"-","titular":"Edelmag S.A.","region":"Magallanes","comuna":"Porvenir"}},{"type":"Feature","geometry":{"type":"Point","coordinates":[-73.00929,-40.61161]},"properties":{"nombre":"PRP Marver","tecnologia":"Termoeléctrico","estado":"En Operación","potencia_mw":9.0,"medio":"PMGD","titular":"Inmobiliaria Marver Ltda.","region":"Los Lagos","comuna":"Osorno"}},{"type":"Feature","geometry":{"type":"Point","coordinates":[-73.2087,-44.25765]},"properties":{"nombre":"Puerto Gala","tecnologia":"Termoeléctrico","estado":"En Operación","potencia_mw":0.23,"medio":"-","titular":"Municipalidad de Cisnes","region":"Aysén","comuna":"Cisnes"}},{"type":"Feature","geometry":{"type":"Point","coordinates":[-73.30466,-44.89764]},"properties":{"nombre":"Puerto Gaviota","tecnologia":"Termoeléctrico","estado":"En Operación","potencia_mw":0.1,"medio":"-","titular":"Municipalidad de Cisnes","region":"Aysén","comuna":"Cisnes"}},{"type":"Feature","geometry":{"type":"Point","coordinates":[-71.95626,-46.27892]},"properties":{"nombre":"Puerto Ibáñez","tecnologia":"Termoeléctrico","estado":"En Operación","potencia_mw":0.364,"medio":"-","titular":"Edelaysen","region":"Aysén","comuna":"Río Ibáñez"}},{"type":"Feature","geometry":{"type":"Point","coordinates":[-72.47859,-51.73068]},"properties":{"nombre":"Puerto Natales","tecnologia":"Termoeléctrico","estado":"En Operación","potencia_mw":14.427,"medio":"-","titular":"Edelmag S.A.","region":"Magallanes","comuna":"Natales"}},{"type":"Feature","geometry":{"type":"Point","coordinates":[-67.57835,-54.93317]},"properties":{"nombre":"Puerto Williams","tecnologia":"Termoeléctrico","estado":"En Operación","potencia_mw":2.383,"medio":"-","titular":"Edelmag S.A.","region":"Magallanes","comuna":"Cabo de Hornos"}},{"type":"Feature","geometry":{"type":"Point","coordinates":[-71.24056,-30.85802]},"properties":{"nombre":"Punitaqui","tecnologia":"Termoeléctrico","estado":"En Operación","potencia_mw":9.0,"medio":"PMGD","titular":"Elektra Generación S.A.","region":"Coquimbo","comuna":"Punitaqui"}},{"type":"Feature","geometry":{"type":"Point","coordinates":[-70.90689,-53.1552]},"properties":{"nombre":"Punta Arenas","tecnologia":"Termoeléctrico","estado":"En Operación","potencia_mw":9.81,"medio":"-","titular":"Edelmag S.A.","region":"Magallanes","comuna":"Punta Arenas"}},{"type":"Feature","geometry":{"type":"Point","coordinates":[-71.04286,-29.3668]},"properties":{"nombre":"Punta Colorada","tecnologia":"Termoeléctrico","estado":"En Operación","potencia_mw":15.856,"medio":"-","titular":"Cia. Barrick Chile Generación Ltda","region":"Coquimbo","comuna":"La Higuera"}},{"type":"Feature","geometry":{"type":"Point","coordinates":[-72.55916,-44.31941]},"properties":{"nombre":"Puyuhuapi","tecnologia":"Termoeléctrico","estado":"En Operación","potencia_mw":0.292,"medio":"-","titular":"Edelaysen","region":"Aysén","comuna":"Cisnes"}},{"type":"Feature","geometry":{"type":"Point","coordinates":[-71.4859,-32.78764]},"properties":{"nombre":"Quintero","tecnologia":"Termoeléctrico","estado":"En Operación","potencia_mw":239.017,"medio":"-","titular":"Enel Generación Chile S.A.","region":"Valparaíso","comuna":"Quintero"}},{"type":"Feature","geometry":{"type":"Point","coordinates":[-72.22139,-37.64501]},"properties":{"nombre":"Quitralman","tecnologia":"Termoeléctrico","estado":"En Operación","potencia_mw":2.4,"medio":"PMGD","titular":"Central El Atajo SpA","region":"Biobío","comuna":"Mulchén"}},{"type":"Feature","geometry":{"type":"Point","coordinates":[-71.47771,-31.93923]},"properties":{"nombre":"Ramadilla","tecnologia":"Termoeléctrico","estado":"En Operación","potencia_mw":3.0,"medio":"PMGD","titular":"Generadora La Calera SpA","region":"Coquimbo","comuna":"Los Vilos"}},{"type":"Feature","geometry":{"type":"Point","coordinates":[-73.0699,-40.27096]},"properties":{"nombre":"Rapaco","tecnologia":"Termoeléctrico","estado":"En Operación","potencia_mw":2.99,"medio":"PMGD","titular":"Llonquén Energías SpA","region":"Los Ríos","comuna":"La Unión"}},{"type":"Feature","geometry":{"type":"Point","coordinates":[-72.37676,-35.39027]},"properties":{"nombre":"Raso Power","tecnologia":"Termoeléctrico","estado":"En Operación","potencia_mw":8.48,"medio":"PMGD","titular":"Eléctrica Raso Power Ltda.","region":"Maule","comuna":"Constitución"}},{"type":"Feature","geometry":{"type":"Point","coordinates":[-72.95171,-43.77741]},"properties":{"nombre":"Raúl Marín Balmaceda","tecnologia":"Termoeléctrico","estado":"En Operación","potencia_mw":0.23,"medio":"-","titular":"Municipalidad de Cisnes","region":"Aysén","comuna":"Cisnes"}},{"type":"Feature","geometry":{"type":"Point","coordinates":[-73.41786,-39.89671]},"properties":{"nombre":"Rey","tecnologia":"Termoeléctrico","estado":"En Operación","potencia_mw":0.78,"medio":"PMGD","titular":"Sagesa S.A.","region":"Los Ríos","comuna":"Corral"}},{"type":"Feature","geometry":{"type":"Point","coordinates":[-73.07651,-41.52381]},"properties":{"nombre":"Río Azul","tecnologia":"Termoeléctrico","estado":"En Operación","potencia_mw":2.99,"medio":"PMGD","titular":"Generadora La Calera SpA","region":"Los Lagos","comuna":"Puerto Montt"}},{"type":"Feature","geometry":{"type":"Point","coordinates":[-73.76241,-42.37402]},"properties":{"nombre":"Salmofood","tecnologia":"Termoeléctrico","estado":"En Operación","potencia_mw":1.6,"medio":"PMGD","titular":"Salmofood S.A.","region":"Los Lagos","comuna":"Castro"}},{"type":"Feature","geometry":{"type":"Point","coordinates":[-71.81877,-36.27882]},"properties":{"nombre":"San Gregorio","tecnologia":"Termoeléctrico","estado":"En Operación","potencia_mw":0.422,"medio":"PMG","titular":"Tecnored S.A.","region":"Ñuble","comuna":"Ñiquén"}},{"type":"Feature","geometry":{"type":"Point","coordinates":[-71.31585,-32.93672]},"properties":{"nombre":"San Isidro","tecnologia":"Termoeléctrico","estado":"En Operación","potencia_mw":371.6,"medio":"-","titular":"Enel Generación Chile S.A.","region":"Valparaíso","comuna":"Quillota"}},{"type":"Feature","geometry":{"type":"Point","coordinates":[-71.31428,-32.93592]},"properties":{"nombre":"San Isidro II","tecnologia":"Termoeléctrico","estado":"En Operación","potencia_mw":370.0,"medio":"-","titular":"Enel Generación Chile S.A.","region":"Valparaíso","comuna":"Quillota"}},{"type":"Feature","geometry":{"type":"Point","coordinates":[-72.37654,-35.3894]},"properties":{"nombre":"San Javier I","tecnologia":"Termoeléctrico","estado":"En Operación","potencia_mw":25.511,"medio":"-","titular":"Prime Energía Quickstart SpA","region":"Maule","comuna":"Constitución"}},{"type":"Feature","geometry":{"type":"Point","coordinates":[-72.37654,-35.3894]},"properties":{"nombre":"San Javier II","tecnologia":"Termoeléctrico","estado":"En Operación","potencia_mw":25.434,"medio":"-","titular":"Prime Energía Quickstart SpA","region":"Maule","comuna":"Constitución"}},{"type":"Feature","geometry":{"type":"Point","coordinates":[-70.03797,-26.40036]},"properties":{"nombre":"San Lorenzo de Diego de Almagro","tecnologia":"Termoeléctrico","estado":"En Operación","potencia_mw":62.26,"medio":"-","titular":"Enlasa Generación Chile S.A.","region":"Atacama","comuna":"Diego de Almagro"}},{"type":"Feature","geometry":{"type":"Point","coordinates":[-72.79959,-42.84958]},"properties":{"nombre":"Santa Bárbara","tecnologia":"Termoeléctrico","estado":"En Operación","potencia_mw":1.758,"medio":"-","titular":"Edelaysen","region":"Los Lagos","comuna":"Chaitén"}},{"type":"Feature","geometry":{"type":"Point","coordinates":[-72.79959,-42.84958]},"properties":{"nombre":"Santa Bárbara (Chaitén)","tecnologia":"Termoeléctrico","estado":"En Operación","potencia_mw":0.8,"medio":"-","titular":"Edelaysen","region":"Los Lagos","comuna":"Chaitén"}},{"type":"Feature","geometry":{"type":"Point","coordinates":[-72.31645,-37.09303]},"properties":{"nombre":"Santa Lidia","tecnologia":"Termoeléctrico","estado":"En Operación","potencia_mw":140.88,"medio":"-","titular":"Generadora Metropolitana SpA","region":"Biobío","comuna":"Cabrero"}},{"type":"Feature","geometry":{"type":"Point","coordinates":[-73.13002,-37.04201]},"properties":{"nombre":"Santa María","tecnologia":"Termoeléctrico","estado":"En Operación","potencia_mw":348.35,"medio":"-","titular":"Colbun S.A.","region":"Biobío","comuna":"Coronel"}},{"type":"Feature","geometry":{"type":"Point","coordinates":[-71.39751,-33.61739]},"properties":{"nombre":"Sepultura","tecnologia":"Termoeléctrico","estado":"En Operación","potencia_mw":2.985,"medio":"PMGD","titular":"Energía Generación SpA","region":"Valparaíso","comuna":"San Antonio"}},{"type":"Feature","geometry":{"type":"Point","coordinates":[-70.46602,-24.98878]},"properties":{"nombre":"Taltal","tecnologia":"Termoeléctrico","estado":"En Operación","potencia_mw":238.008,"medio":"-","titular":"Enel Generación Chile S.A.","region":"Antofagasta","comuna":"Taltal"}},{"type":"Feature","geometry":{"type":"Point","coordinates":[-72.99555,-40.34452]},"properties":{"nombre":"Tambores","tecnologia":"Termoeléctrico","estado":"En Operación","potencia_mw":2.99,"medio":"PMGD","titular":"Llonquén Energías SpA","region":"Los Ríos","comuna":"Río Bueno"}},{"type":"Feature","geometry":{"type":"Point","coordinates":[-71.67265,-44.6435]},"properties":{"nombre":"Tapera 1","tecnologia":"Termoeléctrico","estado":"En Operación","potencia_mw":0.09,"medio":"-","titular":"Edelaysen","region":"Aysén","comuna":"Lago Verde"}},{"type":"Feature","geometry":{"type":"Point","coordinates":[-71.67265,-44.6435]},"properties":{"nombre":"Tapera 2","tecnologia":"Termoeléctrico","estado":"En Operación","potencia_mw":0.09,"medio":"-","titular":"Edelaysen","region":"Aysén","comuna":"Lago Verde"}},{"type":"Feature","geometry":{"type":"Point","coordinates":[-71.38995,-33.33272]},"properties":{"nombre":"Tapihue","tecnologia":"Termoeléctrico","estado":"En Operación","potencia_mw":6.4,"medio":"PMGD","titular":"Tecnored S.A.","region":"Valparaíso","comuna":"Casablanca"}},{"type":"Feature","geometry":{"type":"Point","coordinates":[-72.10263,-45.62511]},"properties":{"nombre":"Tehuelche","tecnologia":"Termoeléctrico","estado":"En Operación","potencia_mw":21.375,"medio":"-","titular":"Edelaysen","region":"Aysén","comuna":"Coyhaique"}},{"type":"Feature","geometry":{"type":"Point","coordinates":[-72.10227,-45.6248]},"properties":{"nombre":"Tehuelche Provisoria","tecnologia":"Termoeléctrico","estado":"En Operación","potencia_mw":6.4,"medio":"-","titular":"Edelaysen","region":"Aysén","comuna":"Coyhaique"}},{"type":"Feature","geometry":{"type":"Point","coordinates":[-71.14193,-34.86856]},"properties":{"nombre":"Teno","tecnologia":"Termoeléctrico","estado":"En Operación","potencia_mw":58.882,"medio":"-","titular":"Enlasa Generación Chile S.A.","region":"Maule","comuna":"Teno"}},{"type":"Feature","geometry":{"type":"Point","coordinates":[-71.1438,-34.86755]},"properties":{"nombre":"Teno Gas","tecnologia":"Termoeléctrico","estado":"En Operación","potencia_mw":43.68,"medio":"-","titular":"Innovación Energía S.A.","region":"Maule","comuna":"Teno"}},{"type":"Feature","geometry":{"type":"Point","coordinates":[-70.38184,-27.492]},"properties":{"nombre":"Termopacífico","tecnologia":"Termoeléctrico","estado":"En Operación","potencia_mw":95.562,"medio":"-","titular":"Generadora Del Pacífico SpA","region":"Atacama","comuna":"Copiapó"}},{"type":"Feature","geometry":{"type":"Point","coordinates":[-70.93277,-33.70597]},"properties":{"nombre":"Tigre","tecnologia":"Termoeléctrico","estado":"En Operación","potencia_mw":3.0,"medio":"PMGD","titular":"Tacora Energy SpA","region":"Metropolitana","comuna":"Talagante"}},{"type":"Feature","geometry":{"type":"Point","coordinates":[-73.48562,-38.32503]},"properties":{"nombre":"Tirúa","tecnologia":"Termoeléctrico","estado":"En Operación","potencia_mw":1.9,"medio":"PMGD","titular":"Sagesa S.A.","region":"Biobío","comuna":"Tirúa"}},{"type":"Feature","geometry":{"type":"Point","coordinates":[-70.21019,-22.09623]},"properties":{"nombre":"Tocopilla","tecnologia":"Termoeléctrico","estado":"En Operación","potencia_mw":426.812,"medio":"-","titular":"Engie Energía Chile S.A.","region":"Antofagasta","comuna":"Tocopilla"}},{"type":"Feature","geometry":{"type":"Point","coordinates":[-71.22724,-32.85497]},"properties":{"nombre":"Tomaval","tecnologia":"Termoeléctrico","estado":"En Operación","potencia_mw":2.9,"medio":"PMGD","titular":"Tomaval Generación S.A.","region":"Valparaíso","comuna":"La Cruz"}},{"type":"Feature","geometry":{"type":"Point","coordinates":[-73.52674,-47.8075]},"properties":{"nombre":"Tortel","tecnologia":"Termoeléctrico","estado":"En Operación","potencia_mw":0.24,"medio":"-","titular":"Municipalidad de Tortel","region":"Aysén","comuna":"Tortel"}},{"type":"Feature","geometry":{"type":"Point","coordinates":[-72.67211,-46.62571]},"properties":{"nombre":"Tranquilo","tecnologia":"Termoeléctrico","estado":"En Operación","potencia_mw":0.4,"medio":"-","titular":"Edelaysen","region":"Aysén","comuna":"Río Ibáñez"}},{"type":"Feature","geometry":{"type":"Point","coordinates":[-73.07683,-41.51773]},"properties":{"nombre":"Trapén","tecnologia":"Termoeléctrico","estado":"En Operación","potencia_mw":80.838,"medio":"-","titular":"Enlasa Generación Chile S.A.","region":"Los Lagos","comuna":"Puerto Montt"}},{"type":"Feature","geometry":{"type":"Point","coordinates":[-70.89712,-53.1015]},"properties":{"nombre":"Tres Puentes","tecnologia":"Termoeléctrico","estado":"En Operación","potencia_mw":81.705,"medio":"-","titular":"Edelmag S.A.","region":"Magallanes","comuna":"Punta Arenas"}},{"type":"Feature","geometry":{"type":"Point","coordinates":[-73.6143,-43.09134]},"properties":{"nombre":"Trincao","tecnologia":"Termoeléctrico","estado":"En Operación","potencia_mw":17.52,"medio":"-","titular":"Energía Siete SpA","region":"Los Lagos","comuna":"Quellón"}},{"type":"Feature","geometry":{"type":"Point","coordinates":[-73.32084,-37.4914]},"properties":{"nombre":"Trongol-Curanilahue","tecnologia":"Termoeléctrico","estado":"En Operación","potencia_mw":2.4,"medio":"PMGD","titular":"Sagesa S.A.","region":"Biobío","comuna":"Curanilahue"}},{"type":"Feature","geometry":{"type":"Point","coordinates":[-68.59178,-20.9781]},"properties":{"nombre":"Ujina","tecnologia":"Termoeléctrico","estado":"En Operación","potencia_mw":35.435,"medio":"-","titular":"Minera Collahuasi","region":"Tarapacá","comuna":"Pica"}},{"type":"Feature","geometry":{"type":"Point","coordinates":[-72.56091,-48.476]},"properties":{"nombre":"Villa O’Higgins","tecnologia":"Termoeléctrico","estado":"En Operación","potencia_mw":0.15,"medio":"-","titular":"Edelaysen","region":"Aysén","comuna":"O'Higgins"}},{"type":"Feature","geometry":{"type":"Point","coordinates":[-72.54775,-37.13032]},"properties":{"nombre":"Yumbel","tecnologia":"Termoeléctrico","estado":"En Operación","potencia_mw":2.985,"medio":"PMGD","titular":"Espinos S.A.","region":"Biobío","comuna":"Yumbel"}},{"type":"Feature","geometry":{"type":"Point","coordinates":[-72.29331,-37.1055]},"properties":{"nombre":"Yungay","tecnologia":"Termoeléctrico","estado":"En Operación","potencia_mw":198.775,"medio":"-","titular":"Central Yungay S.A.","region":"Biobío","comuna":"Cabrero"}},{"type":"Feature","geometry":{"type":"Point","coordinates":[-71.22552,-34.99223]},"properties":{"nombre":"Zapallar","tecnologia":"Termoeléctrico","estado":"En Operación","potencia_mw":2.985,"medio":"PMGD","titular":"Generadora Zapallar SpA","region":"Maule","comuna":"Curicó"}},{"type":"Feature","geometry":{"type":"Point","coordinates":[-70.13002,-20.20648]},"properties":{"nombre":"Zofri","tecnologia":"Termoeléctrico","estado":"En Operación","potencia_mw":5.83,"medio":"PMGD","titular":"Enorchile S.A.","region":"Tarapacá","comuna":"Iquique"}}]}