{"type": "FeatureCollection", "features": [{"type": "Feature", "geometry": {"type": "Polygon", "coordinates": [[[-75.4, -50.4], [-75.3, -50.4], [-75.3, -50.3], [-75.4, -50.3], [-75.4, -50.4]]]}, "properties": {"n_records": 3, "n_localities": 1, "n_observers": 3, "n_recent_10y": 3}}, {"type": "Feature", "geometry": {"type": "Polygon", "coordinates": [[[-75.1, -52.5], [-75.0, -52.5], [-75.0, -52.4], [-75.1, -52.4], [-75.1, -52.5]]]}, "properties": {"n_records": 2, "n_localities": 1, "n_observers": 2, "n_recent_10y": 2}}, {"type": "Feature", "geometry": {"type": "Polygon", "coordinates": [[[-74.6, -47.8], [-74.5, -47.8], [-74.5, -47.7], [-74.6, -47.7], [-74.6, -47.8]]]}, "properties": {"n_records": 1, "n_localities": 1, "n_observers": 1, "n_recent_10y": 0}}, {"type": "Feature", "geometry": {"type": "Polygon", "coordinates": [[[-74.5, -50.4], [-74.4, -50.4], [-74.4, -50.3], [-74.5, -50.3], [-74.5, -50.4]]]}, "properties": {"n_records": 1, "n_localities": 1, "n_observers": 1, "n_recent_10y": 0}}, {"type": "Feature", "geometry": {"type": "Polygon", "coordinates": [[[-74.5, -49.7], [-74.4, -49.7], [-74.4, -49.6], [-74.5, -49.6], [-74.5, -49.7]]]}, "properties": {"n_records": 1, "n_localities": 1, "n_observers": 1, "n_recent_10y": 0}}, {"type": "Feature", "geometry": {"type": "Polygon", "coordinates": [[[-74.5, -49.6], [-74.4, -49.6], [-74.4, -49.5], [-74.5, -49.5], [-74.5, -49.6]]]}, "properties": {"n_records": 2, "n_localities": 2, "n_observers": 2, "n_recent_10y": 2}}, {"type": "Feature", "geometry": {"type": "Polygon", "coordinates": [[[-74.5, -49.2], [-74.4, -49.2], [-74.4, -49.1], [-74.5, -49.1], [-74.5, -49.2]]]}, "properties": {"n_records": 4, "n_localities": 3, "n_observers": 4, "n_recent_10y": 4}}, {"type": "Feature", "geometry": {"type": "Polygon", "coordinates": [[[-74.5, -49.0], [-74.4, -49.0], [-74.4, -48.9], [-74.5, -48.9], [-74.5, -49.0]]]}, "properties": {"n_records": 2, "n_localities": 2, "n_observers": 2, "n_recent_10y": 2}}, {"type": "Feature", "geometry": {"type": "Polygon", "coordinates": [[[-74.5, -48.7], [-74.4, -48.7], [-74.4, -48.6], [-74.5, -48.6], [-74.5, -48.7]]]}, "properties": {"n_records": 1, "n_localities": 1, "n_observers": 1, "n_recent_10y": 1}}, {"type": "Feature", "geometry": {"type": "Polygon", "coordinates": [[[-74.4, -51.0], [-74.3, -51.0], [-74.3, -50.9], [-74.4, -50.9], [-74.4, -51.0]]]}, "properties": {"n_records": 1, "n_localities": 1, "n_observers": 1, "n_recent_10y": 1}}, {"type": "Feature", "geometry": {"type": "Polygon", "coordinates": [[[-74.4, -50.1], [-74.3, -50.1], [-74.3, -50.0], [-74.4, -50.0], [-74.4, -50.1]]]}, "properties": {"n_records": 1, "n_localities": 1, "n_observers": 1, "n_recent_10y": 0}}, {"type": "Feature", "geometry": {"type": "Polygon", "coordinates": [[[-74.4, -49.4], [-74.3, -49.4], [-74.3, -49.3], [-74.4, -49.3], [-74.4, -49.4]]]}, "properties": {"n_records": 1, "n_localities": 1, "n_observers": 1, "n_recent_10y": 1}}, {"type": "Feature", "geometry": {"type": "Polygon", "coordinates": [[[-74.4, -49.0], [-74.3, -49.0], [-74.3, -48.9], [-74.4, -48.9], [-74.4, -49.0]]]}, "properties": {"n_records": 3, "n_localities": 3, "n_observers": 3, "n_recent_10y": 2}}, {"type": "Feature", "geometry": {"type": "Polygon", "coordinates": [[[-74.3, -50.3], [-74.2, -50.3], [-74.2, -50.2], [-74.3, -50.2], [-74.3, -50.3]]]}, "properties": {"n_records": 1, "n_localities": 1, "n_observers": 1, "n_recent_10y": 0}}, {"type": "Feature", "geometry": {"type": "Polygon", "coordinates": [[[-74.3, -46.8], [-74.2, -46.8], [-74.2, -46.7], [-74.3, -46.7], [-74.3, -46.8]]]}, "properties": {"n_records": 1, "n_localities": 1, "n_observers": 1, "n_recent_10y": 1}}, {"type": "Feature", "geometry": {"type": "Polygon", "coordinates": [[[-74.3, -45.8], [-74.2, -45.8], [-74.2, -45.7], [-74.3, -45.7], [-74.3, -45.8]]]}, "properties": {"n_records": 1, "n_localities": 1, "n_observers": 1, "n_recent_10y": 1}}, {"type": "Feature", "geometry": {"type": "Polygon", "coordinates": [[[-74.2, -49.8], [-74.1, -49.8], [-74.1, -49.7], [-74.2, -49.7], [-74.2, -49.8]]]}, "properties": {"n_records": 1, "n_localities": 1, "n_observers": 1, "n_recent_10y": 0}}, {"type": "Feature", "geometry": {"type": "Polygon", "coordinates": [[[-74.2, -42.7], [-74.1, -42.7], [-74.1, -42.6], [-74.2, -42.6], [-74.2, -42.7]]]}, "properties": {"n_records": 1, "n_localities": 1, "n_observers": 1, "n_recent_10y": 1}}, {"type": "Feature", "geometry": {"type": "Polygon", "coordinates": [[[-74.1, -50.9], [-74.0, -50.9], [-74.0, -50.8], [-74.1, -50.8], [-74.1, -50.9]]]}, "properties": {"n_records": 1, "n_localities": 1, "n_observers": 1, "n_recent_10y": 0}}, {"type": "Feature", "geometry": {"type": "Polygon", "coordinates": [[[-74.1, -49.3], [-74.0, -49.3], [-74.0, -49.2], [-74.1, -49.2], [-74.1, -49.3]]]}, "properties": {"n_records": 3, "n_localities": 2, "n_observers": 3, "n_recent_10y": 1}}, {"type": "Feature", "geometry": {"type": "Polygon", "coordinates": [[[-74.0, -50.4], [-73.9, -50.4], [-73.9, -50.3], [-74.0, -50.3], [-74.0, -50.4]]]}, "properties": {"n_records": 3, "n_localities": 3, "n_observers": 3, "n_recent_10y": 3}}, {"type": "Feature", "geometry": {"type": "Polygon", "coordinates": [[[-74.0, -48.6], [-73.9, -48.6], [-73.9, -48.5], [-74.0, -48.5], [-74.0, -48.6]]]}, "properties": {"n_records": 2, "n_localities": 2, "n_observers": 2, "n_recent_10y": 1}}, {"type": "Feature", "geometry": {"type": "Polygon", "coordinates": [[[-74.0, -48.1], [-73.9, -48.1], [-73.9, -48.0], [-74.0, -48.0], [-74.0, -48.1]]]}, "properties": {"n_records": 1, "n_localities": 1, "n_observers": 1, "n_recent_10y": 1}}, {"type": "Feature", "geometry": {"type": "Polygon", "coordinates": [[[-74.0, -42.1], [-73.9, -42.1], [-73.9, -42.0], [-74.0, -42.0], [-74.0, -42.1]]]}, "properties": {"n_records": 1, "n_localities": 1, "n_observers": 1, "n_recent_10y": 1}}, {"type": "Feature", "geometry": {"type": "Polygon", "coordinates": [[[-73.9, -51.9], [-73.8, -51.9], [-73.8, -51.8], [-73.9, -51.8], [-73.9, -51.9]]]}, "properties": {"n_records": 2, "n_localities": 2, "n_observers": 2, "n_recent_10y": 1}}, {"type": "Feature", "geometry": {"type": "Polygon", "coordinates": [[[-73.9, -50.9], [-73.8, -50.9], [-73.8, -50.8], [-73.9, -50.8], [-73.9, -50.9]]]}, "properties": {"n_records": 1, "n_localities": 1, "n_observers": 1, "n_recent_10y": 0}}, {"type": "Feature", "geometry": {"type": "Polygon", "coordinates": [[[-73.9, -50.8], [-73.8, -50.8], [-73.8, -50.7], [-73.9, -50.7], [-73.9, -50.8]]]}, "properties": {"n_records": 1, "n_localities": 1, "n_observers": 1, "n_recent_10y": 1}}, {"type": "Feature", "geometry": {"type": "Polygon", "coordinates": [[[-73.9, -46.7], [-73.8, -46.7], [-73.8, -46.6], [-73.9, -46.6], [-73.9, -46.7]]]}, "properties": {"n_records": 4, "n_localities": 1, "n_observers": 4, "n_recent_10y": 4}}, {"type": "Feature", "geometry": {"type": "Polygon", "coordinates": [[[-73.9, -42.8], [-73.8, -42.8], [-73.8, -42.7], [-73.9, -42.7], [-73.9, -42.8]]]}, "properties": {"n_records": 3, "n_localities": 2, "n_observers": 2, "n_recent_10y": 3}}, {"type": "Feature", "geometry": {"type": "Polygon", "coordinates": [[[-73.8, -52.6], [-73.7, -52.6], [-73.7, -52.5], [-73.8, -52.5], [-73.8, -52.6]]]}, "properties": {"n_records": 1, "n_localities": 1, "n_observers": 1, "n_recent_10y": 1}}, {"type": "Feature", "geometry": {"type": "Polygon", "coordinates": [[[-73.8, -52.1], [-73.7, -52.1], [-73.7, -52.0], [-73.8, -52.0], [-73.8, -52.1]]]}, "properties": {"n_records": 3, "n_localities": 2, "n_observers": 3, "n_recent_10y": 3}}, {"type": "Feature", "geometry": {"type": "Polygon", "coordinates": [[[-73.8, -51.0], [-73.7, -51.0], [-73.7, -50.9], [-73.8, -50.9], [-73.8, -51.0]]]}, "properties": {"n_records": 4, "n_localities": 1, "n_observers": 4, "n_recent_10y": 4}}, {"type": "Feature", "geometry": {"type": "Polygon", "coordinates": [[[-73.8, -50.9], [-73.7, -50.9], [-73.7, -50.8], [-73.8, -50.8], [-73.8, -50.9]]]}, "properties": {"n_records": 8, "n_localities": 2, "n_observers": 6, "n_recent_10y": 8}}, {"type": "Feature", "geometry": {"type": "Polygon", "coordinates": [[[-73.8, -50.7], [-73.7, -50.7], [-73.7, -50.6], [-73.8, -50.6], [-73.8, -50.7]]]}, "properties": {"n_records": 1, "n_localities": 1, "n_observers": 1, "n_recent_10y": 1}}, {"type": "Feature", "geometry": {"type": "Polygon", "coordinates": [[[-73.8, -42.5], [-73.7, -42.5], [-73.7, -42.4], [-73.8, -42.4], [-73.8, -42.5]]]}, "properties": {"n_records": 1, "n_localities": 1, "n_observers": 1, "n_recent_10y": 1}}, {"type": "Feature", "geometry": {"type": "Polygon", "coordinates": [[[-73.7, -52.5], [-73.6, -52.5], [-73.6, -52.4], [-73.7, -52.4], [-73.7, -52.5]]]}, "properties": {"n_records": 2, "n_localities": 1, "n_observers": 2, "n_recent_10y": 2}}, {"type": "Feature", "geometry": {"type": "Polygon", "coordinates": [[[-73.7, -52.2], [-73.6, -52.2], [-73.6, -52.1], [-73.7, -52.1], [-73.7, -52.2]]]}, "properties": {"n_records": 1, "n_localities": 1, "n_observers": 1, "n_recent_10y": 1}}, {"type": "Feature", "geometry": {"type": "Polygon", "coordinates": [[[-73.7, -51.2], [-73.6, -51.2], [-73.6, -51.1], [-73.7, -51.1], [-73.7, -51.2]]]}, "properties": {"n_records": 1, "n_localities": 1, "n_observers": 1, "n_recent_10y": 0}}, {"type": "Feature", "geometry": {"type": "Polygon", "coordinates": [[[-73.7, -48.1], [-73.6, -48.1], [-73.6, -48.0], [-73.7, -48.0], [-73.7, -48.1]]]}, "properties": {"n_records": 5, "n_localities": 1, "n_observers": 5, "n_recent_10y": 5}}, {"type": "Feature", "geometry": {"type": "Polygon", "coordinates": [[[-73.7, -45.1], [-73.6, -45.1], [-73.6, -45.0], [-73.7, -45.0], [-73.7, -45.1]]]}, "properties": {"n_records": 1, "n_localities": 1, "n_observers": 1, "n_recent_10y": 1}}, {"type": "Feature", "geometry": {"type": "Polygon", "coordinates": [[[-73.7, -42.6], [-73.6, -42.6], [-73.6, -42.5], [-73.7, -42.5], [-73.7, -42.6]]]}, "properties": {"n_records": 1, "n_localities": 1, "n_observers": 1, "n_recent_10y": 0}}, {"type": "Feature", "geometry": {"type": "Polygon", "coordinates": [[[-73.7, -41.9], [-73.6, -41.9], [-73.6, -41.8], [-73.7, -41.8], [-73.7, -41.9]]]}, "properties": {"n_records": 1, "n_localities": 1, "n_observers": 1, "n_recent_10y": 0}}, {"type": "Feature", "geometry": {"type": "Polygon", "coordinates": [[[-73.6, -53.3], [-73.5, -53.3], [-73.5, -53.2], [-73.6, -53.2], [-73.6, -53.3]]]}, "properties": {"n_records": 1, "n_localities": 1, "n_observers": 1, "n_recent_10y": 1}}, {"type": "Feature", "geometry": {"type": "Polygon", "coordinates": [[[-73.6, -53.2], [-73.5, -53.2], [-73.5, -53.1], [-73.6, -53.1], [-73.6, -53.2]]]}, "properties": {"n_records": 1, "n_localities": 1, "n_observers": 1, "n_recent_10y": 1}}, {"type": "Feature", "geometry": {"type": "Polygon", "coordinates": [[[-73.6, -53.0], [-73.5, -53.0], [-73.5, -52.9], [-73.6, -52.9], [-73.6, -53.0]]]}, "properties": {"n_records": 2, "n_localities": 1, "n_observers": 2, "n_recent_10y": 2}}, {"type": "Feature", "geometry": {"type": "Polygon", "coordinates": [[[-73.6, -52.1], [-73.5, -52.1], [-73.5, -52.0], [-73.6, -52.0], [-73.6, -52.1]]]}, "properties": {"n_records": 1, "n_localities": 1, "n_observers": 1, "n_recent_10y": 0}}, {"type": "Feature", "geometry": {"type": "Polygon", "coordinates": [[[-73.6, -51.9], [-73.5, -51.9], [-73.5, -51.8], [-73.6, -51.8], [-73.6, -51.9]]]}, "properties": {"n_records": 2, "n_localities": 1, "n_observers": 1, "n_recent_10y": 2}}, {"type": "Feature", "geometry": {"type": "Polygon", "coordinates": [[[-73.6, -51.6], [-73.5, -51.6], [-73.5, -51.5], [-73.6, -51.5], [-73.6, -51.6]]]}, "properties": {"n_records": 1, "n_localities": 1, "n_observers": 1, "n_recent_10y": 0}}, {"type": "Feature", "geometry": {"type": "Polygon", "coordinates": [[[-73.6, -50.7], [-73.5, -50.7], [-73.5, -50.6], [-73.6, -50.6], [-73.6, -50.7]]]}, "properties": {"n_records": 1, "n_localities": 1, "n_observers": 1, "n_recent_10y": 1}}, {"type": "Feature", "geometry": {"type": "Polygon", "coordinates": [[[-73.6, -50.1], [-73.5, -50.1], [-73.5, -50.0], [-73.6, -50.0], [-73.6, -50.1]]]}, "properties": {"n_records": 1, "n_localities": 1, "n_observers": 1, "n_recent_10y": 1}}, {"type": "Feature", "geometry": {"type": "Polygon", "coordinates": [[[-73.6, -48.3], [-73.5, -48.3], [-73.5, -48.2], [-73.6, -48.2], [-73.6, -48.3]]]}, "properties": {"n_records": 8, "n_localities": 2, "n_observers": 7, "n_recent_10y": 8}}, {"type": "Feature", "geometry": {"type": "Polygon", "coordinates": [[[-73.6, -47.9], [-73.5, -47.9], [-73.5, -47.8], [-73.6, -47.8], [-73.6, -47.9]]]}, "properties": {"n_records": 20, "n_localities": 11, "n_observers": 16, "n_recent_10y": 18}}, {"type": "Feature", "geometry": {"type": "Polygon", "coordinates": [[[-73.6, -47.8], [-73.5, -47.8], [-73.5, -47.7], [-73.6, -47.7], [-73.6, -47.8]]]}, "properties": {"n_records": 53, "n_localities": 9, "n_observers": 43, "n_recent_10y": 49}}, {"type": "Feature", "geometry": {"type": "Polygon", "coordinates": [[[-73.6, -41.4], [-73.5, -41.4], [-73.5, -41.3], [-73.6, -41.3], [-73.6, -41.4]]]}, "properties": {"n_records": 1, "n_localities": 1, "n_observers": 1, "n_recent_10y": 1}}, {"type": "Feature", "geometry": {"type": "Polygon", "coordinates": [[[-73.5, -53.3], [-73.4, -53.3], [-73.4, -53.2], [-73.5, -53.2], [-73.5, -53.3]]]}, "properties": {"n_records": 1, "n_localities": 1, "n_observers": 1, "n_recent_10y": 1}}, {"type": "Feature", "geometry": {"type": "Polygon", "coordinates": [[[-73.5, -53.2], [-73.4, -53.2], [-73.4, -53.1], [-73.5, -53.1], [-73.5, -53.2]]]}, "properties": {"n_records": 1, "n_localities": 1, "n_observers": 1, "n_recent_10y": 1}}, {"type": "Feature", "geometry": {"type": "Polygon", "coordinates": [[[-73.5, -52.9], [-73.4, -52.9], [-73.4, -52.8], [-73.5, -52.8], [-73.5, -52.9]]]}, "properties": {"n_records": 1, "n_localities": 1, "n_observers": 1, "n_recent_10y": 1}}, {"type": "Feature", "geometry": {"type": "Polygon", "coordinates": [[[-73.5, -52.2], [-73.4, -52.2], [-73.4, -52.1], [-73.5, -52.1], [-73.5, -52.2]]]}, "properties": {"n_records": 3, "n_localities": 1, "n_observers": 3, "n_recent_10y": 3}}, {"type": "Feature", "geometry": {"type": "Polygon", "coordinates": [[[-73.5, -52.1], [-73.4, -52.1], [-73.4, -52.0], [-73.5, -52.0], [-73.5, -52.1]]]}, "properties": {"n_records": 3, "n_localities": 3, "n_observers": 2, "n_recent_10y": 3}}, {"type": "Feature", "geometry": {"type": "Polygon", "coordinates": [[[-73.5, -51.0], [-73.4, -51.0], [-73.4, -50.9], [-73.5, -50.9], [-73.5, -51.0]]]}, "properties": {"n_records": 7, "n_localities": 6, "n_observers": 6, "n_recent_10y": 3}}, {"type": "Feature", "geometry": {"type": "Polygon", "coordinates": [[[-73.5, -48.4], [-73.4, -48.4], [-73.4, -48.3], [-73.5, -48.3], [-73.5, -48.4]]]}, "properties": {"n_records": 2, "n_localities": 1, "n_observers": 2, "n_recent_10y": 0}}, {"type": "Feature", "geometry": {"type": "Polygon", "coordinates": [[[-73.5, -48.3], [-73.4, -48.3], [-73.4, -48.2], [-73.5, -48.2], [-73.5, -48.3]]]}, "properties": {"n_records": 13, "n_localities": 2, "n_observers": 7, "n_recent_10y": 11}}, {"type": "Feature", "geometry": {"type": "Polygon", "coordinates": [[[-73.5, -48.2], [-73.4, -48.2], [-73.4, -48.1], [-73.5, -48.1], [-73.5, -48.2]]]}, "properties": {"n_records": 2, "n_localities": 2, "n_observers": 2, "n_recent_10y": 2}}, {"type": "Feature", "geometry": {"type": "Polygon", "coordinates": [[[-73.5, -47.9], [-73.4, -47.9], [-73.4, -47.8], [-73.5, -47.8], [-73.5, -47.9]]]}, "properties": {"n_records": 1, "n_localities": 1, "n_observers": 1, "n_recent_10y": 1}}, {"type": "Feature", "geometry": {"type": "Polygon", "coordinates": [[[-73.5, -46.4], [-73.4, -46.4], [-73.4, -46.3], [-73.5, -46.3], [-73.5, -46.4]]]}, "properties": {"n_records": 3, "n_localities": 2, "n_observers": 3, "n_recent_10y": 3}}, {"type": "Feature", "geometry": {"type": "Polygon", "coordinates": [[[-73.5, -46.3], [-73.4, -46.3], [-73.4, -46.2], [-73.5, -46.2], [-73.5, -46.3]]]}, "properties": {"n_records": 1, "n_localities": 1, "n_observers": 1, "n_recent_10y": 1}}, {"type": "Feature", "geometry": {"type": "Polygon", "coordinates": [[[-73.5, -41.5], [-73.4, -41.5], [-73.4, -41.4], [-73.5, -41.4], [-73.5, -41.5]]]}, "properties": {"n_records": 1, "n_localities": 1, "n_observers": 1, "n_recent_10y": 1}}, {"type": "Feature", "geometry": {"type": "Polygon", "coordinates": [[[-73.4, -53.2], [-73.3, -53.2], [-73.3, -53.1], [-73.4, -53.1], [-73.4, -53.2]]]}, "properties": {"n_records": 2, "n_localities": 1, "n_observers": 2, "n_recent_10y": 2}}, {"type": "Feature", "geometry": {"type": "Polygon", "coordinates": [[[-73.4, -52.2], [-73.3, -52.2], [-73.3, -52.1], [-73.4, -52.1], [-73.4, -52.2]]]}, "properties": {"n_records": 3, "n_localities": 2, "n_observers": 3, "n_recent_10y": 3}}, {"type": "Feature", "geometry": {"type": "Polygon", "coordinates": [[[-73.4, -52.0], [-73.3, -52.0], [-73.3, -51.9], [-73.4, -51.9], [-73.4, -52.0]]]}, "properties": {"n_records": 1, "n_localities": 1, "n_observers": 1, "n_recent_10y": 1}}, {"type": "Feature", "geometry": {"type": "Polygon", "coordinates": [[[-73.4, -51.9], [-73.3, -51.9], [-73.3, -51.8], [-73.4, -51.8], [-73.4, -51.9]]]}, "properties": {"n_records": 19, "n_localities": 4, "n_observers": 17, "n_recent_10y": 15}}, {"type": "Feature", "geometry": {"type": "Polygon", "coordinates": [[[-73.4, -51.8], [-73.3, -51.8], [-73.3, -51.7], [-73.4, -51.7], [-73.4, -51.8]]]}, "properties": {"n_records": 2, "n_localities": 1, "n_observers": 2, "n_recent_10y": 1}}, {"type": "Feature", "geometry": {"type": "Polygon", "coordinates": [[[-73.4, -51.2], [-73.3, -51.2], [-73.3, -51.1], [-73.4, -51.1], [-73.4, -51.2]]]}, "properties": {"n_records": 1, "n_localities": 1, "n_observers": 1, "n_recent_10y": 0}}, {"type": "Feature", "geometry": {"type": "Polygon", "coordinates": [[[-73.4, -51.0], [-73.3, -51.0], [-73.3, -50.9], [-73.4, -50.9], [-73.4, -51.0]]]}, "properties": {"n_records": 2, "n_localities": 1, "n_observers": 1, "n_recent_10y": 2}}, {"type": "Feature", "geometry": {"type": "Polygon", "coordinates": [[[-73.4, -46.5], [-73.3, -46.5], [-73.3, -46.4], [-73.4, -46.4], [-73.4, -46.5]]]}, "properties": {"n_records": 2, "n_localities": 1, "n_observers": 2, "n_recent_10y": 0}}, {"type": "Feature", "geometry": {"type": "Polygon", "coordinates": [[[-73.3, -54.1], [-73.2, -54.1], [-73.2, -54.0], [-73.3, -54.0], [-73.3, -54.1]]]}, "properties": {"n_records": 1, "n_localities": 1, "n_observers": 1, "n_recent_10y": 1}}, {"type": "Feature", "geometry": {"type": "Polygon", "coordinates": [[[-73.3, -52.9], [-73.2, -52.9], [-73.2, -52.8], [-73.3, -52.8], [-73.3, -52.9]]]}, "properties": {"n_records": 4, "n_localities": 1, "n_observers": 3, "n_recent_10y": 4}}, {"type": "Feature", "geometry": {"type": "Polygon", "coordinates": [[[-73.3, -52.8], [-73.2, -52.8], [-73.2, -52.7], [-73.3, -52.7], [-73.3, -52.8]]]}, "properties": {"n_records": 2, "n_localities": 1, "n_observers": 2, "n_recent_10y": 2}}, {"type": "Feature", "geometry": {"type": "Polygon", "coordinates": [[[-73.3, -52.2], [-73.2, -52.2], [-73.2, -52.1], [-73.3, -52.1], [-73.3, -52.2]]]}, "properties": {"n_records": 7, "n_localities": 6, "n_observers": 7, "n_recent_10y": 6}}, {"type": "Feature", "geometry": {"type": "Polygon", "coordinates": [[[-73.3, -52.1], [-73.2, -52.1], [-73.2, -52.0], [-73.3, -52.0], [-73.3, -52.1]]]}, "properties": {"n_records": 4, "n_localities": 1, "n_observers": 4, "n_recent_10y": 4}}, {"type": "Feature", "geometry": {"type": "Polygon", "coordinates": [[[-73.3, -51.9], [-73.2, -51.9], [-73.2, -51.8], [-73.3, -51.8], [-73.3, -51.9]]]}, "properties": {"n_records": 1, "n_localities": 1, "n_observers": 1, "n_recent_10y": 1}}, {"type": "Feature", "geometry": {"type": "Polygon", "coordinates": [[[-73.3, -51.6], [-73.2, -51.6], [-73.2, -51.5], [-73.3, -51.5], [-73.3, -51.6]]]}, "properties": {"n_records": 1, "n_localities": 1, "n_observers": 1, "n_recent_10y": 0}}, {"type": "Feature", "geometry": {"type": "Polygon", "coordinates": [[[-73.3, -51.2], [-73.2, -51.2], [-73.2, -51.1], [-73.3, -51.1], [-73.3, -51.2]]]}, "properties": {"n_records": 1, "n_localities": 1, "n_observers": 1, "n_recent_10y": 1}}, {"type": "Feature", "geometry": {"type": "Polygon", "coordinates": [[[-73.3, -51.1], [-73.2, -51.1], [-73.2, -51.0], [-73.3, -51.0], [-73.3, -51.1]]]}, "properties": {"n_records": 1, "n_localities": 1, "n_observers": 1, "n_recent_10y": 0}}, {"type": "Feature", "geometry": {"type": "Polygon", "coordinates": [[[-73.3, -51.0], [-73.2, -51.0], [-73.2, -50.9], [-73.3, -50.9], [-73.3, -51.0]]]}, "properties": {"n_records": 7, "n_localities": 3, "n_observers": 7, "n_recent_10y": 7}}, {"type": "Feature", "geometry": {"type": "Polygon", "coordinates": [[[-73.3, -50.7], [-73.2, -50.7], [-73.2, -50.6], [-73.3, -50.6], [-73.3, -50.7]]]}, "properties": {"n_records": 1, "n_localities": 1, "n_observers": 1, "n_recent_10y": 1}}, {"type": "Feature", "geometry": {"type": "Polygon", "coordinates": [[[-73.3, -48.9], [-73.2, -48.9], [-73.2, -48.8], [-73.3, -48.8], [-73.3, -48.9]]]}, "properties": {"n_records": 1, "n_localities": 1, "n_observers": 1, "n_recent_10y": 1}}, {"type": "Feature", "geometry": {"type": "Polygon", "coordinates": [[[-73.3, -48.0], [-73.2, -48.0], [-73.2, -47.9], [-73.3, -47.9], [-73.3, -48.0]]]}, "properties": {"n_records": 1, "n_localities": 1, "n_observers": 1, "n_recent_10y": 1}}, {"type": "Feature", "geometry": {"type": "Polygon", "coordinates": [[[-73.3, -47.8], [-73.2, -47.8], [-73.2, -47.7], [-73.3, -47.7], [-73.3, -47.8]]]}, "properties": {"n_records": 1, "n_localities": 1, "n_observers": 1, "n_recent_10y": 1}}, {"type": "Feature", "geometry": {"type": "Polygon", "coordinates": [[[-73.3, -46.8], [-73.2, -46.8], [-73.2, -46.7], [-73.3, -46.7], [-73.3, -46.8]]]}, "properties": {"n_records": 1, "n_localities": 1, "n_observers": 1, "n_recent_10y": 0}}, {"type": "Feature", "geometry": {"type": "Polygon", "coordinates": [[[-73.3, -46.4], [-73.2, -46.4], [-73.2, -46.3], [-73.3, -46.3], [-73.3, -46.4]]]}, "properties": {"n_records": 2, "n_localities": 1, "n_observers": 2, "n_recent_10y": 2}}, {"type": "Feature", "geometry": {"type": "Polygon", "coordinates": [[[-73.2, -52.3], [-73.1, -52.3], [-73.1, -52.2], [-73.2, -52.2], [-73.2, -52.3]]]}, "properties": {"n_records": 1, "n_localities": 1, "n_observers": 1, "n_recent_10y": 1}}, {"type": "Feature", "geometry": {"type": "Polygon", "coordinates": [[[-73.2, -52.2], [-73.1, -52.2], [-73.1, -52.1], [-73.2, -52.1], [-73.2, -52.2]]]}, "properties": {"n_records": 1, "n_localities": 1, "n_observers": 1, "n_recent_10y": 1}}, {"type": "Feature", "geometry": {"type": "Polygon", "coordinates": [[[-73.2, -52.1], [-73.1, -52.1], [-73.1, -52.0], [-73.2, -52.0], [-73.2, -52.1]]]}, "properties": {"n_records": 2, "n_localities": 2, "n_observers": 2, "n_recent_10y": 1}}, {"type": "Feature", "geometry": {"type": "Polygon", "coordinates": [[[-73.2, -52.0], [-73.1, -52.0], [-73.1, -51.9], [-73.2, -51.9], [-73.2, -52.0]]]}, "properties": {"n_records": 1, "n_localities": 1, "n_observers": 1, "n_recent_10y": 1}}, {"type": "Feature", "geometry": {"type": "Polygon", "coordinates": [[[-73.2, -51.5], [-73.1, -51.5], [-73.1, -51.4], [-73.2, -51.4], [-73.2, -51.5]]]}, "properties": {"n_records": 41, "n_localities": 13, "n_observers": 37, "n_recent_10y": 29}}, {"type": "Feature", "geometry": {"type": "Polygon", "coordinates": [[[-73.2, -51.3], [-73.1, -51.3], [-73.1, -51.2], [-73.2, -51.2], [-73.2, -51.3]]]}, "properties": {"n_records": 3, "n_localities": 2, "n_observers": 2, "n_recent_10y": 0}}, {"type": "Feature", "geometry": {"type": "Polygon", "coordinates": [[[-73.2, -51.2], [-73.1, -51.2], [-73.1, -51.1], [-73.2, -51.1], [-73.2, -51.2]]]}, "properties": {"n_records": 371, "n_localities": 54, "n_observers": 301, "n_recent_10y": 327}}, {"type": "Feature", "geometry": {"type": "Polygon", "coordinates": [[[-73.2, -51.1], [-73.1, -51.1], [-73.1, -51.0], [-73.2, -51.0], [-73.2, -51.1]]]}, "properties": {"n_records": 118, "n_localities": 25, "n_observers": 99, "n_recent_10y": 102}}, {"type": "Feature", "geometry": {"type": "Polygon", "coordinates": [[[-73.2, -51.0], [-73.1, -51.0], [-73.1, -50.9], [-73.2, -50.9], [-73.2, -51.0]]]}, "properties": {"n_records": 25, "n_localities": 7, "n_observers": 23, "n_recent_10y": 17}}, {"type": "Feature", "geometry": {"type": "Polygon", "coordinates": [[[-73.2, -47.9], [-73.1, -47.9], [-73.1, -47.8], [-73.2, -47.8], [-73.2, -47.9]]]}, "properties": {"n_records": 1, "n_localities": 1, "n_observers": 1, "n_recent_10y": 0}}, {"type": "Feature", "geometry": {"type": "Polygon", "coordinates": [[[-73.2, -47.8], [-73.1, -47.8], [-73.1, -47.7], [-73.2, -47.7], [-73.2, -47.8]]]}, "properties": {"n_records": 1, "n_localities": 1, "n_observers": 1, "n_recent_10y": 0}}, {"type": "Feature", "geometry": {"type": "Polygon", "coordinates": [[[-73.2, -46.8], [-73.1, -46.8], [-73.1, -46.7], [-73.2, -46.7], [-73.2, -46.8]]]}, "properties": {"n_records": 2, "n_localities": 1, "n_observers": 2, "n_recent_10y": 2}}, {"type": "Feature", "geometry": {"type": "Polygon", "coordinates": [[[-73.2, -46.7], [-73.1, -46.7], [-73.1, -46.6], [-73.2, -46.6], [-73.2, -46.7]]]}, "properties": {"n_records": 1, "n_localities": 1, "n_observers": 1, "n_recent_10y": 0}}, {"type": "Feature", "geometry": {"type": "Polygon", "coordinates": [[[-73.2, -46.6], [-73.1, -46.6], [-73.1, -46.5], [-73.2, -46.5], [-73.2, -46.6]]]}, "properties": {"n_records": 22, "n_localities": 9, "n_observers": 17, "n_recent_10y": 22}}, {"type": "Feature", "geometry": {"type": "Polygon", "coordinates": [[[-73.2, -46.5], [-73.1, -46.5], [-73.1, -46.4], [-73.2, -46.4], [-73.2, -46.5]]]}, "properties": {"n_records": 10, "n_localities": 7, "n_observers": 9, "n_recent_10y": 10}}, {"type": "Feature", "geometry": {"type": "Polygon", "coordinates": [[[-73.2, -41.4], [-73.1, -41.4], [-73.1, -41.3], [-73.2, -41.3], [-73.2, -41.4]]]}, "properties": {"n_records": 1, "n_localities": 1, "n_observers": 1, "n_recent_10y": 1}}, {"type": "Feature", "geometry": {"type": "Polygon", "coordinates": [[[-73.1, -52.1], [-73.0, -52.1], [-73.0, -52.0], [-73.1, -52.0], [-73.1, -52.1]]]}, "properties": {"n_records": 7, "n_localities": 6, "n_observers": 6, "n_recent_10y": 6}}, {"type": "Feature", "geometry": {"type": "Polygon", "coordinates": [[[-73.1, -52.0], [-73.0, -52.0], [-73.0, -51.9], [-73.1, -51.9], [-73.1, -52.0]]]}, "properties": {"n_records": 11, "n_localities": 6, "n_observers": 9, "n_recent_10y": 11}}, {"type": "Feature", "geometry": {"type": "Polygon", "coordinates": [[[-73.1, -51.9], [-73.0, -51.9], [-73.0, -51.8], [-73.1, -51.8], [-73.1, -51.9]]]}, "properties": {"n_records": 1, "n_localities": 1, "n_observers": 1, "n_recent_10y": 1}}, {"type": "Feature", "geometry": {"type": "Polygon", "coordinates": [[[-73.1, -51.5], [-73.0, -51.5], [-73.0, -51.4], [-73.1, -51.4], [-73.1, -51.5]]]}, "properties": {"n_records": 2, "n_localities": 2, "n_observers": 2, "n_recent_10y": 2}}, {"type": "Feature", "geometry": {"type": "Polygon", "coordinates": [[[-73.1, -51.3], [-73.0, -51.3], [-73.0, -51.2], [-73.1, -51.2], [-73.1, -51.3]]]}, "properties": {"n_records": 2, "n_localities": 2, "n_observers": 2, "n_recent_10y": 2}}, {"type": "Feature", "geometry": {"type": "Polygon", "coordinates": [[[-73.1, -51.2], [-73.0, -51.2], [-73.0, -51.1], [-73.1, -51.1], [-73.1, -51.2]]]}, "properties": {"n_records": 67, "n_localities": 19, "n_observers": 59, "n_recent_10y": 55}}, {"type": "Feature", "geometry": {"type": "Polygon", "coordinates": [[[-73.1, -51.1], [-73.0, -51.1], [-73.0, -51.0], [-73.1, -51.0], [-73.1, -51.1]]]}, "properties": {"n_records": 310, "n_localities": 79, "n_observers": 252, "n_recent_10y": 251}}, {"type": "Feature", "geometry": {"type": "Polygon", "coordinates": [[[-73.1, -51.0], [-73.0, -51.0], [-73.0, -50.9], [-73.1, -50.9], [-73.1, -51.0]]]}, "properties": {"n_records": 16, "n_localities": 9, "n_observers": 16, "n_recent_10y": 8}}, {"type": "Feature", "geometry": {"type": "Polygon", "coordinates": [[[-73.1, -50.9], [-73.0, -50.9], [-73.0, -50.8], [-73.1, -50.8], [-73.1, -50.9]]]}, "properties": {"n_records": 17, "n_localities": 4, "n_observers": 17, "n_recent_10y": 11}}, {"type": "Feature", "geometry": {"type": "Polygon", "coordinates": [[[-73.1, -48.1], [-73.0, -48.1], [-73.0, -48.0], [-73.1, -48.0], [-73.1, -48.1]]]}, "properties": {"n_records": 1, "n_localities": 1, "n_observers": 1, "n_recent_10y": 1}}, {"type": "Feature", "geometry": {"type": "Polygon", "coordinates": [[[-73.1, -47.7], [-73.0, -47.7], [-73.0, -47.6], [-73.1, -47.6], [-73.1, -47.7]]]}, "properties": {"n_records": 1, "n_localities": 1, "n_observers": 1, "n_recent_10y": 1}}, {"type": "Feature", "geometry": {"type": "Polygon", "coordinates": [[[-73.1, -47.6], [-73.0, -47.6], [-73.0, -47.5], [-73.1, -47.5], [-73.1, -47.6]]]}, "properties": {"n_records": 1, "n_localities": 1, "n_observers": 1, "n_recent_10y": 1}}, {"type": "Feature", "geometry": {"type": "Polygon", "coordinates": [[[-73.1, -46.8], [-73.0, -46.8], [-73.0, -46.7], [-73.1, -46.7], [-73.1, -46.8]]]}, "properties": {"n_records": 4, "n_localities": 2, "n_observers": 3, "n_recent_10y": 0}}, {"type": "Feature", "geometry": {"type": "Polygon", "coordinates": [[[-73.1, -46.6], [-73.0, -46.6], [-73.0, -46.5], [-73.1, -46.5], [-73.1, -46.6]]]}, "properties": {"n_records": 1, "n_localities": 1, "n_observers": 1, "n_recent_10y": 1}}, {"type": "Feature", "geometry": {"type": "Polygon", "coordinates": [[[-73.1, -46.5], [-73.0, -46.5], [-73.0, -46.4], [-73.1, -46.4], [-73.1, -46.5]]]}, "properties": {"n_records": 1, "n_localities": 1, "n_observers": 1, "n_recent_10y": 1}}, {"type": "Feature", "geometry": {"type": "Polygon", "coordinates": [[[-73.1, -43.9], [-73.0, -43.9], [-73.0, -43.8], [-73.1, -43.8], [-73.1, -43.9]]]}, "properties": {"n_records": 1, "n_localities": 1, "n_observers": 1, "n_recent_10y": 0}}, {"type": "Feature", "geometry": {"type": "Polygon", "coordinates": [[[-73.1, -41.7], [-73.0, -41.7], [-73.0, -41.6], [-73.1, -41.6], [-73.1, -41.7]]]}, "properties": {"n_records": 1, "n_localities": 1, "n_observers": 1, "n_recent_10y": 1}}, {"type": "Feature", "geometry": {"type": "Polygon", "coordinates": [[[-73.1, -41.4], [-73.0, -41.4], [-73.0, -41.3], [-73.1, -41.3], [-73.1, -41.4]]]}, "properties": {"n_records": 1, "n_localities": 1, "n_observers": 1, "n_recent_10y": 1}}, {"type": "Feature", "geometry": {"type": "Polygon", "coordinates": [[[-73.0, -53.1], [-72.9, -53.1], [-72.9, -53.0], [-73.0, -53.0], [-73.0, -53.1]]]}, "properties": {"n_records": 2, "n_localities": 1, "n_observers": 1, "n_recent_10y": 2}}, {"type": "Feature", "geometry": {"type": "Polygon", "coordinates": [[[-73.0, -53.0], [-72.9, -53.0], [-72.9, -52.9], [-73.0, -52.9], [-73.0, -53.0]]]}, "properties": {"n_records": 1, "n_localities": 1, "n_observers": 1, "n_recent_10y": 1}}, {"type": "Feature", "geometry": {"type": "Polygon", "coordinates": [[[-73.0, -52.1], [-72.9, -52.1], [-72.9, -52.0], [-73.0, -52.0], [-73.0, -52.1]]]}, "properties": {"n_records": 4, "n_localities": 1, "n_observers": 2, "n_recent_10y": 4}}, {"type": "Feature", "geometry": {"type": "Polygon", "coordinates": [[[-73.0, -52.0], [-72.9, -52.0], [-72.9, -51.9], [-73.0, -51.9], [-73.0, -52.0]]]}, "properties": {"n_records": 1, "n_localities": 1, "n_observers": 1, "n_recent_10y": 0}}, {"type": "Feature", "geometry": {"type": "Polygon", "coordinates": [[[-73.0, -51.9], [-72.9, -51.9], [-72.9, -51.8], [-73.0, -51.8], [-73.0, -51.9]]]}, "properties": {"n_records": 78, "n_localities": 20, "n_observers": 39, "n_recent_10y": 77}}, {"type": "Feature", "geometry": {"type": "Polygon", "coordinates": [[[-73.0, -51.8], [-72.9, -51.8], [-72.9, -51.7], [-73.0, -51.7], [-73.0, -51.8]]]}, "properties": {"n_records": 1, "n_localities": 1, "n_observers": 1, "n_recent_10y": 1}}, {"type": "Feature", "geometry": {"type": "Polygon", "coordinates": [[[-73.0, -51.6], [-72.9, -51.6], [-72.9, -51.5], [-73.0, -51.5], [-73.0, -51.6]]]}, "properties": {"n_records": 1, "n_localities": 1, "n_observers": 1, "n_recent_10y": 1}}, {"type": "Feature", "geometry": {"type": "Polygon", "coordinates": [[[-73.0, -51.5], [-72.9, -51.5], [-72.9, -51.4], [-73.0, -51.4], [-73.0, -51.5]]]}, "properties": {"n_records": 3, "n_localities": 2, "n_observers": 3, "n_recent_10y": 3}}, {"type": "Feature", "geometry": {"type": "Polygon", "coordinates": [[[-73.0, -51.3], [-72.9, -51.3], [-72.9, -51.2], [-73.0, -51.2], [-73.0, -51.3]]]}, "properties": {"n_records": 188, "n_localities": 57, "n_observers": 143, "n_recent_10y": 171}}, {"type": "Feature", "geometry": {"type": "Polygon", "coordinates": [[[-73.0, -51.2], [-72.9, -51.2], [-72.9, -51.1], [-73.0, -51.1], [-73.0, -51.2]]]}, "properties": {"n_records": 395, "n_localities": 67, "n_observers": 315, "n_recent_10y": 339}}, {"type": "Feature", "geometry": {"type": "Polygon", "coordinates": [[[-73.0, -51.1], [-72.9, -51.1], [-72.9, -51.0], [-73.0, -51.0], [-73.0, -51.1]]]}, "properties": {"n_records": 459, "n_localities": 104, "n_observers": 378, "n_recent_10y": 380}}, {"type": "Feature", "geometry": {"type": "Polygon", "coordinates": [[[-73.0, -51.0], [-72.9, -51.0], [-72.9, -50.9], [-73.0, -50.9], [-73.0, -51.0]]]}, "properties": {"n_records": 323, "n_localities": 33, "n_observers": 262, "n_recent_10y": 242}}, {"type": "Feature", "geometry": {"type": "Polygon", "coordinates": [[[-73.0, -50.9], [-72.9, -50.9], [-72.9, -50.8], [-73.0, -50.8], [-73.0, -50.9]]]}, "properties": {"n_records": 29, "n_localities": 9, "n_observers": 26, "n_recent_10y": 25}}, {"type": "Feature", "geometry": {"type": "Polygon", "coordinates": [[[-73.0, -48.2], [-72.9, -48.2], [-72.9, -48.1], [-73.0, -48.1], [-73.0, -48.2]]]}, "properties": {"n_records": 1, "n_localities": 1, "n_observers": 1, "n_recent_10y": 1}}, {"type": "Feature", "geometry": {"type": "Polygon", "coordinates": [[[-73.0, -47.5], [-72.9, -47.5], [-72.9, -47.4], [-73.0, -47.4], [-73.0, -47.5]]]}, "properties": {"n_records": 2, "n_localities": 2, "n_observers": 2, "n_recent_10y": 2}}, {"type": "Feature", "geometry": {"type": "Polygon", "coordinates": [[[-73.0, -46.8], [-72.9, -46.8], [-72.9, -46.7], [-73.0, -46.7], [-73.0, -46.8]]]}, "properties": {"n_records": 3, "n_localities": 3, "n_observers": 3, "n_recent_10y": 2}}, {"type": "Feature", "geometry": {"type": "Polygon", "coordinates": [[[-73.0, -46.7], [-72.9, -46.7], [-72.9, -46.6], [-73.0, -46.6], [-73.0, -46.7]]]}, "properties": {"n_records": 1, "n_localities": 1, "n_observers": 1, "n_recent_10y": 1}}, {"type": "Feature", "geometry": {"type": "Polygon", "coordinates": [[[-73.0, -46.6], [-72.9, -46.6], [-72.9, -46.5], [-73.0, -46.5], [-73.0, -46.6]]]}, "properties": {"n_records": 1, "n_localities": 1, "n_observers": 1, "n_recent_10y": 1}}, {"type": "Feature", "geometry": {"type": "Polygon", "coordinates": [[[-73.0, -45.5], [-72.9, -45.5], [-72.9, -45.4], [-73.0, -45.4], [-73.0, -45.5]]]}, "properties": {"n_records": 3, "n_localities": 3, "n_observers": 3, "n_recent_10y": 3}}, {"type": "Feature", "geometry": {"type": "Polygon", "coordinates": [[[-73.0, -43.8], [-72.9, -43.8], [-72.9, -43.7], [-73.0, -43.7], [-73.0, -43.8]]]}, "properties": {"n_records": 1, "n_localities": 1, "n_observers": 1, "n_recent_10y": 1}}, {"type": "Feature", "geometry": {"type": "Polygon", "coordinates": [[[-73.0, -41.8], [-72.9, -41.8], [-72.9, -41.7], [-73.0, -41.7], [-73.0, -41.8]]]}, "properties": {"n_records": 1, "n_localities": 1, "n_observers": 1, "n_recent_10y": 1}}, {"type": "Feature", "geometry": {"type": "Polygon", "coordinates": [[[-73.0, -41.5], [-72.9, -41.5], [-72.9, -41.4], [-73.0, -41.4], [-73.0, -41.5]]]}, "properties": {"n_records": 3, "n_localities": 3, "n_observers": 3, "n_recent_10y": 2}}, {"type": "Feature", "geometry": {"type": "Polygon", "coordinates": [[[-73.0, -41.4], [-72.9, -41.4], [-72.9, -41.3], [-73.0, -41.3], [-73.0, -41.4]]]}, "properties": {"n_records": 4, "n_localities": 4, "n_observers": 4, "n_recent_10y": 3}}, {"type": "Feature", "geometry": {"type": "Polygon", "coordinates": [[[-72.9, -52.0], [-72.8, -52.0], [-72.8, -51.9], [-72.9, -51.9], [-72.9, -52.0]]]}, "properties": {"n_records": 1, "n_localities": 1, "n_observers": 1, "n_recent_10y": 1}}, {"type": "Feature", "geometry": {"type": "Polygon", "coordinates": [[[-72.9, -51.9], [-72.8, -51.9], [-72.8, -51.8], [-72.9, -51.8], [-72.9, -51.9]]]}, "properties": {"n_records": 3, "n_localities": 2, "n_observers": 2, "n_recent_10y": 2}}, {"type": "Feature", "geometry": {"type": "Polygon", "coordinates": [[[-72.9, -51.8], [-72.8, -51.8], [-72.8, -51.7], [-72.9, -51.7], [-72.9, -51.8]]]}, "properties": {"n_records": 1, "n_localities": 1, "n_observers": 1, "n_recent_10y": 0}}, {"type": "Feature", "geometry": {"type": "Polygon", "coordinates": [[[-72.9, -51.6], [-72.8, -51.6], [-72.8, -51.5], [-72.9, -51.5], [-72.9, -51.6]]]}, "properties": {"n_records": 51, "n_localities": 9, "n_observers": 46, "n_recent_10y": 48}}, {"type": "Feature", "geometry": {"type": "Polygon", "coordinates": [[[-72.9, -51.4], [-72.8, -51.4], [-72.8, -51.3], [-72.9, -51.3], [-72.9, -51.4]]]}, "properties": {"n_records": 12, "n_localities": 9, "n_observers": 10, "n_recent_10y": 11}}, {"type": "Feature", "geometry": {"type": "Polygon", "coordinates": [[[-72.9, -51.3], [-72.8, -51.3], [-72.8, -51.2], [-72.9, -51.2], [-72.9, -51.3]]]}, "properties": {"n_records": 35, "n_localities": 23, "n_observers": 27, "n_recent_10y": 33}}, {"type": "Feature", "geometry": {"type": "Polygon", "coordinates": [[[-72.9, -51.2], [-72.8, -51.2], [-72.8, -51.1], [-72.9, -51.1], [-72.9, -51.2]]]}, "properties": {"n_records": 92, "n_localities": 22, "n_observers": 57, "n_recent_10y": 83}}, {"type": "Feature", "geometry": {"type": "Polygon", "coordinates": [[[-72.9, -51.1], [-72.8, -51.1], [-72.8, -51.0], [-72.9, -51.0], [-72.9, -51.1]]]}, "properties": {"n_records": 234, "n_localities": 55, "n_observers": 169, "n_recent_10y": 207}}, {"type": "Feature", "geometry": {"type": "Polygon", "coordinates": [[[-72.9, -51.0], [-72.8, -51.0], [-72.8, -50.9], [-72.9, -50.9], [-72.9, -51.0]]]}, "properties": {"n_records": 452, "n_localities": 117, "n_observers": 321, "n_recent_10y": 366}}, {"type": "Feature", "geometry": {"type": "Polygon", "coordinates": [[[-72.9, -50.9], [-72.8, -50.9], [-72.8, -50.8], [-72.9, -50.8], [-72.9, -50.9]]]}, "properties": {"n_records": 37, "n_localities": 8, "n_observers": 28, "n_recent_10y": 32}}, {"type": "Feature", "geometry": {"type": "Polygon", "coordinates": [[[-72.9, -48.2], [-72.8, -48.2], [-72.8, -48.1], [-72.9, -48.1], [-72.9, -48.2]]]}, "properties": {"n_records": 4, "n_localities": 2, "n_observers": 4, "n_recent_10y": 4}}, {"type": "Feature", "geometry": {"type": "Polygon", "coordinates": [[[-72.9, -47.6], [-72.8, -47.6], [-72.8, -47.5], [-72.9, -47.5], [-72.9, -47.6]]]}, "properties": {"n_records": 1, "n_localities": 1, "n_observers": 1, "n_recent_10y": 1}}, {"type": "Feature", "geometry": {"type": "Polygon", "coordinates": [[[-72.9, -47.1], [-72.8, -47.1], [-72.8, -47.0], [-72.9, -47.0], [-72.9, -47.1]]]}, "properties": {"n_records": 1, "n_localities": 1, "n_observers": 1, "n_recent_10y": 1}}, {"type": "Feature", "geometry": {"type": "Polygon", "coordinates": [[[-72.9, -46.6], [-72.8, -46.6], [-72.8, -46.5], [-72.9, -46.5], [-72.9, -46.6]]]}, "properties": {"n_records": 1, "n_localities": 1, "n_observers": 1, "n_recent_10y": 1}}, {"type": "Feature", "geometry": {"type": "Polygon", "coordinates": [[[-72.9, -45.5], [-72.8, -45.5], [-72.8, -45.4], [-72.9, -45.4], [-72.9, -45.5]]]}, "properties": {"n_records": 19, "n_localities": 4, "n_observers": 18, "n_recent_10y": 17}}, {"type": "Feature", "geometry": {"type": "Polygon", "coordinates": [[[-72.9, -41.6], [-72.8, -41.6], [-72.8, -41.5], [-72.9, -41.5], [-72.9, -41.6]]]}, "properties": {"n_records": 1, "n_localities": 1, "n_observers": 1, "n_recent_10y": 1}}, {"type": "Feature", "geometry": {"type": "Polygon", "coordinates": [[[-72.8, -51.9], [-72.7, -51.9], [-72.7, -51.8], [-72.8, -51.8], [-72.8, -51.9]]]}, "properties": {"n_records": 2, "n_localities": 1, "n_observers": 2, "n_recent_10y": 2}}, {"type": "Feature", "geometry": {"type": "Polygon", "coordinates": [[[-72.8, -51.7], [-72.7, -51.7], [-72.7, -51.6], [-72.8, -51.6], [-72.8, -51.7]]]}, "properties": {"n_records": 9, "n_localities": 3, "n_observers": 2, "n_recent_10y": 9}}, {"type": "Feature", "geometry": {"type": "Polygon", "coordinates": [[[-72.8, -51.6], [-72.7, -51.6], [-72.7, -51.5], [-72.8, -51.5], [-72.8, -51.6]]]}, "properties": {"n_records": 2, "n_localities": 2, "n_observers": 2, "n_recent_10y": 2}}, {"type": "Feature", "geometry": {"type": "Polygon", "coordinates": [[[-72.8, -51.5], [-72.7, -51.5], [-72.7, -51.4], [-72.8, -51.4], [-72.8, -51.5]]]}, "properties": {"n_records": 29, "n_localities": 17, "n_observers": 26, "n_recent_10y": 28}}, {"type": "Feature", "geometry": {"type": "Polygon", "coordinates": [[[-72.8, -51.4], [-72.7, -51.4], [-72.7, -51.3], [-72.8, -51.3], [-72.8, -51.4]]]}, "properties": {"n_records": 26, "n_localities": 19, "n_observers": 25, "n_recent_10y": 21}}, {"type": "Feature", "geometry": {"type": "Polygon", "coordinates": [[[-72.8, -51.2], [-72.7, -51.2], [-72.7, -51.1], [-72.8, -51.1], [-72.8, -51.2]]]}, "properties": {"n_records": 1, "n_localities": 1, "n_observers": 1, "n_recent_10y": 1}}, {"type": "Feature", "geometry": {"type": "Polygon", "coordinates": [[[-72.8, -51.1], [-72.7, -51.1], [-72.7, -51.0], [-72.8, -51.0], [-72.8, -51.1]]]}, "properties": {"n_records": 340, "n_localities": 47, "n_observers": 209, "n_recent_10y": 318}}, {"type": "Feature", "geometry": {"type": "Polygon", "coordinates": [[[-72.8, -51.0], [-72.7, -51.0], [-72.7, -50.9], [-72.8, -50.9], [-72.8, -51.0]]]}, "properties": {"n_records": 392, "n_localities": 130, "n_observers": 281, "n_recent_10y": 376}}, {"type": "Feature", "geometry": {"type": "Polygon", "coordinates": [[[-72.8, -50.9], [-72.7, -50.9], [-72.7, -50.8], [-72.8, -50.8], [-72.8, -50.9]]]}, "properties": {"n_records": 201, "n_localities": 27, "n_observers": 167, "n_recent_10y": 190}}, {"type": "Feature", "geometry": {"type": "Polygon", "coordinates": [[[-72.8, -50.8], [-72.7, -50.8], [-72.7, -50.7], [-72.8, -50.7], [-72.8, -50.8]]]}, "properties": {"n_records": 1, "n_localities": 1, "n_observers": 1, "n_recent_10y": 0}}, {"type": "Feature", "geometry": {"type": "Polygon", "coordinates": [[[-72.8, -48.9], [-72.7, -48.9], [-72.7, -48.8], [-72.8, -48.8], [-72.8, -48.9]]]}, "properties": {"n_records": 1, "n_localities": 1, "n_observers": 1, "n_recent_10y": 0}}, {"type": "Feature", "geometry": {"type": "Polygon", "coordinates": [[[-72.8, -48.2], [-72.7, -48.2], [-72.7, -48.1], [-72.8, -48.1], [-72.8, -48.2]]]}, "properties": {"n_records": 2, "n_localities": 2, "n_observers": 2, "n_recent_10y": 2}}, {"type": "Feature", "geometry": {"type": "Polygon", "coordinates": [[[-72.8, -47.5], [-72.7, -47.5], [-72.7, -47.4], [-72.8, -47.4], [-72.8, -47.5]]]}, "properties": {"n_records": 3, "n_localities": 1, "n_observers": 3, "n_recent_10y": 3}}, {"type": "Feature", "geometry": {"type": "Polygon", "coordinates": [[[-72.8, -47.2], [-72.7, -47.2], [-72.7, -47.1], [-72.8, -47.1], [-72.8, -47.2]]]}, "properties": {"n_records": 25, "n_localities": 11, "n_observers": 23, "n_recent_10y": 24}}, {"type": "Feature", "geometry": {"type": "Polygon", "coordinates": [[[-72.8, -47.1], [-72.7, -47.1], [-72.7, -47.0], [-72.8, -47.0], [-72.8, -47.1]]]}, "properties": {"n_records": 1, "n_localities": 1, "n_observers": 1, "n_recent_10y": 0}}, {"type": "Feature", "geometry": {"type": "Polygon", "coordinates": [[[-72.8, -47.0], [-72.7, -47.0], [-72.7, -46.9], [-72.8, -46.9], [-72.8, -47.0]]]}, "properties": {"n_records": 2, "n_localities": 2, "n_observers": 2, "n_recent_10y": 0}}, {"type": "Feature", "geometry": {"type": "Polygon", "coordinates": [[[-72.8, -46.8], [-72.7, -46.8], [-72.7, -46.7], [-72.8, -46.7], [-72.8, -46.8]]]}, "properties": {"n_records": 2, "n_localities": 1, "n_observers": 2, "n_recent_10y": 2}}, {"type": "Feature", "geometry": {"type": "Polygon", "coordinates": [[[-72.8, -46.7], [-72.7, -46.7], [-72.7, -46.6], [-72.8, -46.6], [-72.8, -46.7]]]}, "properties": {"n_records": 1, "n_localities": 1, "n_observers": 1, "n_recent_10y": 1}}, {"type": "Feature", "geometry": {"type": "Polygon", "coordinates": [[[-72.8, -46.6], [-72.7, -46.6], [-72.7, -46.5], [-72.8, -46.5], [-72.8, -46.6]]]}, "properties": {"n_records": 3, "n_localities": 3, "n_observers": 3, "n_recent_10y": 2}}, {"type": "Feature", "geometry": {"type": "Polygon", "coordinates": [[[-72.8, -46.5], [-72.7, -46.5], [-72.7, -46.4], [-72.8, -46.4], [-72.8, -46.5]]]}, "properties": {"n_records": 6, "n_localities": 5, "n_observers": 6, "n_recent_10y": 5}}, {"type": "Feature", "geometry": {"type": "Polygon", "coordinates": [[[-72.8, -46.2], [-72.7, -46.2], [-72.7, -46.1], [-72.8, -46.1], [-72.8, -46.2]]]}, "properties": {"n_records": 1, "n_localities": 1, "n_observers": 1, "n_recent_10y": 0}}, {"type": "Feature", "geometry": {"type": "Polygon", "coordinates": [[[-72.8, -45.6], [-72.7, -45.6], [-72.7, -45.5], [-72.8, -45.5], [-72.8, -45.6]]]}, "properties": {"n_records": 1, "n_localities": 1, "n_observers": 1, "n_recent_10y": 1}}, {"type": "Feature", "geometry": {"type": "Polygon", "coordinates": [[[-72.8, -45.5], [-72.7, -45.5], [-72.7, -45.4], [-72.8, -45.4], [-72.8, -45.5]]]}, "properties": {"n_records": 29, "n_localities": 11, "n_observers": 23, "n_recent_10y": 29}}, {"type": "Feature", "geometry": {"type": "Polygon", "coordinates": [[[-72.8, -45.4], [-72.7, -45.4], [-72.7, -45.3], [-72.8, -45.3], [-72.8, -45.4]]]}, "properties": {"n_records": 8, "n_localities": 4, "n_observers": 7, "n_recent_10y": 6}}, {"type": "Feature", "geometry": {"type": "Polygon", "coordinates": [[[-72.8, -45.3], [-72.7, -45.3], [-72.7, -45.2], [-72.8, -45.2], [-72.8, -45.3]]]}, "properties": {"n_records": 2, "n_localities": 2, "n_observers": 2, "n_recent_10y": 2}}, {"type": "Feature", "geometry": {"type": "Polygon", "coordinates": [[[-72.8, -40.7], [-72.7, -40.7], [-72.7, -40.6], [-72.8, -40.6], [-72.8, -40.7]]]}, "properties": {"n_records": 1, "n_localities": 1, "n_observers": 1, "n_recent_10y": 0}}, {"type": "Feature", "geometry": {"type": "Polygon", "coordinates": [[[-72.7, -54.3], [-72.6, -54.3], [-72.6, -54.2], [-72.7, -54.2], [-72.7, -54.3]]]}, "properties": {"n_records": 1, "n_localities": 1, "n_observers": 1, "n_recent_10y": 1}}, {"type": "Feature", "geometry": {"type": "Polygon", "coordinates": [[[-72.7, -53.6], [-72.6, -53.6], [-72.6, -53.5], [-72.7, -53.5], [-72.7, -53.6]]]}, "properties": {"n_records": 3, "n_localities": 1, "n_observers": 3, "n_recent_10y": 3}}, {"type": "Feature", "geometry": {"type": "Polygon", "coordinates": [[[-72.7, -52.9], [-72.6, -52.9], [-72.6, -52.8], [-72.7, -52.8], [-72.7, -52.9]]]}, "properties": {"n_records": 3, "n_localities": 2, "n_observers": 1, "n_recent_10y": 3}}, {"type": "Feature", "geometry": {"type": "Polygon", "coordinates": [[[-72.7, -52.1], [-72.6, -52.1], [-72.6, -52.0], [-72.7, -52.0], [-72.7, -52.1]]]}, "properties": {"n_records": 1, "n_localities": 1, "n_observers": 1, "n_recent_10y": 0}}, {"type": "Feature", "geometry": {"type": "Polygon", "coordinates": [[[-72.7, -51.9], [-72.6, -51.9], [-72.6, -51.8], [-72.7, -51.8], [-72.7, -51.9]]]}, "properties": {"n_records": 1, "n_localities": 1, "n_observers": 1, "n_recent_10y": 0}}, {"type": "Feature", "geometry": {"type": "Polygon", "coordinates": [[[-72.7, -51.7], [-72.6, -51.7], [-72.6, -51.6], [-72.7, -51.6], [-72.7, -51.7]]]}, "properties": {"n_records": 31, "n_localities": 12, "n_observers": 23, "n_recent_10y": 30}}, {"type": "Feature", "geometry": {"type": "Polygon", "coordinates": [[[-72.7, -51.6], [-72.6, -51.6], [-72.6, -51.5], [-72.7, -51.5], [-72.7, -51.6]]]}, "properties": {"n_records": 245, "n_localities": 67, "n_observers": 168, "n_recent_10y": 193}}, {"type": "Feature", "geometry": {"type": "Polygon", "coordinates": [[[-72.7, -51.5], [-72.6, -51.5], [-72.6, -51.4], [-72.7, -51.4], [-72.7, -51.5]]]}, "properties": {"n_records": 2, "n_localities": 2, "n_observers": 2, "n_recent_10y": 1}}, {"type": "Feature", "geometry": {"type": "Polygon", "coordinates": [[[-72.7, -51.4], [-72.6, -51.4], [-72.6, -51.3], [-72.7, -51.3], [-72.7, -51.4]]]}, "properties": {"n_records": 20, "n_localities": 10, "n_observers": 14, "n_recent_10y": 19}}, {"type": "Feature", "geometry": {"type": "Polygon", "coordinates": [[[-72.7, -51.3], [-72.6, -51.3], [-72.6, -51.2], [-72.7, -51.2], [-72.7, -51.3]]]}, "properties": {"n_records": 261, "n_localities": 44, "n_observers": 119, "n_recent_10y": 253}}, {"type": "Feature", "geometry": {"type": "Polygon", "coordinates": [[[-72.7, -51.1], [-72.6, -51.1], [-72.6, -51.0], [-72.7, -51.0], [-72.7, -51.1]]]}, "properties": {"n_records": 31, "n_localities": 14, "n_observers": 22, "n_recent_10y": 28}}, {"type": "Feature", "geometry": {"type": "Polygon", "coordinates": [[[-72.7, -51.0], [-72.6, -51.0], [-72.6, -50.9], [-72.7, -50.9], [-72.7, -51.0]]]}, "properties": {"n_records": 111, "n_localities": 43, "n_observers": 82, "n_recent_10y": 102}}, {"type": "Feature", "geometry": {"type": "Polygon", "coordinates": [[[-72.7, -50.9], [-72.6, -50.9], [-72.6, -50.8], [-72.7, -50.8], [-72.7, -50.9]]]}, "properties": {"n_records": 42, "n_localities": 25, "n_observers": 13, "n_recent_10y": 42}}, {"type": "Feature", "geometry": {"type": "Polygon", "coordinates": [[[-72.7, -50.8], [-72.6, -50.8], [-72.6, -50.7], [-72.7, -50.7], [-72.7, -50.8]]]}, "properties": {"n_records": 6, "n_localities": 3, "n_observers": 2, "n_recent_10y": 6}}, {"type": "Feature", "geometry": {"type": "Polygon", "coordinates": [[[-72.7, -48.5], [-72.6, -48.5], [-72.6, -48.4], [-72.7, -48.4], [-72.7, -48.5]]]}, "properties": {"n_records": 2, "n_localities": 1, "n_observers": 2, "n_recent_10y": 2}}, {"type": "Feature", "geometry": {"type": "Polygon", "coordinates": [[[-72.7, -47.9], [-72.6, -47.9], [-72.6, -47.8], [-72.7, -47.8], [-72.7, -47.9]]]}, "properties": {"n_records": 1, "n_localities": 1, "n_observers": 1, "n_recent_10y": 0}}, {"type": "Feature", "geometry": {"type": "Polygon", "coordinates": [[[-72.7, -47.4], [-72.6, -47.4], [-72.6, -47.3], [-72.7, -47.3], [-72.7, -47.4]]]}, "properties": {"n_records": 7, "n_localities": 3, "n_observers": 6, "n_recent_10y": 7}}, {"type": "Feature", "geometry": {"type": "Polygon", "coordinates": [[[-72.7, -47.3], [-72.6, -47.3], [-72.6, -47.2], [-72.7, -47.2], [-72.7, -47.3]]]}, "properties": {"n_records": 6, "n_localities": 5, "n_observers": 3, "n_recent_10y": 6}}, {"type": "Feature", "geometry": {"type": "Polygon", "coordinates": [[[-72.7, -47.2], [-72.6, -47.2], [-72.6, -47.1], [-72.7, -47.1], [-72.7, -47.2]]]}, "properties": {"n_records": 12, "n_localities": 10, "n_observers": 10, "n_recent_10y": 12}}, {"type": "Feature", "geometry": {"type": "Polygon", "coordinates": [[[-72.7, -47.0], [-72.6, -47.0], [-72.6, -46.9], [-72.7, -46.9], [-72.7, -47.0]]]}, "properties": {"n_records": 1, "n_localities": 1, "n_observers": 1, "n_recent_10y": 0}}, {"type": "Feature", "geometry": {"type": "Polygon", "coordinates": [[[-72.7, -46.9], [-72.6, -46.9], [-72.6, -46.8], [-72.7, -46.8], [-72.7, -46.9]]]}, "properties": {"n_records": 16, "n_localities": 10, "n_observers": 6, "n_recent_10y": 16}}, {"type": "Feature", "geometry": {"type": "Polygon", "coordinates": [[[-72.7, -46.7], [-72.6, -46.7], [-72.6, -46.6], [-72.7, -46.6], [-72.7, -46.7]]]}, "properties": {"n_records": 49, "n_localities": 25, "n_observers": 41, "n_recent_10y": 45}}, {"type": "Feature", "geometry": {"type": "Polygon", "coordinates": [[[-72.7, -46.6], [-72.6, -46.6], [-72.6, -46.5], [-72.7, -46.5], [-72.7, -46.6]]]}, "properties": {"n_records": 3, "n_localities": 2, "n_observers": 3, "n_recent_10y": 3}}, {"type": "Feature", "geometry": {"type": "Polygon", "coordinates": [[[-72.7, -45.9], [-72.6, -45.9], [-72.6, -45.8], [-72.7, -45.8], [-72.7, -45.9]]]}, "properties": {"n_records": 1, "n_localities": 1, "n_observers": 1, "n_recent_10y": 1}}, {"type": "Feature", "geometry": {"type": "Polygon", "coordinates": [[[-72.7, -45.8], [-72.6, -45.8], [-72.6, -45.7], [-72.7, -45.7], [-72.7, -45.8]]]}, "properties": {"n_records": 1, "n_localities": 1, "n_observers": 1, "n_recent_10y": 1}}, {"type": "Feature", "geometry": {"type": "Polygon", "coordinates": [[[-72.7, -45.7], [-72.6, -45.7], [-72.6, -45.6], [-72.7, -45.6], [-72.7, -45.7]]]}, "properties": {"n_records": 1, "n_localities": 1, "n_observers": 1, "n_recent_10y": 1}}, {"type": "Feature", "geometry": {"type": "Polygon", "coordinates": [[[-72.7, -45.5], [-72.6, -45.5], [-72.6, -45.4], [-72.7, -45.4], [-72.7, -45.5]]]}, "properties": {"n_records": 28, "n_localities": 14, "n_observers": 21, "n_recent_10y": 26}}, {"type": "Feature", "geometry": {"type": "Polygon", "coordinates": [[[-72.7, -45.4], [-72.6, -45.4], [-72.6, -45.3], [-72.7, -45.3], [-72.7, -45.4]]]}, "properties": {"n_records": 5, "n_localities": 5, "n_observers": 5, "n_recent_10y": 5}}, {"type": "Feature", "geometry": {"type": "Polygon", "coordinates": [[[-72.7, -44.7], [-72.6, -44.7], [-72.6, -44.6], [-72.7, -44.6], [-72.7, -44.7]]]}, "properties": {"n_records": 1, "n_localities": 1, "n_observers": 1, "n_recent_10y": 1}}, {"type": "Feature", "geometry": {"type": "Polygon", "coordinates": [[[-72.7, -42.9], [-72.6, -42.9], [-72.6, -42.8], [-72.7, -42.8], [-72.7, -42.9]]]}, "properties": {"n_records": 4, "n_localities": 1, "n_observers": 4, "n_recent_10y": 1}}, {"type": "Feature", "geometry": {"type": "Polygon", "coordinates": [[[-72.7, -42.6], [-72.6, -42.6], [-72.6, -42.5], [-72.7, -42.5], [-72.7, -42.6]]]}, "properties": {"n_records": 9, "n_localities": 5, "n_observers": 4, "n_recent_10y": 9}}, {"type": "Feature", "geometry": {"type": "Polygon", "coordinates": [[[-72.7, -41.7], [-72.6, -41.7], [-72.6, -41.6], [-72.7, -41.6], [-72.7, -41.7]]]}, "properties": {"n_records": 1, "n_localities": 1, "n_observers": 1, "n_recent_10y": 1}}, {"type": "Feature", "geometry": {"type": "Polygon", "coordinates": [[[-72.7, -41.6], [-72.6, -41.6], [-72.6, -41.5], [-72.7, -41.5], [-72.7, -41.6]]]}, "properties": {"n_records": 3, "n_localities": 2, "n_observers": 3, "n_recent_10y": 3}}, {"type": "Feature", "geometry": {"type": "Polygon", "coordinates": [[[-72.7, -41.5], [-72.6, -41.5], [-72.6, -41.4], [-72.7, -41.4], [-72.7, -41.5]]]}, "properties": {"n_records": 2, "n_localities": 1, "n_observers": 2, "n_recent_10y": 2}}, {"type": "Feature", "geometry": {"type": "Polygon", "coordinates": [[[-72.7, -41.4], [-72.6, -41.4], [-72.6, -41.3], [-72.7, -41.3], [-72.7, -41.4]]]}, "properties": {"n_records": 2, "n_localities": 1, "n_observers": 2, "n_recent_10y": 2}}, {"type": "Feature", "geometry": {"type": "Polygon", "coordinates": [[[-72.6, -52.2], [-72.5, -52.2], [-72.5, -52.1], [-72.6, -52.1], [-72.6, -52.2]]]}, "properties": {"n_records": 3, "n_localities": 3, "n_observers": 3, "n_recent_10y": 3}}, {"type": "Feature", "geometry": {"type": "Polygon", "coordinates": [[[-72.6, -52.0], [-72.5, -52.0], [-72.5, -51.9], [-72.6, -51.9], [-72.6, -52.0]]]}, "properties": {"n_records": 3, "n_localities": 1, "n_observers": 2, "n_recent_10y": 3}}, {"type": "Feature", "geometry": {"type": "Polygon", "coordinates": [[[-72.6, -51.9], [-72.5, -51.9], [-72.5, -51.8], [-72.6, -51.8], [-72.6, -51.9]]]}, "properties": {"n_records": 1, "n_localities": 1, "n_observers": 1, "n_recent_10y": 1}}, {"type": "Feature", "geometry": {"type": "Polygon", "coordinates": [[[-72.6, -51.8], [-72.5, -51.8], [-72.5, -51.7], [-72.6, -51.7], [-72.6, -51.8]]]}, "properties": {"n_records": 120, "n_localities": 39, "n_observers": 81, "n_recent_10y": 102}}, {"type": "Feature", "geometry": {"type": "Polygon", "coordinates": [[[-72.6, -51.7], [-72.5, -51.7], [-72.5, -51.6], [-72.6, -51.6], [-72.6, -51.7]]]}, "properties": {"n_records": 83, "n_localities": 38, "n_observers": 70, "n_recent_10y": 68}}, {"type": "Feature", "geometry": {"type": "Polygon", "coordinates": [[[-72.6, -51.6], [-72.5, -51.6], [-72.5, -51.5], [-72.6, -51.5], [-72.6, -51.6]]]}, "properties": {"n_records": 326, "n_localities": 82, "n_observers": 220, "n_recent_10y": 298}}, {"type": "Feature", "geometry": {"type": "Polygon", "coordinates": [[[-72.6, -51.4], [-72.5, -51.4], [-72.5, -51.3], [-72.6, -51.3], [-72.6, -51.4]]]}, "properties": {"n_records": 1, "n_localities": 1, "n_observers": 1, "n_recent_10y": 1}}, {"type": "Feature", "geometry": {"type": "Polygon", "coordinates": [[[-72.6, -51.3], [-72.5, -51.3], [-72.5, -51.2], [-72.6, -51.2], [-72.6, -51.3]]]}, "properties": {"n_records": 72, "n_localities": 28, "n_observers": 63, "n_recent_10y": 72}}, {"type": "Feature", "geometry": {"type": "Polygon", "coordinates": [[[-72.6, -51.2], [-72.5, -51.2], [-72.5, -51.1], [-72.6, -51.1], [-72.6, -51.2]]]}, "properties": {"n_records": 44, "n_localities": 23, "n_observers": 37, "n_recent_10y": 42}}, {"type": "Feature", "geometry": {"type": "Polygon", "coordinates": [[[-72.6, -51.1], [-72.5, -51.1], [-72.5, -51.0], [-72.6, -51.0], [-72.6, -51.1]]]}, "properties": {"n_records": 238, "n_localities": 87, "n_observers": 164, "n_recent_10y": 229}}, {"type": "Feature", "geometry": {"type": "Polygon", "coordinates": [[[-72.6, -51.0], [-72.5, -51.0], [-72.5, -50.9], [-72.6, -50.9], [-72.6, -51.0]]]}, "properties": {"n_records": 113, "n_localities": 14, "n_observers": 36, "n_recent_10y": 111}}, {"type": "Feature", "geometry": {"type": "Polygon", "coordinates": [[[-72.6, -50.9], [-72.5, -50.9], [-72.5, -50.8], [-72.6, -50.8], [-72.6, -50.9]]]}, "properties": {"n_records": 1, "n_localities": 1, "n_observers": 1, "n_recent_10y": 1}}, {"type": "Feature", "geometry": {"type": "Polygon", "coordinates": [[[-72.6, -48.5], [-72.5, -48.5], [-72.5, -48.4], [-72.6, -48.4], [-72.6, -48.5]]]}, "properties": {"n_records": 21, "n_localities": 8, "n_observers": 21, "n_recent_10y": 19}}, {"type": "Feature", "geometry": {"type": "Polygon", "coordinates": [[[-72.6, -47.5], [-72.5, -47.5], [-72.5, -47.4], [-72.6, -47.4], [-72.6, -47.5]]]}, "properties": {"n_records": 1, "n_localities": 1, "n_observers": 1, "n_recent_10y": 1}}, {"type": "Feature", "geometry": {"type": "Polygon", "coordinates": [[[-72.6, -47.4], [-72.5, -47.4], [-72.5, -47.3], [-72.6, -47.3], [-72.6, -47.4]]]}, "properties": {"n_records": 1, "n_localities": 1, "n_observers": 1, "n_recent_10y": 1}}, {"type": "Feature", "geometry": {"type": "Polygon", "coordinates": [[[-72.6, -47.3], [-72.5, -47.3], [-72.5, -47.2], [-72.6, -47.2], [-72.6, -47.3]]]}, "properties": {"n_records": 17, "n_localities": 8, "n_observers": 16, "n_recent_10y": 17}}, {"type": "Feature", "geometry": {"type": "Polygon", "coordinates": [[[-72.6, -47.2], [-72.5, -47.2], [-72.5, -47.1], [-72.6, -47.1], [-72.6, -47.2]]]}, "properties": {"n_records": 53, "n_localities": 20, "n_observers": 38, "n_recent_10y": 53}}, {"type": "Feature", "geometry": {"type": "Polygon", "coordinates": [[[-72.6, -47.1], [-72.5, -47.1], [-72.5, -47.0], [-72.6, -47.0], [-72.6, -47.1]]]}, "properties": {"n_records": 2, "n_localities": 1, "n_observers": 1, "n_recent_10y": 0}}, {"type": "Feature", "geometry": {"type": "Polygon", "coordinates": [[[-72.6, -46.8], [-72.5, -46.8], [-72.5, -46.7], [-72.6, -46.7], [-72.6, -46.8]]]}, "properties": {"n_records": 8, "n_localities": 5, "n_observers": 5, "n_recent_10y": 8}}, {"type": "Feature", "geometry": {"type": "Polygon", "coordinates": [[[-72.6, -46.7], [-72.5, -46.7], [-72.5, -46.6], [-72.6, -46.6], [-72.6, -46.7]]]}, "properties": {"n_records": 17, "n_localities": 4, "n_observers": 17, "n_recent_10y": 16}}, {"type": "Feature", "geometry": {"type": "Polygon", "coordinates": [[[-72.6, -46.5], [-72.5, -46.5], [-72.5, -46.4], [-72.6, -46.4], [-72.6, -46.5]]]}, "properties": {"n_records": 1, "n_localities": 1, "n_observers": 1, "n_recent_10y": 0}}, {"type": "Feature", "geometry": {"type": "Polygon", "coordinates": [[[-72.6, -46.1], [-72.5, -46.1], [-72.5, -46.0], [-72.6, -46.0], [-72.6, -46.1]]]}, "properties": {"n_records": 8, "n_localities": 3, "n_observers": 4, "n_recent_10y": 8}}, {"type": "Feature", "geometry": {"type": "Polygon", "coordinates": [[[-72.6, -45.5], [-72.5, -45.5], [-72.5, -45.4], [-72.6, -45.4], [-72.6, -45.5]]]}, "properties": {"n_records": 2, "n_localities": 2, "n_observers": 2, "n_recent_10y": 2}}, {"type": "Feature", "geometry": {"type": "Polygon", "coordinates": [[[-72.6, -45.4], [-72.5, -45.4], [-72.5, -45.3], [-72.6, -45.3], [-72.6, -45.4]]]}, "properties": {"n_records": 3, "n_localities": 1, "n_observers": 3, "n_recent_10y": 3}}, {"type": "Feature", "geometry": {"type": "Polygon", "coordinates": [[[-72.6, -44.5], [-72.5, -44.5], [-72.5, -44.4], [-72.6, -44.4], [-72.6, -44.5]]]}, "properties": {"n_records": 8, "n_localities": 4, "n_observers": 8, "n_recent_10y": 6}}, {"type": "Feature", "geometry": {"type": "Polygon", "coordinates": [[[-72.6, -44.4], [-72.5, -44.4], [-72.5, -44.3], [-72.6, -44.3], [-72.6, -44.4]]]}, "properties": {"n_records": 2, "n_localities": 2, "n_observers": 2, "n_recent_10y": 2}}, {"type": "Feature", "geometry": {"type": "Polygon", "coordinates": [[[-72.6, -42.9], [-72.5, -42.9], [-72.5, -42.8], [-72.6, -42.8], [-72.6, -42.9]]]}, "properties": {"n_records": 1, "n_localities": 1, "n_observers": 1, "n_recent_10y": 1}}, {"type": "Feature", "geometry": {"type": "Polygon", "coordinates": [[[-72.6, -42.7], [-72.5, -42.7], [-72.5, -42.6], [-72.6, -42.6], [-72.6, -42.7]]]}, "properties": {"n_records": 1, "n_localities": 1, "n_observers": 1, "n_recent_10y": 1}}, {"type": "Feature", "geometry": {"type": "Polygon", "coordinates": [[[-72.6, -42.6], [-72.5, -42.6], [-72.5, -42.5], [-72.6, -42.5], [-72.6, -42.6]]]}, "properties": {"n_records": 18, "n_localities": 3, "n_observers": 6, "n_recent_10y": 18}}, {"type": "Feature", "geometry": {"type": "Polygon", "coordinates": [[[-72.6, -41.6], [-72.5, -41.6], [-72.5, -41.5], [-72.6, -41.5], [-72.6, -41.6]]]}, "properties": {"n_records": 3, "n_localities": 1, "n_observers": 3, "n_recent_10y": 3}}, {"type": "Feature", "geometry": {"type": "Polygon", "coordinates": [[[-72.6, -41.5], [-72.5, -41.5], [-72.5, -41.4], [-72.6, -41.4], [-72.6, -41.5]]]}, "properties": {"n_records": 2, "n_localities": 1, "n_observers": 1, "n_recent_10y": 2}}, {"type": "Feature", "geometry": {"type": "Polygon", "coordinates": [[[-72.6, -41.3], [-72.5, -41.3], [-72.5, -41.2], [-72.6, -41.2], [-72.6, -41.3]]]}, "properties": {"n_records": 1, "n_localities": 1, "n_observers": 1, "n_recent_10y": 0}}, {"type": "Feature", "geometry": {"type": "Polygon", "coordinates": [[[-72.6, -41.2], [-72.5, -41.2], [-72.5, -41.1], [-72.6, -41.1], [-72.6, -41.2]]]}, "properties": {"n_records": 4, "n_localities": 3, "n_observers": 4, "n_recent_10y": 4}}, {"type": "Feature", "geometry": {"type": "Polygon", "coordinates": [[[-72.5, -53.9], [-72.4, -53.9], [-72.4, -53.8], [-72.5, -53.8], [-72.5, -53.9]]]}, "properties": {"n_records": 1, "n_localities": 1, "n_observers": 1, "n_recent_10y": 1}}, {"type": "Feature", "geometry": {"type": "Polygon", "coordinates": [[[-72.5, -53.7], [-72.4, -53.7], [-72.4, -53.6], [-72.5, -53.6], [-72.5, -53.7]]]}, "properties": {"n_records": 2, "n_localities": 1, "n_observers": 2, "n_recent_10y": 2}}, {"type": "Feature", "geometry": {"type": "Polygon", "coordinates": [[[-72.5, -53.5], [-72.4, -53.5], [-72.4, -53.4], [-72.5, -53.4], [-72.5, -53.5]]]}, "properties": {"n_records": 1, "n_localities": 1, "n_observers": 1, "n_recent_10y": 1}}, {"type": "Feature", "geometry": {"type": "Polygon", "coordinates": [[[-72.5, -52.8], [-72.4, -52.8], [-72.4, -52.7], [-72.5, -52.7], [-72.5, -52.8]]]}, "properties": {"n_records": 1, "n_localities": 1, "n_observers": 1, "n_recent_10y": 1}}, {"type": "Feature", "geometry": {"type": "Polygon", "coordinates": [[[-72.5, -52.3], [-72.4, -52.3], [-72.4, -52.2], [-72.5, -52.2], [-72.5, -52.3]]]}, "properties": {"n_records": 5, "n_localities": 3, "n_observers": 1, "n_recent_10y": 5}}, {"type": "Feature", "geometry": {"type": "Polygon", "coordinates": [[[-72.5, -52.2], [-72.4, -52.2], [-72.4, -52.1], [-72.5, -52.1], [-72.5, -52.2]]]}, "properties": {"n_records": 5, "n_localities": 2, "n_observers": 2, "n_recent_10y": 5}}, {"type": "Feature", "geometry": {"type": "Polygon", "coordinates": [[[-72.5, -52.0], [-72.4, -52.0], [-72.4, -51.9], [-72.5, -51.9], [-72.5, -52.0]]]}, "properties": {"n_records": 15, "n_localities": 6, "n_observers": 9, "n_recent_10y": 11}}, {"type": "Feature", "geometry": {"type": "Polygon", "coordinates": [[[-72.5, -51.9], [-72.4, -51.9], [-72.4, -51.8], [-72.5, -51.8], [-72.5, -51.9]]]}, "properties": {"n_records": 9, "n_localities": 6, "n_observers": 5, "n_recent_10y": 8}}, {"type": "Feature", "geometry": {"type": "Polygon", "coordinates": [[[-72.5, -51.8], [-72.4, -51.8], [-72.4, -51.7], [-72.5, -51.7], [-72.5, -51.8]]]}, "properties": {"n_records": 62, "n_localities": 23, "n_observers": 49, "n_recent_10y": 37}}, {"type": "Feature", "geometry": {"type": "Polygon", "coordinates": [[[-72.5, -51.7], [-72.4, -51.7], [-72.4, -51.6], [-72.5, -51.6], [-72.5, -51.7]]]}, "properties": {"n_records": 43, "n_localities": 19, "n_observers": 30, "n_recent_10y": 39}}, {"type": "Feature", "geometry": {"type": "Polygon", "coordinates": [[[-72.5, -51.6], [-72.4, -51.6], [-72.4, -51.5], [-72.5, -51.5], [-72.5, -51.6]]]}, "properties": {"n_records": 4, "n_localities": 3, "n_observers": 4, "n_recent_10y": 1}}, {"type": "Feature", "geometry": {"type": "Polygon", "coordinates": [[[-72.5, -51.5], [-72.4, -51.5], [-72.4, -51.4], [-72.5, -51.4], [-72.5, -51.5]]]}, "properties": {"n_records": 48, "n_localities": 30, "n_observers": 42, "n_recent_10y": 30}}, {"type": "Feature", "geometry": {"type": "Polygon", "coordinates": [[[-72.5, -51.4], [-72.4, -51.4], [-72.4, -51.3], [-72.5, -51.3], [-72.5, -51.4]]]}, "properties": {"n_records": 289, "n_localities": 67, "n_observers": 238, "n_recent_10y": 273}}, {"type": "Feature", "geometry": {"type": "Polygon", "coordinates": [[[-72.5, -51.3], [-72.4, -51.3], [-72.4, -51.2], [-72.5, -51.2], [-72.5, -51.3]]]}, "properties": {"n_records": 121, "n_localities": 55, "n_observers": 102, "n_recent_10y": 100}}, {"type": "Feature", "geometry": {"type": "Polygon", "coordinates": [[[-72.5, -51.2], [-72.4, -51.2], [-72.4, -51.1], [-72.5, -51.1], [-72.5, -51.2]]]}, "properties": {"n_records": 49, "n_localities": 22, "n_observers": 46, "n_recent_10y": 41}}, {"type": "Feature", "geometry": {"type": "Polygon", "coordinates": [[[-72.5, -51.1], [-72.4, -51.1], [-72.4, -51.0], [-72.5, -51.0], [-72.5, -51.1]]]}, "properties": {"n_records": 18, "n_localities": 3, "n_observers": 17, "n_recent_10y": 18}}, {"type": "Feature", "geometry": {"type": "Polygon", "coordinates": [[[-72.5, -51.0], [-72.4, -51.0], [-72.4, -50.9], [-72.5, -50.9], [-72.5, -51.0]]]}, "properties": {"n_records": 75, "n_localities": 22, "n_observers": 65, "n_recent_10y": 65}}, {"type": "Feature", "geometry": {"type": "Polygon", "coordinates": [[[-72.5, -50.9], [-72.4, -50.9], [-72.4, -50.8], [-72.5, -50.8], [-72.5, -50.9]]]}, "properties": {"n_records": 41, "n_localities": 12, "n_observers": 35, "n_recent_10y": 39}}, {"type": "Feature", "geometry": {"type": "Polygon", "coordinates": [[[-72.5, -50.8], [-72.4, -50.8], [-72.4, -50.7], [-72.5, -50.7], [-72.5, -50.8]]]}, "properties": {"n_records": 323, "n_localities": 38, "n_observers": 183, "n_recent_10y": 265}}, {"type": "Feature", "geometry": {"type": "Polygon", "coordinates": [[[-72.5, -48.5], [-72.4, -48.5], [-72.4, -48.4], [-72.5, -48.4], [-72.5, -48.5]]]}, "properties": {"n_records": 3, "n_localities": 3, "n_observers": 2, "n_recent_10y": 1}}, {"type": "Feature", "geometry": {"type": "Polygon", "coordinates": [[[-72.5, -48.2], [-72.4, -48.2], [-72.4, -48.1], [-72.5, -48.1], [-72.5, -48.2]]]}, "properties": {"n_records": 1, "n_localities": 1, "n_observers": 1, "n_recent_10y": 1}}, {"type": "Feature", "geometry": {"type": "Polygon", "coordinates": [[[-72.5, -47.7], [-72.4, -47.7], [-72.4, -47.6], [-72.5, -47.6], [-72.5, -47.7]]]}, "properties": {"n_records": 1, "n_localities": 1, "n_observers": 1, "n_recent_10y": 1}}, {"type": "Feature", "geometry": {"type": "Polygon", "coordinates": [[[-72.5, -47.6], [-72.4, -47.6], [-72.4, -47.5], [-72.5, -47.5], [-72.5, -47.6]]]}, "properties": {"n_records": 9, "n_localities": 5, "n_observers": 5, "n_recent_10y": 9}}, {"type": "Feature", "geometry": {"type": "Polygon", "coordinates": [[[-72.5, -47.3], [-72.4, -47.3], [-72.4, -47.2], [-72.5, -47.2], [-72.5, -47.3]]]}, "properties": {"n_records": 9, "n_localities": 1, "n_observers": 9, "n_recent_10y": 8}}, {"type": "Feature", "geometry": {"type": "Polygon", "coordinates": [[[-72.5, -47.2], [-72.4, -47.2], [-72.4, -47.1], [-72.5, -47.1], [-72.5, -47.2]]]}, "properties": {"n_records": 118, "n_localities": 26, "n_observers": 70, "n_recent_10y": 111}}, {"type": "Feature", "geometry": {"type": "Polygon", "coordinates": [[[-72.5, -47.1], [-72.4, -47.1], [-72.4, -47.0], [-72.5, -47.0], [-72.5, -47.1]]]}, "properties": {"n_records": 11, "n_localities": 3, "n_observers": 10, "n_recent_10y": 11}}, {"type": "Feature", "geometry": {"type": "Polygon", "coordinates": [[[-72.5, -46.9], [-72.4, -46.9], [-72.4, -46.8], [-72.5, -46.8], [-72.5, -46.9]]]}, "properties": {"n_records": 1, "n_localities": 1, "n_observers": 1, "n_recent_10y": 0}}, {"type": "Feature", "geometry": {"type": "Polygon", "coordinates": [[[-72.5, -46.8], [-72.4, -46.8], [-72.4, -46.7], [-72.5, -46.7], [-72.5, -46.8]]]}, "properties": {"n_records": 2, "n_localities": 1, "n_observers": 1, "n_recent_10y": 2}}, {"type": "Feature", "geometry": {"type": "Polygon", "coordinates": [[[-72.5, -46.4], [-72.4, -46.4], [-72.4, -46.3], [-72.5, -46.3], [-72.5, -46.4]]]}, "properties": {"n_records": 1, "n_localities": 1, "n_observers": 1, "n_recent_10y": 1}}, {"type": "Feature", "geometry": {"type": "Polygon", "coordinates": [[[-72.5, -46.2], [-72.4, -46.2], [-72.4, -46.1], [-72.5, -46.1], [-72.5, -46.2]]]}, "properties": {"n_records": 1, "n_localities": 1, "n_observers": 1, "n_recent_10y": 1}}, {"type": "Feature", "geometry": {"type": "Polygon", "coordinates": [[[-72.5, -45.8], [-72.4, -45.8], [-72.4, -45.7], [-72.5, -45.7], [-72.5, -45.8]]]}, "properties": {"n_records": 3, "n_localities": 3, "n_observers": 3, "n_recent_10y": 3}}, {"type": "Feature", "geometry": {"type": "Polygon", "coordinates": [[[-72.5, -45.5], [-72.4, -45.5], [-72.4, -45.4], [-72.5, -45.4], [-72.5, -45.5]]]}, "properties": {"n_records": 5, "n_localities": 4, "n_observers": 4, "n_recent_10y": 5}}, {"type": "Feature", "geometry": {"type": "Polygon", "coordinates": [[[-72.5, -45.4], [-72.4, -45.4], [-72.4, -45.3], [-72.5, -45.3], [-72.5, -45.4]]]}, "properties": {"n_records": 3, "n_localities": 3, "n_observers": 3, "n_recent_10y": 3}}, {"type": "Feature", "geometry": {"type": "Polygon", "coordinates": [[[-72.5, -44.7], [-72.4, -44.7], [-72.4, -44.6], [-72.5, -44.6], [-72.5, -44.7]]]}, "properties": {"n_records": 2, "n_localities": 2, "n_observers": 2, "n_recent_10y": 2}}, {"type": "Feature", "geometry": {"type": "Polygon", "coordinates": [[[-72.5, -44.5], [-72.4, -44.5], [-72.4, -44.4], [-72.5, -44.4], [-72.5, -44.5]]]}, "properties": {"n_records": 3, "n_localities": 1, "n_observers": 3, "n_recent_10y": 3}}, {"type": "Feature", "geometry": {"type": "Polygon", "coordinates": [[[-72.5, -43.3], [-72.4, -43.3], [-72.4, -43.2], [-72.5, -43.2], [-72.5, -43.3]]]}, "properties": {"n_records": 1, "n_localities": 1, "n_observers": 1, "n_recent_10y": 1}}, {"type": "Feature", "geometry": {"type": "Polygon", "coordinates": [[[-72.5, -43.2], [-72.4, -43.2], [-72.4, -43.1], [-72.5, -43.1], [-72.5, -43.2]]]}, "properties": {"n_records": 2, "n_localities": 1, "n_observers": 2, "n_recent_10y": 2}}, {"type": "Feature", "geometry": {"type": "Polygon", "coordinates": [[[-72.5, -43.1], [-72.4, -43.1], [-72.4, -43.0], [-72.5, -43.0], [-72.5, -43.1]]]}, "properties": {"n_records": 2, "n_localities": 1, "n_observers": 2, "n_recent_10y": 2}}, {"type": "Feature", "geometry": {"type": "Polygon", "coordinates": [[[-72.5, -43.0], [-72.4, -43.0], [-72.4, -42.9], [-72.5, -42.9], [-72.5, -43.0]]]}, "properties": {"n_records": 1, "n_localities": 1, "n_observers": 1, "n_recent_10y": 1}}, {"type": "Feature", "geometry": {"type": "Polygon", "coordinates": [[[-72.5, -42.9], [-72.4, -42.9], [-72.4, -42.8], [-72.5, -42.8], [-72.5, -42.9]]]}, "properties": {"n_records": 2, "n_localities": 1, "n_observers": 2, "n_recent_10y": 2}}, {"type": "Feature", "geometry": {"type": "Polygon", "coordinates": [[[-72.5, -42.5], [-72.4, -42.5], [-72.4, -42.4], [-72.5, -42.4], [-72.5, -42.5]]]}, "properties": {"n_records": 9, "n_localities": 4, "n_observers": 8, "n_recent_10y": 9}}, {"type": "Feature", "geometry": {"type": "Polygon", "coordinates": [[[-72.5, -42.3], [-72.4, -42.3], [-72.4, -42.2], [-72.5, -42.2], [-72.5, -42.3]]]}, "properties": {"n_records": 1, "n_localities": 1, "n_observers": 1, "n_recent_10y": 1}}, {"type": "Feature", "geometry": {"type": "Polygon", "coordinates": [[[-72.5, -41.8], [-72.4, -41.8], [-72.4, -41.7], [-72.5, -41.7], [-72.5, -41.8]]]}, "properties": {"n_records": 4, "n_localities": 3, "n_observers": 4, "n_recent_10y": 4}}, {"type": "Feature", "geometry": {"type": "Polygon", "coordinates": [[[-72.5, -41.2], [-72.4, -41.2], [-72.4, -41.1], [-72.5, -41.1], [-72.5, -41.2]]]}, "properties": {"n_records": 22, "n_localities": 8, "n_observers": 18, "n_recent_10y": 22}}, {"type": "Feature", "geometry": {"type": "Polygon", "coordinates": [[[-72.5, -41.1], [-72.4, -41.1], [-72.4, -41.0], [-72.5, -41.0], [-72.5, -41.1]]]}, "properties": {"n_records": 7, "n_localities": 4, "n_observers": 6, "n_recent_10y": 7}}, {"type": "Feature", "geometry": {"type": "Polygon", "coordinates": [[[-72.4, -53.9], [-72.3, -53.9], [-72.3, -53.8], [-72.4, -53.8], [-72.4, -53.9]]]}, "properties": {"n_records": 10, "n_localities": 4, "n_observers": 9, "n_recent_10y": 10}}, {"type": "Feature", "geometry": {"type": "Polygon", "coordinates": [[[-72.4, -53.7], [-72.3, -53.7], [-72.3, -53.6], [-72.4, -53.6], [-72.4, -53.7]]]}, "properties": {"n_records": 2, "n_localities": 1, "n_observers": 2, "n_recent_10y": 2}}, {"type": "Feature", "geometry": {"type": "Polygon", "coordinates": [[[-72.4, -53.6], [-72.3, -53.6], [-72.3, -53.5], [-72.4, -53.5], [-72.4, -53.6]]]}, "properties": {"n_records": 3, "n_localities": 2, "n_observers": 3, "n_recent_10y": 3}}, {"type": "Feature", "geometry": {"type": "Polygon", "coordinates": [[[-72.4, -52.0], [-72.3, -52.0], [-72.3, -51.9], [-72.4, -51.9], [-72.4, -52.0]]]}, "properties": {"n_records": 1, "n_localities": 1, "n_observers": 1, "n_recent_10y": 1}}, {"type": "Feature", "geometry": {"type": "Polygon", "coordinates": [[[-72.4, -51.8], [-72.3, -51.8], [-72.3, -51.7], [-72.4, -51.7], [-72.4, -51.8]]]}, "properties": {"n_records": 4, "n_localities": 4, "n_observers": 3, "n_recent_10y": 2}}, {"type": "Feature", "geometry": {"type": "Polygon", "coordinates": [[[-72.4, -51.7], [-72.3, -51.7], [-72.3, -51.6], [-72.4, -51.6], [-72.4, -51.7]]]}, "properties": {"n_records": 21, "n_localities": 10, "n_observers": 19, "n_recent_10y": 16}}, {"type": "Feature", "geometry": {"type": "Polygon", "coordinates": [[[-72.4, -51.6], [-72.3, -51.6], [-72.3, -51.5], [-72.4, -51.5], [-72.4, -51.6]]]}, "properties": {"n_records": 2, "n_localities": 2, "n_observers": 2, "n_recent_10y": 1}}, {"type": "Feature", "geometry": {"type": "Polygon", "coordinates": [[[-72.4, -51.4], [-72.3, -51.4], [-72.3, -51.3], [-72.4, -51.3], [-72.4, -51.4]]]}, "properties": {"n_records": 7, "n_localities": 3, "n_observers": 7, "n_recent_10y": 7}}, {"type": "Feature", "geometry": {"type": "Polygon", "coordinates": [[[-72.4, -51.3], [-72.3, -51.3], [-72.3, -51.2], [-72.4, -51.2], [-72.4, -51.3]]]}, "properties": {"n_records": 160, "n_localities": 50, "n_observers": 141, "n_recent_10y": 138}}, {"type": "Feature", "geometry": {"type": "Polygon", "coordinates": [[[-72.4, -51.0], [-72.3, -51.0], [-72.3, -50.9], [-72.4, -50.9], [-72.4, -51.0]]]}, "properties": {"n_records": 21, "n_localities": 8, "n_observers": 21, "n_recent_10y": 13}}, {"type": "Feature", "geometry": {"type": "Polygon", "coordinates": [[[-72.4, -50.9], [-72.3, -50.9], [-72.3, -50.8], [-72.4, -50.8], [-72.4, -50.9]]]}, "properties": {"n_records": 321, "n_localities": 75, "n_observers": 201, "n_recent_10y": 295}}, {"type": "Feature", "geometry": {"type": "Polygon", "coordinates": [[[-72.4, -50.8], [-72.3, -50.8], [-72.3, -50.7], [-72.4, -50.7], [-72.4, -50.8]]]}, "properties": {"n_records": 3, "n_localities": 3, "n_observers": 3, "n_recent_10y": 1}}, {"type": "Feature", "geometry": {"type": "Polygon", "coordinates": [[[-72.4, -50.7], [-72.3, -50.7], [-72.3, -50.6], [-72.4, -50.6], [-72.4, -50.7]]]}, "properties": {"n_records": 15, "n_localities": 4, "n_observers": 6, "n_recent_10y": 12}}, {"type": "Feature", "geometry": {"type": "Polygon", "coordinates": [[[-72.4, -48.3], [-72.3, -48.3], [-72.3, -48.2], [-72.4, -48.2], [-72.4, -48.3]]]}, "properties": {"n_records": 1, "n_localities": 1, "n_observers": 1, "n_recent_10y": 1}}, {"type": "Feature", "geometry": {"type": "Polygon", "coordinates": [[[-72.4, -47.6], [-72.3, -47.6], [-72.3, -47.5], [-72.4, -47.5], [-72.4, -47.6]]]}, "properties": {"n_records": 1, "n_localities": 1, "n_observers": 1, "n_recent_10y": 1}}, {"type": "Feature", "geometry": {"type": "Polygon", "coordinates": [[[-72.4, -47.5], [-72.3, -47.5], [-72.3, -47.4], [-72.4, -47.4], [-72.4, -47.5]]]}, "properties": {"n_records": 1, "n_localities": 1, "n_observers": 1, "n_recent_10y": 1}}, {"type": "Feature", "geometry": {"type": "Polygon", "coordinates": [[[-72.4, -47.3], [-72.3, -47.3], [-72.3, -47.2], [-72.4, -47.2], [-72.4, -47.3]]]}, "properties": {"n_records": 1, "n_localities": 1, "n_observers": 1, "n_recent_10y": 1}}, {"type": "Feature", "geometry": {"type": "Polygon", "coordinates": [[[-72.4, -47.2], [-72.3, -47.2], [-72.3, -47.1], [-72.4, -47.1], [-72.4, -47.2]]]}, "properties": {"n_records": 2, "n_localities": 1, "n_observers": 2, "n_recent_10y": 2}}, {"type": "Feature", "geometry": {"type": "Polygon", "coordinates": [[[-72.4, -47.1], [-72.3, -47.1], [-72.3, -47.0], [-72.4, -47.0], [-72.4, -47.1]]]}, "properties": {"n_records": 16, "n_localities": 6, "n_observers": 9, "n_recent_10y": 14}}, {"type": "Feature", "geometry": {"type": "Polygon", "coordinates": [[[-72.4, -46.9], [-72.3, -46.9], [-72.3, -46.8], [-72.4, -46.8], [-72.4, -46.9]]]}, "properties": {"n_records": 1, "n_localities": 1, "n_observers": 1, "n_recent_10y": 1}}, {"type": "Feature", "geometry": {"type": "Polygon", "coordinates": [[[-72.4, -46.6], [-72.3, -46.6], [-72.3, -46.5], [-72.4, -46.5], [-72.4, -46.6]]]}, "properties": {"n_records": 2, "n_localities": 2, "n_observers": 1, "n_recent_10y": 2}}, {"type": "Feature", "geometry": {"type": "Polygon", "coordinates": [[[-72.4, -46.2], [-72.3, -46.2], [-72.3, -46.1], [-72.4, -46.1], [-72.4, -46.2]]]}, "properties": {"n_records": 5, "n_localities": 4, "n_observers": 4, "n_recent_10y": 5}}, {"type": "Feature", "geometry": {"type": "Polygon", "coordinates": [[[-72.4, -45.9], [-72.3, -45.9], [-72.3, -45.8], [-72.4, -45.8], [-72.4, -45.9]]]}, "properties": {"n_records": 1, "n_localities": 1, "n_observers": 1, "n_recent_10y": 1}}, {"type": "Feature", "geometry": {"type": "Polygon", "coordinates": [[[-72.4, -45.7], [-72.3, -45.7], [-72.3, -45.6], [-72.4, -45.6], [-72.4, -45.7]]]}, "properties": {"n_records": 1, "n_localities": 1, "n_observers": 1, "n_recent_10y": 0}}, {"type": "Feature", "geometry": {"type": "Polygon", "coordinates": [[[-72.4, -45.5], [-72.3, -45.5], [-72.3, -45.4], [-72.4, -45.4], [-72.4, -45.5]]]}, "properties": {"n_records": 35, "n_localities": 3, "n_observers": 28, "n_recent_10y": 35}}, {"type": "Feature", "geometry": {"type": "Polygon", "coordinates": [[[-72.4, -45.3], [-72.3, -45.3], [-72.3, -45.2], [-72.4, -45.2], [-72.4, -45.3]]]}, "properties": {"n_records": 1, "n_localities": 1, "n_observers": 1, "n_recent_10y": 1}}, {"type": "Feature", "geometry": {"type": "Polygon", "coordinates": [[[-72.4, -44.5], [-72.3, -44.5], [-72.3, -44.4], [-72.4, -44.4], [-72.4, -44.5]]]}, "properties": {"n_records": 1, "n_localities": 1, "n_observers": 1, "n_recent_10y": 1}}, {"type": "Feature", "geometry": {"type": "Polygon", "coordinates": [[[-72.4, -43.4], [-72.3, -43.4], [-72.3, -43.3], [-72.4, -43.3], [-72.4, -43.4]]]}, "properties": {"n_records": 2, "n_localities": 1, "n_observers": 2, "n_recent_10y": 2}}, {"type": "Feature", "geometry": {"type": "Polygon", "coordinates": [[[-72.4, -42.9], [-72.3, -42.9], [-72.3, -42.8], [-72.4, -42.8], [-72.4, -42.9]]]}, "properties": {"n_records": 4, "n_localities": 2, "n_observers": 4, "n_recent_10y": 4}}, {"type": "Feature", "geometry": {"type": "Polygon", "coordinates": [[[-72.4, -42.5], [-72.3, -42.5], [-72.3, -42.4], [-72.4, -42.4], [-72.4, -42.5]]]}, "properties": {"n_records": 7, "n_localities": 3, "n_observers": 3, "n_recent_10y": 7}}, {"type": "Feature", "geometry": {"type": "Polygon", "coordinates": [[[-72.4, -42.0], [-72.3, -42.0], [-72.3, -41.9], [-72.4, -41.9], [-72.4, -42.0]]]}, "properties": {"n_records": 1, "n_localities": 1, "n_observers": 1, "n_recent_10y": 1}}, {"type": "Feature", "geometry": {"type": "Polygon", "coordinates": [[[-72.4, -41.9], [-72.3, -41.9], [-72.3, -41.8], [-72.4, -41.8], [-72.4, -41.9]]]}, "properties": {"n_records": 2, "n_localities": 1, "n_observers": 2, "n_recent_10y": 2}}, {"type": "Feature", "geometry": {"type": "Polygon", "coordinates": [[[-72.4, -41.8], [-72.3, -41.8], [-72.3, -41.7], [-72.4, -41.7], [-72.4, -41.8]]]}, "properties": {"n_records": 1, "n_localities": 1, "n_observers": 1, "n_recent_10y": 1}}, {"type": "Feature", "geometry": {"type": "Polygon", "coordinates": [[[-72.4, -41.7], [-72.3, -41.7], [-72.3, -41.6], [-72.4, -41.6], [-72.4, -41.7]]]}, "properties": {"n_records": 1, "n_localities": 1, "n_observers": 1, "n_recent_10y": 1}}, {"type": "Feature", "geometry": {"type": "Polygon", "coordinates": [[[-72.4, -41.4], [-72.3, -41.4], [-72.3, -41.3], [-72.4, -41.3], [-72.4, -41.4]]]}, "properties": {"n_records": 1, "n_localities": 1, "n_observers": 1, "n_recent_10y": 1}}, {"type": "Feature", "geometry": {"type": "Polygon", "coordinates": [[[-72.4, -40.7], [-72.3, -40.7], [-72.3, -40.6], [-72.4, -40.6], [-72.4, -40.7]]]}, "properties": {"n_records": 4, "n_localities": 2, "n_observers": 4, "n_recent_10y": 4}}, {"type": "Feature", "geometry": {"type": "Polygon", "coordinates": [[[-72.4, -40.4], [-72.3, -40.4], [-72.3, -40.3], [-72.4, -40.3], [-72.4, -40.4]]]}, "properties": {"n_records": 1, "n_localities": 1, "n_observers": 1, "n_recent_10y": 1}}, {"type": "Feature", "geometry": {"type": "Polygon", "coordinates": [[[-72.3, -54.0], [-72.2, -54.0], [-72.2, -53.9], [-72.3, -53.9], [-72.3, -54.0]]]}, "properties": {"n_records": 8, "n_localities": 2, "n_observers": 8, "n_recent_10y": 8}}, {"type": "Feature", "geometry": {"type": "Polygon", "coordinates": [[[-72.3, -53.9], [-72.2, -53.9], [-72.2, -53.8], [-72.3, -53.8], [-72.3, -53.9]]]}, "properties": {"n_records": 20, "n_localities": 4, "n_observers": 14, "n_recent_10y": 20}}, {"type": "Feature", "geometry": {"type": "Polygon", "coordinates": [[[-72.3, -53.8], [-72.2, -53.8], [-72.2, -53.7], [-72.3, -53.7], [-72.3, -53.8]]]}, "properties": {"n_records": 2, "n_localities": 2, "n_observers": 2, "n_recent_10y": 1}}, {"type": "Feature", "geometry": {"type": "Polygon", "coordinates": [[[-72.3, -53.7], [-72.2, -53.7], [-72.2, -53.6], [-72.3, -53.6], [-72.3, -53.7]]]}, "properties": {"n_records": 89, "n_localities": 12, "n_observers": 40, "n_recent_10y": 88}}, {"type": "Feature", "geometry": {"type": "Polygon", "coordinates": [[[-72.3, -53.6], [-72.2, -53.6], [-72.2, -53.5], [-72.3, -53.5], [-72.3, -53.6]]]}, "properties": {"n_records": 6, "n_localities": 1, "n_observers": 6, "n_recent_10y": 6}}, {"type": "Feature", "geometry": {"type": "Polygon", "coordinates": [[[-72.3, -52.6], [-72.2, -52.6], [-72.2, -52.5], [-72.3, -52.5], [-72.3, -52.6]]]}, "properties": {"n_records": 3, "n_localities": 3, "n_observers": 3, "n_recent_10y": 3}}, {"type": "Feature", "geometry": {"type": "Polygon", "coordinates": [[[-72.3, -51.8], [-72.2, -51.8], [-72.2, -51.7], [-72.3, -51.7], [-72.3, -51.8]]]}, "properties": {"n_records": 8, "n_localities": 5, "n_observers": 8, "n_recent_10y": 7}}, {"type": "Feature", "geometry": {"type": "Polygon", "coordinates": [[[-72.3, -51.3], [-72.2, -51.3], [-72.2, -51.2], [-72.3, -51.2], [-72.3, -51.3]]]}, "properties": {"n_records": 14, "n_localities": 8, "n_observers": 14, "n_recent_10y": 13}}, {"type": "Feature", "geometry": {"type": "Polygon", "coordinates": [[[-72.3, -47.1], [-72.2, -47.1], [-72.2, -47.0], [-72.3, -47.0], [-72.3, -47.1]]]}, "properties": {"n_records": 30, "n_localities": 6, "n_observers": 24, "n_recent_10y": 29}}, {"type": "Feature", "geometry": {"type": "Polygon", "coordinates": [[[-72.3, -46.9], [-72.2, -46.9], [-72.2, -46.8], [-72.3, -46.8], [-72.3, -46.9]]]}, "properties": {"n_records": 1, "n_localities": 1, "n_observers": 1, "n_recent_10y": 1}}, {"type": "Feature", "geometry": {"type": "Polygon", "coordinates": [[[-72.3, -46.8], [-72.2, -46.8], [-72.2, -46.7], [-72.3, -46.7], [-72.3, -46.8]]]}, "properties": {"n_records": 2, "n_localities": 1, "n_observers": 2, "n_recent_10y": 2}}, {"type": "Feature", "geometry": {"type": "Polygon", "coordinates": [[[-72.3, -46.6], [-72.2, -46.6], [-72.2, -46.5], [-72.3, -46.5], [-72.3, -46.6]]]}, "properties": {"n_records": 6, "n_localities": 2, "n_observers": 2, "n_recent_10y": 6}}, {"type": "Feature", "geometry": {"type": "Polygon", "coordinates": [[[-72.3, -46.2], [-72.2, -46.2], [-72.2, -46.1], [-72.3, -46.1], [-72.3, -46.2]]]}, "properties": {"n_records": 9, "n_localities": 7, "n_observers": 9, "n_recent_10y": 6}}, {"type": "Feature", "geometry": {"type": "Polygon", "coordinates": [[[-72.3, -46.1], [-72.2, -46.1], [-72.2, -46.0], [-72.3, -46.0], [-72.3, -46.1]]]}, "properties": {"n_records": 4, "n_localities": 2, "n_observers": 4, "n_recent_10y": 4}}, {"type": "Feature", "geometry": {"type": "Polygon", "coordinates": [[[-72.3, -45.9], [-72.2, -45.9], [-72.2, -45.8], [-72.3, -45.8], [-72.3, -45.9]]]}, "properties": {"n_records": 2, "n_localities": 2, "n_observers": 2, "n_recent_10y": 1}}, {"type": "Feature", "geometry": {"type": "Polygon", "coordinates": [[[-72.3, -45.8], [-72.2, -45.8], [-72.2, -45.7], [-72.3, -45.7], [-72.3, -45.8]]]}, "properties": {"n_records": 3, "n_localities": 3, "n_observers": 2, "n_recent_10y": 3}}, {"type": "Feature", "geometry": {"type": "Polygon", "coordinates": [[[-72.3, -45.7], [-72.2, -45.7], [-72.2, -45.6], [-72.3, -45.6], [-72.3, -45.7]]]}, "properties": {"n_records": 5, "n_localities": 1, "n_observers": 5, "n_recent_10y": 1}}, {"type": "Feature", "geometry": {"type": "Polygon", "coordinates": [[[-72.3, -45.5], [-72.2, -45.5], [-72.2, -45.4], [-72.3, -45.4], [-72.3, -45.5]]]}, "properties": {"n_records": 10, "n_localities": 3, "n_observers": 9, "n_recent_10y": 7}}, {"type": "Feature", "geometry": {"type": "Polygon", "coordinates": [[[-72.3, -45.3], [-72.2, -45.3], [-72.2, -45.2], [-72.3, -45.2], [-72.3, -45.3]]]}, "properties": {"n_records": 18, "n_localities": 11, "n_observers": 13, "n_recent_10y": 16}}, {"type": "Feature", "geometry": {"type": "Polygon", "coordinates": [[[-72.3, -45.0], [-72.2, -45.0], [-72.2, -44.9], [-72.3, -44.9], [-72.3, -45.0]]]}, "properties": {"n_records": 1, "n_localities": 1, "n_observers": 1, "n_recent_10y": 1}}, {"type": "Feature", "geometry": {"type": "Polygon", "coordinates": [[[-72.3, -44.9], [-72.2, -44.9], [-72.2, -44.8], [-72.3, -44.8], [-72.3, -44.9]]]}, "properties": {"n_records": 5, "n_localities": 4, "n_observers": 4, "n_recent_10y": 5}}, {"type": "Feature", "geometry": {"type": "Polygon", "coordinates": [[[-72.3, -44.8], [-72.2, -44.8], [-72.2, -44.7], [-72.3, -44.7], [-72.3, -44.8]]]}, "properties": {"n_records": 6, "n_localities": 5, "n_observers": 6, "n_recent_10y": 6}}, {"type": "Feature", "geometry": {"type": "Polygon", "coordinates": [[[-72.3, -43.5], [-72.2, -43.5], [-72.2, -43.4], [-72.3, -43.4], [-72.3, -43.5]]]}, "properties": {"n_records": 5, "n_localities": 3, "n_observers": 5, "n_recent_10y": 5}}, {"type": "Feature", "geometry": {"type": "Polygon", "coordinates": [[[-72.3, -41.8], [-72.2, -41.8], [-72.2, -41.7], [-72.3, -41.7], [-72.3, -41.8]]]}, "properties": {"n_records": 1, "n_localities": 1, "n_observers": 1, "n_recent_10y": 1}}, {"type": "Feature", "geometry": {"type": "Polygon", "coordinates": [[[-72.3, -41.5], [-72.2, -41.5], [-72.2, -41.4], [-72.3, -41.4], [-72.3, -41.5]]]}, "properties": {"n_records": 8, "n_localities": 6, "n_observers": 8, "n_recent_10y": 7}}, {"type": "Feature", "geometry": {"type": "Polygon", "coordinates": [[[-72.3, -41.3], [-72.2, -41.3], [-72.2, -41.2], [-72.3, -41.2], [-72.3, -41.3]]]}, "properties": {"n_records": 4, "n_localities": 1, "n_observers": 4, "n_recent_10y": 4}}, {"type": "Feature", "geometry": {"type": "Polygon", "coordinates": [[[-72.3, -41.2], [-72.2, -41.2], [-72.2, -41.1], [-72.3, -41.1], [-72.3, -41.2]]]}, "properties": {"n_records": 3, "n_localities": 2, "n_observers": 3, "n_recent_10y": 0}}, {"type": "Feature", "geometry": {"type": "Polygon", "coordinates": [[[-72.3, -40.9], [-72.2, -40.9], [-72.2, -40.8], [-72.3, -40.8], [-72.3, -40.9]]]}, "properties": {"n_records": 3, "n_localities": 1, "n_observers": 3, "n_recent_10y": 3}}, {"type": "Feature", "geometry": {"type": "Polygon", "coordinates": [[[-72.3, -40.8], [-72.2, -40.8], [-72.2, -40.7], [-72.3, -40.7], [-72.3, -40.8]]]}, "properties": {"n_records": 18, "n_localities": 3, "n_observers": 18, "n_recent_10y": 15}}, {"type": "Feature", "geometry": {"type": "Polygon", "coordinates": [[[-72.3, -40.3], [-72.2, -40.3], [-72.2, -40.2], [-72.3, -40.2], [-72.3, -40.3]]]}, "properties": {"n_records": 4, "n_localities": 3, "n_observers": 4, "n_recent_10y": 3}}, {"type": "Feature", "geometry": {"type": "Polygon", "coordinates": [[[-72.3, -37.7], [-72.2, -37.7], [-72.2, -37.6], [-72.3, -37.6], [-72.3, -37.7]]]}, "properties": {"n_records": 3, "n_localities": 2, "n_observers": 3, "n_recent_10y": 3}}, {"type": "Feature", "geometry": {"type": "Polygon", "coordinates": [[[-72.2, -54.6], [-72.1, -54.6], [-72.1, -54.5], [-72.2, -54.5], [-72.2, -54.6]]]}, "properties": {"n_records": 2, "n_localities": 1, "n_observers": 2, "n_recent_10y": 2}}, {"type": "Feature", "geometry": {"type": "Polygon", "coordinates": [[[-72.2, -53.9], [-72.1, -53.9], [-72.1, -53.8], [-72.2, -53.8], [-72.2, -53.9]]]}, "properties": {"n_records": 26, "n_localities": 3, "n_observers": 19, "n_recent_10y": 26}}, {"type": "Feature", "geometry": {"type": "Polygon", "coordinates": [[[-72.2, -53.8], [-72.1, -53.8], [-72.1, -53.7], [-72.2, -53.7], [-72.2, -53.8]]]}, "properties": {"n_records": 7, "n_localities": 4, "n_observers": 7, "n_recent_10y": 7}}, {"type": "Feature", "geometry": {"type": "Polygon", "coordinates": [[[-72.2, -53.7], [-72.1, -53.7], [-72.1, -53.6], [-72.2, -53.6], [-72.2, -53.7]]]}, "properties": {"n_records": 1, "n_localities": 1, "n_observers": 1, "n_recent_10y": 1}}, {"type": "Feature", "geometry": {"type": "Polygon", "coordinates": [[[-72.2, -52.7], [-72.1, -52.7], [-72.1, -52.6], [-72.2, -52.6], [-72.2, -52.7]]]}, "properties": {"n_records": 2, "n_localities": 2, "n_observers": 2, "n_recent_10y": 2}}, {"type": "Feature", "geometry": {"type": "Polygon", "coordinates": [[[-72.2, -52.0], [-72.1, -52.0], [-72.1, -51.9], [-72.2, -51.9], [-72.2, -52.0]]]}, "properties": {"n_records": 1, "n_localities": 1, "n_observers": 1, "n_recent_10y": 1}}, {"type": "Feature", "geometry": {"type": "Polygon", "coordinates": [[[-72.2, -51.9], [-72.1, -51.9], [-72.1, -51.8], [-72.2, -51.8], [-72.2, -51.9]]]}, "properties": {"n_records": 12, "n_localities": 6, "n_observers": 10, "n_recent_10y": 11}}, {"type": "Feature", "geometry": {"type": "Polygon", "coordinates": [[[-72.2, -47.3], [-72.1, -47.3], [-72.1, -47.2], [-72.2, -47.2], [-72.2, -47.3]]]}, "properties": {"n_records": 1, "n_localities": 1, "n_observers": 1, "n_recent_10y": 0}}, {"type": "Feature", "geometry": {"type": "Polygon", "coordinates": [[[-72.2, -47.1], [-72.1, -47.1], [-72.1, -47.0], [-72.2, -47.0], [-72.2, -47.1]]]}, "properties": {"n_records": 9, "n_localities": 7, "n_observers": 5, "n_recent_10y": 9}}, {"type": "Feature", "geometry": {"type": "Polygon", "coordinates": [[[-72.2, -47.0], [-72.1, -47.0], [-72.1, -46.9], [-72.2, -46.9], [-72.2, -47.0]]]}, "properties": {"n_records": 4, "n_localities": 3, "n_observers": 4, "n_recent_10y": 4}}, {"type": "Feature", "geometry": {"type": "Polygon", "coordinates": [[[-72.2, -46.9], [-72.1, -46.9], [-72.1, -46.8], [-72.2, -46.8], [-72.2, -46.9]]]}, "properties": {"n_records": 14, "n_localities": 5, "n_observers": 11, "n_recent_10y": 14}}, {"type": "Feature", "geometry": {"type": "Polygon", "coordinates": [[[-72.2, -46.6], [-72.1, -46.6], [-72.1, -46.5], [-72.2, -46.5], [-72.2, -46.6]]]}, "properties": {"n_records": 7, "n_localities": 3, "n_observers": 4, "n_recent_10y": 7}}, {"type": "Feature", "geometry": {"type": "Polygon", "coordinates": [[[-72.2, -46.2], [-72.1, -46.2], [-72.1, -46.1], [-72.2, -46.1], [-72.2, -46.2]]]}, "properties": {"n_records": 31, "n_localities": 16, "n_observers": 26, "n_recent_10y": 31}}, {"type": "Feature", "geometry": {"type": "Polygon", "coordinates": [[[-72.2, -46.1], [-72.1, -46.1], [-72.1, -46.0], [-72.2, -46.0], [-72.2, -46.1]]]}, "properties": {"n_records": 51, "n_localities": 14, "n_observers": 38, "n_recent_10y": 44}}, {"type": "Feature", "geometry": {"type": "Polygon", "coordinates": [[[-72.2, -45.8], [-72.1, -45.8], [-72.1, -45.7], [-72.2, -45.7], [-72.2, -45.8]]]}, "properties": {"n_records": 19, "n_localities": 11, "n_observers": 14, "n_recent_10y": 15}}, {"type": "Feature", "geometry": {"type": "Polygon", "coordinates": [[[-72.2, -45.7], [-72.1, -45.7], [-72.1, -45.6], [-72.2, -45.6], [-72.2, -45.7]]]}, "properties": {"n_records": 17, "n_localities": 8, "n_observers": 9, "n_recent_10y": 17}}, {"type": "Feature", "geometry": {"type": "Polygon", "coordinates": [[[-72.2, -45.6], [-72.1, -45.6], [-72.1, -45.5], [-72.2, -45.5], [-72.2, -45.6]]]}, "properties": {"n_records": 27, "n_localities": 9, "n_observers": 16, "n_recent_10y": 27}}, {"type": "Feature", "geometry": {"type": "Polygon", "coordinates": [[[-72.2, -45.5], [-72.1, -45.5], [-72.1, -45.4], [-72.2, -45.4], [-72.2, -45.5]]]}, "properties": {"n_records": 3, "n_localities": 2, "n_observers": 3, "n_recent_10y": 3}}, {"type": "Feature", "geometry": {"type": "Polygon", "coordinates": [[[-72.2, -45.3], [-72.1, -45.3], [-72.1, -45.2], [-72.2, -45.2], [-72.2, -45.3]]]}, "properties": {"n_records": 4, "n_localities": 2, "n_observers": 4, "n_recent_10y": 4}}, {"type": "Feature", "geometry": {"type": "Polygon", "coordinates": [[[-72.2, -45.2], [-72.1, -45.2], [-72.1, -45.1], [-72.2, -45.1], [-72.2, -45.2]]]}, "properties": {"n_records": 17, "n_localities": 10, "n_observers": 16, "n_recent_10y": 16}}, {"type": "Feature", "geometry": {"type": "Polygon", "coordinates": [[[-72.2, -45.1], [-72.1, -45.1], [-72.1, -45.0], [-72.2, -45.0], [-72.2, -45.1]]]}, "properties": {"n_records": 4, "n_localities": 4, "n_observers": 4, "n_recent_10y": 4}}, {"type": "Feature", "geometry": {"type": "Polygon", "coordinates": [[[-72.2, -45.0], [-72.1, -45.0], [-72.1, -44.9], [-72.2, -44.9], [-72.2, -45.0]]]}, "properties": {"n_records": 10, "n_localities": 5, "n_observers": 7, "n_recent_10y": 10}}, {"type": "Feature", "geometry": {"type": "Polygon", "coordinates": [[[-72.2, -44.9], [-72.1, -44.9], [-72.1, -44.8], [-72.2, -44.8], [-72.2, -44.9]]]}, "properties": {"n_records": 2, "n_localities": 1, "n_observers": 2, "n_recent_10y": 2}}, {"type": "Feature", "geometry": {"type": "Polygon", "coordinates": [[[-72.2, -43.9], [-72.1, -43.9], [-72.1, -43.8], [-72.2, -43.8], [-72.2, -43.9]]]}, "properties": {"n_records": 1, "n_localities": 1, "n_observers": 1, "n_recent_10y": 1}}, {"type": "Feature", "geometry": {"type": "Polygon", "coordinates": [[[-72.2, -43.5], [-72.1, -43.5], [-72.1, -43.4], [-72.2, -43.4], [-72.2, -43.5]]]}, "properties": {"n_records": 40, "n_localities": 15, "n_observers": 8, "n_recent_10y": 40}}, {"type": "Feature", "geometry": {"type": "Polygon", "coordinates": [[[-72.2, -42.0], [-72.1, -42.0], [-72.1, -41.9], [-72.2, -41.9], [-72.2, -42.0]]]}, "properties": {"n_records": 2, "n_localities": 1, "n_observers": 2, "n_recent_10y": 2}}, {"type": "Feature", "geometry": {"type": "Polygon", "coordinates": [[[-72.2, -41.8], [-72.1, -41.8], [-72.1, -41.7], [-72.2, -41.7], [-72.2, -41.8]]]}, "properties": {"n_records": 12, "n_localities": 4, "n_observers": 11, "n_recent_10y": 10}}, {"type": "Feature", "geometry": {"type": "Polygon", "coordinates": [[[-72.2, -41.7], [-72.1, -41.7], [-72.1, -41.6], [-72.2, -41.6], [-72.2, -41.7]]]}, "properties": {"n_records": 10, "n_localities": 3, "n_observers": 9, "n_recent_10y": 10}}, {"type": "Feature", "geometry": {"type": "Polygon", "coordinates": [[[-72.2, -41.5], [-72.1, -41.5], [-72.1, -41.4], [-72.2, -41.4], [-72.2, -41.5]]]}, "properties": {"n_records": 31, "n_localities": 11, "n_observers": 28, "n_recent_10y": 25}}, {"type": "Feature", "geometry": {"type": "Polygon", "coordinates": [[[-72.2, -41.4], [-72.1, -41.4], [-72.1, -41.3], [-72.2, -41.3], [-72.2, -41.4]]]}, "properties": {"n_records": 2, "n_localities": 2, "n_observers": 2, "n_recent_10y": 2}}, {"type": "Feature", "geometry": {"type": "Polygon", "coordinates": [[[-72.2, -41.3], [-72.1, -41.3], [-72.1, -41.2], [-72.2, -41.2], [-72.2, -41.3]]]}, "properties": {"n_records": 1, "n_localities": 1, "n_observers": 1, "n_recent_10y": 1}}, {"type": "Feature", "geometry": {"type": "Polygon", "coordinates": [[[-72.2, -41.2], [-72.1, -41.2], [-72.1, -41.1], [-72.2, -41.1], [-72.2, -41.2]]]}, "properties": {"n_records": 2, "n_localities": 1, "n_observers": 1, "n_recent_10y": 2}}, {"type": "Feature", "geometry": {"type": "Polygon", "coordinates": [[[-72.2, -41.0], [-72.1, -41.0], [-72.1, -40.9], [-72.2, -40.9], [-72.2, -41.0]]]}, "properties": {"n_records": 1, "n_localities": 1, "n_observers": 1, "n_recent_10y": 1}}, {"type": "Feature", "geometry": {"type": "Polygon", "coordinates": [[[-72.2, -40.8], [-72.1, -40.8], [-72.1, -40.7], [-72.2, -40.7], [-72.2, -40.8]]]}, "properties": {"n_records": 29, "n_localities": 12, "n_observers": 15, "n_recent_10y": 26}}, {"type": "Feature", "geometry": {"type": "Polygon", "coordinates": [[[-72.2, -40.7], [-72.1, -40.7], [-72.1, -40.6], [-72.2, -40.6], [-72.2, -40.7]]]}, "properties": {"n_records": 5, "n_localities": 4, "n_observers": 5, "n_recent_10y": 5}}, {"type": "Feature", "geometry": {"type": "Polygon", "coordinates": [[[-72.2, -40.0], [-72.1, -40.0], [-72.1, -39.9], [-72.2, -39.9], [-72.2, -40.0]]]}, "properties": {"n_records": 1, "n_localities": 1, "n_observers": 1, "n_recent_10y": 1}}, {"type": "Feature", "geometry": {"type": "Polygon", "coordinates": [[[-72.2, -39.9], [-72.1, -39.9], [-72.1, -39.8], [-72.2, -39.8], [-72.2, -39.9]]]}, "properties": {"n_records": 1, "n_localities": 1, "n_observers": 1, "n_recent_10y": 1}}, {"type": "Feature", "geometry": {"type": "Polygon", "coordinates": [[[-72.1, -54.6], [-72.0, -54.6], [-72.0, -54.5], [-72.1, -54.5], [-72.1, -54.6]]]}, "properties": {"n_records": 8, "n_localities": 2, "n_observers": 8, "n_recent_10y": 8}}, {"type": "Feature", "geometry": {"type": "Polygon", "coordinates": [[[-72.1, -53.9], [-72.0, -53.9], [-72.0, -53.8], [-72.1, -53.8], [-72.1, -53.9]]]}, "properties": {"n_records": 1, "n_localities": 1, "n_observers": 1, "n_recent_10y": 1}}, {"type": "Feature", "geometry": {"type": "Polygon", "coordinates": [[[-72.1, -53.8], [-72.0, -53.8], [-72.0, -53.7], [-72.1, -53.7], [-72.1, -53.8]]]}, "properties": {"n_records": 1, "n_localities": 1, "n_observers": 1, "n_recent_10y": 0}}, {"type": "Feature", "geometry": {"type": "Polygon", "coordinates": [[[-72.1, -53.7], [-72.0, -53.7], [-72.0, -53.6], [-72.1, -53.6], [-72.1, -53.7]]]}, "properties": {"n_records": 2, "n_localities": 1, "n_observers": 2, "n_recent_10y": 2}}, {"type": "Feature", "geometry": {"type": "Polygon", "coordinates": [[[-72.1, -52.6], [-72.0, -52.6], [-72.0, -52.5], [-72.1, -52.5], [-72.1, -52.6]]]}, "properties": {"n_records": 2, "n_localities": 1, "n_observers": 2, "n_recent_10y": 2}}, {"type": "Feature", "geometry": {"type": "Polygon", "coordinates": [[[-72.1, -52.1], [-72.0, -52.1], [-72.0, -52.0], [-72.1, -52.0], [-72.1, -52.1]]]}, "properties": {"n_records": 1, "n_localities": 1, "n_observers": 1, "n_recent_10y": 0}}, {"type": "Feature", "geometry": {"type": "Polygon", "coordinates": [[[-72.1, -52.0], [-72.0, -52.0], [-72.0, -51.9], [-72.1, -51.9], [-72.1, -52.0]]]}, "properties": {"n_records": 9, "n_localities": 6, "n_observers": 9, "n_recent_10y": 8}}, {"type": "Feature", "geometry": {"type": "Polygon", "coordinates": [[[-72.1, -47.2], [-72.0, -47.2], [-72.0, -47.1], [-72.1, -47.1], [-72.1, -47.2]]]}, "properties": {"n_records": 5, "n_localities": 5, "n_observers": 5, "n_recent_10y": 4}}, {"type": "Feature", "geometry": {"type": "Polygon", "coordinates": [[[-72.1, -46.9], [-72.0, -46.9], [-72.0, -46.8], [-72.1, -46.8], [-72.1, -46.9]]]}, "properties": {"n_records": 20, "n_localities": 8, "n_observers": 18, "n_recent_10y": 19}}, {"type": "Feature", "geometry": {"type": "Polygon", "coordinates": [[[-72.1, -46.6], [-72.0, -46.6], [-72.0, -46.5], [-72.1, -46.5], [-72.1, -46.6]]]}, "properties": {"n_records": 3, "n_localities": 3, "n_observers": 2, "n_recent_10y": 3}}, {"type": "Feature", "geometry": {"type": "Polygon", "coordinates": [[[-72.1, -46.3], [-72.0, -46.3], [-72.0, -46.2], [-72.1, -46.2], [-72.1, -46.3]]]}, "properties": {"n_records": 1, "n_localities": 1, "n_observers": 1, "n_recent_10y": 1}}, {"type": "Feature", "geometry": {"type": "Polygon", "coordinates": [[[-72.1, -46.2], [-72.0, -46.2], [-72.0, -46.1], [-72.1, -46.1], [-72.1, -46.2]]]}, "properties": {"n_records": 10, "n_localities": 5, "n_observers": 7, "n_recent_10y": 10}}, {"type": "Feature", "geometry": {"type": "Polygon", "coordinates": [[[-72.1, -46.1], [-72.0, -46.1], [-72.0, -46.0], [-72.1, -46.0], [-72.1, -46.1]]]}, "properties": {"n_records": 24, "n_localities": 4, "n_observers": 22, "n_recent_10y": 24}}, {"type": "Feature", "geometry": {"type": "Polygon", "coordinates": [[[-72.1, -46.0], [-72.0, -46.0], [-72.0, -45.9], [-72.1, -45.9], [-72.1, -46.0]]]}, "properties": {"n_records": 14, "n_localities": 4, "n_observers": 14, "n_recent_10y": 14}}, {"type": "Feature", "geometry": {"type": "Polygon", "coordinates": [[[-72.1, -45.9], [-72.0, -45.9], [-72.0, -45.8], [-72.1, -45.8], [-72.1, -45.9]]]}, "properties": {"n_records": 8, "n_localities": 8, "n_observers": 8, "n_recent_10y": 7}}, {"type": "Feature", "geometry": {"type": "Polygon", "coordinates": [[[-72.1, -45.8], [-72.0, -45.8], [-72.0, -45.7], [-72.1, -45.7], [-72.1, -45.8]]]}, "properties": {"n_records": 27, "n_localities": 14, "n_observers": 18, "n_recent_10y": 25}}, {"type": "Feature", "geometry": {"type": "Polygon", "coordinates": [[[-72.1, -45.7], [-72.0, -45.7], [-72.0, -45.6], [-72.1, -45.6], [-72.1, -45.7]]]}, "properties": {"n_records": 41, "n_localities": 21, "n_observers": 24, "n_recent_10y": 37}}, {"type": "Feature", "geometry": {"type": "Polygon", "coordinates": [[[-72.1, -45.6], [-72.0, -45.6], [-72.0, -45.5], [-72.1, -45.5], [-72.1, -45.6]]]}, "properties": {"n_records": 86, "n_localities": 47, "n_observers": 54, "n_recent_10y": 76}}, {"type": "Feature", "geometry": {"type": "Polygon", "coordinates": [[[-72.1, -45.5], [-72.0, -45.5], [-72.0, -45.4], [-72.1, -45.4], [-72.1, -45.5]]]}, "properties": {"n_records": 11, "n_localities": 8, "n_observers": 11, "n_recent_10y": 11}}, {"type": "Feature", "geometry": {"type": "Polygon", "coordinates": [[[-72.1, -45.4], [-72.0, -45.4], [-72.0, -45.3], [-72.1, -45.3], [-72.1, -45.4]]]}, "properties": {"n_records": 1, "n_localities": 1, "n_observers": 1, "n_recent_10y": 1}}, {"type": "Feature", "geometry": {"type": "Polygon", "coordinates": [[[-72.1, -44.9], [-72.0, -44.9], [-72.0, -44.8], [-72.1, -44.8], [-72.1, -44.9]]]}, "properties": {"n_records": 1, "n_localities": 1, "n_observers": 1, "n_recent_10y": 1}}, {"type": "Feature", "geometry": {"type": "Polygon", "coordinates": [[[-72.1, -43.7], [-72.0, -43.7], [-72.0, -43.6], [-72.1, -43.6], [-72.1, -43.7]]]}, "properties": {"n_records": 2, "n_localities": 2, "n_observers": 2, "n_recent_10y": 2}}, {"type": "Feature", "geometry": {"type": "Polygon", "coordinates": [[[-72.1, -43.6], [-72.0, -43.6], [-72.0, -43.5], [-72.1, -43.5], [-72.1, -43.6]]]}, "properties": {"n_records": 9, "n_localities": 5, "n_observers": 5, "n_recent_10y": 9}}, {"type": "Feature", "geometry": {"type": "Polygon", "coordinates": [[[-72.1, -43.5], [-72.0, -43.5], [-72.0, -43.4], [-72.1, -43.4], [-72.1, -43.5]]]}, "properties": {"n_records": 1, "n_localities": 1, "n_observers": 1, "n_recent_10y": 1}}, {"type": "Feature", "geometry": {"type": "Polygon", "coordinates": [[[-72.1, -43.4], [-72.0, -43.4], [-72.0, -43.3], [-72.1, -43.3], [-72.1, -43.4]]]}, "properties": {"n_records": 5, "n_localities": 4, "n_observers": 5, "n_recent_10y": 5}}, {"type": "Feature", "geometry": {"type": "Polygon", "coordinates": [[[-72.1, -43.1], [-72.0, -43.1], [-72.0, -43.0], [-72.1, -43.0], [-72.1, -43.1]]]}, "properties": {"n_records": 6, "n_localities": 2, "n_observers": 2, "n_recent_10y": 6}}, {"type": "Feature", "geometry": {"type": "Polygon", "coordinates": [[[-72.1, -42.1], [-72.0, -42.1], [-72.0, -42.0], [-72.1, -42.0], [-72.1, -42.1]]]}, "properties": {"n_records": 1, "n_localities": 1, "n_observers": 1, "n_recent_10y": 1}}, {"type": "Feature", "geometry": {"type": "Polygon", "coordinates": [[[-72.1, -42.0], [-72.0, -42.0], [-72.0, -41.9], [-72.1, -41.9], [-72.1, -42.0]]]}, "properties": {"n_records": 2, "n_localities": 1, "n_observers": 2, "n_recent_10y": 2}}, {"type": "Feature", "geometry": {"type": "Polygon", "coordinates": [[[-72.1, -41.8], [-72.0, -41.8], [-72.0, -41.7], [-72.1, -41.7], [-72.1, -41.8]]]}, "properties": {"n_records": 2, "n_localities": 1, "n_observers": 2, "n_recent_10y": 2}}, {"type": "Feature", "geometry": {"type": "Polygon", "coordinates": [[[-72.1, -41.3], [-72.0, -41.3], [-72.0, -41.2], [-72.1, -41.2], [-72.1, -41.3]]]}, "properties": {"n_records": 1, "n_localities": 1, "n_observers": 1, "n_recent_10y": 1}}, {"type": "Feature", "geometry": {"type": "Polygon", "coordinates": [[[-72.1, -41.1], [-72.0, -41.1], [-72.0, -41.0], [-72.1, -41.0], [-72.1, -41.1]]]}, "properties": {"n_records": 9, "n_localities": 8, "n_observers": 8, "n_recent_10y": 8}}, {"type": "Feature", "geometry": {"type": "Polygon", "coordinates": [[[-72.1, -40.6], [-72.0, -40.6], [-72.0, -40.5], [-72.1, -40.5], [-72.1, -40.6]]]}, "properties": {"n_records": 1, "n_localities": 1, "n_observers": 1, "n_recent_10y": 0}}, {"type": "Feature", "geometry": {"type": "Polygon", "coordinates": [[[-72.1, -40.0], [-72.0, -40.0], [-72.0, -39.9], [-72.1, -39.9], [-72.1, -40.0]]]}, "properties": {"n_records": 7, "n_localities": 4, "n_observers": 7, "n_recent_10y": 7}}, {"type": "Feature", "geometry": {"type": "Polygon", "coordinates": [[[-72.1, -39.9], [-72.0, -39.9], [-72.0, -39.8], [-72.1, -39.8], [-72.1, -39.9]]]}, "properties": {"n_records": 3, "n_localities": 3, "n_observers": 2, "n_recent_10y": 2}}, {"type": "Feature", "geometry": {"type": "Polygon", "coordinates": [[[-72.1, -39.6], [-72.0, -39.6], [-72.0, -39.5], [-72.1, -39.5], [-72.1, -39.6]]]}, "properties": {"n_records": 1, "n_localities": 1, "n_observers": 1, "n_recent_10y": 1}}, {"type": "Feature", "geometry": {"type": "Polygon", "coordinates": [[[-72.1, -39.4], [-72.0, -39.4], [-72.0, -39.3], [-72.1, -39.3], [-72.1, -39.4]]]}, "properties": {"n_records": 2, "n_localities": 1, "n_observers": 2, "n_recent_10y": 2}}, {"type": "Feature", "geometry": {"type": "Polygon", "coordinates": [[[-72.0, -53.9], [-71.9, -53.9], [-71.9, -53.8], [-72.0, -53.8], [-72.0, -53.9]]]}, "properties": {"n_records": 1, "n_localities": 1, "n_observers": 1, "n_recent_10y": 1}}, {"type": "Feature", "geometry": {"type": "Polygon", "coordinates": [[[-72.0, -53.8], [-71.9, -53.8], [-71.9, -53.7], [-72.0, -53.7], [-72.0, -53.8]]]}, "properties": {"n_records": 5, "n_localities": 4, "n_observers": 5, "n_recent_10y": 5}}, {"type": "Feature", "geometry": {"type": "Polygon", "coordinates": [[[-72.0, -52.9], [-71.9, -52.9], [-71.9, -52.8], [-72.0, -52.8], [-72.0, -52.9]]]}, "properties": {"n_records": 4, "n_localities": 1, "n_observers": 4, "n_recent_10y": 3}}, {"type": "Feature", "geometry": {"type": "Polygon", "coordinates": [[[-72.0, -52.7], [-71.9, -52.7], [-71.9, -52.6], [-72.0, -52.6], [-72.0, -52.7]]]}, "properties": {"n_records": 3, "n_localities": 3, "n_observers": 3, "n_recent_10y": 3}}, {"type": "Feature", "geometry": {"type": "Polygon", "coordinates": [[[-72.0, -52.6], [-71.9, -52.6], [-71.9, -52.5], [-72.0, -52.5], [-72.0, -52.6]]]}, "properties": {"n_records": 6, "n_localities": 5, "n_observers": 5, "n_recent_10y": 6}}, {"type": "Feature", "geometry": {"type": "Polygon", "coordinates": [[[-72.0, -52.5], [-71.9, -52.5], [-71.9, -52.4], [-72.0, -52.4], [-72.0, -52.5]]]}, "properties": {"n_records": 1, "n_localities": 1, "n_observers": 1, "n_recent_10y": 1}}, {"type": "Feature", "geometry": {"type": "Polygon", "coordinates": [[[-72.0, -52.1], [-71.9, -52.1], [-71.9, -52.0], [-72.0, -52.0], [-72.0, -52.1]]]}, "properties": {"n_records": 17, "n_localities": 7, "n_observers": 17, "n_recent_10y": 17}}, {"type": "Feature", "geometry": {"type": "Polygon", "coordinates": [[[-72.0, -47.2], [-71.9, -47.2], [-71.9, -47.1], [-72.0, -47.1], [-72.0, -47.2]]]}, "properties": {"n_records": 10, "n_localities": 3, "n_observers": 7, "n_recent_10y": 10}}, {"type": "Feature", "geometry": {"type": "Polygon", "coordinates": [[[-72.0, -46.9], [-71.9, -46.9], [-71.9, -46.8], [-72.0, -46.8], [-72.0, -46.9]]]}, "properties": {"n_records": 1, "n_localities": 1, "n_observers": 1, "n_recent_10y": 1}}, {"type": "Feature", "geometry": {"type": "Polygon", "coordinates": [[[-72.0, -46.8], [-71.9, -46.8], [-71.9, -46.7], [-72.0, -46.7], [-72.0, -46.8]]]}, "properties": {"n_records": 5, "n_localities": 2, "n_observers": 3, "n_recent_10y": 5}}, {"type": "Feature", "geometry": {"type": "Polygon", "coordinates": [[[-72.0, -46.6], [-71.9, -46.6], [-71.9, -46.5], [-72.0, -46.5], [-72.0, -46.6]]]}, "properties": {"n_records": 11, "n_localities": 6, "n_observers": 8, "n_recent_10y": 11}}, {"type": "Feature", "geometry": {"type": "Polygon", "coordinates": [[[-72.0, -46.4], [-71.9, -46.4], [-71.9, -46.3], [-72.0, -46.3], [-72.0, -46.4]]]}, "properties": {"n_records": 3, "n_localities": 1, "n_observers": 3, "n_recent_10y": 1}}, {"type": "Feature", "geometry": {"type": "Polygon", "coordinates": [[[-72.0, -46.3], [-71.9, -46.3], [-71.9, -46.2], [-72.0, -46.2], [-72.0, -46.3]]]}, "properties": {"n_records": 42, "n_localities": 17, "n_observers": 36, "n_recent_10y": 34}}, {"type": "Feature", "geometry": {"type": "Polygon", "coordinates": [[[-72.0, -46.1], [-71.9, -46.1], [-71.9, -46.0], [-72.0, -46.0], [-72.0, -46.1]]]}, "properties": {"n_records": 5, "n_localities": 4, "n_observers": 5, "n_recent_10y": 5}}, {"type": "Feature", "geometry": {"type": "Polygon", "coordinates": [[[-72.0, -46.0], [-71.9, -46.0], [-71.9, -45.9], [-72.0, -45.9], [-72.0, -46.0]]]}, "properties": {"n_records": 12, "n_localities": 7, "n_observers": 12, "n_recent_10y": 8}}, {"type": "Feature", "geometry": {"type": "Polygon", "coordinates": [[[-72.0, -45.9], [-71.9, -45.9], [-71.9, -45.8], [-72.0, -45.8], [-72.0, -45.9]]]}, "properties": {"n_records": 16, "n_localities": 9, "n_observers": 13, "n_recent_10y": 15}}, {"type": "Feature", "geometry": {"type": "Polygon", "coordinates": [[[-72.0, -45.8], [-71.9, -45.8], [-71.9, -45.7], [-72.0, -45.7], [-72.0, -45.8]]]}, "properties": {"n_records": 33, "n_localities": 16, "n_observers": 19, "n_recent_10y": 28}}, {"type": "Feature", "geometry": {"type": "Polygon", "coordinates": [[[-72.0, -45.7], [-71.9, -45.7], [-71.9, -45.6], [-72.0, -45.6], [-72.0, -45.7]]]}, "properties": {"n_records": 16, "n_localities": 5, "n_observers": 11, "n_recent_10y": 16}}, {"type": "Feature", "geometry": {"type": "Polygon", "coordinates": [[[-72.0, -45.6], [-71.9, -45.6], [-71.9, -45.5], [-72.0, -45.5], [-72.0, -45.6]]]}, "properties": {"n_records": 18, "n_localities": 12, "n_observers": 18, "n_recent_10y": 15}}, {"type": "Feature", "geometry": {"type": "Polygon", "coordinates": [[[-72.0, -45.5], [-71.9, -45.5], [-71.9, -45.4], [-72.0, -45.4], [-72.0, -45.5]]]}, "properties": {"n_records": 4, "n_localities": 1, "n_observers": 2, "n_recent_10y": 0}}, {"type": "Feature", "geometry": {"type": "Polygon", "coordinates": [[[-72.0, -45.4], [-71.9, -45.4], [-71.9, -45.3], [-72.0, -45.3], [-72.0, -45.4]]]}, "properties": {"n_records": 3, "n_localities": 3, "n_observers": 3, "n_recent_10y": 2}}, {"type": "Feature", "geometry": {"type": "Polygon", "coordinates": [[[-72.0, -45.1], [-71.9, -45.1], [-71.9, -45.0], [-72.0, -45.0], [-72.0, -45.1]]]}, "properties": {"n_records": 2, "n_localities": 1, "n_observers": 1, "n_recent_10y": 0}}, {"type": "Feature", "geometry": {"type": "Polygon", "coordinates": [[[-72.0, -44.0], [-71.9, -44.0], [-71.9, -43.9], [-72.0, -43.9], [-72.0, -44.0]]]}, "properties": {"n_records": 2, "n_localities": 1, "n_observers": 1, "n_recent_10y": 2}}, {"type": "Feature", "geometry": {"type": "Polygon", "coordinates": [[[-72.0, -43.7], [-71.9, -43.7], [-71.9, -43.6], [-72.0, -43.6], [-72.0, -43.7]]]}, "properties": {"n_records": 5, "n_localities": 4, "n_observers": 5, "n_recent_10y": 4}}, {"type": "Feature", "geometry": {"type": "Polygon", "coordinates": [[[-72.0, -43.4], [-71.9, -43.4], [-71.9, -43.3], [-72.0, -43.3], [-72.0, -43.4]]]}, "properties": {"n_records": 4, "n_localities": 4, "n_observers": 3, "n_recent_10y": 4}}, {"type": "Feature", "geometry": {"type": "Polygon", "coordinates": [[[-72.0, -43.3], [-71.9, -43.3], [-71.9, -43.2], [-72.0, -43.2], [-72.0, -43.3]]]}, "properties": {"n_records": 4, "n_localities": 3, "n_observers": 4, "n_recent_10y": 4}}, {"type": "Feature", "geometry": {"type": "Polygon", "coordinates": [[[-72.0, -43.2], [-71.9, -43.2], [-71.9, -43.1], [-72.0, -43.1], [-72.0, -43.2]]]}, "properties": {"n_records": 9, "n_localities": 6, "n_observers": 6, "n_recent_10y": 8}}, {"type": "Feature", "geometry": {"type": "Polygon", "coordinates": [[[-72.0, -42.0], [-71.9, -42.0], [-71.9, -41.9], [-72.0, -41.9], [-72.0, -42.0]]]}, "properties": {"n_records": 2, "n_localities": 1, "n_observers": 2, "n_recent_10y": 2}}, {"type": "Feature", "geometry": {"type": "Polygon", "coordinates": [[[-72.0, -41.9], [-71.9, -41.9], [-71.9, -41.8], [-72.0, -41.8], [-72.0, -41.9]]]}, "properties": {"n_records": 3, "n_localities": 2, "n_observers": 3, "n_recent_10y": 3}}, {"type": "Feature", "geometry": {"type": "Polygon", "coordinates": [[[-72.0, -41.6], [-71.9, -41.6], [-71.9, -41.5], [-72.0, -41.5], [-72.0, -41.6]]]}, "properties": {"n_records": 3, "n_localities": 3, "n_observers": 2, "n_recent_10y": 3}}, {"type": "Feature", "geometry": {"type": "Polygon", "coordinates": [[[-72.0, -41.5], [-71.9, -41.5], [-71.9, -41.4], [-72.0, -41.4], [-72.0, -41.5]]]}, "properties": {"n_records": 3, "n_localities": 2, "n_observers": 3, "n_recent_10y": 3}}, {"type": "Feature", "geometry": {"type": "Polygon", "coordinates": [[[-72.0, -41.3], [-71.9, -41.3], [-71.9, -41.2], [-72.0, -41.2], [-72.0, -41.3]]]}, "properties": {"n_records": 5, "n_localities": 3, "n_observers": 5, "n_recent_10y": 5}}, {"type": "Feature", "geometry": {"type": "Polygon", "coordinates": [[[-72.0, -41.1], [-71.9, -41.1], [-71.9, -41.0], [-72.0, -41.0], [-72.0, -41.1]]]}, "properties": {"n_records": 1, "n_localities": 1, "n_observers": 1, "n_recent_10y": 1}}, {"type": "Feature", "geometry": {"type": "Polygon", "coordinates": [[[-72.0, -40.8], [-71.9, -40.8], [-71.9, -40.7], [-72.0, -40.7], [-72.0, -40.8]]]}, "properties": {"n_records": 2, "n_localities": 1, "n_observers": 2, "n_recent_10y": 2}}, {"type": "Feature", "geometry": {"type": "Polygon", "coordinates": [[[-72.0, -40.7], [-71.9, -40.7], [-71.9, -40.6], [-72.0, -40.6], [-72.0, -40.7]]]}, "properties": {"n_records": 2, "n_localities": 2, "n_observers": 2, "n_recent_10y": 2}}, {"type": "Feature", "geometry": {"type": "Polygon", "coordinates": [[[-72.0, -40.3], [-71.9, -40.3], [-71.9, -40.2], [-72.0, -40.2], [-72.0, -40.3]]]}, "properties": {"n_records": 1, "n_localities": 1, "n_observers": 1, "n_recent_10y": 1}}, {"type": "Feature", "geometry": {"type": "Polygon", "coordinates": [[[-72.0, -40.0], [-71.9, -40.0], [-71.9, -39.9], [-72.0, -39.9], [-72.0, -40.0]]]}, "properties": {"n_records": 3, "n_localities": 1, "n_observers": 3, "n_recent_10y": 3}}, {"type": "Feature", "geometry": {"type": "Polygon", "coordinates": [[[-72.0, -39.9], [-71.9, -39.9], [-71.9, -39.8], [-72.0, -39.8], [-72.0, -39.9]]]}, "properties": {"n_records": 2, "n_localities": 2, "n_observers": 2, "n_recent_10y": 2}}, {"type": "Feature", "geometry": {"type": "Polygon", "coordinates": [[[-72.0, -39.7], [-71.9, -39.7], [-71.9, -39.6], [-72.0, -39.6], [-72.0, -39.7]]]}, "properties": {"n_records": 1, "n_localities": 1, "n_observers": 1, "n_recent_10y": 0}}, {"type": "Feature", "geometry": {"type": "Polygon", "coordinates": [[[-72.0, -39.6], [-71.9, -39.6], [-71.9, -39.5], [-72.0, -39.5], [-72.0, -39.6]]]}, "properties": {"n_records": 1, "n_localities": 1, "n_observers": 1, "n_recent_10y": 0}}, {"type": "Feature", "geometry": {"type": "Polygon", "coordinates": [[[-72.0, -39.5], [-71.9, -39.5], [-71.9, -39.4], [-72.0, -39.4], [-72.0, -39.5]]]}, "properties": {"n_records": 9, "n_localities": 5, "n_observers": 7, "n_recent_10y": 9}}, {"type": "Feature", "geometry": {"type": "Polygon", "coordinates": [[[-72.0, -39.4], [-71.9, -39.4], [-71.9, -39.3], [-72.0, -39.3], [-72.0, -39.4]]]}, "properties": {"n_records": 20, "n_localities": 6, "n_observers": 19, "n_recent_10y": 18}}, {"type": "Feature", "geometry": {"type": "Polygon", "coordinates": [[[-72.0, -39.3], [-71.9, -39.3], [-71.9, -39.2], [-72.0, -39.2], [-72.0, -39.3]]]}, "properties": {"n_records": 1, "n_localities": 1, "n_observers": 1, "n_recent_10y": 1}}, {"type": "Feature", "geometry": {"type": "Polygon", "coordinates": [[[-71.9, -53.8], [-71.8, -53.8], [-71.8, -53.7], [-71.9, -53.7], [-71.9, -53.8]]]}, "properties": {"n_records": 1, "n_localities": 1, "n_observers": 1, "n_recent_10y": 1}}, {"type": "Feature", "geometry": {"type": "Polygon", "coordinates": [[[-71.9, -53.7], [-71.8, -53.7], [-71.8, -53.6], [-71.9, -53.6], [-71.9, -53.7]]]}, "properties": {"n_records": 2, "n_localities": 1, "n_observers": 2, "n_recent_10y": 2}}, {"type": "Feature", "geometry": {"type": "Polygon", "coordinates": [[[-71.9, -53.1], [-71.8, -53.1], [-71.8, -53.0], [-71.9, -53.0], [-71.9, -53.1]]]}, "properties": {"n_records": 1, "n_localities": 1, "n_observers": 1, "n_recent_10y": 0}}, {"type": "Feature", "geometry": {"type": "Polygon", "coordinates": [[[-71.9, -52.6], [-71.8, -52.6], [-71.8, -52.5], [-71.9, -52.5], [-71.9, -52.6]]]}, "properties": {"n_records": 4, "n_localities": 2, "n_observers": 4, "n_recent_10y": 4}}, {"type": "Feature", "geometry": {"type": "Polygon", "coordinates": [[[-71.9, -52.1], [-71.8, -52.1], [-71.8, -52.0], [-71.9, -52.0], [-71.9, -52.1]]]}, "properties": {"n_records": 25, "n_localities": 10, "n_observers": 24, "n_recent_10y": 25}}, {"type": "Feature", "geometry": {"type": "Polygon", "coordinates": [[[-71.9, -47.2], [-71.8, -47.2], [-71.8, -47.1], [-71.9, -47.1], [-71.9, -47.2]]]}, "properties": {"n_records": 19, "n_localities": 5, "n_observers": 12, "n_recent_10y": 18}}, {"type": "Feature", "geometry": {"type": "Polygon", "coordinates": [[[-71.9, -46.8], [-71.8, -46.8], [-71.8, -46.7], [-71.9, -46.7], [-71.9, -46.8]]]}, "properties": {"n_records": 27, "n_localities": 8, "n_observers": 16, "n_recent_10y": 26}}, {"type": "Feature", "geometry": {"type": "Polygon", "coordinates": [[[-71.9, -46.7], [-71.8, -46.7], [-71.8, -46.6], [-71.9, -46.6], [-71.9, -46.7]]]}, "properties": {"n_records": 1, "n_localities": 1, "n_observers": 1, "n_recent_10y": 1}}, {"type": "Feature", "geometry": {"type": "Polygon", "coordinates": [[[-71.9, -46.6], [-71.8, -46.6], [-71.8, -46.5], [-71.9, -46.5], [-71.9, -46.6]]]}, "properties": {"n_records": 14, "n_localities": 7, "n_observers": 13, "n_recent_10y": 14}}, {"type": "Feature", "geometry": {"type": "Polygon", "coordinates": [[[-71.9, -46.5], [-71.8, -46.5], [-71.8, -46.4], [-71.9, -46.4], [-71.9, -46.5]]]}, "properties": {"n_records": 2, "n_localities": 1, "n_observers": 2, "n_recent_10y": 2}}, {"type": "Feature", "geometry": {"type": "Polygon", "coordinates": [[[-71.9, -46.4], [-71.8, -46.4], [-71.8, -46.3], [-71.9, -46.3], [-71.9, -46.4]]]}, "properties": {"n_records": 1, "n_localities": 1, "n_observers": 1, "n_recent_10y": 1}}, {"type": "Feature", "geometry": {"type": "Polygon", "coordinates": [[[-71.9, -46.3], [-71.8, -46.3], [-71.8, -46.2], [-71.9, -46.2], [-71.9, -46.3]]]}, "properties": {"n_records": 13, "n_localities": 7, "n_observers": 9, "n_recent_10y": 13}}, {"type": "Feature", "geometry": {"type": "Polygon", "coordinates": [[[-71.9, -46.0], [-71.8, -46.0], [-71.8, -45.9], [-71.9, -45.9], [-71.9, -46.0]]]}, "properties": {"n_records": 23, "n_localities": 7, "n_observers": 21, "n_recent_10y": 21}}, {"type": "Feature", "geometry": {"type": "Polygon", "coordinates": [[[-71.9, -45.9], [-71.8, -45.9], [-71.8, -45.8], [-71.9, -45.8], [-71.9, -45.9]]]}, "properties": {"n_records": 35, "n_localities": 19, "n_observers": 28, "n_recent_10y": 27}}, {"type": "Feature", "geometry": {"type": "Polygon", "coordinates": [[[-71.9, -45.7], [-71.8, -45.7], [-71.8, -45.6], [-71.9, -45.6], [-71.9, -45.7]]]}, "properties": {"n_records": 6, "n_localities": 2, "n_observers": 6, "n_recent_10y": 6}}, {"type": "Feature", "geometry": {"type": "Polygon", "coordinates": [[[-71.9, -45.6], [-71.8, -45.6], [-71.8, -45.5], [-71.9, -45.5], [-71.9, -45.6]]]}, "properties": {"n_records": 26, "n_localities": 8, "n_observers": 19, "n_recent_10y": 24}}, {"type": "Feature", "geometry": {"type": "Polygon", "coordinates": [[[-71.9, -45.4], [-71.8, -45.4], [-71.8, -45.3], [-71.9, -45.3], [-71.9, -45.4]]]}, "properties": {"n_records": 1, "n_localities": 1, "n_observers": 1, "n_recent_10y": 0}}, {"type": "Feature", "geometry": {"type": "Polygon", "coordinates": [[[-71.9, -45.2], [-71.8, -45.2], [-71.8, -45.1], [-71.9, -45.1], [-71.9, -45.2]]]}, "properties": {"n_records": 1, "n_localities": 1, "n_observers": 1, "n_recent_10y": 1}}, {"type": "Feature", "geometry": {"type": "Polygon", "coordinates": [[[-71.9, -44.7], [-71.8, -44.7], [-71.8, -44.6], [-71.9, -44.6], [-71.9, -44.7]]]}, "properties": {"n_records": 1, "n_localities": 1, "n_observers": 1, "n_recent_10y": 1}}, {"type": "Feature", "geometry": {"type": "Polygon", "coordinates": [[[-71.9, -44.3], [-71.8, -44.3], [-71.8, -44.2], [-71.9, -44.2], [-71.9, -44.3]]]}, "properties": {"n_records": 1, "n_localities": 1, "n_observers": 1, "n_recent_10y": 0}}, {"type": "Feature", "geometry": {"type": "Polygon", "coordinates": [[[-71.9, -43.7], [-71.8, -43.7], [-71.8, -43.6], [-71.9, -43.6], [-71.9, -43.7]]]}, "properties": {"n_records": 5, "n_localities": 2, "n_observers": 1, "n_recent_10y": 5}}, {"type": "Feature", "geometry": {"type": "Polygon", "coordinates": [[[-71.9, -43.3], [-71.8, -43.3], [-71.8, -43.2], [-71.9, -43.2], [-71.9, -43.3]]]}, "properties": {"n_records": 5, "n_localities": 3, "n_observers": 5, "n_recent_10y": 3}}, {"type": "Feature", "geometry": {"type": "Polygon", "coordinates": [[[-71.9, -43.2], [-71.8, -43.2], [-71.8, -43.1], [-71.9, -43.1], [-71.9, -43.2]]]}, "properties": {"n_records": 27, "n_localities": 13, "n_observers": 23, "n_recent_10y": 24}}, {"type": "Feature", "geometry": {"type": "Polygon", "coordinates": [[[-71.9, -42.1], [-71.8, -42.1], [-71.8, -42.0], [-71.9, -42.0], [-71.9, -42.1]]]}, "properties": {"n_records": 2, "n_localities": 1, "n_observers": 2, "n_recent_10y": 2}}, {"type": "Feature", "geometry": {"type": "Polygon", "coordinates": [[[-71.9, -42.0], [-71.8, -42.0], [-71.8, -41.9], [-71.9, -41.9], [-71.9, -42.0]]]}, "properties": {"n_records": 7, "n_localities": 2, "n_observers": 3, "n_recent_10y": 7}}, {"type": "Feature", "geometry": {"type": "Polygon", "coordinates": [[[-71.9, -41.6], [-71.8, -41.6], [-71.8, -41.5], [-71.9, -41.5], [-71.9, -41.6]]]}, "properties": {"n_records": 2, "n_localities": 2, "n_observers": 1, "n_recent_10y": 2}}, {"type": "Feature", "geometry": {"type": "Polygon", "coordinates": [[[-71.9, -41.3], [-71.8, -41.3], [-71.8, -41.2], [-71.9, -41.2], [-71.9, -41.3]]]}, "properties": {"n_records": 1, "n_localities": 1, "n_observers": 1, "n_recent_10y": 1}}, {"type": "Feature", "geometry": {"type": "Polygon", "coordinates": [[[-71.9, -41.2], [-71.8, -41.2], [-71.8, -41.1], [-71.9, -41.1], [-71.9, -41.2]]]}, "properties": {"n_records": 2, "n_localities": 1, "n_observers": 2, "n_recent_10y": 2}}, {"type": "Feature", "geometry": {"type": "Polygon", "coordinates": [[[-71.9, -41.1], [-71.8, -41.1], [-71.8, -41.0], [-71.9, -41.0], [-71.9, -41.1]]]}, "properties": {"n_records": 1, "n_localities": 1, "n_observers": 1, "n_recent_10y": 1}}, {"type": "Feature", "geometry": {"type": "Polygon", "coordinates": [[[-71.9, -39.9], [-71.8, -39.9], [-71.8, -39.8], [-71.9, -39.8], [-71.9, -39.9]]]}, "properties": {"n_records": 2, "n_localities": 1, "n_observers": 2, "n_recent_10y": 2}}, {"type": "Feature", "geometry": {"type": "Polygon", "coordinates": [[[-71.9, -39.8], [-71.8, -39.8], [-71.8, -39.7], [-71.9, -39.7], [-71.9, -39.8]]]}, "properties": {"n_records": 2, "n_localities": 2, "n_observers": 2, "n_recent_10y": 2}}, {"type": "Feature", "geometry": {"type": "Polygon", "coordinates": [[[-71.9, -39.5], [-71.8, -39.5], [-71.8, -39.4], [-71.9, -39.4], [-71.9, -39.5]]]}, "properties": {"n_records": 8, "n_localities": 6, "n_observers": 6, "n_recent_10y": 7}}, {"type": "Feature", "geometry": {"type": "Polygon", "coordinates": [[[-71.9, -39.4], [-71.8, -39.4], [-71.8, -39.3], [-71.9, -39.3], [-71.9, -39.4]]]}, "properties": {"n_records": 1, "n_localities": 1, "n_observers": 1, "n_recent_10y": 1}}, {"type": "Feature", "geometry": {"type": "Polygon", "coordinates": [[[-71.9, -39.3], [-71.8, -39.3], [-71.8, -39.2], [-71.9, -39.2], [-71.9, -39.3]]]}, "properties": {"n_records": 1, "n_localities": 1, "n_observers": 1, "n_recent_10y": 1}}, {"type": "Feature", "geometry": {"type": "Polygon", "coordinates": [[[-71.9, -38.8], [-71.8, -38.8], [-71.8, -38.7], [-71.9, -38.7], [-71.9, -38.8]]]}, "properties": {"n_records": 1, "n_localities": 1, "n_observers": 1, "n_recent_10y": 1}}, {"type": "Feature", "geometry": {"type": "Polygon", "coordinates": [[[-71.9, -38.7], [-71.8, -38.7], [-71.8, -38.6], [-71.9, -38.6], [-71.9, -38.7]]]}, "properties": {"n_records": 1, "n_localities": 1, "n_observers": 1, "n_recent_10y": 1}}, {"type": "Feature", "geometry": {"type": "Polygon", "coordinates": [[[-71.9, -38.3], [-71.8, -38.3], [-71.8, -38.2], [-71.9, -38.2], [-71.9, -38.3]]]}, "properties": {"n_records": 4, "n_localities": 2, "n_observers": 3, "n_recent_10y": 3}}, {"type": "Feature", "geometry": {"type": "Polygon", "coordinates": [[[-71.9, -37.8], [-71.8, -37.8], [-71.8, -37.7], [-71.9, -37.7], [-71.9, -37.8]]]}, "properties": {"n_records": 1, "n_localities": 1, "n_observers": 1, "n_recent_10y": 1}}, {"type": "Feature", "geometry": {"type": "Polygon", "coordinates": [[[-71.9, -37.3], [-71.8, -37.3], [-71.8, -37.2], [-71.9, -37.2], [-71.9, -37.3]]]}, "properties": {"n_records": 1, "n_localities": 1, "n_observers": 1, "n_recent_10y": 1}}, {"type": "Feature", "geometry": {"type": "Polygon", "coordinates": [[[-71.8, -53.8], [-71.7, -53.8], [-71.7, -53.7], [-71.8, -53.7], [-71.8, -53.8]]]}, "properties": {"n_records": 4, "n_localities": 1, "n_observers": 4, "n_recent_10y": 4}}, {"type": "Feature", "geometry": {"type": "Polygon", "coordinates": [[[-71.8, -52.8], [-71.7, -52.8], [-71.7, -52.7], [-71.8, -52.7], [-71.8, -52.8]]]}, "properties": {"n_records": 2, "n_localities": 1, "n_observers": 2, "n_recent_10y": 2}}, {"type": "Feature", "geometry": {"type": "Polygon", "coordinates": [[[-71.8, -52.7], [-71.7, -52.7], [-71.7, -52.6], [-71.8, -52.6], [-71.8, -52.7]]]}, "properties": {"n_records": 6, "n_localities": 3, "n_observers": 6, "n_recent_10y": 6}}, {"type": "Feature", "geometry": {"type": "Polygon", "coordinates": [[[-71.8, -52.6], [-71.7, -52.6], [-71.7, -52.5], [-71.8, -52.5], [-71.8, -52.6]]]}, "properties": {"n_records": 1, "n_localities": 1, "n_observers": 1, "n_recent_10y": 1}}, {"type": "Feature", "geometry": {"type": "Polygon", "coordinates": [[[-71.8, -52.5], [-71.7, -52.5], [-71.7, -52.4], [-71.8, -52.4], [-71.8, -52.5]]]}, "properties": {"n_records": 2, "n_localities": 1, "n_observers": 2, "n_recent_10y": 1}}, {"type": "Feature", "geometry": {"type": "Polygon", "coordinates": [[[-71.8, -52.1], [-71.7, -52.1], [-71.7, -52.0], [-71.8, -52.0], [-71.8, -52.1]]]}, "properties": {"n_records": 12, "n_localities": 8, "n_observers": 10, "n_recent_10y": 10}}, {"type": "Feature", "geometry": {"type": "Polygon", "coordinates": [[[-71.8, -46.8], [-71.7, -46.8], [-71.7, -46.7], [-71.8, -46.7], [-71.8, -46.8]]]}, "properties": {"n_records": 61, "n_localities": 20, "n_observers": 52, "n_recent_10y": 58}}, {"type": "Feature", "geometry": {"type": "Polygon", "coordinates": [[[-71.8, -46.6], [-71.7, -46.6], [-71.7, -46.5], [-71.8, -46.5], [-71.8, -46.6]]]}, "properties": {"n_records": 4, "n_localities": 1, "n_observers": 4, "n_recent_10y": 4}}, {"type": "Feature", "geometry": {"type": "Polygon", "coordinates": [[[-71.8, -46.3], [-71.7, -46.3], [-71.7, -46.2], [-71.8, -46.2], [-71.8, -46.3]]]}, "properties": {"n_records": 17, "n_localities": 8, "n_observers": 16, "n_recent_10y": 12}}, {"type": "Feature", "geometry": {"type": "Polygon", "coordinates": [[[-71.8, -46.0], [-71.7, -46.0], [-71.7, -45.9], [-71.8, -45.9], [-71.8, -46.0]]]}, "properties": {"n_records": 46, "n_localities": 14, "n_observers": 26, "n_recent_10y": 35}}, {"type": "Feature", "geometry": {"type": "Polygon", "coordinates": [[[-71.8, -45.9], [-71.7, -45.9], [-71.7, -45.8], [-71.8, -45.8], [-71.8, -45.9]]]}, "properties": {"n_records": 45, "n_localities": 12, "n_observers": 28, "n_recent_10y": 44}}, {"type": "Feature", "geometry": {"type": "Polygon", "coordinates": [[[-71.8, -45.6], [-71.7, -45.6], [-71.7, -45.5], [-71.8, -45.5], [-71.8, -45.6]]]}, "properties": {"n_records": 6, "n_localities": 3, "n_observers": 5, "n_recent_10y": 4}}, {"type": "Feature", "geometry": {"type": "Polygon", "coordinates": [[[-71.8, -45.4], [-71.7, -45.4], [-71.7, -45.3], [-71.8, -45.3], [-71.8, -45.4]]]}, "properties": {"n_records": 5, "n_localities": 1, "n_observers": 5, "n_recent_10y": 1}}, {"type": "Feature", "geometry": {"type": "Polygon", "coordinates": [[[-71.8, -45.3], [-71.7, -45.3], [-71.7, -45.2], [-71.8, -45.2], [-71.8, -45.3]]]}, "properties": {"n_records": 14, "n_localities": 3, "n_observers": 14, "n_recent_10y": 14}}, {"type": "Feature", "geometry": {"type": "Polygon", "coordinates": [[[-71.8, -45.1], [-71.7, -45.1], [-71.7, -45.0], [-71.8, -45.0], [-71.8, -45.1]]]}, "properties": {"n_records": 1, "n_localities": 1, "n_observers": 1, "n_recent_10y": 1}}, {"type": "Feature", "geometry": {"type": "Polygon", "coordinates": [[[-71.8, -44.7], [-71.7, -44.7], [-71.7, -44.6], [-71.8, -44.6], [-71.8, -44.7]]]}, "properties": {"n_records": 1, "n_localities": 1, "n_observers": 1, "n_recent_10y": 1}}, {"type": "Feature", "geometry": {"type": "Polygon", "coordinates": [[[-71.8, -43.9], [-71.7, -43.9], [-71.7, -43.8], [-71.8, -43.8], [-71.8, -43.9]]]}, "properties": {"n_records": 1, "n_localities": 1, "n_observers": 1, "n_recent_10y": 1}}, {"type": "Feature", "geometry": {"type": "Polygon", "coordinates": [[[-71.8, -43.8], [-71.7, -43.8], [-71.7, -43.7], [-71.8, -43.7], [-71.8, -43.8]]]}, "properties": {"n_records": 3, "n_localities": 2, "n_observers": 3, "n_recent_10y": 3}}, {"type": "Feature", "geometry": {"type": "Polygon", "coordinates": [[[-71.8, -43.7], [-71.7, -43.7], [-71.7, -43.6], [-71.8, -43.6], [-71.8, -43.7]]]}, "properties": {"n_records": 6, "n_localities": 3, "n_observers": 5, "n_recent_10y": 6}}, {"type": "Feature", "geometry": {"type": "Polygon", "coordinates": [[[-71.8, -43.6], [-71.7, -43.6], [-71.7, -43.5], [-71.8, -43.5], [-71.8, -43.6]]]}, "properties": {"n_records": 1, "n_localities": 1, "n_observers": 1, "n_recent_10y": 1}}, {"type": "Feature", "geometry": {"type": "Polygon", "coordinates": [[[-71.8, -43.3], [-71.7, -43.3], [-71.7, -43.2], [-71.8, -43.2], [-71.8, -43.3]]]}, "properties": {"n_records": 2, "n_localities": 2, "n_observers": 1, "n_recent_10y": 2}}, {"type": "Feature", "geometry": {"type": "Polygon", "coordinates": [[[-71.8, -43.2], [-71.7, -43.2], [-71.7, -43.1], [-71.8, -43.1], [-71.8, -43.2]]]}, "properties": {"n_records": 8, "n_localities": 4, "n_observers": 6, "n_recent_10y": 8}}, {"type": "Feature", "geometry": {"type": "Polygon", "coordinates": [[[-71.8, -42.1], [-71.7, -42.1], [-71.7, -42.0], [-71.8, -42.0], [-71.8, -42.1]]]}, "properties": {"n_records": 2, "n_localities": 1, "n_observers": 2, "n_recent_10y": 2}}, {"type": "Feature", "geometry": {"type": "Polygon", "coordinates": [[[-71.8, -39.8], [-71.7, -39.8], [-71.7, -39.7], [-71.8, -39.7], [-71.8, -39.8]]]}, "properties": {"n_records": 2, "n_localities": 2, "n_observers": 2, "n_recent_10y": 2}}, {"type": "Feature", "geometry": {"type": "Polygon", "coordinates": [[[-71.8, -39.6], [-71.7, -39.6], [-71.7, -39.5], [-71.8, -39.5], [-71.8, -39.6]]]}, "properties": {"n_records": 9, "n_localities": 5, "n_observers": 5, "n_recent_10y": 9}}, {"type": "Feature", "geometry": {"type": "Polygon", "coordinates": [[[-71.8, -39.5], [-71.7, -39.5], [-71.7, -39.4], [-71.8, -39.4], [-71.8, -39.5]]]}, "properties": {"n_records": 5, "n_localities": 4, "n_observers": 5, "n_recent_10y": 4}}, {"type": "Feature", "geometry": {"type": "Polygon", "coordinates": [[[-71.8, -39.3], [-71.7, -39.3], [-71.7, -39.2], [-71.8, -39.2], [-71.8, -39.3]]]}, "properties": {"n_records": 13, "n_localities": 6, "n_observers": 13, "n_recent_10y": 12}}, {"type": "Feature", "geometry": {"type": "Polygon", "coordinates": [[[-71.8, -39.2], [-71.7, -39.2], [-71.7, -39.1], [-71.8, -39.1], [-71.8, -39.2]]]}, "properties": {"n_records": 10, "n_localities": 3, "n_observers": 10, "n_recent_10y": 8}}, {"type": "Feature", "geometry": {"type": "Polygon", "coordinates": [[[-71.8, -38.8], [-71.7, -38.8], [-71.7, -38.7], [-71.8, -38.7], [-71.8, -38.8]]]}, "properties": {"n_records": 1, "n_localities": 1, "n_observers": 1, "n_recent_10y": 1}}, {"type": "Feature", "geometry": {"type": "Polygon", "coordinates": [[[-71.8, -38.7], [-71.7, -38.7], [-71.7, -38.6], [-71.8, -38.6], [-71.8, -38.7]]]}, "properties": {"n_records": 11, "n_localities": 4, "n_observers": 11, "n_recent_10y": 8}}, {"type": "Feature", "geometry": {"type": "Polygon", "coordinates": [[[-71.8, -38.3], [-71.7, -38.3], [-71.7, -38.2], [-71.8, -38.2], [-71.8, -38.3]]]}, "properties": {"n_records": 4, "n_localities": 1, "n_observers": 4, "n_recent_10y": 4}}, {"type": "Feature", "geometry": {"type": "Polygon", "coordinates": [[[-71.8, -37.8], [-71.7, -37.8], [-71.7, -37.7], [-71.8, -37.7], [-71.8, -37.8]]]}, "properties": {"n_records": 1, "n_localities": 1, "n_observers": 1, "n_recent_10y": 1}}, {"type": "Feature", "geometry": {"type": "Polygon", "coordinates": [[[-71.8, -36.7], [-71.7, -36.7], [-71.7, -36.6], [-71.8, -36.6], [-71.8, -36.7]]]}, "properties": {"n_records": 1, "n_localities": 1, "n_observers": 1, "n_recent_10y": 0}}, {"type": "Feature", "geometry": {"type": "Polygon", "coordinates": [[[-71.8, -36.0], [-71.7, -36.0], [-71.7, -35.9], [-71.8, -35.9], [-71.8, -36.0]]]}, "properties": {"n_records": 1, "n_localities": 1, "n_observers": 1, "n_recent_10y": 1}}, {"type": "Feature", "geometry": {"type": "Polygon", "coordinates": [[[-71.8, -34.2], [-71.7, -34.2], [-71.7, -34.1], [-71.8, -34.1], [-71.8, -34.2]]]}, "properties": {"n_records": 2, "n_localities": 1, "n_observers": 1, "n_recent_10y": 2}}, {"type": "Feature", "geometry": {"type": "Polygon", "coordinates": [[[-71.8, -34.0], [-71.7, -34.0], [-71.7, -33.9], [-71.8, -33.9], [-71.8, -34.0]]]}, "properties": {"n_records": 1, "n_localities": 1, "n_observers": 1, "n_recent_10y": 1}}, {"type": "Feature", "geometry": {"type": "Polygon", "coordinates": [[[-71.7, -54.5], [-71.6, -54.5], [-71.6, -54.4], [-71.7, -54.4], [-71.7, -54.5]]]}, "properties": {"n_records": 1, "n_localities": 1, "n_observers": 1, "n_recent_10y": 1}}, {"type": "Feature", "geometry": {"type": "Polygon", "coordinates": [[[-71.7, -52.6], [-71.6, -52.6], [-71.6, -52.5], [-71.7, -52.5], [-71.7, -52.6]]]}, "properties": {"n_records": 1, "n_localities": 1, "n_observers": 1, "n_recent_10y": 1}}, {"type": "Feature", "geometry": {"type": "Polygon", "coordinates": [[[-71.7, -52.4], [-71.6, -52.4], [-71.6, -52.3], [-71.7, -52.3], [-71.7, -52.4]]]}, "properties": {"n_records": 2, "n_localities": 2, "n_observers": 2, "n_recent_10y": 2}}, {"type": "Feature", "geometry": {"type": "Polygon", "coordinates": [[[-71.7, -52.3], [-71.6, -52.3], [-71.6, -52.2], [-71.7, -52.2], [-71.7, -52.3]]]}, "properties": {"n_records": 1, "n_localities": 1, "n_observers": 1, "n_recent_10y": 1}}, {"type": "Feature", "geometry": {"type": "Polygon", "coordinates": [[[-71.7, -52.1], [-71.6, -52.1], [-71.6, -52.0], [-71.7, -52.0], [-71.7, -52.1]]]}, "properties": {"n_records": 14, "n_localities": 9, "n_observers": 13, "n_recent_10y": 14}}, {"type": "Feature", "geometry": {"type": "Polygon", "coordinates": [[[-71.7, -46.8], [-71.6, -46.8], [-71.6, -46.7], [-71.7, -46.7], [-71.7, -46.8]]]}, "properties": {"n_records": 1, "n_localities": 1, "n_observers": 1, "n_recent_10y": 1}}, {"type": "Feature", "geometry": {"type": "Polygon", "coordinates": [[[-71.7, -46.7], [-71.6, -46.7], [-71.6, -46.6], [-71.7, -46.6], [-71.7, -46.7]]]}, "properties": {"n_records": 6, "n_localities": 4, "n_observers": 4, "n_recent_10y": 6}}, {"type": "Feature", "geometry": {"type": "Polygon", "coordinates": [[[-71.7, -46.6], [-71.6, -46.6], [-71.6, -46.5], [-71.7, -46.5], [-71.7, -46.6]]]}, "properties": {"n_records": 3, "n_localities": 2, "n_observers": 3, "n_recent_10y": 3}}, {"type": "Feature", "geometry": {"type": "Polygon", "coordinates": [[[-71.7, -46.1], [-71.6, -46.1], [-71.6, -46.0], [-71.7, -46.0], [-71.7, -46.1]]]}, "properties": {"n_records": 3, "n_localities": 1, "n_observers": 3, "n_recent_10y": 3}}, {"type": "Feature", "geometry": {"type": "Polygon", "coordinates": [[[-71.7, -46.0], [-71.6, -46.0], [-71.6, -45.9], [-71.7, -45.9], [-71.7, -46.0]]]}, "properties": {"n_records": 7, "n_localities": 4, "n_observers": 6, "n_recent_10y": 7}}, {"type": "Feature", "geometry": {"type": "Polygon", "coordinates": [[[-71.7, -45.9], [-71.6, -45.9], [-71.6, -45.8], [-71.7, -45.8], [-71.7, -45.9]]]}, "properties": {"n_records": 4, "n_localities": 1, "n_observers": 4, "n_recent_10y": 4}}, {"type": "Feature", "geometry": {"type": "Polygon", "coordinates": [[[-71.7, -45.5], [-71.6, -45.5], [-71.6, -45.4], [-71.7, -45.4], [-71.7, -45.5]]]}, "properties": {"n_records": 31, "n_localities": 12, "n_observers": 22, "n_recent_10y": 23}}, {"type": "Feature", "geometry": {"type": "Polygon", "coordinates": [[[-71.7, -45.4], [-71.6, -45.4], [-71.6, -45.3], [-71.7, -45.3], [-71.7, -45.4]]]}, "properties": {"n_records": 1, "n_localities": 1, "n_observers": 1, "n_recent_10y": 1}}, {"type": "Feature", "geometry": {"type": "Polygon", "coordinates": [[[-71.7, -45.3], [-71.6, -45.3], [-71.6, -45.2], [-71.7, -45.2], [-71.7, -45.3]]]}, "properties": {"n_records": 27, "n_localities": 9, "n_observers": 26, "n_recent_10y": 24}}, {"type": "Feature", "geometry": {"type": "Polygon", "coordinates": [[[-71.7, -45.2], [-71.6, -45.2], [-71.6, -45.1], [-71.7, -45.1], [-71.7, -45.2]]]}, "properties": {"n_records": 5, "n_localities": 1, "n_observers": 2, "n_recent_10y": 5}}, {"type": "Feature", "geometry": {"type": "Polygon", "coordinates": [[[-71.7, -44.7], [-71.6, -44.7], [-71.6, -44.6], [-71.7, -44.6], [-71.7, -44.7]]]}, "properties": {"n_records": 4, "n_localities": 2, "n_observers": 2, "n_recent_10y": 1}}, {"type": "Feature", "geometry": {"type": "Polygon", "coordinates": [[[-71.7, -43.7], [-71.6, -43.7], [-71.6, -43.6], [-71.7, -43.6], [-71.7, -43.7]]]}, "properties": {"n_records": 1, "n_localities": 1, "n_observers": 1, "n_recent_10y": 1}}, {"type": "Feature", "geometry": {"type": "Polygon", "coordinates": [[[-71.7, -39.6], [-71.6, -39.6], [-71.6, -39.5], [-71.7, -39.5], [-71.7, -39.6]]]}, "properties": {"n_records": 4, "n_localities": 2, "n_observers": 3, "n_recent_10y": 4}}, {"type": "Feature", "geometry": {"type": "Polygon", "coordinates": [[[-71.7, -39.3], [-71.6, -39.3], [-71.6, -39.2], [-71.7, -39.2], [-71.7, -39.3]]]}, "properties": {"n_records": 1, "n_localities": 1, "n_observers": 1, "n_recent_10y": 1}}, {"type": "Feature", "geometry": {"type": "Polygon", "coordinates": [[[-71.7, -39.2], [-71.6, -39.2], [-71.6, -39.1], [-71.7, -39.1], [-71.7, -39.2]]]}, "properties": {"n_records": 4, "n_localities": 3, "n_observers": 4, "n_recent_10y": 4}}, {"type": "Feature", "geometry": {"type": "Polygon", "coordinates": [[[-71.7, -39.1], [-71.6, -39.1], [-71.6, -39.0], [-71.7, -39.0], [-71.7, -39.1]]]}, "properties": {"n_records": 17, "n_localities": 10, "n_observers": 3, "n_recent_10y": 13}}, {"type": "Feature", "geometry": {"type": "Polygon", "coordinates": [[[-71.7, -39.0], [-71.6, -39.0], [-71.6, -38.9], [-71.7, -38.9], [-71.7, -39.0]]]}, "properties": {"n_records": 5, "n_localities": 3, "n_observers": 3, "n_recent_10y": 5}}, {"type": "Feature", "geometry": {"type": "Polygon", "coordinates": [[[-71.7, -38.9], [-71.6, -38.9], [-71.6, -38.8], [-71.7, -38.8], [-71.7, -38.9]]]}, "properties": {"n_records": 9, "n_localities": 5, "n_observers": 8, "n_recent_10y": 9}}, {"type": "Feature", "geometry": {"type": "Polygon", "coordinates": [[[-71.7, -38.8], [-71.6, -38.8], [-71.6, -38.7], [-71.7, -38.7], [-71.7, -38.8]]]}, "properties": {"n_records": 9, "n_localities": 4, "n_observers": 8, "n_recent_10y": 9}}, {"type": "Feature", "geometry": {"type": "Polygon", "coordinates": [[[-71.7, -38.7], [-71.6, -38.7], [-71.6, -38.6], [-71.7, -38.6], [-71.7, -38.7]]]}, "properties": {"n_records": 187, "n_localities": 27, "n_observers": 157, "n_recent_10y": 154}}, {"type": "Feature", "geometry": {"type": "Polygon", "coordinates": [[[-71.7, -38.5], [-71.6, -38.5], [-71.6, -38.4], [-71.7, -38.4], [-71.7, -38.5]]]}, "properties": {"n_records": 1, "n_localities": 1, "n_observers": 1, "n_recent_10y": 1}}, {"type": "Feature", "geometry": {"type": "Polygon", "coordinates": [[[-71.7, -38.4], [-71.6, -38.4], [-71.6, -38.3], [-71.7, -38.3], [-71.7, -38.4]]]}, "properties": {"n_records": 1, "n_localities": 1, "n_observers": 1, "n_recent_10y": 0}}, {"type": "Feature", "geometry": {"type": "Polygon", "coordinates": [[[-71.7, -37.9], [-71.6, -37.9], [-71.6, -37.8], [-71.7, -37.8], [-71.7, -37.9]]]}, "properties": {"n_records": 2, "n_localities": 1, "n_observers": 2, "n_recent_10y": 2}}, {"type": "Feature", "geometry": {"type": "Polygon", "coordinates": [[[-71.7, -37.8], [-71.6, -37.8], [-71.6, -37.7], [-71.7, -37.7], [-71.7, -37.8]]]}, "properties": {"n_records": 9, "n_localities": 4, "n_observers": 9, "n_recent_10y": 9}}, {"type": "Feature", "geometry": {"type": "Polygon", "coordinates": [[[-71.7, -37.4], [-71.6, -37.4], [-71.6, -37.3], [-71.7, -37.3], [-71.7, -37.4]]]}, "properties": {"n_records": 14, "n_localities": 7, "n_observers": 12, "n_recent_10y": 10}}, {"type": "Feature", "geometry": {"type": "Polygon", "coordinates": [[[-71.7, -37.0], [-71.6, -37.0], [-71.6, -36.9], [-71.7, -36.9], [-71.7, -37.0]]]}, "properties": {"n_records": 1, "n_localities": 1, "n_observers": 1, "n_recent_10y": 1}}, {"type": "Feature", "geometry": {"type": "Polygon", "coordinates": [[[-71.7, -36.9], [-71.6, -36.9], [-71.6, -36.8], [-71.7, -36.8], [-71.7, -36.9]]]}, "properties": {"n_records": 5, "n_localities": 3, "n_observers": 5, "n_recent_10y": 5}}, {"type": "Feature", "geometry": {"type": "Polygon", "coordinates": [[[-71.7, -36.6], [-71.6, -36.6], [-71.6, -36.5], [-71.7, -36.5], [-71.7, -36.6]]]}, "properties": {"n_records": 1, "n_localities": 1, "n_observers": 1, "n_recent_10y": 1}}, {"type": "Feature", "geometry": {"type": "Polygon", "coordinates": [[[-71.7, -35.1], [-71.6, -35.1], [-71.6, -35.0], [-71.7, -35.0], [-71.7, -35.1]]]}, "properties": {"n_records": 1, "n_localities": 1, "n_observers": 1, "n_recent_10y": 1}}, {"type": "Feature", "geometry": {"type": "Polygon", "coordinates": [[[-71.7, -34.9], [-71.6, -34.9], [-71.6, -34.8], [-71.7, -34.8], [-71.7, -34.9]]]}, "properties": {"n_records": 1, "n_localities": 1, "n_observers": 1, "n_recent_10y": 1}}, {"type": "Feature", "geometry": {"type": "Polygon", "coordinates": [[[-71.7, -34.8], [-71.6, -34.8], [-71.6, -34.7], [-71.7, -34.7], [-71.7, -34.8]]]}, "properties": {"n_records": 1, "n_localities": 1, "n_observers": 1, "n_recent_10y": 1}}, {"type": "Feature", "geometry": {"type": "Polygon", "coordinates": [[[-71.7, -34.3], [-71.6, -34.3], [-71.6, -34.2], [-71.7, -34.2], [-71.7, -34.3]]]}, "properties": {"n_records": 1, "n_localities": 1, "n_observers": 1, "n_recent_10y": 1}}, {"type": "Feature", "geometry": {"type": "Polygon", "coordinates": [[[-71.7, -34.2], [-71.6, -34.2], [-71.6, -34.1], [-71.7, -34.1], [-71.7, -34.2]]]}, "properties": {"n_records": 6, "n_localities": 6, "n_observers": 4, "n_recent_10y": 6}}, {"type": "Feature", "geometry": {"type": "Polygon", "coordinates": [[[-71.7, -34.1], [-71.6, -34.1], [-71.6, -34.0], [-71.7, -34.0], [-71.7, -34.1]]]}, "properties": {"n_records": 1, "n_localities": 1, "n_observers": 1, "n_recent_10y": 1}}, {"type": "Feature", "geometry": {"type": "Polygon", "coordinates": [[[-71.7, -33.9], [-71.6, -33.9], [-71.6, -33.8], [-71.7, -33.8], [-71.7, -33.9]]]}, "properties": {"n_records": 3, "n_localities": 2, "n_observers": 2, "n_recent_10y": 3}}, {"type": "Feature", "geometry": {"type": "Polygon", "coordinates": [[[-71.7, -33.7], [-71.6, -33.7], [-71.6, -33.6], [-71.7, -33.6], [-71.7, -33.7]]]}, "properties": {"n_records": 1, "n_localities": 1, "n_observers": 1, "n_recent_10y": 1}}, {"type": "Feature", "geometry": {"type": "Polygon", "coordinates": [[[-71.7, -31.3], [-71.6, -31.3], [-71.6, -31.2], [-71.7, -31.2], [-71.7, -31.3]]]}, "properties": {"n_records": 8, "n_localities": 4, "n_observers": 8, "n_recent_10y": 7}}, {"type": "Feature", "geometry": {"type": "Polygon", "coordinates": [[[-71.7, -31.2], [-71.6, -31.2], [-71.6, -31.1], [-71.7, -31.1], [-71.7, -31.2]]]}, "properties": {"n_records": 11, "n_localities": 8, "n_observers": 10, "n_recent_10y": 7}}, {"type": "Feature", "geometry": {"type": "Polygon", "coordinates": [[[-71.7, -31.1], [-71.6, -31.1], [-71.6, -31.0], [-71.7, -31.0], [-71.7, -31.1]]]}, "properties": {"n_records": 17, "n_localities": 11, "n_observers": 16, "n_recent_10y": 17}}, {"type": "Feature", "geometry": {"type": "Polygon", "coordinates": [[[-71.7, -31.0], [-71.6, -31.0], [-71.6, -30.9], [-71.7, -30.9], [-71.7, -31.0]]]}, "properties": {"n_records": 24, "n_localities": 15, "n_observers": 18, "n_recent_10y": 22}}, {"type": "Feature", "geometry": {"type": "Polygon", "coordinates": [[[-71.7, -30.9], [-71.6, -30.9], [-71.6, -30.8], [-71.7, -30.8], [-71.7, -30.9]]]}, "properties": {"n_records": 13, "n_localities": 8, "n_observers": 10, "n_recent_10y": 13}}, {"type": "Feature", "geometry": {"type": "Polygon", "coordinates": [[[-71.7, -30.8], [-71.6, -30.8], [-71.6, -30.7], [-71.7, -30.7], [-71.7, -30.8]]]}, "properties": {"n_records": 9, "n_localities": 1, "n_observers": 9, "n_recent_10y": 9}}, {"type": "Feature", "geometry": {"type": "Polygon", "coordinates": [[[-71.7, -30.7], [-71.6, -30.7], [-71.6, -30.6], [-71.7, -30.6], [-71.7, -30.7]]]}, "properties": {"n_records": 2, "n_localities": 2, "n_observers": 2, "n_recent_10y": 1}}, {"type": "Feature", "geometry": {"type": "Polygon", "coordinates": [[[-71.7, -30.6], [-71.6, -30.6], [-71.6, -30.5], [-71.7, -30.5], [-71.7, -30.6]]]}, "properties": {"n_records": 3, "n_localities": 1, "n_observers": 2, "n_recent_10y": 3}}, {"type": "Feature", "geometry": {"type": "Polygon", "coordinates": [[[-71.6, -54.0], [-71.5, -54.0], [-71.5, -53.9], [-71.6, -53.9], [-71.6, -54.0]]]}, "properties": {"n_records": 1, "n_localities": 1, "n_observers": 1, "n_recent_10y": 1}}, {"type": "Feature", "geometry": {"type": "Polygon", "coordinates": [[[-71.6, -53.9], [-71.5, -53.9], [-71.5, -53.8], [-71.6, -53.8], [-71.6, -53.9]]]}, "properties": {"n_records": 1, "n_localities": 1, "n_observers": 1, "n_recent_10y": 1}}, {"type": "Feature", "geometry": {"type": "Polygon", "coordinates": [[[-71.6, -53.2], [-71.5, -53.2], [-71.5, -53.1], [-71.6, -53.1], [-71.6, -53.2]]]}, "properties": {"n_records": 11, "n_localities": 6, "n_observers": 9, "n_recent_10y": 11}}, {"type": "Feature", "geometry": {"type": "Polygon", "coordinates": [[[-71.6, -52.8], [-71.5, -52.8], [-71.5, -52.7], [-71.6, -52.7], [-71.6, -52.8]]]}, "properties": {"n_records": 2, "n_localities": 1, "n_observers": 2, "n_recent_10y": 2}}, {"type": "Feature", "geometry": {"type": "Polygon", "coordinates": [[[-71.6, -52.6], [-71.5, -52.6], [-71.5, -52.5], [-71.6, -52.5], [-71.6, -52.6]]]}, "properties": {"n_records": 34, "n_localities": 7, "n_observers": 27, "n_recent_10y": 24}}, {"type": "Feature", "geometry": {"type": "Polygon", "coordinates": [[[-71.6, -52.5], [-71.5, -52.5], [-71.5, -52.4], [-71.6, -52.4], [-71.6, -52.5]]]}, "properties": {"n_records": 1, "n_localities": 1, "n_observers": 1, "n_recent_10y": 0}}, {"type": "Feature", "geometry": {"type": "Polygon", "coordinates": [[[-71.6, -52.4], [-71.5, -52.4], [-71.5, -52.3], [-71.6, -52.3], [-71.6, -52.4]]]}, "properties": {"n_records": 6, "n_localities": 3, "n_observers": 3, "n_recent_10y": 6}}, {"type": "Feature", "geometry": {"type": "Polygon", "coordinates": [[[-71.6, -52.1], [-71.5, -52.1], [-71.5, -52.0], [-71.6, -52.0], [-71.6, -52.1]]]}, "properties": {"n_records": 7, "n_localities": 6, "n_observers": 7, "n_recent_10y": 6}}, {"type": "Feature", "geometry": {"type": "Polygon", "coordinates": [[[-71.6, -45.5], [-71.5, -45.5], [-71.5, -45.4], [-71.6, -45.4], [-71.6, -45.5]]]}, "properties": {"n_records": 23, "n_localities": 11, "n_observers": 21, "n_recent_10y": 14}}, {"type": "Feature", "geometry": {"type": "Polygon", "coordinates": [[[-71.6, -45.4], [-71.5, -45.4], [-71.5, -45.3], [-71.6, -45.3], [-71.6, -45.4]]]}, "properties": {"n_records": 57, "n_localities": 24, "n_observers": 28, "n_recent_10y": 49}}, {"type": "Feature", "geometry": {"type": "Polygon", "coordinates": [[[-71.6, -45.3], [-71.5, -45.3], [-71.5, -45.2], [-71.6, -45.2], [-71.6, -45.3]]]}, "properties": {"n_records": 31, "n_localities": 7, "n_observers": 27, "n_recent_10y": 28}}, {"type": "Feature", "geometry": {"type": "Polygon", "coordinates": [[[-71.6, -39.7], [-71.5, -39.7], [-71.5, -39.6], [-71.6, -39.6], [-71.6, -39.7]]]}, "properties": {"n_records": 10, "n_localities": 5, "n_observers": 8, "n_recent_10y": 10}}, {"type": "Feature", "geometry": {"type": "Polygon", "coordinates": [[[-71.6, -39.6], [-71.5, -39.6], [-71.5, -39.5], [-71.6, -39.5], [-71.6, -39.6]]]}, "properties": {"n_records": 58, "n_localities": 22, "n_observers": 50, "n_recent_10y": 54}}, {"type": "Feature", "geometry": {"type": "Polygon", "coordinates": [[[-71.6, -39.5], [-71.5, -39.5], [-71.5, -39.4], [-71.6, -39.4], [-71.6, -39.5]]]}, "properties": {"n_records": 7, "n_localities": 4, "n_observers": 5, "n_recent_10y": 4}}, {"type": "Feature", "geometry": {"type": "Polygon", "coordinates": [[[-71.6, -39.4], [-71.5, -39.4], [-71.5, -39.3], [-71.6, -39.3], [-71.6, -39.4]]]}, "properties": {"n_records": 2, "n_localities": 1, "n_observers": 2, "n_recent_10y": 2}}, {"type": "Feature", "geometry": {"type": "Polygon", "coordinates": [[[-71.6, -39.3], [-71.5, -39.3], [-71.5, -39.2], [-71.6, -39.2], [-71.6, -39.3]]]}, "properties": {"n_records": 1, "n_localities": 1, "n_observers": 1, "n_recent_10y": 1}}, {"type": "Feature", "geometry": {"type": "Polygon", "coordinates": [[[-71.6, -39.1], [-71.5, -39.1], [-71.5, -39.0], [-71.6, -39.0], [-71.6, -39.1]]]}, "properties": {"n_records": 1, "n_localities": 1, "n_observers": 1, "n_recent_10y": 1}}, {"type": "Feature", "geometry": {"type": "Polygon", "coordinates": [[[-71.6, -39.0], [-71.5, -39.0], [-71.5, -38.9], [-71.6, -38.9], [-71.6, -39.0]]]}, "properties": {"n_records": 4, "n_localities": 4, "n_observers": 3, "n_recent_10y": 4}}, {"type": "Feature", "geometry": {"type": "Polygon", "coordinates": [[[-71.6, -38.9], [-71.5, -38.9], [-71.5, -38.8], [-71.6, -38.8], [-71.6, -38.9]]]}, "properties": {"n_records": 8, "n_localities": 4, "n_observers": 7, "n_recent_10y": 6}}, {"type": "Feature", "geometry": {"type": "Polygon", "coordinates": [[[-71.6, -38.8], [-71.5, -38.8], [-71.5, -38.7], [-71.6, -38.7], [-71.6, -38.8]]]}, "properties": {"n_records": 5, "n_localities": 4, "n_observers": 5, "n_recent_10y": 5}}, {"type": "Feature", "geometry": {"type": "Polygon", "coordinates": [[[-71.6, -38.7], [-71.5, -38.7], [-71.5, -38.6], [-71.6, -38.6], [-71.6, -38.7]]]}, "properties": {"n_records": 19, "n_localities": 4, "n_observers": 16, "n_recent_10y": 16}}, {"type": "Feature", "geometry": {"type": "Polygon", "coordinates": [[[-71.6, -38.6], [-71.5, -38.6], [-71.5, -38.5], [-71.6, -38.5], [-71.6, -38.6]]]}, "properties": {"n_records": 4, "n_localities": 3, "n_observers": 4, "n_recent_10y": 4}}, {"type": "Feature", "geometry": {"type": "Polygon", "coordinates": [[[-71.6, -38.5], [-71.5, -38.5], [-71.5, -38.4], [-71.6, -38.4], [-71.6, -38.5]]]}, "properties": {"n_records": 16, "n_localities": 10, "n_observers": 16, "n_recent_10y": 14}}, {"type": "Feature", "geometry": {"type": "Polygon", "coordinates": [[[-71.6, -38.4], [-71.5, -38.4], [-71.5, -38.3], [-71.6, -38.3], [-71.6, -38.4]]]}, "properties": {"n_records": 11, "n_localities": 7, "n_observers": 11, "n_recent_10y": 11}}, {"type": "Feature", "geometry": {"type": "Polygon", "coordinates": [[[-71.6, -37.8], [-71.5, -37.8], [-71.5, -37.7], [-71.6, -37.7], [-71.6, -37.8]]]}, "properties": {"n_records": 2, "n_localities": 1, "n_observers": 2, "n_recent_10y": 2}}, {"type": "Feature", "geometry": {"type": "Polygon", "coordinates": [[[-71.6, -37.4], [-71.5, -37.4], [-71.5, -37.3], [-71.6, -37.3], [-71.6, -37.4]]]}, "properties": {"n_records": 3, "n_localities": 3, "n_observers": 2, "n_recent_10y": 3}}, {"type": "Feature", "geometry": {"type": "Polygon", "coordinates": [[[-71.6, -37.0], [-71.5, -37.0], [-71.5, -36.9], [-71.6, -36.9], [-71.6, -37.0]]]}, "properties": {"n_records": 4, "n_localities": 4, "n_observers": 4, "n_recent_10y": 3}}, {"type": "Feature", "geometry": {"type": "Polygon", "coordinates": [[[-71.6, -36.9], [-71.5, -36.9], [-71.5, -36.8], [-71.6, -36.8], [-71.6, -36.9]]]}, "properties": {"n_records": 9, "n_localities": 5, "n_observers": 8, "n_recent_10y": 3}}, {"type": "Feature", "geometry": {"type": "Polygon", "coordinates": [[[-71.6, -36.6], [-71.5, -36.6], [-71.5, -36.5], [-71.6, -36.5], [-71.6, -36.6]]]}, "properties": {"n_records": 6, "n_localities": 2, "n_observers": 2, "n_recent_10y": 5}}, {"type": "Feature", "geometry": {"type": "Polygon", "coordinates": [[[-71.6, -36.5], [-71.5, -36.5], [-71.5, -36.4], [-71.6, -36.4], [-71.6, -36.5]]]}, "properties": {"n_records": 5, "n_localities": 1, "n_observers": 4, "n_recent_10y": 5}}, {"type": "Feature", "geometry": {"type": "Polygon", "coordinates": [[[-71.6, -35.3], [-71.5, -35.3], [-71.5, -35.2], [-71.6, -35.2], [-71.6, -35.3]]]}, "properties": {"n_records": 6, "n_localities": 1, "n_observers": 6, "n_recent_10y": 6}}, {"type": "Feature", "geometry": {"type": "Polygon", "coordinates": [[[-71.6, -35.2], [-71.5, -35.2], [-71.5, -35.1], [-71.6, -35.1], [-71.6, -35.2]]]}, "properties": {"n_records": 1, "n_localities": 1, "n_observers": 1, "n_recent_10y": 1}}, {"type": "Feature", "geometry": {"type": "Polygon", "coordinates": [[[-71.6, -34.2], [-71.5, -34.2], [-71.5, -34.1], [-71.6, -34.1], [-71.6, -34.2]]]}, "properties": {"n_records": 5, "n_localities": 3, "n_observers": 3, "n_recent_10y": 5}}, {"type": "Feature", "geometry": {"type": "Polygon", "coordinates": [[[-71.6, -34.1], [-71.5, -34.1], [-71.5, -34.0], [-71.6, -34.0], [-71.6, -34.1]]]}, "properties": {"n_records": 2, "n_localities": 2, "n_observers": 2, "n_recent_10y": 2}}, {"type": "Feature", "geometry": {"type": "Polygon", "coordinates": [[[-71.6, -34.0], [-71.5, -34.0], [-71.5, -33.9], [-71.6, -33.9], [-71.6, -34.0]]]}, "properties": {"n_records": 1, "n_localities": 1, "n_observers": 1, "n_recent_10y": 1}}, {"type": "Feature", "geometry": {"type": "Polygon", "coordinates": [[[-71.6, -33.9], [-71.5, -33.9], [-71.5, -33.8], [-71.6, -33.8], [-71.6, -33.9]]]}, "properties": {"n_records": 1, "n_localities": 1, "n_observers": 1, "n_recent_10y": 1}}, {"type": "Feature", "geometry": {"type": "Polygon", "coordinates": [[[-71.6, -33.8], [-71.5, -33.8], [-71.5, -33.7], [-71.6, -33.7], [-71.6, -33.8]]]}, "properties": {"n_records": 1, "n_localities": 1, "n_observers": 1, "n_recent_10y": 1}}, {"type": "Feature", "geometry": {"type": "Polygon", "coordinates": [[[-71.6, -33.7], [-71.5, -33.7], [-71.5, -33.6], [-71.6, -33.6], [-71.6, -33.7]]]}, "properties": {"n_records": 3, "n_localities": 3, "n_observers": 3, "n_recent_10y": 3}}, {"type": "Feature", "geometry": {"type": "Polygon", "coordinates": [[[-71.6, -33.6], [-71.5, -33.6], [-71.5, -33.5], [-71.6, -33.5], [-71.6, -33.6]]]}, "properties": {"n_records": 3, "n_localities": 3, "n_observers": 3, "n_recent_10y": 3}}, {"type": "Feature", "geometry": {"type": "Polygon", "coordinates": [[[-71.6, -33.2], [-71.5, -33.2], [-71.5, -33.1], [-71.6, -33.1], [-71.6, -33.2]]]}, "properties": {"n_records": 1, "n_localities": 1, "n_observers": 1, "n_recent_10y": 1}}, {"type": "Feature", "geometry": {"type": "Polygon", "coordinates": [[[-71.6, -33.0], [-71.5, -33.0], [-71.5, -32.9], [-71.6, -32.9], [-71.6, -33.0]]]}, "properties": {"n_records": 1, "n_localities": 1, "n_observers": 1, "n_recent_10y": 1}}, {"type": "Feature", "geometry": {"type": "Polygon", "coordinates": [[[-71.6, -32.3], [-71.5, -32.3], [-71.5, -32.2], [-71.6, -32.2], [-71.6, -32.3]]]}, "properties": {"n_records": 5, "n_localities": 2, "n_observers": 5, "n_recent_10y": 5}}, {"type": "Feature", "geometry": {"type": "Polygon", "coordinates": [[[-71.6, -32.1], [-71.5, -32.1], [-71.5, -32.0], [-71.6, -32.0], [-71.6, -32.1]]]}, "properties": {"n_records": 1, "n_localities": 1, "n_observers": 1, "n_recent_10y": 1}}, {"type": "Feature", "geometry": {"type": "Polygon", "coordinates": [[[-71.6, -31.8], [-71.5, -31.8], [-71.5, -31.7], [-71.6, -31.7], [-71.6, -31.8]]]}, "properties": {"n_records": 6, "n_localities": 5, "n_observers": 5, "n_recent_10y": 6}}, {"type": "Feature", "geometry": {"type": "Polygon", "coordinates": [[[-71.6, -31.7], [-71.5, -31.7], [-71.5, -31.6], [-71.6, -31.6], [-71.6, -31.7]]]}, "properties": {"n_records": 6, "n_localities": 3, "n_observers": 5, "n_recent_10y": 6}}, {"type": "Feature", "geometry": {"type": "Polygon", "coordinates": [[[-71.6, -31.6], [-71.5, -31.6], [-71.5, -31.5], [-71.6, -31.5], [-71.6, -31.6]]]}, "properties": {"n_records": 90, "n_localities": 15, "n_observers": 52, "n_recent_10y": 90}}, {"type": "Feature", "geometry": {"type": "Polygon", "coordinates": [[[-71.6, -31.5], [-71.5, -31.5], [-71.5, -31.4], [-71.6, -31.4], [-71.6, -31.5]]]}, "properties": {"n_records": 9, "n_localities": 5, "n_observers": 7, "n_recent_10y": 9}}, {"type": "Feature", "geometry": {"type": "Polygon", "coordinates": [[[-71.6, -31.4], [-71.5, -31.4], [-71.5, -31.3], [-71.6, -31.3], [-71.6, -31.4]]]}, "properties": {"n_records": 5, "n_localities": 3, "n_observers": 5, "n_recent_10y": 5}}, {"type": "Feature", "geometry": {"type": "Polygon", "coordinates": [[[-71.6, -31.3], [-71.5, -31.3], [-71.5, -31.2], [-71.6, -31.2], [-71.6, -31.3]]]}, "properties": {"n_records": 3, "n_localities": 2, "n_observers": 3, "n_recent_10y": 3}}, {"type": "Feature", "geometry": {"type": "Polygon", "coordinates": [[[-71.6, -31.2], [-71.5, -31.2], [-71.5, -31.1], [-71.6, -31.1], [-71.6, -31.2]]]}, "properties": {"n_records": 26, "n_localities": 10, "n_observers": 22, "n_recent_10y": 26}}, {"type": "Feature", "geometry": {"type": "Polygon", "coordinates": [[[-71.6, -30.9], [-71.5, -30.9], [-71.5, -30.8], [-71.6, -30.8], [-71.6, -30.9]]]}, "properties": {"n_records": 9, "n_localities": 6, "n_observers": 7, "n_recent_10y": 9}}, {"type": "Feature", "geometry": {"type": "Polygon", "coordinates": [[[-71.6, -30.8], [-71.5, -30.8], [-71.5, -30.7], [-71.6, -30.7], [-71.6, -30.8]]]}, "properties": {"n_records": 4, "n_localities": 3, "n_observers": 4, "n_recent_10y": 4}}, {"type": "Feature", "geometry": {"type": "Polygon", "coordinates": [[[-71.6, -29.1], [-71.5, -29.1], [-71.5, -29.0], [-71.6, -29.0], [-71.6, -29.1]]]}, "properties": {"n_records": 1, "n_localities": 1, "n_observers": 1, "n_recent_10y": 1}}, {"type": "Feature", "geometry": {"type": "Polygon", "coordinates": [[[-71.5, -54.7], [-71.4, -54.7], [-71.4, -54.6], [-71.5, -54.6], [-71.5, -54.7]]]}, "properties": {"n_records": 1, "n_localities": 1, "n_observers": 1, "n_recent_10y": 1}}, {"type": "Feature", "geometry": {"type": "Polygon", "coordinates": [[[-71.5, -52.8], [-71.4, -52.8], [-71.4, -52.7], [-71.5, -52.7], [-71.5, -52.8]]]}, "properties": {"n_records": 3, "n_localities": 2, "n_observers": 2, "n_recent_10y": 3}}, {"type": "Feature", "geometry": {"type": "Polygon", "coordinates": [[[-71.5, -52.7], [-71.4, -52.7], [-71.4, -52.6], [-71.5, -52.6], [-71.5, -52.7]]]}, "properties": {"n_records": 90, "n_localities": 48, "n_observers": 49, "n_recent_10y": 86}}, {"type": "Feature", "geometry": {"type": "Polygon", "coordinates": [[[-71.5, -52.6], [-71.4, -52.6], [-71.4, -52.5], [-71.5, -52.5], [-71.5, -52.6]]]}, "properties": {"n_records": 6, "n_localities": 2, "n_observers": 3, "n_recent_10y": 4}}, {"type": "Feature", "geometry": {"type": "Polygon", "coordinates": [[[-71.5, -52.5], [-71.4, -52.5], [-71.4, -52.4], [-71.5, -52.4], [-71.5, -52.5]]]}, "properties": {"n_records": 52, "n_localities": 22, "n_observers": 41, "n_recent_10y": 45}}, {"type": "Feature", "geometry": {"type": "Polygon", "coordinates": [[[-71.5, -52.4], [-71.4, -52.4], [-71.4, -52.3], [-71.5, -52.3], [-71.5, -52.4]]]}, "properties": {"n_records": 11, "n_localities": 8, "n_observers": 11, "n_recent_10y": 10}}, {"type": "Feature", "geometry": {"type": "Polygon", "coordinates": [[[-71.5, -52.3], [-71.4, -52.3], [-71.4, -52.2], [-71.5, -52.2], [-71.5, -52.3]]]}, "properties": {"n_records": 2, "n_localities": 2, "n_observers": 2, "n_recent_10y": 2}}, {"type": "Feature", "geometry": {"type": "Polygon", "coordinates": [[[-71.5, -52.2], [-71.4, -52.2], [-71.4, -52.1], [-71.5, -52.1], [-71.5, -52.2]]]}, "properties": {"n_records": 1, "n_localities": 1, "n_observers": 1, "n_recent_10y": 1}}, {"type": "Feature", "geometry": {"type": "Polygon", "coordinates": [[[-71.5, -52.1], [-71.4, -52.1], [-71.4, -52.0], [-71.5, -52.0], [-71.5, -52.1]]]}, "properties": {"n_records": 101, "n_localities": 32, "n_observers": 88, "n_recent_10y": 98}}, {"type": "Feature", "geometry": {"type": "Polygon", "coordinates": [[[-71.5, -45.4], [-71.4, -45.4], [-71.4, -45.3], [-71.5, -45.3], [-71.5, -45.4]]]}, "properties": {"n_records": 8, "n_localities": 1, "n_observers": 8, "n_recent_10y": 4}}, {"type": "Feature", "geometry": {"type": "Polygon", "coordinates": [[[-71.5, -45.3], [-71.4, -45.3], [-71.4, -45.2], [-71.5, -45.2], [-71.5, -45.3]]]}, "properties": {"n_records": 78, "n_localities": 11, "n_observers": 42, "n_recent_10y": 64}}, {"type": "Feature", "geometry": {"type": "Polygon", "coordinates": [[[-71.5, -44.6], [-71.4, -44.6], [-71.4, -44.5], [-71.5, -44.5], [-71.5, -44.6]]]}, "properties": {"n_records": 2, "n_localities": 1, "n_observers": 1, "n_recent_10y": 0}}, {"type": "Feature", "geometry": {"type": "Polygon", "coordinates": [[[-71.5, -39.6], [-71.4, -39.6], [-71.4, -39.5], [-71.5, -39.5], [-71.5, -39.6]]]}, "properties": {"n_records": 7, "n_localities": 2, "n_observers": 7, "n_recent_10y": 6}}, {"type": "Feature", "geometry": {"type": "Polygon", "coordinates": [[[-71.5, -39.5], [-71.4, -39.5], [-71.4, -39.4], [-71.5, -39.4], [-71.5, -39.5]]]}, "properties": {"n_records": 2, "n_localities": 1, "n_observers": 2, "n_recent_10y": 2}}, {"type": "Feature", "geometry": {"type": "Polygon", "coordinates": [[[-71.5, -39.2], [-71.4, -39.2], [-71.4, -39.1], [-71.5, -39.1], [-71.5, -39.2]]]}, "properties": {"n_records": 1, "n_localities": 1, "n_observers": 1, "n_recent_10y": 1}}, {"type": "Feature", "geometry": {"type": "Polygon", "coordinates": [[[-71.5, -39.0], [-71.4, -39.0], [-71.4, -38.9], [-71.5, -38.9], [-71.5, -39.0]]]}, "properties": {"n_records": 11, "n_localities": 4, "n_observers": 10, "n_recent_10y": 10}}, {"type": "Feature", "geometry": {"type": "Polygon", "coordinates": [[[-71.5, -38.9], [-71.4, -38.9], [-71.4, -38.8], [-71.5, -38.8], [-71.5, -38.9]]]}, "properties": {"n_records": 4, "n_localities": 3, "n_observers": 4, "n_recent_10y": 4}}, {"type": "Feature", "geometry": {"type": "Polygon", "coordinates": [[[-71.5, -38.6], [-71.4, -38.6], [-71.4, -38.5], [-71.5, -38.5], [-71.5, -38.6]]]}, "properties": {"n_records": 11, "n_localities": 6, "n_observers": 11, "n_recent_10y": 11}}, {"type": "Feature", "geometry": {"type": "Polygon", "coordinates": [[[-71.5, -38.5], [-71.4, -38.5], [-71.4, -38.4], [-71.5, -38.4], [-71.5, -38.5]]]}, "properties": {"n_records": 9, "n_localities": 4, "n_observers": 9, "n_recent_10y": 9}}, {"type": "Feature", "geometry": {"type": "Polygon", "coordinates": [[[-71.5, -38.0], [-71.4, -38.0], [-71.4, -37.9], [-71.5, -37.9], [-71.5, -38.0]]]}, "properties": {"n_records": 1, "n_localities": 1, "n_observers": 1, "n_recent_10y": 1}}, {"type": "Feature", "geometry": {"type": "Polygon", "coordinates": [[[-71.5, -37.9], [-71.4, -37.9], [-71.4, -37.8], [-71.5, -37.8], [-71.5, -37.9]]]}, "properties": {"n_records": 3, "n_localities": 2, "n_observers": 3, "n_recent_10y": 2}}, {"type": "Feature", "geometry": {"type": "Polygon", "coordinates": [[[-71.5, -37.6], [-71.4, -37.6], [-71.4, -37.5], [-71.5, -37.5], [-71.5, -37.6]]]}, "properties": {"n_records": 1, "n_localities": 1, "n_observers": 1, "n_recent_10y": 1}}, {"type": "Feature", "geometry": {"type": "Polygon", "coordinates": [[[-71.5, -37.5], [-71.4, -37.5], [-71.4, -37.4], [-71.5, -37.4], [-71.5, -37.5]]]}, "properties": {"n_records": 8, "n_localities": 4, "n_observers": 6, "n_recent_10y": 8}}, {"type": "Feature", "geometry": {"type": "Polygon", "coordinates": [[[-71.5, -37.4], [-71.4, -37.4], [-71.4, -37.3], [-71.5, -37.3], [-71.5, -37.4]]]}, "properties": {"n_records": 73, "n_localities": 25, "n_observers": 45, "n_recent_10y": 72}}, {"type": "Feature", "geometry": {"type": "Polygon", "coordinates": [[[-71.5, -37.1], [-71.4, -37.1], [-71.4, -37.0], [-71.5, -37.0], [-71.5, -37.1]]]}, "properties": {"n_records": 1, "n_localities": 1, "n_observers": 1, "n_recent_10y": 1}}, {"type": "Feature", "geometry": {"type": "Polygon", "coordinates": [[[-71.5, -37.0], [-71.4, -37.0], [-71.4, -36.9], [-71.5, -36.9], [-71.5, -37.0]]]}, "properties": {"n_records": 115, "n_localities": 30, "n_observers": 86, "n_recent_10y": 90}}, {"type": "Feature", "geometry": {"type": "Polygon", "coordinates": [[[-71.5, -36.9], [-71.4, -36.9], [-71.4, -36.8], [-71.5, -36.8], [-71.5, -36.9]]]}, "properties": {"n_records": 62, "n_localities": 18, "n_observers": 44, "n_recent_10y": 59}}, {"type": "Feature", "geometry": {"type": "Polygon", "coordinates": [[[-71.5, -36.7], [-71.4, -36.7], [-71.4, -36.6], [-71.5, -36.6], [-71.5, -36.7]]]}, "properties": {"n_records": 4, "n_localities": 3, "n_observers": 3, "n_recent_10y": 2}}, {"type": "Feature", "geometry": {"type": "Polygon", "coordinates": [[[-71.5, -36.6], [-71.4, -36.6], [-71.4, -36.5], [-71.5, -36.5], [-71.5, -36.6]]]}, "properties": {"n_records": 2, "n_localities": 1, "n_observers": 2, "n_recent_10y": 0}}, {"type": "Feature", "geometry": {"type": "Polygon", "coordinates": [[[-71.5, -36.5], [-71.4, -36.5], [-71.4, -36.4], [-71.5, -36.4], [-71.5, -36.5]]]}, "properties": {"n_records": 2, "n_localities": 2, "n_observers": 2, "n_recent_10y": 2}}, {"type": "Feature", "geometry": {"type": "Polygon", "coordinates": [[[-71.5, -36.1], [-71.4, -36.1], [-71.4, -36.0], [-71.5, -36.0], [-71.5, -36.1]]]}, "properties": {"n_records": 2, "n_localities": 1, "n_observers": 2, "n_recent_10y": 0}}, {"type": "Feature", "geometry": {"type": "Polygon", "coordinates": [[[-71.5, -36.0], [-71.4, -36.0], [-71.4, -35.9], [-71.5, -35.9], [-71.5, -36.0]]]}, "properties": {"n_records": 1, "n_localities": 1, "n_observers": 1, "n_recent_10y": 1}}, {"type": "Feature", "geometry": {"type": "Polygon", "coordinates": [[[-71.5, -34.1], [-71.4, -34.1], [-71.4, -34.0], [-71.5, -34.0], [-71.5, -34.1]]]}, "properties": {"n_records": 1, "n_localities": 1, "n_observers": 1, "n_recent_10y": 1}}, {"type": "Feature", "geometry": {"type": "Polygon", "coordinates": [[[-71.5, -33.9], [-71.4, -33.9], [-71.4, -33.8], [-71.5, -33.8], [-71.5, -33.9]]]}, "properties": {"n_records": 2, "n_localities": 2, "n_observers": 1, "n_recent_10y": 2}}, {"type": "Feature", "geometry": {"type": "Polygon", "coordinates": [[[-71.5, -33.7], [-71.4, -33.7], [-71.4, -33.6], [-71.5, -33.6], [-71.5, -33.7]]]}, "properties": {"n_records": 18, "n_localities": 8, "n_observers": 7, "n_recent_10y": 18}}, {"type": "Feature", "geometry": {"type": "Polygon", "coordinates": [[[-71.5, -33.6], [-71.4, -33.6], [-71.4, -33.5], [-71.5, -33.5], [-71.5, -33.6]]]}, "properties": {"n_records": 3, "n_localities": 2, "n_observers": 2, "n_recent_10y": 3}}, {"type": "Feature", "geometry": {"type": "Polygon", "coordinates": [[[-71.5, -33.5], [-71.4, -33.5], [-71.4, -33.4], [-71.5, -33.4], [-71.5, -33.5]]]}, "properties": {"n_records": 2, "n_localities": 2, "n_observers": 2, "n_recent_10y": 2}}, {"type": "Feature", "geometry": {"type": "Polygon", "coordinates": [[[-71.5, -33.3], [-71.4, -33.3], [-71.4, -33.2], [-71.5, -33.2], [-71.5, -33.3]]]}, "properties": {"n_records": 3, "n_localities": 3, "n_observers": 3, "n_recent_10y": 3}}, {"type": "Feature", "geometry": {"type": "Polygon", "coordinates": [[[-71.5, -32.9], [-71.4, -32.9], [-71.4, -32.8], [-71.5, -32.8], [-71.5, -32.9]]]}, "properties": {"n_records": 3, "n_localities": 2, "n_observers": 1, "n_recent_10y": 3}}, {"type": "Feature", "geometry": {"type": "Polygon", "coordinates": [[[-71.5, -32.5], [-71.4, -32.5], [-71.4, -32.4], [-71.5, -32.4], [-71.5, -32.5]]]}, "properties": {"n_records": 12, "n_localities": 1, "n_observers": 12, "n_recent_10y": 11}}, {"type": "Feature", "geometry": {"type": "Polygon", "coordinates": [[[-71.5, -32.2], [-71.4, -32.2], [-71.4, -32.1], [-71.5, -32.1], [-71.5, -32.2]]]}, "properties": {"n_records": 6, "n_localities": 3, "n_observers": 4, "n_recent_10y": 6}}, {"type": "Feature", "geometry": {"type": "Polygon", "coordinates": [[[-71.5, -32.0], [-71.4, -32.0], [-71.4, -31.9], [-71.5, -31.9], [-71.5, -32.0]]]}, "properties": {"n_records": 6, "n_localities": 5, "n_observers": 6, "n_recent_10y": 5}}, {"type": "Feature", "geometry": {"type": "Polygon", "coordinates": [[[-71.5, -31.9], [-71.4, -31.9], [-71.4, -31.8], [-71.5, -31.8], [-71.5, -31.9]]]}, "properties": {"n_records": 2, "n_localities": 1, "n_observers": 2, "n_recent_10y": 0}}, {"type": "Feature", "geometry": {"type": "Polygon", "coordinates": [[[-71.5, -31.8], [-71.4, -31.8], [-71.4, -31.7], [-71.5, -31.7], [-71.5, -31.8]]]}, "properties": {"n_records": 1, "n_localities": 1, "n_observers": 1, "n_recent_10y": 1}}, {"type": "Feature", "geometry": {"type": "Polygon", "coordinates": [[[-71.5, -31.6], [-71.4, -31.6], [-71.4, -31.5], [-71.5, -31.5], [-71.5, -31.6]]]}, "properties": {"n_records": 47, "n_localities": 14, "n_observers": 13, "n_recent_10y": 45}}, {"type": "Feature", "geometry": {"type": "Polygon", "coordinates": [[[-71.5, -31.4], [-71.4, -31.4], [-71.4, -31.3], [-71.5, -31.3], [-71.5, -31.4]]]}, "properties": {"n_records": 3, "n_localities": 2, "n_observers": 3, "n_recent_10y": 3}}, {"type": "Feature", "geometry": {"type": "Polygon", "coordinates": [[[-71.5, -30.8], [-71.4, -30.8], [-71.4, -30.7], [-71.5, -30.7], [-71.5, -30.8]]]}, "properties": {"n_records": 1, "n_localities": 1, "n_observers": 1, "n_recent_10y": 1}}, {"type": "Feature", "geometry": {"type": "Polygon", "coordinates": [[[-71.5, -29.3], [-71.4, -29.3], [-71.4, -29.2], [-71.5, -29.2], [-71.5, -29.3]]]}, "properties": {"n_records": 1, "n_localities": 1, "n_observers": 1, "n_recent_10y": 1}}, {"type": "Feature", "geometry": {"type": "Polygon", "coordinates": [[[-71.5, -29.2], [-71.4, -29.2], [-71.4, -29.1], [-71.5, -29.1], [-71.5, -29.2]]]}, "properties": {"n_records": 1, "n_localities": 1, "n_observers": 1, "n_recent_10y": 1}}, {"type": "Feature", "geometry": {"type": "Polygon", "coordinates": [[[-71.5, -29.0], [-71.4, -29.0], [-71.4, -28.9], [-71.5, -28.9], [-71.5, -29.0]]]}, "properties": {"n_records": 2, "n_localities": 1, "n_observers": 2, "n_recent_10y": 2}}, {"type": "Feature", "geometry": {"type": "Polygon", "coordinates": [[[-71.4, -54.8], [-71.3, -54.8], [-71.3, -54.7], [-71.4, -54.7], [-71.4, -54.8]]]}, "properties": {"n_records": 3, "n_localities": 1, "n_observers": 3, "n_recent_10y": 3}}, {"type": "Feature", "geometry": {"type": "Polygon", "coordinates": [[[-71.4, -54.4], [-71.3, -54.4], [-71.3, -54.3], [-71.4, -54.3], [-71.4, -54.4]]]}, "properties": {"n_records": 4, "n_localities": 1, "n_observers": 4, "n_recent_10y": 4}}, {"type": "Feature", "geometry": {"type": "Polygon", "coordinates": [[[-71.4, -54.0], [-71.3, -54.0], [-71.3, -53.9], [-71.4, -53.9], [-71.4, -54.0]]]}, "properties": {"n_records": 3, "n_localities": 2, "n_observers": 3, "n_recent_10y": 3}}, {"type": "Feature", "geometry": {"type": "Polygon", "coordinates": [[[-71.4, -53.2], [-71.3, -53.2], [-71.3, -53.1], [-71.4, -53.1], [-71.4, -53.2]]]}, "properties": {"n_records": 11, "n_localities": 5, "n_observers": 7, "n_recent_10y": 10}}, {"type": "Feature", "geometry": {"type": "Polygon", "coordinates": [[[-71.4, -53.1], [-71.3, -53.1], [-71.3, -53.0], [-71.4, -53.0], [-71.4, -53.1]]]}, "properties": {"n_records": 4, "n_localities": 4, "n_observers": 4, "n_recent_10y": 4}}, {"type": "Feature", "geometry": {"type": "Polygon", "coordinates": [[[-71.4, -52.8], [-71.3, -52.8], [-71.3, -52.7], [-71.4, -52.7], [-71.4, -52.8]]]}, "properties": {"n_records": 280, "n_localities": 36, "n_observers": 179, "n_recent_10y": 267}}, {"type": "Feature", "geometry": {"type": "Polygon", "coordinates": [[[-71.4, -52.6], [-71.3, -52.6], [-71.3, -52.5], [-71.4, -52.5], [-71.4, -52.6]]]}, "properties": {"n_records": 2, "n_localities": 2, "n_observers": 2, "n_recent_10y": 2}}, {"type": "Feature", "geometry": {"type": "Polygon", "coordinates": [[[-71.4, -52.5], [-71.3, -52.5], [-71.3, -52.4], [-71.4, -52.4], [-71.4, -52.5]]]}, "properties": {"n_records": 56, "n_localities": 24, "n_observers": 47, "n_recent_10y": 56}}, {"type": "Feature", "geometry": {"type": "Polygon", "coordinates": [[[-71.4, -52.4], [-71.3, -52.4], [-71.3, -52.3], [-71.4, -52.3], [-71.4, -52.4]]]}, "properties": {"n_records": 2, "n_localities": 2, "n_observers": 2, "n_recent_10y": 2}}, {"type": "Feature", "geometry": {"type": "Polygon", "coordinates": [[[-71.4, -52.3], [-71.3, -52.3], [-71.3, -52.2], [-71.4, -52.2], [-71.4, -52.3]]]}, "properties": {"n_records": 25, "n_localities": 19, "n_observers": 24, "n_recent_10y": 25}}, {"type": "Feature", "geometry": {"type": "Polygon", "coordinates": [[[-71.4, -52.2], [-71.3, -52.2], [-71.3, -52.1], [-71.4, -52.1], [-71.4, -52.2]]]}, "properties": {"n_records": 65, "n_localities": 33, "n_observers": 56, "n_recent_10y": 63}}, {"type": "Feature", "geometry": {"type": "Polygon", "coordinates": [[[-71.4, -52.1], [-71.3, -52.1], [-71.3, -52.0], [-71.4, -52.0], [-71.4, -52.1]]]}, "properties": {"n_records": 21, "n_localities": 11, "n_observers": 21, "n_recent_10y": 21}}, {"type": "Feature", "geometry": {"type": "Polygon", "coordinates": [[[-71.4, -45.3], [-71.3, -45.3], [-71.3, -45.2], [-71.4, -45.2], [-71.4, -45.3]]]}, "properties": {"n_records": 5, "n_localities": 2, "n_observers": 5, "n_recent_10y": 5}}, {"type": "Feature", "geometry": {"type": "Polygon", "coordinates": [[[-71.4, -44.6], [-71.3, -44.6], [-71.3, -44.5], [-71.4, -44.5], [-71.4, -44.6]]]}, "properties": {"n_records": 3, "n_localities": 3, "n_observers": 2, "n_recent_10y": 1}}, {"type": "Feature", "geometry": {"type": "Polygon", "coordinates": [[[-71.4, -38.9], [-71.3, -38.9], [-71.3, -38.8], [-71.4, -38.8], [-71.4, -38.9]]]}, "properties": {"n_records": 2, "n_localities": 1, "n_observers": 2, "n_recent_10y": 2}}, {"type": "Feature", "geometry": {"type": "Polygon", "coordinates": [[[-71.4, -38.7], [-71.3, -38.7], [-71.3, -38.6], [-71.4, -38.6], [-71.4, -38.7]]]}, "properties": {"n_records": 1, "n_localities": 1, "n_observers": 1, "n_recent_10y": 1}}, {"type": "Feature", "geometry": {"type": "Polygon", "coordinates": [[[-71.4, -38.6], [-71.3, -38.6], [-71.3, -38.5], [-71.4, -38.5], [-71.4, -38.6]]]}, "properties": {"n_records": 4, "n_localities": 2, "n_observers": 4, "n_recent_10y": 4}}, {"type": "Feature", "geometry": {"type": "Polygon", "coordinates": [[[-71.4, -38.5], [-71.3, -38.5], [-71.3, -38.4], [-71.4, -38.4], [-71.4, -38.5]]]}, "properties": {"n_records": 72, "n_localities": 17, "n_observers": 42, "n_recent_10y": 62}}, {"type": "Feature", "geometry": {"type": "Polygon", "coordinates": [[[-71.4, -38.1], [-71.3, -38.1], [-71.3, -38.0], [-71.4, -38.0], [-71.4, -38.1]]]}, "properties": {"n_records": 1, "n_localities": 1, "n_observers": 1, "n_recent_10y": 1}}, {"type": "Feature", "geometry": {"type": "Polygon", "coordinates": [[[-71.4, -37.9], [-71.3, -37.9], [-71.3, -37.8], [-71.4, -37.8], [-71.4, -37.9]]]}, "properties": {"n_records": 2, "n_localities": 2, "n_observers": 2, "n_recent_10y": 1}}, {"type": "Feature", "geometry": {"type": "Polygon", "coordinates": [[[-71.4, -37.8], [-71.3, -37.8], [-71.3, -37.7], [-71.4, -37.7], [-71.4, -37.8]]]}, "properties": {"n_records": 3, "n_localities": 2, "n_observers": 3, "n_recent_10y": 3}}, {"type": "Feature", "geometry": {"type": "Polygon", "coordinates": [[[-71.4, -37.7], [-71.3, -37.7], [-71.3, -37.6], [-71.4, -37.6], [-71.4, -37.7]]]}, "properties": {"n_records": 1, "n_localities": 1, "n_observers": 1, "n_recent_10y": 1}}, {"type": "Feature", "geometry": {"type": "Polygon", "coordinates": [[[-71.4, -37.5], [-71.3, -37.5], [-71.3, -37.4], [-71.4, -37.4], [-71.4, -37.5]]]}, "properties": {"n_records": 17, "n_localities": 8, "n_observers": 11, "n_recent_10y": 17}}, {"type": "Feature", "geometry": {"type": "Polygon", "coordinates": [[[-71.4, -37.4], [-71.3, -37.4], [-71.3, -37.3], [-71.4, -37.3], [-71.4, -37.4]]]}, "properties": {"n_records": 99, "n_localities": 14, "n_observers": 71, "n_recent_10y": 61}}, {"type": "Feature", "geometry": {"type": "Polygon", "coordinates": [[[-71.4, -37.1], [-71.3, -37.1], [-71.3, -37.0], [-71.4, -37.0], [-71.4, -37.1]]]}, "properties": {"n_records": 1, "n_localities": 1, "n_observers": 1, "n_recent_10y": 1}}, {"type": "Feature", "geometry": {"type": "Polygon", "coordinates": [[[-71.4, -37.0], [-71.3, -37.0], [-71.3, -36.9], [-71.4, -36.9], [-71.4, -37.0]]]}, "properties": {"n_records": 16, "n_localities": 3, "n_observers": 11, "n_recent_10y": 12}}, {"type": "Feature", "geometry": {"type": "Polygon", "coordinates": [[[-71.4, -36.9], [-71.3, -36.9], [-71.3, -36.8], [-71.4, -36.8], [-71.4, -36.9]]]}, "properties": {"n_records": 7, "n_localities": 2, "n_observers": 5, "n_recent_10y": 3}}, {"type": "Feature", "geometry": {"type": "Polygon", "coordinates": [[[-71.4, -36.7], [-71.3, -36.7], [-71.3, -36.6], [-71.4, -36.6], [-71.4, -36.7]]]}, "properties": {"n_records": 5, "n_localities": 3, "n_observers": 5, "n_recent_10y": 4}}, {"type": "Feature", "geometry": {"type": "Polygon", "coordinates": [[[-71.4, -36.6], [-71.3, -36.6], [-71.3, -36.5], [-71.4, -36.5], [-71.4, -36.6]]]}, "properties": {"n_records": 1, "n_localities": 1, "n_observers": 1, "n_recent_10y": 0}}, {"type": "Feature", "geometry": {"type": "Polygon", "coordinates": [[[-71.4, -36.5], [-71.3, -36.5], [-71.3, -36.4], [-71.4, -36.4], [-71.4, -36.5]]]}, "properties": {"n_records": 1, "n_localities": 1, "n_observers": 1, "n_recent_10y": 1}}, {"type": "Feature", "geometry": {"type": "Polygon", "coordinates": [[[-71.4, -36.1], [-71.3, -36.1], [-71.3, -36.0], [-71.4, -36.0], [-71.4, -36.1]]]}, "properties": {"n_records": 1, "n_localities": 1, "n_observers": 1, "n_recent_10y": 0}}, {"type": "Feature", "geometry": {"type": "Polygon", "coordinates": [[[-71.4, -35.8], [-71.3, -35.8], [-71.3, -35.7], [-71.4, -35.7], [-71.4, -35.8]]]}, "properties": {"n_records": 1, "n_localities": 1, "n_observers": 1, "n_recent_10y": 0}}, {"type": "Feature", "geometry": {"type": "Polygon", "coordinates": [[[-71.4, -35.7], [-71.3, -35.7], [-71.3, -35.6], [-71.4, -35.6], [-71.4, -35.7]]]}, "properties": {"n_records": 1, "n_localities": 1, "n_observers": 1, "n_recent_10y": 1}}, {"type": "Feature", "geometry": {"type": "Polygon", "coordinates": [[[-71.4, -35.2], [-71.3, -35.2], [-71.3, -35.1], [-71.4, -35.1], [-71.4, -35.2]]]}, "properties": {"n_records": 7, "n_localities": 4, "n_observers": 5, "n_recent_10y": 7}}, {"type": "Feature", "geometry": {"type": "Polygon", "coordinates": [[[-71.4, -34.9], [-71.3, -34.9], [-71.3, -34.8], [-71.4, -34.8], [-71.4, -34.9]]]}, "properties": {"n_records": 3, "n_localities": 2, "n_observers": 1, "n_recent_10y": 3}}, {"type": "Feature", "geometry": {"type": "Polygon", "coordinates": [[[-71.4, -34.2], [-71.3, -34.2], [-71.3, -34.1], [-71.4, -34.1], [-71.4, -34.2]]]}, "properties": {"n_records": 1, "n_localities": 1, "n_observers": 1, "n_recent_10y": 1}}, {"type": "Feature", "geometry": {"type": "Polygon", "coordinates": [[[-71.4, -34.1], [-71.3, -34.1], [-71.3, -34.0], [-71.4, -34.0], [-71.4, -34.1]]]}, "properties": {"n_records": 30, "n_localities": 6, "n_observers": 10, "n_recent_10y": 30}}, {"type": "Feature", "geometry": {"type": "Polygon", "coordinates": [[[-71.4, -34.0], [-71.3, -34.0], [-71.3, -33.9], [-71.4, -33.9], [-71.4, -34.0]]]}, "properties": {"n_records": 3, "n_localities": 2, "n_observers": 3, "n_recent_10y": 3}}, {"type": "Feature", "geometry": {"type": "Polygon", "coordinates": [[[-71.4, -33.9], [-71.3, -33.9], [-71.3, -33.8], [-71.4, -33.8], [-71.4, -33.9]]]}, "properties": {"n_records": 2, "n_localities": 2, "n_observers": 1, "n_recent_10y": 2}}, {"type": "Feature", "geometry": {"type": "Polygon", "coordinates": [[[-71.4, -33.7], [-71.3, -33.7], [-71.3, -33.6], [-71.4, -33.6], [-71.4, -33.7]]]}, "properties": {"n_records": 30, "n_localities": 10, "n_observers": 18, "n_recent_10y": 30}}, {"type": "Feature", "geometry": {"type": "Polygon", "coordinates": [[[-71.4, -33.2], [-71.3, -33.2], [-71.3, -33.1], [-71.4, -33.1], [-71.4, -33.2]]]}, "properties": {"n_records": 2, "n_localities": 2, "n_observers": 2, "n_recent_10y": 2}}, {"type": "Feature", "geometry": {"type": "Polygon", "coordinates": [[[-71.4, -33.1], [-71.3, -33.1], [-71.3, -33.0], [-71.4, -33.0], [-71.4, -33.1]]]}, "properties": {"n_records": 1, "n_localities": 1, "n_observers": 1, "n_recent_10y": 1}}, {"type": "Feature", "geometry": {"type": "Polygon", "coordinates": [[[-71.4, -33.0], [-71.3, -33.0], [-71.3, -32.9], [-71.4, -32.9], [-71.4, -33.0]]]}, "properties": {"n_records": 1, "n_localities": 1, "n_observers": 1, "n_recent_10y": 1}}, {"type": "Feature", "geometry": {"type": "Polygon", "coordinates": [[[-71.4, -32.9], [-71.3, -32.9], [-71.3, -32.8], [-71.4, -32.8], [-71.4, -32.9]]]}, "properties": {"n_records": 1, "n_localities": 1, "n_observers": 1, "n_recent_10y": 1}}, {"type": "Feature", "geometry": {"type": "Polygon", "coordinates": [[[-71.4, -32.8], [-71.3, -32.8], [-71.3, -32.7], [-71.4, -32.7], [-71.4, -32.8]]]}, "properties": {"n_records": 4, "n_localities": 3, "n_observers": 3, "n_recent_10y": 4}}, {"type": "Feature", "geometry": {"type": "Polygon", "coordinates": [[[-71.4, -32.6], [-71.3, -32.6], [-71.3, -32.5], [-71.4, -32.5], [-71.4, -32.6]]]}, "properties": {"n_records": 4, "n_localities": 3, "n_observers": 4, "n_recent_10y": 4}}, {"type": "Feature", "geometry": {"type": "Polygon", "coordinates": [[[-71.4, -32.5], [-71.3, -32.5], [-71.3, -32.4], [-71.4, -32.4], [-71.4, -32.5]]]}, "properties": {"n_records": 6, "n_localities": 3, "n_observers": 5, "n_recent_10y": 6}}, {"type": "Feature", "geometry": {"type": "Polygon", "coordinates": [[[-71.4, -32.2], [-71.3, -32.2], [-71.3, -32.1], [-71.4, -32.1], [-71.4, -32.2]]]}, "properties": {"n_records": 4, "n_localities": 3, "n_observers": 3, "n_recent_10y": 2}}, {"type": "Feature", "geometry": {"type": "Polygon", "coordinates": [[[-71.4, -32.1], [-71.3, -32.1], [-71.3, -32.0], [-71.4, -32.0], [-71.4, -32.1]]]}, "properties": {"n_records": 1, "n_localities": 1, "n_observers": 1, "n_recent_10y": 1}}, {"type": "Feature", "geometry": {"type": "Polygon", "coordinates": [[[-71.4, -31.9], [-71.3, -31.9], [-71.3, -31.8], [-71.4, -31.8], [-71.4, -31.9]]]}, "properties": {"n_records": 5, "n_localities": 2, "n_observers": 3, "n_recent_10y": 3}}, {"type": "Feature", "geometry": {"type": "Polygon", "coordinates": [[[-71.4, -31.8], [-71.3, -31.8], [-71.3, -31.7], [-71.4, -31.7], [-71.4, -31.8]]]}, "properties": {"n_records": 4, "n_localities": 2, "n_observers": 3, "n_recent_10y": 2}}, {"type": "Feature", "geometry": {"type": "Polygon", "coordinates": [[[-71.4, -31.7], [-71.3, -31.7], [-71.3, -31.6], [-71.4, -31.6], [-71.4, -31.7]]]}, "properties": {"n_records": 38, "n_localities": 12, "n_observers": 9, "n_recent_10y": 37}}, {"type": "Feature", "geometry": {"type": "Polygon", "coordinates": [[[-71.4, -31.6], [-71.3, -31.6], [-71.3, -31.5], [-71.4, -31.5], [-71.4, -31.6]]]}, "properties": {"n_records": 5, "n_localities": 3, "n_observers": 5, "n_recent_10y": 5}}, {"type": "Feature", "geometry": {"type": "Polygon", "coordinates": [[[-71.4, -31.5], [-71.3, -31.5], [-71.3, -31.4], [-71.4, -31.4], [-71.4, -31.5]]]}, "properties": {"n_records": 2, "n_localities": 1, "n_observers": 2, "n_recent_10y": 2}}, {"type": "Feature", "geometry": {"type": "Polygon", "coordinates": [[[-71.4, -31.4], [-71.3, -31.4], [-71.3, -31.3], [-71.4, -31.3], [-71.4, -31.4]]]}, "properties": {"n_records": 1, "n_localities": 1, "n_observers": 1, "n_recent_10y": 1}}, {"type": "Feature", "geometry": {"type": "Polygon", "coordinates": [[[-71.4, -30.3], [-71.3, -30.3], [-71.3, -30.2], [-71.4, -30.2], [-71.4, -30.3]]]}, "properties": {"n_records": 2, "n_localities": 1, "n_observers": 2, "n_recent_10y": 2}}, {"type": "Feature", "geometry": {"type": "Polygon", "coordinates": [[[-71.4, -29.3], [-71.3, -29.3], [-71.3, -29.2], [-71.4, -29.2], [-71.4, -29.3]]]}, "properties": {"n_records": 3, "n_localities": 1, "n_observers": 3, "n_recent_10y": 3}}, {"type": "Feature", "geometry": {"type": "Polygon", "coordinates": [[[-71.4, -29.0], [-71.3, -29.0], [-71.3, -28.9], [-71.4, -28.9], [-71.4, -29.0]]]}, "properties": {"n_records": 8, "n_localities": 5, "n_observers": 5, "n_recent_10y": 8}}, {"type": "Feature", "geometry": {"type": "Polygon", "coordinates": [[[-71.3, -53.9], [-71.2, -53.9], [-71.2, -53.8], [-71.3, -53.8], [-71.3, -53.9]]]}, "properties": {"n_records": 5, "n_localities": 2, "n_observers": 5, "n_recent_10y": 5}}, {"type": "Feature", "geometry": {"type": "Polygon", "coordinates": [[[-71.3, -53.1], [-71.2, -53.1], [-71.2, -53.0], [-71.3, -53.0], [-71.3, -53.1]]]}, "properties": {"n_records": 18, "n_localities": 3, "n_observers": 15, "n_recent_10y": 1}}, {"type": "Feature", "geometry": {"type": "Polygon", "coordinates": [[[-71.3, -53.0], [-71.2, -53.0], [-71.2, -52.9], [-71.3, -52.9], [-71.3, -53.0]]]}, "properties": {"n_records": 22, "n_localities": 1, "n_observers": 22, "n_recent_10y": 1}}, {"type": "Feature", "geometry": {"type": "Polygon", "coordinates": [[[-71.3, -52.8], [-71.2, -52.8], [-71.2, -52.7], [-71.3, -52.7], [-71.3, -52.8]]]}, "properties": {"n_records": 1, "n_localities": 1, "n_observers": 1, "n_recent_10y": 1}}, {"type": "Feature", "geometry": {"type": "Polygon", "coordinates": [[[-71.3, -52.6], [-71.2, -52.6], [-71.2, -52.5], [-71.3, -52.5], [-71.3, -52.6]]]}, "properties": {"n_records": 36, "n_localities": 26, "n_observers": 31, "n_recent_10y": 35}}, {"type": "Feature", "geometry": {"type": "Polygon", "coordinates": [[[-71.3, -52.5], [-71.2, -52.5], [-71.2, -52.4], [-71.3, -52.4], [-71.3, -52.5]]]}, "properties": {"n_records": 14, "n_localities": 6, "n_observers": 13, "n_recent_10y": 13}}, {"type": "Feature", "geometry": {"type": "Polygon", "coordinates": [[[-71.3, -52.4], [-71.2, -52.4], [-71.2, -52.3], [-71.3, -52.3], [-71.3, -52.4]]]}, "properties": {"n_records": 1, "n_localities": 1, "n_observers": 1, "n_recent_10y": 1}}, {"type": "Feature", "geometry": {"type": "Polygon", "coordinates": [[[-71.3, -38.9], [-71.2, -38.9], [-71.2, -38.8], [-71.3, -38.8], [-71.3, -38.9]]]}, "properties": {"n_records": 7, "n_localities": 2, "n_observers": 6, "n_recent_10y": 7}}, {"type": "Feature", "geometry": {"type": "Polygon", "coordinates": [[[-71.3, -38.8], [-71.2, -38.8], [-71.2, -38.7], [-71.3, -38.7], [-71.3, -38.8]]]}, "properties": {"n_records": 6, "n_localities": 2, "n_observers": 5, "n_recent_10y": 4}}, {"type": "Feature", "geometry": {"type": "Polygon", "coordinates": [[[-71.3, -38.6], [-71.2, -38.6], [-71.2, -38.5], [-71.3, -38.5], [-71.3, -38.6]]]}, "properties": {"n_records": 12, "n_localities": 6, "n_observers": 12, "n_recent_10y": 11}}, {"type": "Feature", "geometry": {"type": "Polygon", "coordinates": [[[-71.3, -38.5], [-71.2, -38.5], [-71.2, -38.4], [-71.3, -38.4], [-71.3, -38.5]]]}, "properties": {"n_records": 24, "n_localities": 5, "n_observers": 20, "n_recent_10y": 17}}, {"type": "Feature", "geometry": {"type": "Polygon", "coordinates": [[[-71.3, -37.8], [-71.2, -37.8], [-71.2, -37.7], [-71.3, -37.7], [-71.3, -37.8]]]}, "properties": {"n_records": 3, "n_localities": 2, "n_observers": 3, "n_recent_10y": 3}}, {"type": "Feature", "geometry": {"type": "Polygon", "coordinates": [[[-71.3, -37.7], [-71.2, -37.7], [-71.2, -37.6], [-71.3, -37.6], [-71.3, -37.7]]]}, "properties": {"n_records": 2, "n_localities": 1, "n_observers": 2, "n_recent_10y": 2}}, {"type": "Feature", "geometry": {"type": "Polygon", "coordinates": [[[-71.3, -37.6], [-71.2, -37.6], [-71.2, -37.5], [-71.3, -37.5], [-71.3, -37.6]]]}, "properties": {"n_records": 19, "n_localities": 4, "n_observers": 12, "n_recent_10y": 19}}, {"type": "Feature", "geometry": {"type": "Polygon", "coordinates": [[[-71.3, -37.5], [-71.2, -37.5], [-71.2, -37.4], [-71.3, -37.4], [-71.3, -37.5]]]}, "properties": {"n_records": 6, "n_localities": 2, "n_observers": 6, "n_recent_10y": 6}}, {"type": "Feature", "geometry": {"type": "Polygon", "coordinates": [[[-71.3, -37.4], [-71.2, -37.4], [-71.2, -37.3], [-71.3, -37.3], [-71.3, -37.4]]]}, "properties": {"n_records": 1, "n_localities": 1, "n_observers": 1, "n_recent_10y": 1}}, {"type": "Feature", "geometry": {"type": "Polygon", "coordinates": [[[-71.3, -36.7], [-71.2, -36.7], [-71.2, -36.6], [-71.3, -36.6], [-71.3, -36.7]]]}, "properties": {"n_records": 12, "n_localities": 10, "n_observers": 9, "n_recent_10y": 11}}, {"type": "Feature", "geometry": {"type": "Polygon", "coordinates": [[[-71.3, -36.6], [-71.2, -36.6], [-71.2, -36.5], [-71.3, -36.5], [-71.3, -36.6]]]}, "properties": {"n_records": 3, "n_localities": 2, "n_observers": 2, "n_recent_10y": 3}}, {"type": "Feature", "geometry": {"type": "Polygon", "coordinates": [[[-71.3, -36.4], [-71.2, -36.4], [-71.2, -36.3], [-71.3, -36.3], [-71.3, -36.4]]]}, "properties": {"n_records": 1, "n_localities": 1, "n_observers": 1, "n_recent_10y": 1}}, {"type": "Feature", "geometry": {"type": "Polygon", "coordinates": [[[-71.3, -36.2], [-71.2, -36.2], [-71.2, -36.1], [-71.3, -36.1], [-71.3, -36.2]]]}, "properties": {"n_records": 2, "n_localities": 2, "n_observers": 2, "n_recent_10y": 1}}, {"type": "Feature", "geometry": {"type": "Polygon", "coordinates": [[[-71.3, -36.1], [-71.2, -36.1], [-71.2, -36.0], [-71.3, -36.0], [-71.3, -36.1]]]}, "properties": {"n_records": 4, "n_localities": 3, "n_observers": 4, "n_recent_10y": 3}}, {"type": "Feature", "geometry": {"type": "Polygon", "coordinates": [[[-71.3, -35.9], [-71.2, -35.9], [-71.2, -35.8], [-71.3, -35.8], [-71.3, -35.9]]]}, "properties": {"n_records": 4, "n_localities": 1, "n_observers": 4, "n_recent_10y": 4}}, {"type": "Feature", "geometry": {"type": "Polygon", "coordinates": [[[-71.3, -35.8], [-71.2, -35.8], [-71.2, -35.7], [-71.3, -35.7], [-71.3, -35.8]]]}, "properties": {"n_records": 3, "n_localities": 1, "n_observers": 3, "n_recent_10y": 1}}, {"type": "Feature", "geometry": {"type": "Polygon", "coordinates": [[[-71.3, -35.7], [-71.2, -35.7], [-71.2, -35.6], [-71.3, -35.6], [-71.3, -35.7]]]}, "properties": {"n_records": 1, "n_localities": 1, "n_observers": 1, "n_recent_10y": 1}}, {"type": "Feature", "geometry": {"type": "Polygon", "coordinates": [[[-71.3, -35.6], [-71.2, -35.6], [-71.2, -35.5], [-71.3, -35.5], [-71.3, -35.6]]]}, "properties": {"n_records": 1, "n_localities": 1, "n_observers": 1, "n_recent_10y": 1}}, {"type": "Feature", "geometry": {"type": "Polygon", "coordinates": [[[-71.3, -35.1], [-71.2, -35.1], [-71.2, -35.0], [-71.3, -35.0], [-71.3, -35.1]]]}, "properties": {"n_records": 2, "n_localities": 2, "n_observers": 2, "n_recent_10y": 2}}, {"type": "Feature", "geometry": {"type": "Polygon", "coordinates": [[[-71.3, -35.0], [-71.2, -35.0], [-71.2, -34.9], [-71.3, -34.9], [-71.3, -35.0]]]}, "properties": {"n_records": 2, "n_localities": 1, "n_observers": 2, "n_recent_10y": 2}}, {"type": "Feature", "geometry": {"type": "Polygon", "coordinates": [[[-71.3, -34.7], [-71.2, -34.7], [-71.2, -34.6], [-71.3, -34.6], [-71.3, -34.7]]]}, "properties": {"n_records": 1, "n_localities": 1, "n_observers": 1, "n_recent_10y": 1}}, {"type": "Feature", "geometry": {"type": "Polygon", "coordinates": [[[-71.3, -34.6], [-71.2, -34.6], [-71.2, -34.5], [-71.3, -34.5], [-71.3, -34.6]]]}, "properties": {"n_records": 6, "n_localities": 2, "n_observers": 6, "n_recent_10y": 6}}, {"type": "Feature", "geometry": {"type": "Polygon", "coordinates": [[[-71.3, -34.3], [-71.2, -34.3], [-71.2, -34.2], [-71.3, -34.2], [-71.3, -34.3]]]}, "properties": {"n_records": 1, "n_localities": 1, "n_observers": 1, "n_recent_10y": 1}}, {"type": "Feature", "geometry": {"type": "Polygon", "coordinates": [[[-71.3, -34.1], [-71.2, -34.1], [-71.2, -34.0], [-71.3, -34.0], [-71.3, -34.1]]]}, "properties": {"n_records": 19, "n_localities": 8, "n_observers": 12, "n_recent_10y": 16}}, {"type": "Feature", "geometry": {"type": "Polygon", "coordinates": [[[-71.3, -33.8], [-71.2, -33.8], [-71.2, -33.7], [-71.3, -33.7], [-71.3, -33.8]]]}, "properties": {"n_records": 1, "n_localities": 1, "n_observers": 1, "n_recent_10y": 1}}, {"type": "Feature", "geometry": {"type": "Polygon", "coordinates": [[[-71.3, -33.7], [-71.2, -33.7], [-71.2, -33.6], [-71.3, -33.6], [-71.3, -33.7]]]}, "properties": {"n_records": 1, "n_localities": 1, "n_observers": 1, "n_recent_10y": 1}}, {"type": "Feature", "geometry": {"type": "Polygon", "coordinates": [[[-71.3, -33.5], [-71.2, -33.5], [-71.2, -33.4], [-71.3, -33.4], [-71.3, -33.5]]]}, "properties": {"n_records": 1, "n_localities": 1, "n_observers": 1, "n_recent_10y": 0}}, {"type": "Feature", "geometry": {"type": "Polygon", "coordinates": [[[-71.3, -33.3], [-71.2, -33.3], [-71.2, -33.2], [-71.3, -33.2], [-71.3, -33.3]]]}, "properties": {"n_records": 1, "n_localities": 1, "n_observers": 1, "n_recent_10y": 1}}, {"type": "Feature", "geometry": {"type": "Polygon", "coordinates": [[[-71.3, -33.2], [-71.2, -33.2], [-71.2, -33.1], [-71.3, -33.1], [-71.3, -33.2]]]}, "properties": {"n_records": 1, "n_localities": 1, "n_observers": 1, "n_recent_10y": 1}}, {"type": "Feature", "geometry": {"type": "Polygon", "coordinates": [[[-71.3, -33.1], [-71.2, -33.1], [-71.2, -33.0], [-71.3, -33.0], [-71.3, -33.1]]]}, "properties": {"n_records": 1, "n_localities": 1, "n_observers": 1, "n_recent_10y": 1}}, {"type": "Feature", "geometry": {"type": "Polygon", "coordinates": [[[-71.3, -33.0], [-71.2, -33.0], [-71.2, -32.9], [-71.3, -32.9], [-71.3, -33.0]]]}, "properties": {"n_records": 2, "n_localities": 2, "n_observers": 2, "n_recent_10y": 2}}, {"type": "Feature", "geometry": {"type": "Polygon", "coordinates": [[[-71.3, -32.9], [-71.2, -32.9], [-71.2, -32.8], [-71.3, -32.8], [-71.3, -32.9]]]}, "properties": {"n_records": 2, "n_localities": 2, "n_observers": 2, "n_recent_10y": 2}}, {"type": "Feature", "geometry": {"type": "Polygon", "coordinates": [[[-71.3, -32.8], [-71.2, -32.8], [-71.2, -32.7], [-71.3, -32.7], [-71.3, -32.8]]]}, "properties": {"n_records": 1, "n_localities": 1, "n_observers": 1, "n_recent_10y": 0}}, {"type": "Feature", "geometry": {"type": "Polygon", "coordinates": [[[-71.3, -32.7], [-71.2, -32.7], [-71.2, -32.6], [-71.3, -32.6], [-71.3, -32.7]]]}, "properties": {"n_records": 9, "n_localities": 7, "n_observers": 6, "n_recent_10y": 4}}, {"type": "Feature", "geometry": {"type": "Polygon", "coordinates": [[[-71.3, -32.6], [-71.2, -32.6], [-71.2, -32.5], [-71.3, -32.5], [-71.3, -32.6]]]}, "properties": {"n_records": 10, "n_localities": 5, "n_observers": 9, "n_recent_10y": 10}}, {"type": "Feature", "geometry": {"type": "Polygon", "coordinates": [[[-71.3, -32.5], [-71.2, -32.5], [-71.2, -32.4], [-71.3, -32.4], [-71.3, -32.5]]]}, "properties": {"n_records": 6, "n_localities": 3, "n_observers": 6, "n_recent_10y": 6}}, {"type": "Feature", "geometry": {"type": "Polygon", "coordinates": [[[-71.3, -32.4], [-71.2, -32.4], [-71.2, -32.3], [-71.3, -32.3], [-71.3, -32.4]]]}, "properties": {"n_records": 1, "n_localities": 1, "n_observers": 1, "n_recent_10y": 1}}, {"type": "Feature", "geometry": {"type": "Polygon", "coordinates": [[[-71.3, -32.1], [-71.2, -32.1], [-71.2, -32.0], [-71.3, -32.0], [-71.3, -32.1]]]}, "properties": {"n_records": 10, "n_localities": 4, "n_observers": 9, "n_recent_10y": 7}}, {"type": "Feature", "geometry": {"type": "Polygon", "coordinates": [[[-71.3, -31.8], [-71.2, -31.8], [-71.2, -31.7], [-71.3, -31.7], [-71.3, -31.8]]]}, "properties": {"n_records": 1, "n_localities": 1, "n_observers": 1, "n_recent_10y": 1}}, {"type": "Feature", "geometry": {"type": "Polygon", "coordinates": [[[-71.3, -31.7], [-71.2, -31.7], [-71.2, -31.6], [-71.3, -31.6], [-71.3, -31.7]]]}, "properties": {"n_records": 1, "n_localities": 1, "n_observers": 1, "n_recent_10y": 1}}, {"type": "Feature", "geometry": {"type": "Polygon", "coordinates": [[[-71.3, -30.2], [-71.2, -30.2], [-71.2, -30.1], [-71.3, -30.1], [-71.3, -30.2]]]}, "properties": {"n_records": 3, "n_localities": 1, "n_observers": 3, "n_recent_10y": 3}}, {"type": "Feature", "geometry": {"type": "Polygon", "coordinates": [[[-71.3, -30.0], [-71.2, -30.0], [-71.2, -29.9], [-71.3, -29.9], [-71.3, -30.0]]]}, "properties": {"n_records": 3, "n_localities": 3, "n_observers": 3, "n_recent_10y": 1}}, {"type": "Feature", "geometry": {"type": "Polygon", "coordinates": [[[-71.3, -29.8], [-71.2, -29.8], [-71.2, -29.7], [-71.3, -29.7], [-71.3, -29.8]]]}, "properties": {"n_records": 2, "n_localities": 1, "n_observers": 2, "n_recent_10y": 2}}, {"type": "Feature", "geometry": {"type": "Polygon", "coordinates": [[[-71.3, -29.6], [-71.2, -29.6], [-71.2, -29.5], [-71.3, -29.5], [-71.3, -29.6]]]}, "properties": {"n_records": 3, "n_localities": 2, "n_observers": 3, "n_recent_10y": 3}}, {"type": "Feature", "geometry": {"type": "Polygon", "coordinates": [[[-71.3, -29.5], [-71.2, -29.5], [-71.2, -29.4], [-71.3, -29.4], [-71.3, -29.5]]]}, "properties": {"n_records": 2, "n_localities": 1, "n_observers": 2, "n_recent_10y": 2}}, {"type": "Feature", "geometry": {"type": "Polygon", "coordinates": [[[-71.3, -29.4], [-71.2, -29.4], [-71.2, -29.3], [-71.3, -29.3], [-71.3, -29.4]]]}, "properties": {"n_records": 5, "n_localities": 4, "n_observers": 5, "n_recent_10y": 4}}, {"type": "Feature", "geometry": {"type": "Polygon", "coordinates": [[[-71.3, -29.3], [-71.2, -29.3], [-71.2, -29.2], [-71.3, -29.2], [-71.3, -29.3]]]}, "properties": {"n_records": 1, "n_localities": 1, "n_observers": 1, "n_recent_10y": 1}}, {"type": "Feature", "geometry": {"type": "Polygon", "coordinates": [[[-71.3, -29.0], [-71.2, -29.0], [-71.2, -28.9], [-71.3, -28.9], [-71.3, -29.0]]]}, "properties": {"n_records": 40, "n_localities": 14, "n_observers": 8, "n_recent_10y": 40}}, {"type": "Feature", "geometry": {"type": "Polygon", "coordinates": [[[-71.3, -28.7], [-71.2, -28.7], [-71.2, -28.6], [-71.3, -28.6], [-71.3, -28.7]]]}, "properties": {"n_records": 1, "n_localities": 1, "n_observers": 1, "n_recent_10y": 1}}, {"type": "Feature", "geometry": {"type": "Polygon", "coordinates": [[[-71.3, -28.6], [-71.2, -28.6], [-71.2, -28.5], [-71.3, -28.5], [-71.3, -28.6]]]}, "properties": {"n_records": 2, "n_localities": 1, "n_observers": 2, "n_recent_10y": 2}}, {"type": "Feature", "geometry": {"type": "Polygon", "coordinates": [[[-71.2, -54.0], [-71.1, -54.0], [-71.1, -53.9], [-71.2, -53.9], [-71.2, -54.0]]]}, "properties": {"n_records": 1, "n_localities": 1, "n_observers": 1, "n_recent_10y": 1}}, {"type": "Feature", "geometry": {"type": "Polygon", "coordinates": [[[-71.2, -53.9], [-71.1, -53.9], [-71.1, -53.8], [-71.2, -53.8], [-71.2, -53.9]]]}, "properties": {"n_records": 1, "n_localities": 1, "n_observers": 1, "n_recent_10y": 1}}, {"type": "Feature", "geometry": {"type": "Polygon", "coordinates": [[[-71.2, -53.1], [-71.1, -53.1], [-71.1, -53.0], [-71.2, -53.0], [-71.2, -53.1]]]}, "properties": {"n_records": 6, "n_localities": 2, "n_observers": 2, "n_recent_10y": 6}}, {"type": "Feature", "geometry": {"type": "Polygon", "coordinates": [[[-71.2, -53.0], [-71.1, -53.0], [-71.1, -52.9], [-71.2, -52.9], [-71.2, -53.0]]]}, "properties": {"n_records": 8, "n_localities": 5, "n_observers": 6, "n_recent_10y": 3}}, {"type": "Feature", "geometry": {"type": "Polygon", "coordinates": [[[-71.2, -52.9], [-71.1, -52.9], [-71.1, -52.8], [-71.2, -52.8], [-71.2, -52.9]]]}, "properties": {"n_records": 6, "n_localities": 5, "n_observers": 6, "n_recent_10y": 1}}, {"type": "Feature", "geometry": {"type": "Polygon", "coordinates": [[[-71.2, -52.8], [-71.1, -52.8], [-71.1, -52.7], [-71.2, -52.7], [-71.2, -52.8]]]}, "properties": {"n_records": 13, "n_localities": 3, "n_observers": 12, "n_recent_10y": 13}}, {"type": "Feature", "geometry": {"type": "Polygon", "coordinates": [[[-71.2, -52.7], [-71.1, -52.7], [-71.1, -52.6], [-71.2, -52.6], [-71.2, -52.7]]]}, "properties": {"n_records": 31, "n_localities": 17, "n_observers": 30, "n_recent_10y": 29}}, {"type": "Feature", "geometry": {"type": "Polygon", "coordinates": [[[-71.2, -52.6], [-71.1, -52.6], [-71.1, -52.5], [-71.2, -52.5], [-71.2, -52.6]]]}, "properties": {"n_records": 16, "n_localities": 11, "n_observers": 16, "n_recent_10y": 15}}, {"type": "Feature", "geometry": {"type": "Polygon", "coordinates": [[[-71.2, -52.5], [-71.1, -52.5], [-71.1, -52.4], [-71.2, -52.4], [-71.2, -52.5]]]}, "properties": {"n_records": 25, "n_localities": 5, "n_observers": 22, "n_recent_10y": 25}}, {"type": "Feature", "geometry": {"type": "Polygon", "coordinates": [[[-71.2, -52.4], [-71.1, -52.4], [-71.1, -52.3], [-71.2, -52.3], [-71.2, -52.4]]]}, "properties": {"n_records": 1, "n_localities": 1, "n_observers": 1, "n_recent_10y": 1}}, {"type": "Feature", "geometry": {"type": "Polygon", "coordinates": [[[-71.2, -52.2], [-71.1, -52.2], [-71.1, -52.1], [-71.2, -52.1], [-71.2, -52.2]]]}, "properties": {"n_records": 8, "n_localities": 3, "n_observers": 8, "n_recent_10y": 8}}, {"type": "Feature", "geometry": {"type": "Polygon", "coordinates": [[[-71.2, -38.9], [-71.1, -38.9], [-71.1, -38.8], [-71.2, -38.8], [-71.2, -38.9]]]}, "properties": {"n_records": 5, "n_localities": 1, "n_observers": 5, "n_recent_10y": 5}}, {"type": "Feature", "geometry": {"type": "Polygon", "coordinates": [[[-71.2, -38.8], [-71.1, -38.8], [-71.1, -38.7], [-71.2, -38.7], [-71.2, -38.8]]]}, "properties": {"n_records": 3, "n_localities": 2, "n_observers": 3, "n_recent_10y": 1}}, {"type": "Feature", "geometry": {"type": "Polygon", "coordinates": [[[-71.2, -38.7], [-71.1, -38.7], [-71.1, -38.6], [-71.2, -38.6], [-71.2, -38.7]]]}, "properties": {"n_records": 1, "n_localities": 1, "n_observers": 1, "n_recent_10y": 1}}, {"type": "Feature", "geometry": {"type": "Polygon", "coordinates": [[[-71.2, -38.6], [-71.1, -38.6], [-71.1, -38.5], [-71.2, -38.5], [-71.2, -38.6]]]}, "properties": {"n_records": 5, "n_localities": 2, "n_observers": 3, "n_recent_10y": 5}}, {"type": "Feature", "geometry": {"type": "Polygon", "coordinates": [[[-71.2, -38.5], [-71.1, -38.5], [-71.1, -38.4], [-71.2, -38.4], [-71.2, -38.5]]]}, "properties": {"n_records": 2, "n_localities": 2, "n_observers": 2, "n_recent_10y": 2}}, {"type": "Feature", "geometry": {"type": "Polygon", "coordinates": [[[-71.2, -38.3], [-71.1, -38.3], [-71.1, -38.2], [-71.2, -38.2], [-71.2, -38.3]]]}, "properties": {"n_records": 1, "n_localities": 1, "n_observers": 1, "n_recent_10y": 1}}, {"type": "Feature", "geometry": {"type": "Polygon", "coordinates": [[[-71.2, -37.9], [-71.1, -37.9], [-71.1, -37.8], [-71.2, -37.8], [-71.2, -37.9]]]}, "properties": {"n_records": 2, "n_localities": 1, "n_observers": 2, "n_recent_10y": 2}}, {"type": "Feature", "geometry": {"type": "Polygon", "coordinates": [[[-71.2, -36.9], [-71.1, -36.9], [-71.1, -36.8], [-71.2, -36.8], [-71.2, -36.9]]]}, "properties": {"n_records": 6, "n_localities": 1, "n_observers": 3, "n_recent_10y": 6}}, {"type": "Feature", "geometry": {"type": "Polygon", "coordinates": [[[-71.2, -36.4], [-71.1, -36.4], [-71.1, -36.3], [-71.2, -36.3], [-71.2, -36.4]]]}, "properties": {"n_records": 1, "n_localities": 1, "n_observers": 1, "n_recent_10y": 1}}, {"type": "Feature", "geometry": {"type": "Polygon", "coordinates": [[[-71.2, -35.9], [-71.1, -35.9], [-71.1, -35.8], [-71.2, -35.8], [-71.2, -35.9]]]}, "properties": {"n_records": 1, "n_localities": 1, "n_observers": 1, "n_recent_10y": 1}}, {"type": "Feature", "geometry": {"type": "Polygon", "coordinates": [[[-71.2, -35.8], [-71.1, -35.8], [-71.1, -35.7], [-71.2, -35.7], [-71.2, -35.8]]]}, "properties": {"n_records": 36, "n_localities": 5, "n_observers": 24, "n_recent_10y": 36}}, {"type": "Feature", "geometry": {"type": "Polygon", "coordinates": [[[-71.2, -35.6], [-71.1, -35.6], [-71.1, -35.5], [-71.2, -35.5], [-71.2, -35.6]]]}, "properties": {"n_records": 7, "n_localities": 2, "n_observers": 7, "n_recent_10y": 7}}, {"type": "Feature", "geometry": {"type": "Polygon", "coordinates": [[[-71.2, -35.3], [-71.1, -35.3], [-71.1, -35.2], [-71.2, -35.2], [-71.2, -35.3]]]}, "properties": {"n_records": 1, "n_localities": 1, "n_observers": 1, "n_recent_10y": 1}}, {"type": "Feature", "geometry": {"type": "Polygon", "coordinates": [[[-71.2, -35.0], [-71.1, -35.0], [-71.1, -34.9], [-71.2, -34.9], [-71.2, -35.0]]]}, "properties": {"n_records": 1, "n_localities": 1, "n_observers": 1, "n_recent_10y": 1}}, {"type": "Feature", "geometry": {"type": "Polygon", "coordinates": [[[-71.2, -34.8], [-71.1, -34.8], [-71.1, -34.7], [-71.2, -34.7], [-71.2, -34.8]]]}, "properties": {"n_records": 2, "n_localities": 1, "n_observers": 2, "n_recent_10y": 2}}, {"type": "Feature", "geometry": {"type": "Polygon", "coordinates": [[[-71.2, -34.6], [-71.1, -34.6], [-71.1, -34.5], [-71.2, -34.5], [-71.2, -34.6]]]}, "properties": {"n_records": 3, "n_localities": 2, "n_observers": 3, "n_recent_10y": 3}}, {"type": "Feature", "geometry": {"type": "Polygon", "coordinates": [[[-71.2, -34.5], [-71.1, -34.5], [-71.1, -34.4], [-71.2, -34.4], [-71.2, -34.5]]]}, "properties": {"n_records": 2, "n_localities": 1, "n_observers": 2, "n_recent_10y": 2}}, {"type": "Feature", "geometry": {"type": "Polygon", "coordinates": [[[-71.2, -34.4], [-71.1, -34.4], [-71.1, -34.3], [-71.2, -34.3], [-71.2, -34.4]]]}, "properties": {"n_records": 2, "n_localities": 1, "n_observers": 1, "n_recent_10y": 2}}, {"type": "Feature", "geometry": {"type": "Polygon", "coordinates": [[[-71.2, -34.2], [-71.1, -34.2], [-71.1, -34.1], [-71.2, -34.1], [-71.2, -34.2]]]}, "properties": {"n_records": 8, "n_localities": 3, "n_observers": 5, "n_recent_10y": 8}}, {"type": "Feature", "geometry": {"type": "Polygon", "coordinates": [[[-71.2, -34.1], [-71.1, -34.1], [-71.1, -34.0], [-71.2, -34.0], [-71.2, -34.1]]]}, "properties": {"n_records": 5, "n_localities": 5, "n_observers": 5, "n_recent_10y": 5}}, {"type": "Feature", "geometry": {"type": "Polygon", "coordinates": [[[-71.2, -33.9], [-71.1, -33.9], [-71.1, -33.8], [-71.2, -33.8], [-71.2, -33.9]]]}, "properties": {"n_records": 1, "n_localities": 1, "n_observers": 1, "n_recent_10y": 1}}, {"type": "Feature", "geometry": {"type": "Polygon", "coordinates": [[[-71.2, -33.7], [-71.1, -33.7], [-71.1, -33.6], [-71.2, -33.6], [-71.2, -33.7]]]}, "properties": {"n_records": 2, "n_localities": 1, "n_observers": 2, "n_recent_10y": 2}}, {"type": "Feature", "geometry": {"type": "Polygon", "coordinates": [[[-71.2, -33.6], [-71.1, -33.6], [-71.1, -33.5], [-71.2, -33.5], [-71.2, -33.6]]]}, "properties": {"n_records": 3, "n_localities": 2, "n_observers": 2, "n_recent_10y": 3}}, {"type": "Feature", "geometry": {"type": "Polygon", "coordinates": [[[-71.2, -33.5], [-71.1, -33.5], [-71.1, -33.4], [-71.2, -33.4], [-71.2, -33.5]]]}, "properties": {"n_records": 5, "n_localities": 3, "n_observers": 5, "n_recent_10y": 5}}, {"type": "Feature", "geometry": {"type": "Polygon", "coordinates": [[[-71.2, -33.4], [-71.1, -33.4], [-71.1, -33.3], [-71.2, -33.3], [-71.2, -33.4]]]}, "properties": {"n_records": 6, "n_localities": 5, "n_observers": 6, "n_recent_10y": 6}}, {"type": "Feature", "geometry": {"type": "Polygon", "coordinates": [[[-71.2, -33.3], [-71.1, -33.3], [-71.1, -33.2], [-71.2, -33.2], [-71.2, -33.3]]]}, "properties": {"n_records": 1, "n_localities": 1, "n_observers": 1, "n_recent_10y": 1}}, {"type": "Feature", "geometry": {"type": "Polygon", "coordinates": [[[-71.2, -33.2], [-71.1, -33.2], [-71.1, -33.1], [-71.2, -33.1], [-71.2, -33.2]]]}, "properties": {"n_records": 8, "n_localities": 4, "n_observers": 5, "n_recent_10y": 7}}, {"type": "Feature", "geometry": {"type": "Polygon", "coordinates": [[[-71.2, -33.1], [-71.1, -33.1], [-71.1, -33.0], [-71.2, -33.0], [-71.2, -33.1]]]}, "properties": {"n_records": 18, "n_localities": 1, "n_observers": 13, "n_recent_10y": 13}}, {"type": "Feature", "geometry": {"type": "Polygon", "coordinates": [[[-71.2, -33.0], [-71.1, -33.0], [-71.1, -32.9], [-71.2, -32.9], [-71.2, -33.0]]]}, "properties": {"n_records": 52, "n_localities": 10, "n_observers": 35, "n_recent_10y": 25}}, {"type": "Feature", "geometry": {"type": "Polygon", "coordinates": [[[-71.2, -32.8], [-71.1, -32.8], [-71.1, -32.7], [-71.2, -32.7], [-71.2, -32.8]]]}, "properties": {"n_records": 3, "n_localities": 3, "n_observers": 2, "n_recent_10y": 3}}, {"type": "Feature", "geometry": {"type": "Polygon", "coordinates": [[[-71.2, -32.6], [-71.1, -32.6], [-71.1, -32.5], [-71.2, -32.5], [-71.2, -32.6]]]}, "properties": {"n_records": 1, "n_localities": 1, "n_observers": 1, "n_recent_10y": 1}}, {"type": "Feature", "geometry": {"type": "Polygon", "coordinates": [[[-71.2, -32.5], [-71.1, -32.5], [-71.1, -32.4], [-71.2, -32.4], [-71.2, -32.5]]]}, "properties": {"n_records": 1, "n_localities": 1, "n_observers": 1, "n_recent_10y": 0}}, {"type": "Feature", "geometry": {"type": "Polygon", "coordinates": [[[-71.2, -32.4], [-71.1, -32.4], [-71.1, -32.3], [-71.2, -32.3], [-71.2, -32.4]]]}, "properties": {"n_records": 2, "n_localities": 1, "n_observers": 2, "n_recent_10y": 2}}, {"type": "Feature", "geometry": {"type": "Polygon", "coordinates": [[[-71.2, -32.3], [-71.1, -32.3], [-71.1, -32.2], [-71.2, -32.2], [-71.2, -32.3]]]}, "properties": {"n_records": 2, "n_localities": 1, "n_observers": 2, "n_recent_10y": 0}}, {"type": "Feature", "geometry": {"type": "Polygon", "coordinates": [[[-71.2, -32.2], [-71.1, -32.2], [-71.1, -32.1], [-71.2, -32.1], [-71.2, -32.2]]]}, "properties": {"n_records": 5, "n_localities": 3, "n_observers": 4, "n_recent_10y": 5}}, {"type": "Feature", "geometry": {"type": "Polygon", "coordinates": [[[-71.2, -32.0], [-71.1, -32.0], [-71.1, -31.9], [-71.2, -31.9], [-71.2, -32.0]]]}, "properties": {"n_records": 5, "n_localities": 4, "n_observers": 5, "n_recent_10y": 3}}, {"type": "Feature", "geometry": {"type": "Polygon", "coordinates": [[[-71.2, -31.8], [-71.1, -31.8], [-71.1, -31.7], [-71.2, -31.7], [-71.2, -31.8]]]}, "properties": {"n_records": 1, "n_localities": 1, "n_observers": 1, "n_recent_10y": 1}}, {"type": "Feature", "geometry": {"type": "Polygon", "coordinates": [[[-71.2, -31.7], [-71.1, -31.7], [-71.1, -31.6], [-71.2, -31.6], [-71.2, -31.7]]]}, "properties": {"n_records": 3, "n_localities": 2, "n_observers": 3, "n_recent_10y": 3}}, {"type": "Feature", "geometry": {"type": "Polygon", "coordinates": [[[-71.2, -31.6], [-71.1, -31.6], [-71.1, -31.5], [-71.2, -31.5], [-71.2, -31.6]]]}, "properties": {"n_records": 31, "n_localities": 6, "n_observers": 18, "n_recent_10y": 18}}, {"type": "Feature", "geometry": {"type": "Polygon", "coordinates": [[[-71.2, -31.5], [-71.1, -31.5], [-71.1, -31.4], [-71.2, -31.4], [-71.2, -31.5]]]}, "properties": {"n_records": 3, "n_localities": 2, "n_observers": 1, "n_recent_10y": 3}}, {"type": "Feature", "geometry": {"type": "Polygon", "coordinates": [[[-71.2, -31.4], [-71.1, -31.4], [-71.1, -31.3], [-71.2, -31.3], [-71.2, -31.4]]]}, "properties": {"n_records": 2, "n_localities": 2, "n_observers": 2, "n_recent_10y": 2}}, {"type": "Feature", "geometry": {"type": "Polygon", "coordinates": [[[-71.2, -31.3], [-71.1, -31.3], [-71.1, -31.2], [-71.2, -31.2], [-71.2, -31.3]]]}, "properties": {"n_records": 5, "n_localities": 2, "n_observers": 3, "n_recent_10y": 4}}, {"type": "Feature", "geometry": {"type": "Polygon", "coordinates": [[[-71.2, -31.2], [-71.1, -31.2], [-71.1, -31.1], [-71.2, -31.1], [-71.2, -31.2]]]}, "properties": {"n_records": 3, "n_localities": 3, "n_observers": 2, "n_recent_10y": 3}}, {"type": "Feature", "geometry": {"type": "Polygon", "coordinates": [[[-71.2, -31.1], [-71.1, -31.1], [-71.1, -31.0], [-71.2, -31.0], [-71.2, -31.1]]]}, "properties": {"n_records": 9, "n_localities": 1, "n_observers": 2, "n_recent_10y": 9}}, {"type": "Feature", "geometry": {"type": "Polygon", "coordinates": [[[-71.2, -30.6], [-71.1, -30.6], [-71.1, -30.5], [-71.2, -30.5], [-71.2, -30.6]]]}, "properties": {"n_records": 4, "n_localities": 1, "n_observers": 4, "n_recent_10y": 4}}, {"type": "Feature", "geometry": {"type": "Polygon", "coordinates": [[[-71.2, -30.5], [-71.1, -30.5], [-71.1, -30.4], [-71.2, -30.4], [-71.2, -30.5]]]}, "properties": {"n_records": 1, "n_localities": 1, "n_observers": 1, "n_recent_10y": 0}}, {"type": "Feature", "geometry": {"type": "Polygon", "coordinates": [[[-71.2, -30.1], [-71.1, -30.1], [-71.1, -30.0], [-71.2, -30.0], [-71.2, -30.1]]]}, "properties": {"n_records": 2, "n_localities": 1, "n_observers": 2, "n_recent_10y": 2}}, {"type": "Feature", "geometry": {"type": "Polygon", "coordinates": [[[-71.2, -29.4], [-71.1, -29.4], [-71.1, -29.3], [-71.2, -29.3], [-71.2, -29.4]]]}, "properties": {"n_records": 13, "n_localities": 5, "n_observers": 11, "n_recent_10y": 10}}, {"type": "Feature", "geometry": {"type": "Polygon", "coordinates": [[[-71.2, -29.0], [-71.1, -29.0], [-71.1, -28.9], [-71.2, -28.9], [-71.2, -29.0]]]}, "properties": {"n_records": 18, "n_localities": 8, "n_observers": 6, "n_recent_10y": 18}}, {"type": "Feature", "geometry": {"type": "Polygon", "coordinates": [[[-71.2, -28.9], [-71.1, -28.9], [-71.1, -28.8], [-71.2, -28.8], [-71.2, -28.9]]]}, "properties": {"n_records": 1, "n_localities": 1, "n_observers": 1, "n_recent_10y": 1}}, {"type": "Feature", "geometry": {"type": "Polygon", "coordinates": [[[-71.2, -28.8], [-71.1, -28.8], [-71.1, -28.7], [-71.2, -28.7], [-71.2, -28.8]]]}, "properties": {"n_records": 4, "n_localities": 3, "n_observers": 1, "n_recent_10y": 4}}, {"type": "Feature", "geometry": {"type": "Polygon", "coordinates": [[[-71.2, -28.7], [-71.1, -28.7], [-71.1, -28.6], [-71.2, -28.6], [-71.2, -28.7]]]}, "properties": {"n_records": 5, "n_localities": 4, "n_observers": 3, "n_recent_10y": 5}}, {"type": "Feature", "geometry": {"type": "Polygon", "coordinates": [[[-71.2, -28.6], [-71.1, -28.6], [-71.1, -28.5], [-71.2, -28.5], [-71.2, -28.6]]]}, "properties": {"n_records": 16, "n_localities": 6, "n_observers": 2, "n_recent_10y": 16}}, {"type": "Feature", "geometry": {"type": "Polygon", "coordinates": [[[-71.2, -28.5], [-71.1, -28.5], [-71.1, -28.4], [-71.2, -28.4], [-71.2, -28.5]]]}, "properties": {"n_records": 2, "n_localities": 1, "n_observers": 1, "n_recent_10y": 2}}, {"type": "Feature", "geometry": {"type": "Polygon", "coordinates": [[[-71.1, -54.9], [-71.0, -54.9], [-71.0, -54.8], [-71.1, -54.8], [-71.1, -54.9]]]}, "properties": {"n_records": 3, "n_localities": 2, "n_observers": 3, "n_recent_10y": 3}}, {"type": "Feature", "geometry": {"type": "Polygon", "coordinates": [[[-71.1, -53.9], [-71.0, -53.9], [-71.0, -53.8], [-71.1, -53.8], [-71.1, -53.9]]]}, "properties": {"n_records": 3, "n_localities": 3, "n_observers": 3, "n_recent_10y": 3}}, {"type": "Feature", "geometry": {"type": "Polygon", "coordinates": [[[-71.1, -53.8], [-71.0, -53.8], [-71.0, -53.7], [-71.1, -53.7], [-71.1, -53.8]]]}, "properties": {"n_records": 10, "n_localities": 1, "n_observers": 10, "n_recent_10y": 10}}, {"type": "Feature", "geometry": {"type": "Polygon", "coordinates": [[[-71.1, -53.5], [-71.0, -53.5], [-71.0, -53.4], [-71.1, -53.4], [-71.1, -53.5]]]}, "properties": {"n_records": 2, "n_localities": 2, "n_observers": 2, "n_recent_10y": 1}}, {"type": "Feature", "geometry": {"type": "Polygon", "coordinates": [[[-71.1, -53.4], [-71.0, -53.4], [-71.0, -53.3], [-71.1, -53.3], [-71.1, -53.4]]]}, "properties": {"n_records": 3, "n_localities": 3, "n_observers": 1, "n_recent_10y": 0}}, {"type": "Feature", "geometry": {"type": "Polygon", "coordinates": [[[-71.1, -53.2], [-71.0, -53.2], [-71.0, -53.1], [-71.1, -53.1], [-71.1, -53.2]]]}, "properties": {"n_records": 4, "n_localities": 2, "n_observers": 4, "n_recent_10y": 4}}, {"type": "Feature", "geometry": {"type": "Polygon", "coordinates": [[[-71.1, -53.1], [-71.0, -53.1], [-71.0, -53.0], [-71.1, -53.0], [-71.1, -53.1]]]}, "properties": {"n_records": 6, "n_localities": 3, "n_observers": 6, "n_recent_10y": 3}}, {"type": "Feature", "geometry": {"type": "Polygon", "coordinates": [[[-71.1, -53.0], [-71.0, -53.0], [-71.0, -52.9], [-71.1, -52.9], [-71.1, -53.0]]]}, "properties": {"n_records": 11, "n_localities": 2, "n_observers": 8, "n_recent_10y": 6}}, {"type": "Feature", "geometry": {"type": "Polygon", "coordinates": [[[-71.1, -52.9], [-71.0, -52.9], [-71.0, -52.8], [-71.1, -52.8], [-71.1, -52.9]]]}, "properties": {"n_records": 12, "n_localities": 8, "n_observers": 10, "n_recent_10y": 11}}, {"type": "Feature", "geometry": {"type": "Polygon", "coordinates": [[[-71.1, -52.8], [-71.0, -52.8], [-71.0, -52.7], [-71.1, -52.7], [-71.1, -52.8]]]}, "properties": {"n_records": 232, "n_localities": 35, "n_observers": 146, "n_recent_10y": 221}}, {"type": "Feature", "geometry": {"type": "Polygon", "coordinates": [[[-71.1, -52.7], [-71.0, -52.7], [-71.0, -52.6], [-71.1, -52.6], [-71.1, -52.7]]]}, "properties": {"n_records": 21, "n_localities": 9, "n_observers": 16, "n_recent_10y": 21}}, {"type": "Feature", "geometry": {"type": "Polygon", "coordinates": [[[-71.1, -52.6], [-71.0, -52.6], [-71.0, -52.5], [-71.1, -52.5], [-71.1, -52.6]]]}, "properties": {"n_records": 2, "n_localities": 1, "n_observers": 1, "n_recent_10y": 2}}, {"type": "Feature", "geometry": {"type": "Polygon", "coordinates": [[[-71.1, -52.5], [-71.0, -52.5], [-71.0, -52.4], [-71.1, -52.4], [-71.1, -52.5]]]}, "properties": {"n_records": 2, "n_localities": 2, "n_observers": 2, "n_recent_10y": 2}}, {"type": "Feature", "geometry": {"type": "Polygon", "coordinates": [[[-71.1, -52.4], [-71.0, -52.4], [-71.0, -52.3], [-71.1, -52.3], [-71.1, -52.4]]]}, "properties": {"n_records": 3, "n_localities": 3, "n_observers": 3, "n_recent_10y": 3}}, {"type": "Feature", "geometry": {"type": "Polygon", "coordinates": [[[-71.1, -52.2], [-71.0, -52.2], [-71.0, -52.1], [-71.1, -52.1], [-71.1, -52.2]]]}, "properties": {"n_records": 2, "n_localities": 2, "n_observers": 2, "n_recent_10y": 2}}, {"type": "Feature", "geometry": {"type": "Polygon", "coordinates": [[[-71.1, -52.1], [-71.0, -52.1], [-71.0, -52.0], [-71.1, -52.0], [-71.1, -52.1]]]}, "properties": {"n_records": 3, "n_localities": 2, "n_observers": 3, "n_recent_10y": 3}}, {"type": "Feature", "geometry": {"type": "Polygon", "coordinates": [[[-71.1, -38.6], [-71.0, -38.6], [-71.0, -38.5], [-71.1, -38.5], [-71.1, -38.6]]]}, "properties": {"n_records": 7, "n_localities": 5, "n_observers": 5, "n_recent_10y": 7}}, {"type": "Feature", "geometry": {"type": "Polygon", "coordinates": [[[-71.1, -38.4], [-71.0, -38.4], [-71.0, -38.3], [-71.1, -38.3], [-71.1, -38.4]]]}, "properties": {"n_records": 2, "n_localities": 1, "n_observers": 2, "n_recent_10y": 0}}, {"type": "Feature", "geometry": {"type": "Polygon", "coordinates": [[[-71.1, -36.3], [-71.0, -36.3], [-71.0, -36.2], [-71.1, -36.2], [-71.1, -36.3]]]}, "properties": {"n_records": 1, "n_localities": 1, "n_observers": 1, "n_recent_10y": 1}}, {"type": "Feature", "geometry": {"type": "Polygon", "coordinates": [[[-71.1, -36.2], [-71.0, -36.2], [-71.0, -36.1], [-71.1, -36.1], [-71.1, -36.2]]]}, "properties": {"n_records": 3, "n_localities": 2, "n_observers": 2, "n_recent_10y": 3}}, {"type": "Feature", "geometry": {"type": "Polygon", "coordinates": [[[-71.1, -35.8], [-71.0, -35.8], [-71.0, -35.7], [-71.1, -35.7], [-71.1, -35.8]]]}, "properties": {"n_records": 38, "n_localities": 13, "n_observers": 28, "n_recent_10y": 35}}, {"type": "Feature", "geometry": {"type": "Polygon", "coordinates": [[[-71.1, -35.7], [-71.0, -35.7], [-71.0, -35.6], [-71.1, -35.6], [-71.1, -35.7]]]}, "properties": {"n_records": 80, "n_localities": 19, "n_observers": 67, "n_recent_10y": 67}}, {"type": "Feature", "geometry": {"type": "Polygon", "coordinates": [[[-71.1, -35.6], [-71.0, -35.6], [-71.0, -35.5], [-71.1, -35.5], [-71.1, -35.6]]]}, "properties": {"n_records": 99, "n_localities": 10, "n_observers": 82, "n_recent_10y": 72}}, {"type": "Feature", "geometry": {"type": "Polygon", "coordinates": [[[-71.1, -35.5], [-71.0, -35.5], [-71.0, -35.4], [-71.1, -35.4], [-71.1, -35.5]]]}, "properties": {"n_records": 14, "n_localities": 5, "n_observers": 10, "n_recent_10y": 7}}, {"type": "Feature", "geometry": {"type": "Polygon", "coordinates": [[[-71.1, -35.1], [-71.0, -35.1], [-71.0, -35.0], [-71.1, -35.0], [-71.1, -35.1]]]}, "properties": {"n_records": 3, "n_localities": 2, "n_observers": 2, "n_recent_10y": 3}}, {"type": "Feature", "geometry": {"type": "Polygon", "coordinates": [[[-71.1, -34.8], [-71.0, -34.8], [-71.0, -34.7], [-71.1, -34.7], [-71.1, -34.8]]]}, "properties": {"n_records": 1, "n_localities": 1, "n_observers": 1, "n_recent_10y": 1}}, {"type": "Feature", "geometry": {"type": "Polygon", "coordinates": [[[-71.1, -34.6], [-71.0, -34.6], [-71.0, -34.5], [-71.1, -34.5], [-71.1, -34.6]]]}, "properties": {"n_records": 8, "n_localities": 2, "n_observers": 5, "n_recent_10y": 8}}, {"type": "Feature", "geometry": {"type": "Polygon", "coordinates": [[[-71.1, -34.5], [-71.0, -34.5], [-71.0, -34.4], [-71.1, -34.4], [-71.1, -34.5]]]}, "properties": {"n_records": 3, "n_localities": 3, "n_observers": 2, "n_recent_10y": 3}}, {"type": "Feature", "geometry": {"type": "Polygon", "coordinates": [[[-71.1, -34.2], [-71.0, -34.2], [-71.0, -34.1], [-71.1, -34.1], [-71.1, -34.2]]]}, "properties": {"n_records": 13, "n_localities": 1, "n_observers": 13, "n_recent_10y": 13}}, {"type": "Feature", "geometry": {"type": "Polygon", "coordinates": [[[-71.1, -34.1], [-71.0, -34.1], [-71.0, -34.0], [-71.1, -34.0], [-71.1, -34.1]]]}, "properties": {"n_records": 2, "n_localities": 1, "n_observers": 1, "n_recent_10y": 2}}, {"type": "Feature", "geometry": {"type": "Polygon", "coordinates": [[[-71.1, -34.0], [-71.0, -34.0], [-71.0, -33.9], [-71.1, -33.9], [-71.1, -34.0]]]}, "properties": {"n_records": 4, "n_localities": 1, "n_observers": 2, "n_recent_10y": 4}}, {"type": "Feature", "geometry": {"type": "Polygon", "coordinates": [[[-71.1, -33.9], [-71.0, -33.9], [-71.0, -33.8], [-71.1, -33.8], [-71.1, -33.9]]]}, "properties": {"n_records": 6, "n_localities": 4, "n_observers": 6, "n_recent_10y": 6}}, {"type": "Feature", "geometry": {"type": "Polygon", "coordinates": [[[-71.1, -33.7], [-71.0, -33.7], [-71.0, -33.6], [-71.1, -33.6], [-71.1, -33.7]]]}, "properties": {"n_records": 1, "n_localities": 1, "n_observers": 1, "n_recent_10y": 1}}, {"type": "Feature", "geometry": {"type": "Polygon", "coordinates": [[[-71.1, -33.6], [-71.0, -33.6], [-71.0, -33.5], [-71.1, -33.5], [-71.1, -33.6]]]}, "properties": {"n_records": 1, "n_localities": 1, "n_observers": 1, "n_recent_10y": 1}}, {"type": "Feature", "geometry": {"type": "Polygon", "coordinates": [[[-71.1, -33.5], [-71.0, -33.5], [-71.0, -33.4], [-71.1, -33.4], [-71.1, -33.5]]]}, "properties": {"n_records": 8, "n_localities": 5, "n_observers": 8, "n_recent_10y": 8}}, {"type": "Feature", "geometry": {"type": "Polygon", "coordinates": [[[-71.1, -33.4], [-71.0, -33.4], [-71.0, -33.3], [-71.1, -33.3], [-71.1, -33.4]]]}, "properties": {"n_records": 3, "n_localities": 3, "n_observers": 3, "n_recent_10y": 3}}, {"type": "Feature", "geometry": {"type": "Polygon", "coordinates": [[[-71.1, -33.3], [-71.0, -33.3], [-71.0, -33.2], [-71.1, -33.2], [-71.1, -33.3]]]}, "properties": {"n_records": 2, "n_localities": 2, "n_observers": 2, "n_recent_10y": 2}}, {"type": "Feature", "geometry": {"type": "Polygon", "coordinates": [[[-71.1, -33.2], [-71.0, -33.2], [-71.0, -33.1], [-71.1, -33.1], [-71.1, -33.2]]]}, "properties": {"n_records": 2, "n_localities": 2, "n_observers": 2, "n_recent_10y": 2}}, {"type": "Feature", "geometry": {"type": "Polygon", "coordinates": [[[-71.1, -33.1], [-71.0, -33.1], [-71.0, -33.0], [-71.1, -33.0], [-71.1, -33.1]]]}, "properties": {"n_records": 51, "n_localities": 19, "n_observers": 35, "n_recent_10y": 44}}, {"type": "Feature", "geometry": {"type": "Polygon", "coordinates": [[[-71.1, -33.0], [-71.0, -33.0], [-71.0, -32.9], [-71.1, -32.9], [-71.1, -33.0]]]}, "properties": {"n_records": 82, "n_localities": 9, "n_observers": 62, "n_recent_10y": 61}}, {"type": "Feature", "geometry": {"type": "Polygon", "coordinates": [[[-71.1, -32.8], [-71.0, -32.8], [-71.0, -32.7], [-71.1, -32.7], [-71.1, -32.8]]]}, "properties": {"n_records": 3, "n_localities": 3, "n_observers": 1, "n_recent_10y": 3}}, {"type": "Feature", "geometry": {"type": "Polygon", "coordinates": [[[-71.1, -32.7], [-71.0, -32.7], [-71.0, -32.6], [-71.1, -32.6], [-71.1, -32.7]]]}, "properties": {"n_records": 2, "n_localities": 1, "n_observers": 1, "n_recent_10y": 1}}, {"type": "Feature", "geometry": {"type": "Polygon", "coordinates": [[[-71.1, -32.6], [-71.0, -32.6], [-71.0, -32.5], [-71.1, -32.5], [-71.1, -32.6]]]}, "properties": {"n_records": 1, "n_localities": 1, "n_observers": 1, "n_recent_10y": 1}}, {"type": "Feature", "geometry": {"type": "Polygon", "coordinates": [[[-71.1, -32.5], [-71.0, -32.5], [-71.0, -32.4], [-71.1, -32.4], [-71.1, -32.5]]]}, "properties": {"n_records": 8, "n_localities": 3, "n_observers": 8, "n_recent_10y": 2}}, {"type": "Feature", "geometry": {"type": "Polygon", "coordinates": [[[-71.1, -32.4], [-71.0, -32.4], [-71.0, -32.3], [-71.1, -32.3], [-71.1, -32.4]]]}, "properties": {"n_records": 2, "n_localities": 2, "n_observers": 2, "n_recent_10y": 2}}, {"type": "Feature", "geometry": {"type": "Polygon", "coordinates": [[[-71.1, -32.3], [-71.0, -32.3], [-71.0, -32.2], [-71.1, -32.2], [-71.1, -32.3]]]}, "properties": {"n_records": 4, "n_localities": 2, "n_observers": 2, "n_recent_10y": 4}}, {"type": "Feature", "geometry": {"type": "Polygon", "coordinates": [[[-71.1, -32.0], [-71.0, -32.0], [-71.0, -31.9], [-71.1, -31.9], [-71.1, -32.0]]]}, "properties": {"n_records": 3, "n_localities": 2, "n_observers": 3, "n_recent_10y": 1}}, {"type": "Feature", "geometry": {"type": "Polygon", "coordinates": [[[-71.1, -31.8], [-71.0, -31.8], [-71.0, -31.7], [-71.1, -31.7], [-71.1, -31.8]]]}, "properties": {"n_records": 1, "n_localities": 1, "n_observers": 1, "n_recent_10y": 1}}, {"type": "Feature", "geometry": {"type": "Polygon", "coordinates": [[[-71.1, -31.5], [-71.0, -31.5], [-71.0, -31.4], [-71.1, -31.4], [-71.1, -31.5]]]}, "properties": {"n_records": 10, "n_localities": 5, "n_observers": 6, "n_recent_10y": 7}}, {"type": "Feature", "geometry": {"type": "Polygon", "coordinates": [[[-71.1, -31.4], [-71.0, -31.4], [-71.0, -31.3], [-71.1, -31.3], [-71.1, -31.4]]]}, "properties": {"n_records": 2, "n_localities": 2, "n_observers": 1, "n_recent_10y": 2}}, {"type": "Feature", "geometry": {"type": "Polygon", "coordinates": [[[-71.1, -31.1], [-71.0, -31.1], [-71.0, -31.0], [-71.1, -31.0], [-71.1, -31.1]]]}, "properties": {"n_records": 1, "n_localities": 1, "n_observers": 1, "n_recent_10y": 0}}, {"type": "Feature", "geometry": {"type": "Polygon", "coordinates": [[[-71.1, -30.5], [-71.0, -30.5], [-71.0, -30.4], [-71.1, -30.4], [-71.1, -30.5]]]}, "properties": {"n_records": 2, "n_localities": 1, "n_observers": 2, "n_recent_10y": 0}}, {"type": "Feature", "geometry": {"type": "Polygon", "coordinates": [[[-71.1, -30.4], [-71.0, -30.4], [-71.0, -30.3], [-71.1, -30.3], [-71.1, -30.4]]]}, "properties": {"n_records": 4, "n_localities": 1, "n_observers": 2, "n_recent_10y": 4}}, {"type": "Feature", "geometry": {"type": "Polygon", "coordinates": [[[-71.1, -30.2], [-71.0, -30.2], [-71.0, -30.1], [-71.1, -30.1], [-71.1, -30.2]]]}, "properties": {"n_records": 8, "n_localities": 3, "n_observers": 4, "n_recent_10y": 7}}, {"type": "Feature", "geometry": {"type": "Polygon", "coordinates": [[[-71.1, -30.1], [-71.0, -30.1], [-71.0, -30.0], [-71.1, -30.0], [-71.1, -30.1]]]}, "properties": {"n_records": 23, "n_localities": 7, "n_observers": 11, "n_recent_10y": 10}}, {"type": "Feature", "geometry": {"type": "Polygon", "coordinates": [[[-71.1, -29.9], [-71.0, -29.9], [-71.0, -29.8], [-71.1, -29.8], [-71.1, -29.9]]]}, "properties": {"n_records": 2, "n_localities": 1, "n_observers": 2, "n_recent_10y": 2}}, {"type": "Feature", "geometry": {"type": "Polygon", "coordinates": [[[-71.1, -29.8], [-71.0, -29.8], [-71.0, -29.7], [-71.1, -29.7], [-71.1, -29.8]]]}, "properties": {"n_records": 3, "n_localities": 1, "n_observers": 3, "n_recent_10y": 3}}, {"type": "Feature", "geometry": {"type": "Polygon", "coordinates": [[[-71.1, -29.7], [-71.0, -29.7], [-71.0, -29.6], [-71.1, -29.6], [-71.1, -29.7]]]}, "properties": {"n_records": 2, "n_localities": 1, "n_observers": 2, "n_recent_10y": 2}}, {"type": "Feature", "geometry": {"type": "Polygon", "coordinates": [[[-71.1, -29.4], [-71.0, -29.4], [-71.0, -29.3], [-71.1, -29.3], [-71.1, -29.4]]]}, "properties": {"n_records": 2, "n_localities": 2, "n_observers": 2, "n_recent_10y": 1}}, {"type": "Feature", "geometry": {"type": "Polygon", "coordinates": [[[-71.1, -29.3], [-71.0, -29.3], [-71.0, -29.2], [-71.1, -29.2], [-71.1, -29.3]]]}, "properties": {"n_records": 1, "n_localities": 1, "n_observers": 1, "n_recent_10y": 1}}, {"type": "Feature", "geometry": {"type": "Polygon", "coordinates": [[[-71.1, -29.0], [-71.0, -29.0], [-71.0, -28.9], [-71.1, -28.9], [-71.1, -29.0]]]}, "properties": {"n_records": 5, "n_localities": 3, "n_observers": 5, "n_recent_10y": 5}}, {"type": "Feature", "geometry": {"type": "Polygon", "coordinates": [[[-71.1, -28.9], [-71.0, -28.9], [-71.0, -28.8], [-71.1, -28.8], [-71.1, -28.9]]]}, "properties": {"n_records": 1, "n_localities": 1, "n_observers": 1, "n_recent_10y": 1}}, {"type": "Feature", "geometry": {"type": "Polygon", "coordinates": [[[-71.1, -28.7], [-71.0, -28.7], [-71.0, -28.6], [-71.1, -28.6], [-71.1, -28.7]]]}, "properties": {"n_records": 20, "n_localities": 9, "n_observers": 4, "n_recent_10y": 20}}, {"type": "Feature", "geometry": {"type": "Polygon", "coordinates": [[[-71.1, -28.6], [-71.0, -28.6], [-71.0, -28.5], [-71.1, -28.5], [-71.1, -28.6]]]}, "properties": {"n_records": 27, "n_localities": 13, "n_observers": 5, "n_recent_10y": 27}}, {"type": "Feature", "geometry": {"type": "Polygon", "coordinates": [[[-71.1, -28.5], [-71.0, -28.5], [-71.0, -28.4], [-71.1, -28.4], [-71.1, -28.5]]]}, "properties": {"n_records": 4, "n_localities": 2, "n_observers": 3, "n_recent_10y": 4}}, {"type": "Feature", "geometry": {"type": "Polygon", "coordinates": [[[-71.0, -54.9], [-70.9, -54.9], [-70.9, -54.8], [-71.0, -54.8], [-71.0, -54.9]]]}, "properties": {"n_records": 1, "n_localities": 1, "n_observers": 1, "n_recent_10y": 0}}, {"type": "Feature", "geometry": {"type": "Polygon", "coordinates": [[[-71.0, -54.2], [-70.9, -54.2], [-70.9, -54.1], [-71.0, -54.1], [-71.0, -54.2]]]}, "properties": {"n_records": 15, "n_localities": 6, "n_observers": 14, "n_recent_10y": 15}}, {"type": "Feature", "geometry": {"type": "Polygon", "coordinates": [[[-71.0, -53.8], [-70.9, -53.8], [-70.9, -53.7], [-71.0, -53.7], [-71.0, -53.8]]]}, "properties": {"n_records": 5, "n_localities": 4, "n_observers": 5, "n_recent_10y": 5}}, {"type": "Feature", "geometry": {"type": "Polygon", "coordinates": [[[-71.0, -53.7], [-70.9, -53.7], [-70.9, -53.6], [-71.0, -53.6], [-71.0, -53.7]]]}, "properties": {"n_records": 4, "n_localities": 3, "n_observers": 4, "n_recent_10y": 3}}, {"type": "Feature", "geometry": {"type": "Polygon", "coordinates": [[[-71.0, -53.6], [-70.9, -53.6], [-70.9, -53.5], [-71.0, -53.5], [-71.0, -53.6]]]}, "properties": {"n_records": 3, "n_localities": 2, "n_observers": 3, "n_recent_10y": 3}}, {"type": "Feature", "geometry": {"type": "Polygon", "coordinates": [[[-71.0, -53.4], [-70.9, -53.4], [-70.9, -53.3], [-71.0, -53.3], [-71.0, -53.4]]]}, "properties": {"n_records": 7, "n_localities": 2, "n_observers": 7, "n_recent_10y": 7}}, {"type": "Feature", "geometry": {"type": "Polygon", "coordinates": [[[-71.0, -53.3], [-70.9, -53.3], [-70.9, -53.2], [-71.0, -53.2], [-71.0, -53.3]]]}, "properties": {"n_records": 5, "n_localities": 5, "n_observers": 4, "n_recent_10y": 4}}, {"type": "Feature", "geometry": {"type": "Polygon", "coordinates": [[[-71.0, -53.2], [-70.9, -53.2], [-70.9, -53.1], [-71.0, -53.1], [-71.0, -53.2]]]}, "properties": {"n_records": 14, "n_localities": 10, "n_observers": 11, "n_recent_10y": 7}}, {"type": "Feature", "geometry": {"type": "Polygon", "coordinates": [[[-71.0, -53.0], [-70.9, -53.0], [-70.9, -52.9], [-71.0, -52.9], [-71.0, -53.0]]]}, "properties": {"n_records": 8, "n_localities": 6, "n_observers": 8, "n_recent_10y": 3}}, {"type": "Feature", "geometry": {"type": "Polygon", "coordinates": [[[-71.0, -52.9], [-70.9, -52.9], [-70.9, -52.8], [-71.0, -52.8], [-71.0, -52.9]]]}, "properties": {"n_records": 58, "n_localities": 32, "n_observers": 47, "n_recent_10y": 54}}, {"type": "Feature", "geometry": {"type": "Polygon", "coordinates": [[[-71.0, -52.8], [-70.9, -52.8], [-70.9, -52.7], [-71.0, -52.7], [-71.0, -52.8]]]}, "properties": {"n_records": 8, "n_localities": 6, "n_observers": 6, "n_recent_10y": 7}}, {"type": "Feature", "geometry": {"type": "Polygon", "coordinates": [[[-71.0, -52.7], [-70.9, -52.7], [-70.9, -52.6], [-71.0, -52.6], [-71.0, -52.7]]]}, "properties": {"n_records": 10, "n_localities": 3, "n_observers": 10, "n_recent_10y": 3}}, {"type": "Feature", "geometry": {"type": "Polygon", "coordinates": [[[-71.0, -52.6], [-70.9, -52.6], [-70.9, -52.5], [-71.0, -52.5], [-71.0, -52.6]]]}, "properties": {"n_records": 5, "n_localities": 2, "n_observers": 5, "n_recent_10y": 5}}, {"type": "Feature", "geometry": {"type": "Polygon", "coordinates": [[[-71.0, -38.7], [-70.9, -38.7], [-70.9, -38.6], [-71.0, -38.6], [-71.0, -38.7]]]}, "properties": {"n_records": 10, "n_localities": 3, "n_observers": 9, "n_recent_10y": 6}}, {"type": "Feature", "geometry": {"type": "Polygon", "coordinates": [[[-71.0, -36.5], [-70.9, -36.5], [-70.9, -36.4], [-71.0, -36.4], [-71.0, -36.5]]]}, "properties": {"n_records": 1, "n_localities": 1, "n_observers": 1, "n_recent_10y": 1}}, {"type": "Feature", "geometry": {"type": "Polygon", "coordinates": [[[-71.0, -36.1], [-70.9, -36.1], [-70.9, -36.0], [-71.0, -36.0], [-71.0, -36.1]]]}, "properties": {"n_records": 1, "n_localities": 1, "n_observers": 1, "n_recent_10y": 1}}, {"type": "Feature", "geometry": {"type": "Polygon", "coordinates": [[[-71.0, -36.0], [-70.9, -36.0], [-70.9, -35.9], [-71.0, -35.9], [-71.0, -36.0]]]}, "properties": {"n_records": 6, "n_localities": 3, "n_observers": 4, "n_recent_10y": 5}}, {"type": "Feature", "geometry": {"type": "Polygon", "coordinates": [[[-71.0, -35.9], [-70.9, -35.9], [-70.9, -35.8], [-71.0, -35.8], [-71.0, -35.9]]]}, "properties": {"n_records": 8, "n_localities": 3, "n_observers": 7, "n_recent_10y": 4}}, {"type": "Feature", "geometry": {"type": "Polygon", "coordinates": [[[-71.0, -35.8], [-70.9, -35.8], [-70.9, -35.7], [-71.0, -35.7], [-71.0, -35.8]]]}, "properties": {"n_records": 8, "n_localities": 4, "n_observers": 6, "n_recent_10y": 7}}, {"type": "Feature", "geometry": {"type": "Polygon", "coordinates": [[[-71.0, -35.7], [-70.9, -35.7], [-70.9, -35.6], [-71.0, -35.6], [-71.0, -35.7]]]}, "properties": {"n_records": 19, "n_localities": 5, "n_observers": 18, "n_recent_10y": 15}}, {"type": "Feature", "geometry": {"type": "Polygon", "coordinates": [[[-71.0, -35.6], [-70.9, -35.6], [-70.9, -35.5], [-71.0, -35.5], [-71.0, -35.6]]]}, "properties": {"n_records": 3, "n_localities": 1, "n_observers": 3, "n_recent_10y": 1}}, {"type": "Feature", "geometry": {"type": "Polygon", "coordinates": [[[-71.0, -35.5], [-70.9, -35.5], [-70.9, -35.4], [-71.0, -35.4], [-71.0, -35.5]]]}, "properties": {"n_records": 19, "n_localities": 4, "n_observers": 15, "n_recent_10y": 19}}, {"type": "Feature", "geometry": {"type": "Polygon", "coordinates": [[[-71.0, -35.3], [-70.9, -35.3], [-70.9, -35.2], [-71.0, -35.2], [-71.0, -35.3]]]}, "properties": {"n_records": 7, "n_localities": 5, "n_observers": 5, "n_recent_10y": 6}}, {"type": "Feature", "geometry": {"type": "Polygon", "coordinates": [[[-71.0, -34.7], [-70.9, -34.7], [-70.9, -34.6], [-71.0, -34.6], [-71.0, -34.7]]]}, "properties": {"n_records": 1, "n_localities": 1, "n_observers": 1, "n_recent_10y": 1}}, {"type": "Feature", "geometry": {"type": "Polygon", "coordinates": [[[-71.0, -34.5], [-70.9, -34.5], [-70.9, -34.4], [-71.0, -34.4], [-71.0, -34.5]]]}, "properties": {"n_records": 40, "n_localities": 3, "n_observers": 36, "n_recent_10y": 40}}, {"type": "Feature", "geometry": {"type": "Polygon", "coordinates": [[[-71.0, -34.2], [-70.9, -34.2], [-70.9, -34.1], [-71.0, -34.1], [-71.0, -34.2]]]}, "properties": {"n_records": 1, "n_localities": 1, "n_observers": 1, "n_recent_10y": 1}}, {"type": "Feature", "geometry": {"type": "Polygon", "coordinates": [[[-71.0, -34.1], [-70.9, -34.1], [-70.9, -34.0], [-71.0, -34.0], [-71.0, -34.1]]]}, "properties": {"n_records": 3, "n_localities": 2, "n_observers": 3, "n_recent_10y": 3}}, {"type": "Feature", "geometry": {"type": "Polygon", "coordinates": [[[-71.0, -34.0], [-70.9, -34.0], [-70.9, -33.9], [-71.0, -33.9], [-71.0, -34.0]]]}, "properties": {"n_records": 34, "n_localities": 7, "n_observers": 15, "n_recent_10y": 26}}, {"type": "Feature", "geometry": {"type": "Polygon", "coordinates": [[[-71.0, -33.9], [-70.9, -33.9], [-70.9, -33.8], [-71.0, -33.8], [-71.0, -33.9]]]}, "properties": {"n_records": 63, "n_localities": 12, "n_observers": 38, "n_recent_10y": 56}}, {"type": "Feature", "geometry": {"type": "Polygon", "coordinates": [[[-71.0, -33.8], [-70.9, -33.8], [-70.9, -33.7], [-71.0, -33.7], [-71.0, -33.8]]]}, "properties": {"n_records": 3, "n_localities": 3, "n_observers": 3, "n_recent_10y": 3}}, {"type": "Feature", "geometry": {"type": "Polygon", "coordinates": [[[-71.0, -33.7], [-70.9, -33.7], [-70.9, -33.6], [-71.0, -33.6], [-71.0, -33.7]]]}, "properties": {"n_records": 7, "n_localities": 6, "n_observers": 7, "n_recent_10y": 7}}, {"type": "Feature", "geometry": {"type": "Polygon", "coordinates": [[[-71.0, -33.6], [-70.9, -33.6], [-70.9, -33.5], [-71.0, -33.5], [-71.0, -33.6]]]}, "properties": {"n_records": 24, "n_localities": 13, "n_observers": 18, "n_recent_10y": 22}}, {"type": "Feature", "geometry": {"type": "Polygon", "coordinates": [[[-71.0, -33.5], [-70.9, -33.5], [-70.9, -33.4], [-71.0, -33.4], [-71.0, -33.5]]]}, "properties": {"n_records": 160, "n_localities": 31, "n_observers": 90, "n_recent_10y": 155}}, {"type": "Feature", "geometry": {"type": "Polygon", "coordinates": [[[-71.0, -33.4], [-70.9, -33.4], [-70.9, -33.3], [-71.0, -33.3], [-71.0, -33.4]]]}, "properties": {"n_records": 5, "n_localities": 2, "n_observers": 3, "n_recent_10y": 5}}, {"type": "Feature", "geometry": {"type": "Polygon", "coordinates": [[[-71.0, -33.3], [-70.9, -33.3], [-70.9, -33.2], [-71.0, -33.2], [-71.0, -33.3]]]}, "properties": {"n_records": 64, "n_localities": 18, "n_observers": 32, "n_recent_10y": 35}}, {"type": "Feature", "geometry": {"type": "Polygon", "coordinates": [[[-71.0, -33.2], [-70.9, -33.2], [-70.9, -33.1], [-71.0, -33.1], [-71.0, -33.2]]]}, "properties": {"n_records": 75, "n_localities": 18, "n_observers": 26, "n_recent_10y": 55}}, {"type": "Feature", "geometry": {"type": "Polygon", "coordinates": [[[-71.0, -33.1], [-70.9, -33.1], [-70.9, -33.0], [-71.0, -33.0], [-71.0, -33.1]]]}, "properties": {"n_records": 21, "n_localities": 8, "n_observers": 14, "n_recent_10y": 21}}, {"type": "Feature", "geometry": {"type": "Polygon", "coordinates": [[[-71.0, -33.0], [-70.9, -33.0], [-70.9, -32.9], [-71.0, -32.9], [-71.0, -33.0]]]}, "properties": {"n_records": 12, "n_localities": 3, "n_observers": 5, "n_recent_10y": 12}}, {"type": "Feature", "geometry": {"type": "Polygon", "coordinates": [[[-71.0, -32.9], [-70.9, -32.9], [-70.9, -32.8], [-71.0, -32.8], [-71.0, -32.9]]]}, "properties": {"n_records": 1, "n_localities": 1, "n_observers": 1, "n_recent_10y": 1}}, {"type": "Feature", "geometry": {"type": "Polygon", "coordinates": [[[-71.0, -32.8], [-70.9, -32.8], [-70.9, -32.7], [-71.0, -32.7], [-71.0, -32.8]]]}, "properties": {"n_records": 3, "n_localities": 3, "n_observers": 2, "n_recent_10y": 3}}, {"type": "Feature", "geometry": {"type": "Polygon", "coordinates": [[[-71.0, -32.7], [-70.9, -32.7], [-70.9, -32.6], [-71.0, -32.6], [-71.0, -32.7]]]}, "properties": {"n_records": 4, "n_localities": 4, "n_observers": 3, "n_recent_10y": 4}}, {"type": "Feature", "geometry": {"type": "Polygon", "coordinates": [[[-71.0, -32.5], [-70.9, -32.5], [-70.9, -32.4], [-71.0, -32.4], [-71.0, -32.5]]]}, "properties": {"n_records": 1, "n_localities": 1, "n_observers": 1, "n_recent_10y": 1}}, {"type": "Feature", "geometry": {"type": "Polygon", "coordinates": [[[-71.0, -32.3], [-70.9, -32.3], [-70.9, -32.2], [-71.0, -32.2], [-71.0, -32.3]]]}, "properties": {"n_records": 3, "n_localities": 2, "n_observers": 3, "n_recent_10y": 3}}, {"type": "Feature", "geometry": {"type": "Polygon", "coordinates": [[[-71.0, -32.0], [-70.9, -32.0], [-70.9, -31.9], [-71.0, -31.9], [-71.0, -32.0]]]}, "properties": {"n_records": 1, "n_localities": 1, "n_observers": 1, "n_recent_10y": 1}}, {"type": "Feature", "geometry": {"type": "Polygon", "coordinates": [[[-71.0, -31.9], [-70.9, -31.9], [-70.9, -31.8], [-71.0, -31.8], [-71.0, -31.9]]]}, "properties": {"n_records": 1, "n_localities": 1, "n_observers": 1, "n_recent_10y": 1}}, {"type": "Feature", "geometry": {"type": "Polygon", "coordinates": [[[-71.0, -31.8], [-70.9, -31.8], [-70.9, -31.7], [-71.0, -31.7], [-71.0, -31.8]]]}, "properties": {"n_records": 10, "n_localities": 5, "n_observers": 4, "n_recent_10y": 10}}, {"type": "Feature", "geometry": {"type": "Polygon", "coordinates": [[[-71.0, -31.7], [-70.9, -31.7], [-70.9, -31.6], [-71.0, -31.6], [-71.0, -31.7]]]}, "properties": {"n_records": 3, "n_localities": 3, "n_observers": 2, "n_recent_10y": 3}}, {"type": "Feature", "geometry": {"type": "Polygon", "coordinates": [[[-71.0, -31.6], [-70.9, -31.6], [-70.9, -31.5], [-71.0, -31.5], [-71.0, -31.6]]]}, "properties": {"n_records": 1, "n_localities": 1, "n_observers": 1, "n_recent_10y": 1}}, {"type": "Feature", "geometry": {"type": "Polygon", "coordinates": [[[-71.0, -31.4], [-70.9, -31.4], [-70.9, -31.3], [-71.0, -31.3], [-71.0, -31.4]]]}, "properties": {"n_records": 2, "n_localities": 1, "n_observers": 2, "n_recent_10y": 2}}, {"type": "Feature", "geometry": {"type": "Polygon", "coordinates": [[[-71.0, -31.2], [-70.9, -31.2], [-70.9, -31.1], [-71.0, -31.1], [-71.0, -31.2]]]}, "properties": {"n_records": 3, "n_localities": 3, "n_observers": 3, "n_recent_10y": 2}}, {"type": "Feature", "geometry": {"type": "Polygon", "coordinates": [[[-71.0, -30.5], [-70.9, -30.5], [-70.9, -30.4], [-71.0, -30.4], [-71.0, -30.5]]]}, "properties": {"n_records": 2, "n_localities": 1, "n_observers": 2, "n_recent_10y": 2}}, {"type": "Feature", "geometry": {"type": "Polygon", "coordinates": [[[-71.0, -30.2], [-70.9, -30.2], [-70.9, -30.1], [-71.0, -30.1], [-71.0, -30.2]]]}, "properties": {"n_records": 4, "n_localities": 2, "n_observers": 2, "n_recent_10y": 4}}, {"type": "Feature", "geometry": {"type": "Polygon", "coordinates": [[[-71.0, -30.0], [-70.9, -30.0], [-70.9, -29.9], [-71.0, -29.9], [-71.0, -30.0]]]}, "properties": {"n_records": 3, "n_localities": 2, "n_observers": 3, "n_recent_10y": 3}}, {"type": "Feature", "geometry": {"type": "Polygon", "coordinates": [[[-71.0, -29.9], [-70.9, -29.9], [-70.9, -29.8], [-71.0, -29.8], [-71.0, -29.9]]]}, "properties": {"n_records": 4, "n_localities": 2, "n_observers": 3, "n_recent_10y": 2}}, {"type": "Feature", "geometry": {"type": "Polygon", "coordinates": [[[-71.0, -29.8], [-70.9, -29.8], [-70.9, -29.7], [-71.0, -29.7], [-71.0, -29.8]]]}, "properties": {"n_records": 2, "n_localities": 1, "n_observers": 1, "n_recent_10y": 2}}, {"type": "Feature", "geometry": {"type": "Polygon", "coordinates": [[[-71.0, -29.7], [-70.9, -29.7], [-70.9, -29.6], [-71.0, -29.6], [-71.0, -29.7]]]}, "properties": {"n_records": 1, "n_localities": 1, "n_observers": 1, "n_recent_10y": 1}}, {"type": "Feature", "geometry": {"type": "Polygon", "coordinates": [[[-71.0, -29.4], [-70.9, -29.4], [-70.9, -29.3], [-71.0, -29.3], [-71.0, -29.4]]]}, "properties": {"n_records": 3, "n_localities": 2, "n_observers": 3, "n_recent_10y": 2}}, {"type": "Feature", "geometry": {"type": "Polygon", "coordinates": [[[-71.0, -29.2], [-70.9, -29.2], [-70.9, -29.1], [-71.0, -29.1], [-71.0, -29.2]]]}, "properties": {"n_records": 1, "n_localities": 1, "n_observers": 1, "n_recent_10y": 1}}, {"type": "Feature", "geometry": {"type": "Polygon", "coordinates": [[[-71.0, -29.1], [-70.9, -29.1], [-70.9, -29.0], [-71.0, -29.0], [-71.0, -29.1]]]}, "properties": {"n_records": 1, "n_localities": 1, "n_observers": 1, "n_recent_10y": 1}}, {"type": "Feature", "geometry": {"type": "Polygon", "coordinates": [[[-71.0, -29.0], [-70.9, -29.0], [-70.9, -28.9], [-71.0, -28.9], [-71.0, -29.0]]]}, "properties": {"n_records": 8, "n_localities": 3, "n_observers": 6, "n_recent_10y": 8}}, {"type": "Feature", "geometry": {"type": "Polygon", "coordinates": [[[-71.0, -28.8], [-70.9, -28.8], [-70.9, -28.7], [-71.0, -28.7], [-71.0, -28.8]]]}, "properties": {"n_records": 1, "n_localities": 1, "n_observers": 1, "n_recent_10y": 1}}, {"type": "Feature", "geometry": {"type": "Polygon", "coordinates": [[[-71.0, -28.7], [-70.9, -28.7], [-70.9, -28.6], [-71.0, -28.6], [-71.0, -28.7]]]}, "properties": {"n_records": 1, "n_localities": 1, "n_observers": 1, "n_recent_10y": 1}}, {"type": "Feature", "geometry": {"type": "Polygon", "coordinates": [[[-71.0, -28.6], [-70.9, -28.6], [-70.9, -28.5], [-71.0, -28.5], [-71.0, -28.6]]]}, "properties": {"n_records": 2, "n_localities": 2, "n_observers": 2, "n_recent_10y": 2}}, {"type": "Feature", "geometry": {"type": "Polygon", "coordinates": [[[-70.9, -54.9], [-70.8, -54.9], [-70.8, -54.8], [-70.9, -54.8], [-70.9, -54.9]]]}, "properties": {"n_records": 1, "n_localities": 1, "n_observers": 1, "n_recent_10y": 0}}, {"type": "Feature", "geometry": {"type": "Polygon", "coordinates": [[[-70.9, -54.0], [-70.8, -54.0], [-70.8, -53.9], [-70.9, -53.9], [-70.9, -54.0]]]}, "properties": {"n_records": 4, "n_localities": 1, "n_observers": 4, "n_recent_10y": 4}}, {"type": "Feature", "geometry": {"type": "Polygon", "coordinates": [[[-70.9, -53.5], [-70.8, -53.5], [-70.8, -53.4], [-70.9, -53.4], [-70.9, -53.5]]]}, "properties": {"n_records": 2, "n_localities": 1, "n_observers": 2, "n_recent_10y": 2}}, {"type": "Feature", "geometry": {"type": "Polygon", "coordinates": [[[-70.9, -53.2], [-70.8, -53.2], [-70.8, -53.1], [-70.9, -53.1], [-70.9, -53.2]]]}, "properties": {"n_records": 8, "n_localities": 4, "n_observers": 7, "n_recent_10y": 3}}, {"type": "Feature", "geometry": {"type": "Polygon", "coordinates": [[[-70.9, -53.1], [-70.8, -53.1], [-70.8, -53.0], [-70.9, -53.0], [-70.9, -53.1]]]}, "properties": {"n_records": 4, "n_localities": 3, "n_observers": 4, "n_recent_10y": 2}}, {"type": "Feature", "geometry": {"type": "Polygon", "coordinates": [[[-70.9, -53.0], [-70.8, -53.0], [-70.8, -52.9], [-70.9, -52.9], [-70.9, -53.0]]]}, "properties": {"n_records": 11, "n_localities": 6, "n_observers": 9, "n_recent_10y": 10}}, {"type": "Feature", "geometry": {"type": "Polygon", "coordinates": [[[-70.9, -52.9], [-70.8, -52.9], [-70.8, -52.8], [-70.9, -52.8], [-70.9, -52.9]]]}, "properties": {"n_records": 4, "n_localities": 4, "n_observers": 3, "n_recent_10y": 4}}, {"type": "Feature", "geometry": {"type": "Polygon", "coordinates": [[[-70.9, -52.8], [-70.8, -52.8], [-70.8, -52.7], [-70.9, -52.7], [-70.9, -52.8]]]}, "properties": {"n_records": 1, "n_localities": 1, "n_observers": 1, "n_recent_10y": 1}}, {"type": "Feature", "geometry": {"type": "Polygon", "coordinates": [[[-70.9, -52.7], [-70.8, -52.7], [-70.8, -52.6], [-70.9, -52.6], [-70.9, -52.7]]]}, "properties": {"n_records": 6, "n_localities": 5, "n_observers": 5, "n_recent_10y": 2}}, {"type": "Feature", "geometry": {"type": "Polygon", "coordinates": [[[-70.9, -38.6], [-70.8, -38.6], [-70.8, -38.5], [-70.9, -38.5], [-70.9, -38.6]]]}, "properties": {"n_records": 1, "n_localities": 1, "n_observers": 1, "n_recent_10y": 1}}, {"type": "Feature", "geometry": {"type": "Polygon", "coordinates": [[[-70.9, -35.9], [-70.8, -35.9], [-70.8, -35.8], [-70.9, -35.8], [-70.9, -35.9]]]}, "properties": {"n_records": 16, "n_localities": 8, "n_observers": 16, "n_recent_10y": 10}}, {"type": "Feature", "geometry": {"type": "Polygon", "coordinates": [[[-70.9, -35.6], [-70.8, -35.6], [-70.8, -35.5], [-70.9, -35.5], [-70.9, -35.6]]]}, "properties": {"n_records": 2, "n_localities": 2, "n_observers": 2, "n_recent_10y": 2}}, {"type": "Feature", "geometry": {"type": "Polygon", "coordinates": [[[-70.9, -35.5], [-70.8, -35.5], [-70.8, -35.4], [-70.9, -35.4], [-70.9, -35.5]]]}, "properties": {"n_records": 5, "n_localities": 3, "n_observers": 5, "n_recent_10y": 4}}, {"type": "Feature", "geometry": {"type": "Polygon", "coordinates": [[[-70.9, -35.1], [-70.8, -35.1], [-70.8, -35.0], [-70.9, -35.0], [-70.9, -35.1]]]}, "properties": {"n_records": 10, "n_localities": 3, "n_observers": 8, "n_recent_10y": 9}}, {"type": "Feature", "geometry": {"type": "Polygon", "coordinates": [[[-70.9, -35.0], [-70.8, -35.0], [-70.8, -34.9], [-70.9, -34.9], [-70.9, -35.0]]]}, "properties": {"n_records": 8, "n_localities": 2, "n_observers": 5, "n_recent_10y": 8}}, {"type": "Feature", "geometry": {"type": "Polygon", "coordinates": [[[-70.9, -34.8], [-70.8, -34.8], [-70.8, -34.7], [-70.9, -34.7], [-70.9, -34.8]]]}, "properties": {"n_records": 1, "n_localities": 1, "n_observers": 1, "n_recent_10y": 1}}, {"type": "Feature", "geometry": {"type": "Polygon", "coordinates": [[[-70.9, -34.7], [-70.8, -34.7], [-70.8, -34.6], [-70.9, -34.6], [-70.9, -34.7]]]}, "properties": {"n_records": 2, "n_localities": 2, "n_observers": 2, "n_recent_10y": 1}}, {"type": "Feature", "geometry": {"type": "Polygon", "coordinates": [[[-70.9, -34.6], [-70.8, -34.6], [-70.8, -34.5], [-70.9, -34.5], [-70.9, -34.6]]]}, "properties": {"n_records": 8, "n_localities": 3, "n_observers": 8, "n_recent_10y": 8}}, {"type": "Feature", "geometry": {"type": "Polygon", "coordinates": [[[-70.9, -34.5], [-70.8, -34.5], [-70.8, -34.4], [-70.9, -34.4], [-70.9, -34.5]]]}, "properties": {"n_records": 1, "n_localities": 1, "n_observers": 1, "n_recent_10y": 1}}, {"type": "Feature", "geometry": {"type": "Polygon", "coordinates": [[[-70.9, -34.2], [-70.8, -34.2], [-70.8, -34.1], [-70.9, -34.1], [-70.9, -34.2]]]}, "properties": {"n_records": 1, "n_localities": 1, "n_observers": 1, "n_recent_10y": 1}}, {"type": "Feature", "geometry": {"type": "Polygon", "coordinates": [[[-70.9, -34.0], [-70.8, -34.0], [-70.8, -33.9], [-70.9, -33.9], [-70.9, -34.0]]]}, "properties": {"n_records": 2, "n_localities": 2, "n_observers": 2, "n_recent_10y": 2}}, {"type": "Feature", "geometry": {"type": "Polygon", "coordinates": [[[-70.9, -33.9], [-70.8, -33.9], [-70.8, -33.8], [-70.9, -33.8], [-70.9, -33.9]]]}, "properties": {"n_records": 2, "n_localities": 2, "n_observers": 2, "n_recent_10y": 2}}, {"type": "Feature", "geometry": {"type": "Polygon", "coordinates": [[[-70.9, -33.8], [-70.8, -33.8], [-70.8, -33.7], [-70.9, -33.7], [-70.9, -33.8]]]}, "properties": {"n_records": 5, "n_localities": 3, "n_observers": 3, "n_recent_10y": 5}}, {"type": "Feature", "geometry": {"type": "Polygon", "coordinates": [[[-70.9, -33.7], [-70.8, -33.7], [-70.8, -33.6], [-70.9, -33.6], [-70.9, -33.7]]]}, "properties": {"n_records": 9, "n_localities": 5, "n_observers": 5, "n_recent_10y": 9}}, {"type": "Feature", "geometry": {"type": "Polygon", "coordinates": [[[-70.9, -33.6], [-70.8, -33.6], [-70.8, -33.5], [-70.9, -33.5], [-70.9, -33.6]]]}, "properties": {"n_records": 201, "n_localities": 48, "n_observers": 95, "n_recent_10y": 200}}, {"type": "Feature", "geometry": {"type": "Polygon", "coordinates": [[[-70.9, -33.5], [-70.8, -33.5], [-70.8, -33.4], [-70.9, -33.4], [-70.9, -33.5]]]}, "properties": {"n_records": 233, "n_localities": 37, "n_observers": 93, "n_recent_10y": 233}}, {"type": "Feature", "geometry": {"type": "Polygon", "coordinates": [[[-70.9, -33.4], [-70.8, -33.4], [-70.8, -33.3], [-70.9, -33.3], [-70.9, -33.4]]]}, "properties": {"n_records": 7, "n_localities": 3, "n_observers": 7, "n_recent_10y": 7}}, {"type": "Feature", "geometry": {"type": "Polygon", "coordinates": [[[-70.9, -33.3], [-70.8, -33.3], [-70.8, -33.2], [-70.9, -33.2], [-70.9, -33.3]]]}, "properties": {"n_records": 495, "n_localities": 28, "n_observers": 282, "n_recent_10y": 482}}, {"type": "Feature", "geometry": {"type": "Polygon", "coordinates": [[[-70.9, -33.2], [-70.8, -33.2], [-70.8, -33.1], [-70.9, -33.1], [-70.9, -33.2]]]}, "properties": {"n_records": 101, "n_localities": 42, "n_observers": 80, "n_recent_10y": 100}}, {"type": "Feature", "geometry": {"type": "Polygon", "coordinates": [[[-70.9, -33.1], [-70.8, -33.1], [-70.8, -33.0], [-70.9, -33.0], [-70.9, -33.1]]]}, "properties": {"n_records": 24, "n_localities": 13, "n_observers": 20, "n_recent_10y": 21}}, {"type": "Feature", "geometry": {"type": "Polygon", "coordinates": [[[-70.9, -33.0], [-70.8, -33.0], [-70.8, -32.9], [-70.9, -32.9], [-70.9, -33.0]]]}, "properties": {"n_records": 65, "n_localities": 37, "n_observers": 48, "n_recent_10y": 61}}, {"type": "Feature", "geometry": {"type": "Polygon", "coordinates": [[[-70.9, -32.9], [-70.8, -32.9], [-70.8, -32.8], [-70.9, -32.8], [-70.9, -32.9]]]}, "properties": {"n_records": 72, "n_localities": 14, "n_observers": 43, "n_recent_10y": 54}}, {"type": "Feature", "geometry": {"type": "Polygon", "coordinates": [[[-70.9, -32.8], [-70.8, -32.8], [-70.8, -32.7], [-70.9, -32.7], [-70.9, -32.8]]]}, "properties": {"n_records": 1, "n_localities": 1, "n_observers": 1, "n_recent_10y": 1}}, {"type": "Feature", "geometry": {"type": "Polygon", "coordinates": [[[-70.9, -32.6], [-70.8, -32.6], [-70.8, -32.5], [-70.9, -32.5], [-70.9, -32.6]]]}, "properties": {"n_records": 2, "n_localities": 1, "n_observers": 2, "n_recent_10y": 2}}, {"type": "Feature", "geometry": {"type": "Polygon", "coordinates": [[[-70.9, -32.5], [-70.8, -32.5], [-70.8, -32.4], [-70.9, -32.4], [-70.9, -32.5]]]}, "properties": {"n_records": 3, "n_localities": 1, "n_observers": 3, "n_recent_10y": 3}}, {"type": "Feature", "geometry": {"type": "Polygon", "coordinates": [[[-70.9, -32.4], [-70.8, -32.4], [-70.8, -32.3], [-70.9, -32.3], [-70.9, -32.4]]]}, "properties": {"n_records": 3, "n_localities": 1, "n_observers": 3, "n_recent_10y": 3}}, {"type": "Feature", "geometry": {"type": "Polygon", "coordinates": [[[-70.9, -32.3], [-70.8, -32.3], [-70.8, -32.2], [-70.9, -32.2], [-70.9, -32.3]]]}, "properties": {"n_records": 3, "n_localities": 3, "n_observers": 3, "n_recent_10y": 3}}, {"type": "Feature", "geometry": {"type": "Polygon", "coordinates": [[[-70.9, -32.2], [-70.8, -32.2], [-70.8, -32.1], [-70.9, -32.1], [-70.9, -32.2]]]}, "properties": {"n_records": 1, "n_localities": 1, "n_observers": 1, "n_recent_10y": 1}}, {"type": "Feature", "geometry": {"type": "Polygon", "coordinates": [[[-70.9, -31.9], [-70.8, -31.9], [-70.8, -31.8], [-70.9, -31.8], [-70.9, -31.9]]]}, "properties": {"n_records": 4, "n_localities": 3, "n_observers": 2, "n_recent_10y": 4}}, {"type": "Feature", "geometry": {"type": "Polygon", "coordinates": [[[-70.9, -31.8], [-70.8, -31.8], [-70.8, -31.7], [-70.9, -31.7], [-70.9, -31.8]]]}, "properties": {"n_records": 2, "n_localities": 1, "n_observers": 2, "n_recent_10y": 2}}, {"type": "Feature", "geometry": {"type": "Polygon", "coordinates": [[[-70.9, -31.7], [-70.8, -31.7], [-70.8, -31.6], [-70.9, -31.6], [-70.9, -31.7]]]}, "properties": {"n_records": 9, "n_localities": 4, "n_observers": 6, "n_recent_10y": 9}}, {"type": "Feature", "geometry": {"type": "Polygon", "coordinates": [[[-70.9, -31.6], [-70.8, -31.6], [-70.8, -31.5], [-70.9, -31.5], [-70.9, -31.6]]]}, "properties": {"n_records": 4, "n_localities": 4, "n_observers": 3, "n_recent_10y": 3}}, {"type": "Feature", "geometry": {"type": "Polygon", "coordinates": [[[-70.9, -30.8], [-70.8, -30.8], [-70.8, -30.7], [-70.9, -30.7], [-70.9, -30.8]]]}, "properties": {"n_records": 1, "n_localities": 1, "n_observers": 1, "n_recent_10y": 1}}, {"type": "Feature", "geometry": {"type": "Polygon", "coordinates": [[[-70.9, -30.2], [-70.8, -30.2], [-70.8, -30.1], [-70.9, -30.1], [-70.9, -30.2]]]}, "properties": {"n_records": 6, "n_localities": 1, "n_observers": 4, "n_recent_10y": 3}}, {"type": "Feature", "geometry": {"type": "Polygon", "coordinates": [[[-70.9, -30.1], [-70.8, -30.1], [-70.8, -30.0], [-70.9, -30.0], [-70.9, -30.1]]]}, "properties": {"n_records": 14, "n_localities": 6, "n_observers": 12, "n_recent_10y": 10}}, {"type": "Feature", "geometry": {"type": "Polygon", "coordinates": [[[-70.9, -30.0], [-70.8, -30.0], [-70.8, -29.9], [-70.9, -29.9], [-70.9, -30.0]]]}, "properties": {"n_records": 1, "n_localities": 1, "n_observers": 1, "n_recent_10y": 1}}, {"type": "Feature", "geometry": {"type": "Polygon", "coordinates": [[[-70.9, -29.9], [-70.8, -29.9], [-70.8, -29.8], [-70.9, -29.8], [-70.9, -29.9]]]}, "properties": {"n_records": 4, "n_localities": 2, "n_observers": 3, "n_recent_10y": 2}}, {"type": "Feature", "geometry": {"type": "Polygon", "coordinates": [[[-70.9, -29.8], [-70.8, -29.8], [-70.8, -29.7], [-70.9, -29.7], [-70.9, -29.8]]]}, "properties": {"n_records": 2, "n_localities": 1, "n_observers": 2, "n_recent_10y": 2}}, {"type": "Feature", "geometry": {"type": "Polygon", "coordinates": [[[-70.9, -29.5], [-70.8, -29.5], [-70.8, -29.4], [-70.9, -29.4], [-70.9, -29.5]]]}, "properties": {"n_records": 22, "n_localities": 5, "n_observers": 10, "n_recent_10y": 22}}, {"type": "Feature", "geometry": {"type": "Polygon", "coordinates": [[[-70.9, -29.4], [-70.8, -29.4], [-70.8, -29.3], [-70.9, -29.3], [-70.9, -29.4]]]}, "properties": {"n_records": 8, "n_localities": 2, "n_observers": 6, "n_recent_10y": 3}}, {"type": "Feature", "geometry": {"type": "Polygon", "coordinates": [[[-70.9, -29.2], [-70.8, -29.2], [-70.8, -29.1], [-70.9, -29.1], [-70.9, -29.2]]]}, "properties": {"n_records": 2, "n_localities": 1, "n_observers": 1, "n_recent_10y": 2}}, {"type": "Feature", "geometry": {"type": "Polygon", "coordinates": [[[-70.9, -29.0], [-70.8, -29.0], [-70.8, -28.9], [-70.9, -28.9], [-70.9, -29.0]]]}, "properties": {"n_records": 2, "n_localities": 2, "n_observers": 1, "n_recent_10y": 2}}, {"type": "Feature", "geometry": {"type": "Polygon", "coordinates": [[[-70.9, -28.9], [-70.8, -28.9], [-70.8, -28.8], [-70.9, -28.8], [-70.9, -28.9]]]}, "properties": {"n_records": 2, "n_localities": 1, "n_observers": 2, "n_recent_10y": 2}}, {"type": "Feature", "geometry": {"type": "Polygon", "coordinates": [[[-70.9, -28.7], [-70.8, -28.7], [-70.8, -28.6], [-70.9, -28.6], [-70.9, -28.7]]]}, "properties": {"n_records": 3, "n_localities": 2, "n_observers": 3, "n_recent_10y": 3}}, {"type": "Feature", "geometry": {"type": "Polygon", "coordinates": [[[-70.9, -28.6], [-70.8, -28.6], [-70.8, -28.5], [-70.9, -28.5], [-70.9, -28.6]]]}, "properties": {"n_records": 1, "n_localities": 1, "n_observers": 1, "n_recent_10y": 1}}, {"type": "Feature", "geometry": {"type": "Polygon", "coordinates": [[[-70.9, -27.2], [-70.8, -27.2], [-70.8, -27.1], [-70.9, -27.1], [-70.9, -27.2]]]}, "properties": {"n_records": 6, "n_localities": 1, "n_observers": 6, "n_recent_10y": 6}}, {"type": "Feature", "geometry": {"type": "Polygon", "coordinates": [[[-70.8, -54.9], [-70.7, -54.9], [-70.7, -54.8], [-70.8, -54.8], [-70.8, -54.9]]]}, "properties": {"n_records": 1, "n_localities": 1, "n_observers": 1, "n_recent_10y": 1}}, {"type": "Feature", "geometry": {"type": "Polygon", "coordinates": [[[-70.8, -54.5], [-70.7, -54.5], [-70.7, -54.4], [-70.8, -54.4], [-70.8, -54.5]]]}, "properties": {"n_records": 4, "n_localities": 4, "n_observers": 4, "n_recent_10y": 4}}, {"type": "Feature", "geometry": {"type": "Polygon", "coordinates": [[[-70.8, -52.7], [-70.7, -52.7], [-70.7, -52.6], [-70.8, -52.6], [-70.8, -52.7]]]}, "properties": {"n_records": 2, "n_localities": 2, "n_observers": 2, "n_recent_10y": 2}}, {"type": "Feature", "geometry": {"type": "Polygon", "coordinates": [[[-70.8, -52.6], [-70.7, -52.6], [-70.7, -52.5], [-70.8, -52.5], [-70.8, -52.6]]]}, "properties": {"n_records": 8, "n_localities": 6, "n_observers": 6, "n_recent_10y": 8}}, {"type": "Feature", "geometry": {"type": "Polygon", "coordinates": [[[-70.8, -35.9], [-70.7, -35.9], [-70.7, -35.8], [-70.8, -35.8], [-70.8, -35.9]]]}, "properties": {"n_records": 35, "n_localities": 12, "n_observers": 29, "n_recent_10y": 29}}, {"type": "Feature", "geometry": {"type": "Polygon", "coordinates": [[[-70.8, -35.2], [-70.7, -35.2], [-70.7, -35.1], [-70.8, -35.1], [-70.8, -35.2]]]}, "properties": {"n_records": 2, "n_localities": 1, "n_observers": 1, "n_recent_10y": 2}}, {"type": "Feature", "geometry": {"type": "Polygon", "coordinates": [[[-70.8, -35.1], [-70.7, -35.1], [-70.7, -35.0], [-70.8, -35.0], [-70.8, -35.1]]]}, "properties": {"n_records": 9, "n_localities": 8, "n_observers": 9, "n_recent_10y": 7}}, {"type": "Feature", "geometry": {"type": "Polygon", "coordinates": [[[-70.8, -35.0], [-70.7, -35.0], [-70.7, -34.9], [-70.8, -34.9], [-70.8, -35.0]]]}, "properties": {"n_records": 13, "n_localities": 5, "n_observers": 7, "n_recent_10y": 13}}, {"type": "Feature", "geometry": {"type": "Polygon", "coordinates": [[[-70.8, -34.9], [-70.7, -34.9], [-70.7, -34.8], [-70.8, -34.8], [-70.8, -34.9]]]}, "properties": {"n_records": 2, "n_localities": 2, "n_observers": 2, "n_recent_10y": 2}}, {"type": "Feature", "geometry": {"type": "Polygon", "coordinates": [[[-70.8, -34.8], [-70.7, -34.8], [-70.7, -34.7], [-70.8, -34.7], [-70.8, -34.8]]]}, "properties": {"n_records": 10, "n_localities": 7, "n_observers": 9, "n_recent_10y": 7}}, {"type": "Feature", "geometry": {"type": "Polygon", "coordinates": [[[-70.8, -34.7], [-70.7, -34.7], [-70.7, -34.6], [-70.8, -34.6], [-70.8, -34.7]]]}, "properties": {"n_records": 9, "n_localities": 3, "n_observers": 4, "n_recent_10y": 9}}, {"type": "Feature", "geometry": {"type": "Polygon", "coordinates": [[[-70.8, -34.5], [-70.7, -34.5], [-70.7, -34.4], [-70.8, -34.4], [-70.8, -34.5]]]}, "properties": {"n_records": 8, "n_localities": 7, "n_observers": 4, "n_recent_10y": 6}}, {"type": "Feature", "geometry": {"type": "Polygon", "coordinates": [[[-70.8, -34.4], [-70.7, -34.4], [-70.7, -34.3], [-70.8, -34.3], [-70.8, -34.4]]]}, "properties": {"n_records": 9, "n_localities": 4, "n_observers": 6, "n_recent_10y": 9}}, {"type": "Feature", "geometry": {"type": "Polygon", "coordinates": [[[-70.8, -34.3], [-70.7, -34.3], [-70.7, -34.2], [-70.8, -34.2], [-70.8, -34.3]]]}, "properties": {"n_records": 8, "n_localities": 6, "n_observers": 8, "n_recent_10y": 8}}, {"type": "Feature", "geometry": {"type": "Polygon", "coordinates": [[[-70.8, -34.2], [-70.7, -34.2], [-70.7, -34.1], [-70.8, -34.1], [-70.8, -34.2]]]}, "properties": {"n_records": 11, "n_localities": 3, "n_observers": 2, "n_recent_10y": 11}}, {"type": "Feature", "geometry": {"type": "Polygon", "coordinates": [[[-70.8, -34.1], [-70.7, -34.1], [-70.7, -34.0], [-70.8, -34.0], [-70.8, -34.1]]]}, "properties": {"n_records": 2, "n_localities": 2, "n_observers": 2, "n_recent_10y": 2}}, {"type": "Feature", "geometry": {"type": "Polygon", "coordinates": [[[-70.8, -34.0], [-70.7, -34.0], [-70.7, -33.9], [-70.8, -33.9], [-70.8, -34.0]]]}, "properties": {"n_records": 9, "n_localities": 6, "n_observers": 7, "n_recent_10y": 9}}, {"type": "Feature", "geometry": {"type": "Polygon", "coordinates": [[[-70.8, -33.9], [-70.7, -33.9], [-70.7, -33.8], [-70.8, -33.8], [-70.8, -33.9]]]}, "properties": {"n_records": 3, "n_localities": 3, "n_observers": 3, "n_recent_10y": 3}}, {"type": "Feature", "geometry": {"type": "Polygon", "coordinates": [[[-70.8, -33.8], [-70.7, -33.8], [-70.7, -33.7], [-70.8, -33.7], [-70.8, -33.8]]]}, "properties": {"n_records": 53, "n_localities": 12, "n_observers": 13, "n_recent_10y": 53}}, {"type": "Feature", "geometry": {"type": "Polygon", "coordinates": [[[-70.8, -33.7], [-70.7, -33.7], [-70.7, -33.6], [-70.8, -33.6], [-70.8, -33.7]]]}, "properties": {"n_records": 30, "n_localities": 17, "n_observers": 27, "n_recent_10y": 30}}, {"type": "Feature", "geometry": {"type": "Polygon", "coordinates": [[[-70.8, -33.6], [-70.7, -33.6], [-70.7, -33.5], [-70.8, -33.5], [-70.8, -33.6]]]}, "properties": {"n_records": 14, "n_localities": 4, "n_observers": 11, "n_recent_10y": 14}}, {"type": "Feature", "geometry": {"type": "Polygon", "coordinates": [[[-70.8, -33.5], [-70.7, -33.5], [-70.7, -33.4], [-70.8, -33.4], [-70.8, -33.5]]]}, "properties": {"n_records": 29, "n_localities": 15, "n_observers": 27, "n_recent_10y": 29}}, {"type": "Feature", "geometry": {"type": "Polygon", "coordinates": [[[-70.8, -33.4], [-70.7, -33.4], [-70.7, -33.3], [-70.8, -33.3], [-70.8, -33.4]]]}, "properties": {"n_records": 226, "n_localities": 30, "n_observers": 108, "n_recent_10y": 226}}, {"type": "Feature", "geometry": {"type": "Polygon", "coordinates": [[[-70.8, -33.3], [-70.7, -33.3], [-70.7, -33.2], [-70.8, -33.2], [-70.8, -33.3]]]}, "properties": {"n_records": 21, "n_localities": 6, "n_observers": 21, "n_recent_10y": 21}}, {"type": "Feature", "geometry": {"type": "Polygon", "coordinates": [[[-70.8, -33.2], [-70.7, -33.2], [-70.7, -33.1], [-70.8, -33.1], [-70.8, -33.2]]]}, "properties": {"n_records": 20, "n_localities": 12, "n_observers": 14, "n_recent_10y": 19}}, {"type": "Feature", "geometry": {"type": "Polygon", "coordinates": [[[-70.8, -33.1], [-70.7, -33.1], [-70.7, -33.0], [-70.8, -33.0], [-70.8, -33.1]]]}, "properties": {"n_records": 10, "n_localities": 4, "n_observers": 8, "n_recent_10y": 6}}, {"type": "Feature", "geometry": {"type": "Polygon", "coordinates": [[[-70.8, -33.0], [-70.7, -33.0], [-70.7, -32.9], [-70.8, -32.9], [-70.8, -33.0]]]}, "properties": {"n_records": 87, "n_localities": 17, "n_observers": 52, "n_recent_10y": 65}}, {"type": "Feature", "geometry": {"type": "Polygon", "coordinates": [[[-70.8, -32.9], [-70.7, -32.9], [-70.7, -32.8], [-70.8, -32.8], [-70.8, -32.9]]]}, "properties": {"n_records": 4, "n_localities": 2, "n_observers": 3, "n_recent_10y": 4}}, {"type": "Feature", "geometry": {"type": "Polygon", "coordinates": [[[-70.8, -32.8], [-70.7, -32.8], [-70.7, -32.7], [-70.8, -32.7], [-70.8, -32.8]]]}, "properties": {"n_records": 59, "n_localities": 6, "n_observers": 25, "n_recent_10y": 59}}, {"type": "Feature", "geometry": {"type": "Polygon", "coordinates": [[[-70.8, -32.7], [-70.7, -32.7], [-70.7, -32.6], [-70.8, -32.6], [-70.8, -32.7]]]}, "properties": {"n_records": 3, "n_localities": 3, "n_observers": 3, "n_recent_10y": 3}}, {"type": "Feature", "geometry": {"type": "Polygon", "coordinates": [[[-70.8, -32.6], [-70.7, -32.6], [-70.7, -32.5], [-70.8, -32.5], [-70.8, -32.6]]]}, "properties": {"n_records": 2, "n_localities": 2, "n_observers": 2, "n_recent_10y": 1}}, {"type": "Feature", "geometry": {"type": "Polygon", "coordinates": [[[-70.8, -32.4], [-70.7, -32.4], [-70.7, -32.3], [-70.8, -32.3], [-70.8, -32.4]]]}, "properties": {"n_records": 9, "n_localities": 4, "n_observers": 8, "n_recent_10y": 2}}, {"type": "Feature", "geometry": {"type": "Polygon", "coordinates": [[[-70.8, -32.2], [-70.7, -32.2], [-70.7, -32.1], [-70.8, -32.1], [-70.8, -32.2]]]}, "properties": {"n_records": 33, "n_localities": 5, "n_observers": 6, "n_recent_10y": 2}}, {"type": "Feature", "geometry": {"type": "Polygon", "coordinates": [[[-70.8, -32.0], [-70.7, -32.0], [-70.7, -31.9], [-70.8, -31.9], [-70.8, -32.0]]]}, "properties": {"n_records": 3, "n_localities": 2, "n_observers": 3, "n_recent_10y": 3}}, {"type": "Feature", "geometry": {"type": "Polygon", "coordinates": [[[-70.8, -31.6], [-70.7, -31.6], [-70.7, -31.5], [-70.8, -31.5], [-70.8, -31.6]]]}, "properties": {"n_records": 3, "n_localities": 1, "n_observers": 3, "n_recent_10y": 3}}, {"type": "Feature", "geometry": {"type": "Polygon", "coordinates": [[[-70.8, -31.5], [-70.7, -31.5], [-70.7, -31.4], [-70.8, -31.4], [-70.8, -31.5]]]}, "properties": {"n_records": 1, "n_localities": 1, "n_observers": 1, "n_recent_10y": 1}}, {"type": "Feature", "geometry": {"type": "Polygon", "coordinates": [[[-70.8, -30.4], [-70.7, -30.4], [-70.7, -30.3], [-70.8, -30.3], [-70.8, -30.4]]]}, "properties": {"n_records": 2, "n_localities": 1, "n_observers": 2, "n_recent_10y": 0}}, {"type": "Feature", "geometry": {"type": "Polygon", "coordinates": [[[-70.8, -30.3], [-70.7, -30.3], [-70.7, -30.2], [-70.8, -30.2], [-70.8, -30.3]]]}, "properties": {"n_records": 8, "n_localities": 3, "n_observers": 4, "n_recent_10y": 1}}, {"type": "Feature", "geometry": {"type": "Polygon", "coordinates": [[[-70.8, -30.1], [-70.7, -30.1], [-70.7, -30.0], [-70.8, -30.0], [-70.8, -30.1]]]}, "properties": {"n_records": 1, "n_localities": 1, "n_observers": 1, "n_recent_10y": 1}}, {"type": "Feature", "geometry": {"type": "Polygon", "coordinates": [[[-70.8, -29.9], [-70.7, -29.9], [-70.7, -29.8], [-70.8, -29.8], [-70.8, -29.9]]]}, "properties": {"n_records": 3, "n_localities": 1, "n_observers": 2, "n_recent_10y": 3}}, {"type": "Feature", "geometry": {"type": "Polygon", "coordinates": [[[-70.8, -29.5], [-70.7, -29.5], [-70.7, -29.4], [-70.8, -29.4], [-70.8, -29.5]]]}, "properties": {"n_records": 14, "n_localities": 6, "n_observers": 7, "n_recent_10y": 13}}, {"type": "Feature", "geometry": {"type": "Polygon", "coordinates": [[[-70.8, -29.3], [-70.7, -29.3], [-70.7, -29.2], [-70.8, -29.2], [-70.8, -29.3]]]}, "properties": {"n_records": 35, "n_localities": 2, "n_observers": 6, "n_recent_10y": 35}}, {"type": "Feature", "geometry": {"type": "Polygon", "coordinates": [[[-70.8, -29.1], [-70.7, -29.1], [-70.7, -29.0], [-70.8, -29.0], [-70.8, -29.1]]]}, "properties": {"n_records": 1, "n_localities": 1, "n_observers": 1, "n_recent_10y": 0}}, {"type": "Feature", "geometry": {"type": "Polygon", "coordinates": [[[-70.7, -54.7], [-70.6, -54.7], [-70.6, -54.6], [-70.7, -54.6], [-70.7, -54.7]]]}, "properties": {"n_records": 1, "n_localities": 1, "n_observers": 1, "n_recent_10y": 1}}, {"type": "Feature", "geometry": {"type": "Polygon", "coordinates": [[[-70.7, -53.3], [-70.6, -53.3], [-70.6, -53.2], [-70.7, -53.2], [-70.7, -53.3]]]}, "properties": {"n_records": 4, "n_localities": 3, "n_observers": 3, "n_recent_10y": 3}}, {"type": "Feature", "geometry": {"type": "Polygon", "coordinates": [[[-70.7, -52.2], [-70.6, -52.2], [-70.6, -52.1], [-70.7, -52.1], [-70.7, -52.2]]]}, "properties": {"n_records": 1, "n_localities": 1, "n_observers": 1, "n_recent_10y": 1}}, {"type": "Feature", "geometry": {"type": "Polygon", "coordinates": [[[-70.7, -36.2], [-70.6, -36.2], [-70.6, -36.1], [-70.7, -36.1], [-70.7, -36.2]]]}, "properties": {"n_records": 4, "n_localities": 1, "n_observers": 2, "n_recent_10y": 4}}, {"type": "Feature", "geometry": {"type": "Polygon", "coordinates": [[[-70.7, -36.0], [-70.6, -36.0], [-70.6, -35.9], [-70.7, -35.9], [-70.7, -36.0]]]}, "properties": {"n_records": 68, "n_localities": 11, "n_observers": 48, "n_recent_10y": 60}}, {"type": "Feature", "geometry": {"type": "Polygon", "coordinates": [[[-70.7, -35.9], [-70.6, -35.9], [-70.6, -35.8], [-70.7, -35.8], [-70.7, -35.9]]]}, "properties": {"n_records": 15, "n_localities": 4, "n_observers": 14, "n_recent_10y": 7}}, {"type": "Feature", "geometry": {"type": "Polygon", "coordinates": [[[-70.7, -35.1], [-70.6, -35.1], [-70.6, -35.0], [-70.7, -35.0], [-70.7, -35.1]]]}, "properties": {"n_records": 22, "n_localities": 10, "n_observers": 10, "n_recent_10y": 19}}, {"type": "Feature", "geometry": {"type": "Polygon", "coordinates": [[[-70.7, -35.0], [-70.6, -35.0], [-70.6, -34.9], [-70.7, -34.9], [-70.7, -35.0]]]}, "properties": {"n_records": 3, "n_localities": 2, "n_observers": 3, "n_recent_10y": 3}}, {"type": "Feature", "geometry": {"type": "Polygon", "coordinates": [[[-70.7, -34.9], [-70.6, -34.9], [-70.6, -34.8], [-70.7, -34.8], [-70.7, -34.9]]]}, "properties": {"n_records": 45, "n_localities": 7, "n_observers": 25, "n_recent_10y": 44}}, {"type": "Feature", "geometry": {"type": "Polygon", "coordinates": [[[-70.7, -34.8], [-70.6, -34.8], [-70.6, -34.7], [-70.7, -34.7], [-70.7, -34.8]]]}, "properties": {"n_records": 5, "n_localities": 2, "n_observers": 5, "n_recent_10y": 5}}, {"type": "Feature", "geometry": {"type": "Polygon", "coordinates": [[[-70.7, -34.6], [-70.6, -34.6], [-70.6, -34.5], [-70.7, -34.5], [-70.7, -34.6]]]}, "properties": {"n_records": 4, "n_localities": 3, "n_observers": 1, "n_recent_10y": 4}}, {"type": "Feature", "geometry": {"type": "Polygon", "coordinates": [[[-70.7, -34.3], [-70.6, -34.3], [-70.6, -34.2], [-70.7, -34.2], [-70.7, -34.3]]]}, "properties": {"n_records": 8, "n_localities": 6, "n_observers": 7, "n_recent_10y": 8}}, {"type": "Feature", "geometry": {"type": "Polygon", "coordinates": [[[-70.7, -34.2], [-70.6, -34.2], [-70.6, -34.1], [-70.7, -34.1], [-70.7, -34.2]]]}, "properties": {"n_records": 8, "n_localities": 6, "n_observers": 5, "n_recent_10y": 8}}, {"type": "Feature", "geometry": {"type": "Polygon", "coordinates": [[[-70.7, -34.1], [-70.6, -34.1], [-70.6, -34.0], [-70.7, -34.0], [-70.7, -34.1]]]}, "properties": {"n_records": 12, "n_localities": 7, "n_observers": 7, "n_recent_10y": 12}}, {"type": "Feature", "geometry": {"type": "Polygon", "coordinates": [[[-70.7, -34.0], [-70.6, -34.0], [-70.6, -33.9], [-70.7, -33.9], [-70.7, -34.0]]]}, "properties": {"n_records": 19, "n_localities": 9, "n_observers": 8, "n_recent_10y": 19}}, {"type": "Feature", "geometry": {"type": "Polygon", "coordinates": [[[-70.7, -33.9], [-70.6, -33.9], [-70.6, -33.8], [-70.7, -33.8], [-70.7, -33.9]]]}, "properties": {"n_records": 5, "n_localities": 3, "n_observers": 5, "n_recent_10y": 5}}, {"type": "Feature", "geometry": {"type": "Polygon", "coordinates": [[[-70.7, -33.8], [-70.6, -33.8], [-70.6, -33.7], [-70.7, -33.7], [-70.7, -33.8]]]}, "properties": {"n_records": 8, "n_localities": 6, "n_observers": 6, "n_recent_10y": 8}}, {"type": "Feature", "geometry": {"type": "Polygon", "coordinates": [[[-70.7, -33.7], [-70.6, -33.7], [-70.6, -33.6], [-70.7, -33.6], [-70.7, -33.7]]]}, "properties": {"n_records": 24, "n_localities": 16, "n_observers": 16, "n_recent_10y": 23}}, {"type": "Feature", "geometry": {"type": "Polygon", "coordinates": [[[-70.7, -33.5], [-70.6, -33.5], [-70.6, -33.4], [-70.7, -33.4], [-70.7, -33.5]]]}, "properties": {"n_records": 31, "n_localities": 14, "n_observers": 29, "n_recent_10y": 31}}, {"type": "Feature", "geometry": {"type": "Polygon", "coordinates": [[[-70.7, -33.4], [-70.6, -33.4], [-70.6, -33.3], [-70.7, -33.3], [-70.7, -33.4]]]}, "properties": {"n_records": 151, "n_localities": 74, "n_observers": 82, "n_recent_10y": 148}}, {"type": "Feature", "geometry": {"type": "Polygon", "coordinates": [[[-70.7, -33.3], [-70.6, -33.3], [-70.6, -33.2], [-70.7, -33.2], [-70.7, -33.3]]]}, "properties": {"n_records": 48, "n_localities": 28, "n_observers": 28, "n_recent_10y": 47}}, {"type": "Feature", "geometry": {"type": "Polygon", "coordinates": [[[-70.7, -33.2], [-70.6, -33.2], [-70.6, -33.1], [-70.7, -33.1], [-70.7, -33.2]]]}, "properties": {"n_records": 15, "n_localities": 10, "n_observers": 11, "n_recent_10y": 15}}, {"type": "Feature", "geometry": {"type": "Polygon", "coordinates": [[[-70.7, -33.1], [-70.6, -33.1], [-70.6, -33.0], [-70.7, -33.0], [-70.7, -33.1]]]}, "properties": {"n_records": 18, "n_localities": 11, "n_observers": 10, "n_recent_10y": 18}}, {"type": "Feature", "geometry": {"type": "Polygon", "coordinates": [[[-70.7, -33.0], [-70.6, -33.0], [-70.6, -32.9], [-70.7, -32.9], [-70.7, -33.0]]]}, "properties": {"n_records": 100, "n_localities": 22, "n_observers": 56, "n_recent_10y": 65}}, {"type": "Feature", "geometry": {"type": "Polygon", "coordinates": [[[-70.7, -32.9], [-70.6, -32.9], [-70.6, -32.8], [-70.7, -32.8], [-70.7, -32.9]]]}, "properties": {"n_records": 12, "n_localities": 8, "n_observers": 7, "n_recent_10y": 11}}, {"type": "Feature", "geometry": {"type": "Polygon", "coordinates": [[[-70.7, -32.7], [-70.6, -32.7], [-70.6, -32.6], [-70.7, -32.6], [-70.7, -32.7]]]}, "properties": {"n_records": 1, "n_localities": 1, "n_observers": 1, "n_recent_10y": 1}}, {"type": "Feature", "geometry": {"type": "Polygon", "coordinates": [[[-70.7, -32.5], [-70.6, -32.5], [-70.6, -32.4], [-70.7, -32.4], [-70.7, -32.5]]]}, "properties": {"n_records": 9, "n_localities": 5, "n_observers": 9, "n_recent_10y": 2}}, {"type": "Feature", "geometry": {"type": "Polygon", "coordinates": [[[-70.7, -32.4], [-70.6, -32.4], [-70.6, -32.3], [-70.7, -32.3], [-70.7, -32.4]]]}, "properties": {"n_records": 6, "n_localities": 1, "n_observers": 6, "n_recent_10y": 0}}, {"type": "Feature", "geometry": {"type": "Polygon", "coordinates": [[[-70.7, -32.1], [-70.6, -32.1], [-70.6, -32.0], [-70.7, -32.0], [-70.7, -32.1]]]}, "properties": {"n_records": 1, "n_localities": 1, "n_observers": 1, "n_recent_10y": 1}}, {"type": "Feature", "geometry": {"type": "Polygon", "coordinates": [[[-70.7, -31.9], [-70.6, -31.9], [-70.6, -31.8], [-70.7, -31.8], [-70.7, -31.9]]]}, "properties": {"n_records": 4, "n_localities": 3, "n_observers": 4, "n_recent_10y": 4}}, {"type": "Feature", "geometry": {"type": "Polygon", "coordinates": [[[-70.7, -31.7], [-70.6, -31.7], [-70.6, -31.6], [-70.7, -31.6], [-70.7, -31.7]]]}, "properties": {"n_records": 2, "n_localities": 1, "n_observers": 2, "n_recent_10y": 2}}, {"type": "Feature", "geometry": {"type": "Polygon", "coordinates": [[[-70.7, -31.5], [-70.6, -31.5], [-70.6, -31.4], [-70.7, -31.4], [-70.7, -31.5]]]}, "properties": {"n_records": 7, "n_localities": 1, "n_observers": 7, "n_recent_10y": 7}}, {"type": "Feature", "geometry": {"type": "Polygon", "coordinates": [[[-70.7, -30.6], [-70.6, -30.6], [-70.6, -30.5], [-70.7, -30.5], [-70.7, -30.6]]]}, "properties": {"n_records": 2, "n_localities": 1, "n_observers": 2, "n_recent_10y": 2}}, {"type": "Feature", "geometry": {"type": "Polygon", "coordinates": [[[-70.7, -30.3], [-70.6, -30.3], [-70.6, -30.2], [-70.7, -30.2], [-70.7, -30.3]]]}, "properties": {"n_records": 2, "n_localities": 2, "n_observers": 2, "n_recent_10y": 0}}, {"type": "Feature", "geometry": {"type": "Polygon", "coordinates": [[[-70.7, -30.2], [-70.6, -30.2], [-70.6, -30.1], [-70.7, -30.1], [-70.7, -30.2]]]}, "properties": {"n_records": 1, "n_localities": 1, "n_observers": 1, "n_recent_10y": 0}}, {"type": "Feature", "geometry": {"type": "Polygon", "coordinates": [[[-70.7, -30.1], [-70.6, -30.1], [-70.6, -30.0], [-70.7, -30.0], [-70.7, -30.1]]]}, "properties": {"n_records": 1, "n_localities": 1, "n_observers": 1, "n_recent_10y": 1}}, {"type": "Feature", "geometry": {"type": "Polygon", "coordinates": [[[-70.7, -29.8], [-70.6, -29.8], [-70.6, -29.7], [-70.7, -29.7], [-70.7, -29.8]]]}, "properties": {"n_records": 8, "n_localities": 3, "n_observers": 2, "n_recent_10y": 8}}, {"type": "Feature", "geometry": {"type": "Polygon", "coordinates": [[[-70.7, -29.5], [-70.6, -29.5], [-70.6, -29.4], [-70.7, -29.4], [-70.7, -29.5]]]}, "properties": {"n_records": 9, "n_localities": 4, "n_observers": 6, "n_recent_10y": 6}}, {"type": "Feature", "geometry": {"type": "Polygon", "coordinates": [[[-70.7, -29.1], [-70.6, -29.1], [-70.6, -29.0], [-70.7, -29.0], [-70.7, -29.1]]]}, "properties": {"n_records": 3, "n_localities": 3, "n_observers": 3, "n_recent_10y": 2}}, {"type": "Feature", "geometry": {"type": "Polygon", "coordinates": [[[-70.7, -28.8], [-70.6, -28.8], [-70.6, -28.7], [-70.7, -28.7], [-70.7, -28.8]]]}, "properties": {"n_records": 1, "n_localities": 1, "n_observers": 1, "n_recent_10y": 1}}, {"type": "Feature", "geometry": {"type": "Polygon", "coordinates": [[[-70.6, -54.5], [-70.5, -54.5], [-70.5, -54.4], [-70.6, -54.4], [-70.6, -54.5]]]}, "properties": {"n_records": 1, "n_localities": 1, "n_observers": 1, "n_recent_10y": 0}}, {"type": "Feature", "geometry": {"type": "Polygon", "coordinates": [[[-70.6, -54.3], [-70.5, -54.3], [-70.5, -54.2], [-70.6, -54.2], [-70.6, -54.3]]]}, "properties": {"n_records": 5, "n_localities": 3, "n_observers": 4, "n_recent_10y": 5}}, {"type": "Feature", "geometry": {"type": "Polygon", "coordinates": [[[-70.6, -53.0], [-70.5, -53.0], [-70.5, -52.9], [-70.6, -52.9], [-70.6, -53.0]]]}, "properties": {"n_records": 3, "n_localities": 3, "n_observers": 3, "n_recent_10y": 3}}, {"type": "Feature", "geometry": {"type": "Polygon", "coordinates": [[[-70.6, -52.9], [-70.5, -52.9], [-70.5, -52.8], [-70.6, -52.8], [-70.6, -52.9]]]}, "properties": {"n_records": 1, "n_localities": 1, "n_observers": 1, "n_recent_10y": 1}}, {"type": "Feature", "geometry": {"type": "Polygon", "coordinates": [[[-70.6, -52.6], [-70.5, -52.6], [-70.5, -52.5], [-70.6, -52.5], [-70.6, -52.6]]]}, "properties": {"n_records": 2, "n_localities": 1, "n_observers": 2, "n_recent_10y": 2}}, {"type": "Feature", "geometry": {"type": "Polygon", "coordinates": [[[-70.6, -52.4], [-70.5, -52.4], [-70.5, -52.3], [-70.6, -52.3], [-70.6, -52.4]]]}, "properties": {"n_records": 2, "n_localities": 2, "n_observers": 2, "n_recent_10y": 0}}, {"type": "Feature", "geometry": {"type": "Polygon", "coordinates": [[[-70.6, -52.2], [-70.5, -52.2], [-70.5, -52.1], [-70.6, -52.1], [-70.6, -52.2]]]}, "properties": {"n_records": 4, "n_localities": 1, "n_observers": 4, "n_recent_10y": 3}}, {"type": "Feature", "geometry": {"type": "Polygon", "coordinates": [[[-70.6, -36.1], [-70.5, -36.1], [-70.5, -36.0], [-70.6, -36.0], [-70.6, -36.1]]]}, "properties": {"n_records": 83, "n_localities": 17, "n_observers": 65, "n_recent_10y": 73}}, {"type": "Feature", "geometry": {"type": "Polygon", "coordinates": [[[-70.6, -36.0], [-70.5, -36.0], [-70.5, -35.9], [-70.6, -35.9], [-70.6, -36.0]]]}, "properties": {"n_records": 282, "n_localities": 21, "n_observers": 187, "n_recent_10y": 261}}, {"type": "Feature", "geometry": {"type": "Polygon", "coordinates": [[[-70.6, -35.3], [-70.5, -35.3], [-70.5, -35.2], [-70.6, -35.2], [-70.6, -35.3]]]}, "properties": {"n_records": 1, "n_localities": 1, "n_observers": 1, "n_recent_10y": 1}}, {"type": "Feature", "geometry": {"type": "Polygon", "coordinates": [[[-70.6, -35.2], [-70.5, -35.2], [-70.5, -35.1], [-70.6, -35.1], [-70.6, -35.2]]]}, "properties": {"n_records": 14, "n_localities": 6, "n_observers": 11, "n_recent_10y": 12}}, {"type": "Feature", "geometry": {"type": "Polygon", "coordinates": [[[-70.6, -35.1], [-70.5, -35.1], [-70.5, -35.0], [-70.6, -35.0], [-70.6, -35.1]]]}, "properties": {"n_records": 15, "n_localities": 6, "n_observers": 10, "n_recent_10y": 15}}, {"type": "Feature", "geometry": {"type": "Polygon", "coordinates": [[[-70.6, -35.0], [-70.5, -35.0], [-70.5, -34.9], [-70.6, -34.9], [-70.6, -35.0]]]}, "properties": {"n_records": 5, "n_localities": 1, "n_observers": 5, "n_recent_10y": 3}}, {"type": "Feature", "geometry": {"type": "Polygon", "coordinates": [[[-70.6, -34.9], [-70.5, -34.9], [-70.5, -34.8], [-70.6, -34.8], [-70.6, -34.9]]]}, "properties": {"n_records": 4, "n_localities": 1, "n_observers": 4, "n_recent_10y": 4}}, {"type": "Feature", "geometry": {"type": "Polygon", "coordinates": [[[-70.6, -34.6], [-70.5, -34.6], [-70.5, -34.5], [-70.6, -34.5], [-70.6, -34.6]]]}, "properties": {"n_records": 2, "n_localities": 2, "n_observers": 1, "n_recent_10y": 2}}, {"type": "Feature", "geometry": {"type": "Polygon", "coordinates": [[[-70.6, -34.3], [-70.5, -34.3], [-70.5, -34.2], [-70.6, -34.2], [-70.6, -34.3]]]}, "properties": {"n_records": 25, "n_localities": 14, "n_observers": 22, "n_recent_10y": 18}}, {"type": "Feature", "geometry": {"type": "Polygon", "coordinates": [[[-70.6, -34.2], [-70.5, -34.2], [-70.5, -34.1], [-70.6, -34.1], [-70.6, -34.2]]]}, "properties": {"n_records": 1, "n_localities": 1, "n_observers": 1, "n_recent_10y": 1}}, {"type": "Feature", "geometry": {"type": "Polygon", "coordinates": [[[-70.6, -34.1], [-70.5, -34.1], [-70.5, -34.0], [-70.6, -34.0], [-70.6, -34.1]]]}, "properties": {"n_records": 42, "n_localities": 6, "n_observers": 4, "n_recent_10y": 42}}, {"type": "Feature", "geometry": {"type": "Polygon", "coordinates": [[[-70.6, -34.0], [-70.5, -34.0], [-70.5, -33.9], [-70.6, -33.9], [-70.6, -34.0]]]}, "properties": {"n_records": 5, "n_localities": 3, "n_observers": 4, "n_recent_10y": 1}}, {"type": "Feature", "geometry": {"type": "Polygon", "coordinates": [[[-70.6, -33.9], [-70.5, -33.9], [-70.5, -33.8], [-70.6, -33.8], [-70.6, -33.9]]]}, "properties": {"n_records": 2, "n_localities": 2, "n_observers": 2, "n_recent_10y": 2}}, {"type": "Feature", "geometry": {"type": "Polygon", "coordinates": [[[-70.6, -33.8], [-70.5, -33.8], [-70.5, -33.7], [-70.6, -33.7], [-70.6, -33.8]]]}, "properties": {"n_records": 31, "n_localities": 18, "n_observers": 15, "n_recent_10y": 31}}, {"type": "Feature", "geometry": {"type": "Polygon", "coordinates": [[[-70.6, -33.7], [-70.5, -33.7], [-70.5, -33.6], [-70.6, -33.6], [-70.6, -33.7]]]}, "properties": {"n_records": 17, "n_localities": 11, "n_observers": 15, "n_recent_10y": 17}}, {"type": "Feature", "geometry": {"type": "Polygon", "coordinates": [[[-70.6, -33.6], [-70.5, -33.6], [-70.5, -33.5], [-70.6, -33.5], [-70.6, -33.6]]]}, "properties": {"n_records": 199, "n_localities": 28, "n_observers": 122, "n_recent_10y": 179}}, {"type": "Feature", "geometry": {"type": "Polygon", "coordinates": [[[-70.6, -33.5], [-70.5, -33.5], [-70.5, -33.4], [-70.6, -33.4], [-70.6, -33.5]]]}, "properties": {"n_records": 438, "n_localities": 56, "n_observers": 230, "n_recent_10y": 402}}, {"type": "Feature", "geometry": {"type": "Polygon", "coordinates": [[[-70.6, -33.4], [-70.5, -33.4], [-70.5, -33.3], [-70.6, -33.3], [-70.6, -33.4]]]}, "properties": {"n_records": 572, "n_localities": 106, "n_observers": 197, "n_recent_10y": 556}}, {"type": "Feature", "geometry": {"type": "Polygon", "coordinates": [[[-70.6, -33.3], [-70.5, -33.3], [-70.5, -33.2], [-70.6, -33.2], [-70.6, -33.3]]]}, "properties": {"n_records": 15, "n_localities": 12, "n_observers": 13, "n_recent_10y": 11}}, {"type": "Feature", "geometry": {"type": "Polygon", "coordinates": [[[-70.6, -33.2], [-70.5, -33.2], [-70.5, -33.1], [-70.6, -33.1], [-70.6, -33.2]]]}, "properties": {"n_records": 11, "n_localities": 6, "n_observers": 6, "n_recent_10y": 9}}, {"type": "Feature", "geometry": {"type": "Polygon", "coordinates": [[[-70.6, -33.1], [-70.5, -33.1], [-70.5, -33.0], [-70.6, -33.0], [-70.6, -33.1]]]}, "properties": {"n_records": 1, "n_localities": 1, "n_observers": 1, "n_recent_10y": 1}}, {"type": "Feature", "geometry": {"type": "Polygon", "coordinates": [[[-70.6, -32.9], [-70.5, -32.9], [-70.5, -32.8], [-70.6, -32.8], [-70.6, -32.9]]]}, "properties": {"n_records": 5, "n_localities": 4, "n_observers": 5, "n_recent_10y": 5}}, {"type": "Feature", "geometry": {"type": "Polygon", "coordinates": [[[-70.6, -32.8], [-70.5, -32.8], [-70.5, -32.7], [-70.6, -32.7], [-70.6, -32.8]]]}, "properties": {"n_records": 1, "n_localities": 1, "n_observers": 1, "n_recent_10y": 0}}, {"type": "Feature", "geometry": {"type": "Polygon", "coordinates": [[[-70.6, -32.7], [-70.5, -32.7], [-70.5, -32.6], [-70.6, -32.6], [-70.6, -32.7]]]}, "properties": {"n_records": 58, "n_localities": 11, "n_observers": 33, "n_recent_10y": 55}}, {"type": "Feature", "geometry": {"type": "Polygon", "coordinates": [[[-70.6, -32.6], [-70.5, -32.6], [-70.5, -32.5], [-70.6, -32.5], [-70.6, -32.6]]]}, "properties": {"n_records": 5, "n_localities": 1, "n_observers": 5, "n_recent_10y": 2}}, {"type": "Feature", "geometry": {"type": "Polygon", "coordinates": [[[-70.6, -32.5], [-70.5, -32.5], [-70.5, -32.4], [-70.6, -32.4], [-70.6, -32.5]]]}, "properties": {"n_records": 1, "n_localities": 1, "n_observers": 1, "n_recent_10y": 1}}, {"type": "Feature", "geometry": {"type": "Polygon", "coordinates": [[[-70.6, -32.3], [-70.5, -32.3], [-70.5, -32.2], [-70.6, -32.2], [-70.6, -32.3]]]}, "properties": {"n_records": 12, "n_localities": 1, "n_observers": 6, "n_recent_10y": 0}}, {"type": "Feature", "geometry": {"type": "Polygon", "coordinates": [[[-70.6, -32.1], [-70.5, -32.1], [-70.5, -32.0], [-70.6, -32.0], [-70.6, -32.1]]]}, "properties": {"n_records": 31, "n_localities": 6, "n_observers": 25, "n_recent_10y": 24}}, {"type": "Feature", "geometry": {"type": "Polygon", "coordinates": [[[-70.6, -32.0], [-70.5, -32.0], [-70.5, -31.9], [-70.6, -31.9], [-70.6, -32.0]]]}, "properties": {"n_records": 15, "n_localities": 4, "n_observers": 5, "n_recent_10y": 15}}, {"type": "Feature", "geometry": {"type": "Polygon", "coordinates": [[[-70.6, -31.9], [-70.5, -31.9], [-70.5, -31.8], [-70.6, -31.8], [-70.6, -31.9]]]}, "properties": {"n_records": 8, "n_localities": 4, "n_observers": 3, "n_recent_10y": 8}}, {"type": "Feature", "geometry": {"type": "Polygon", "coordinates": [[[-70.6, -31.8], [-70.5, -31.8], [-70.5, -31.7], [-70.6, -31.7], [-70.6, -31.8]]]}, "properties": {"n_records": 36, "n_localities": 8, "n_observers": 5, "n_recent_10y": 22}}, {"type": "Feature", "geometry": {"type": "Polygon", "coordinates": [[[-70.6, -31.5], [-70.5, -31.5], [-70.5, -31.4], [-70.6, -31.4], [-70.6, -31.5]]]}, "properties": {"n_records": 1, "n_localities": 1, "n_observers": 1, "n_recent_10y": 1}}, {"type": "Feature", "geometry": {"type": "Polygon", "coordinates": [[[-70.6, -31.1], [-70.5, -31.1], [-70.5, -31.0], [-70.6, -31.0], [-70.6, -31.1]]]}, "properties": {"n_records": 36, "n_localities": 7, "n_observers": 10, "n_recent_10y": 27}}, {"type": "Feature", "geometry": {"type": "Polygon", "coordinates": [[[-70.6, -30.8], [-70.5, -30.8], [-70.5, -30.7], [-70.6, -30.7], [-70.6, -30.8]]]}, "properties": {"n_records": 3, "n_localities": 1, "n_observers": 2, "n_recent_10y": 3}}, {"type": "Feature", "geometry": {"type": "Polygon", "coordinates": [[[-70.6, -30.2], [-70.5, -30.2], [-70.5, -30.1], [-70.6, -30.1], [-70.6, -30.2]]]}, "properties": {"n_records": 1, "n_localities": 1, "n_observers": 1, "n_recent_10y": 0}}, {"type": "Feature", "geometry": {"type": "Polygon", "coordinates": [[[-70.6, -30.1], [-70.5, -30.1], [-70.5, -30.0], [-70.6, -30.0], [-70.6, -30.1]]]}, "properties": {"n_records": 1, "n_localities": 1, "n_observers": 1, "n_recent_10y": 1}}, {"type": "Feature", "geometry": {"type": "Polygon", "coordinates": [[[-70.6, -30.0], [-70.5, -30.0], [-70.5, -29.9], [-70.6, -29.9], [-70.6, -30.0]]]}, "properties": {"n_records": 2, "n_localities": 2, "n_observers": 2, "n_recent_10y": 1}}, {"type": "Feature", "geometry": {"type": "Polygon", "coordinates": [[[-70.6, -29.9], [-70.5, -29.9], [-70.5, -29.8], [-70.6, -29.8], [-70.6, -29.9]]]}, "properties": {"n_records": 1, "n_localities": 1, "n_observers": 1, "n_recent_10y": 0}}, {"type": "Feature", "geometry": {"type": "Polygon", "coordinates": [[[-70.6, -29.6], [-70.5, -29.6], [-70.5, -29.5], [-70.6, -29.5], [-70.6, -29.6]]]}, "properties": {"n_records": 3, "n_localities": 1, "n_observers": 3, "n_recent_10y": 3}}, {"type": "Feature", "geometry": {"type": "Polygon", "coordinates": [[[-70.6, -29.5], [-70.5, -29.5], [-70.5, -29.4], [-70.6, -29.4], [-70.6, -29.5]]]}, "properties": {"n_records": 50, "n_localities": 7, "n_observers": 17, "n_recent_10y": 46}}, {"type": "Feature", "geometry": {"type": "Polygon", "coordinates": [[[-70.5, -55.0], [-70.4, -55.0], [-70.4, -54.9], [-70.5, -54.9], [-70.5, -55.0]]]}, "properties": {"n_records": 3, "n_localities": 2, "n_observers": 3, "n_recent_10y": 2}}, {"type": "Feature", "geometry": {"type": "Polygon", "coordinates": [[[-70.5, -54.5], [-70.4, -54.5], [-70.4, -54.4], [-70.5, -54.4], [-70.5, -54.5]]]}, "properties": {"n_records": 47, "n_localities": 11, "n_observers": 37, "n_recent_10y": 47}}, {"type": "Feature", "geometry": {"type": "Polygon", "coordinates": [[[-70.5, -54.4], [-70.4, -54.4], [-70.4, -54.3], [-70.5, -54.3], [-70.5, -54.4]]]}, "properties": {"n_records": 1, "n_localities": 1, "n_observers": 1, "n_recent_10y": 1}}, {"type": "Feature", "geometry": {"type": "Polygon", "coordinates": [[[-70.5, -53.9], [-70.4, -53.9], [-70.4, -53.8], [-70.5, -53.8], [-70.5, -53.9]]]}, "properties": {"n_records": 1, "n_localities": 1, "n_observers": 1, "n_recent_10y": 0}}, {"type": "Feature", "geometry": {"type": "Polygon", "coordinates": [[[-70.5, -53.4], [-70.4, -53.4], [-70.4, -53.3], [-70.5, -53.3], [-70.5, -53.4]]]}, "properties": {"n_records": 3, "n_localities": 1, "n_observers": 3, "n_recent_10y": 3}}, {"type": "Feature", "geometry": {"type": "Polygon", "coordinates": [[[-70.5, -52.6], [-70.4, -52.6], [-70.4, -52.5], [-70.5, -52.5], [-70.5, -52.6]]]}, "properties": {"n_records": 3, "n_localities": 1, "n_observers": 3, "n_recent_10y": 3}}, {"type": "Feature", "geometry": {"type": "Polygon", "coordinates": [[[-70.5, -36.1], [-70.4, -36.1], [-70.4, -36.0], [-70.5, -36.0], [-70.5, -36.1]]]}, "properties": {"n_records": 39, "n_localities": 8, "n_observers": 33, "n_recent_10y": 31}}, {"type": "Feature", "geometry": {"type": "Polygon", "coordinates": [[[-70.5, -36.0], [-70.4, -36.0], [-70.4, -35.9], [-70.5, -35.9], [-70.5, -36.0]]]}, "properties": {"n_records": 3, "n_localities": 3, "n_observers": 3, "n_recent_10y": 3}}, {"type": "Feature", "geometry": {"type": "Polygon", "coordinates": [[[-70.5, -35.2], [-70.4, -35.2], [-70.4, -35.1], [-70.5, -35.1], [-70.5, -35.2]]]}, "properties": {"n_records": 33, "n_localities": 11, "n_observers": 13, "n_recent_10y": 33}}, {"type": "Feature", "geometry": {"type": "Polygon", "coordinates": [[[-70.5, -35.1], [-70.4, -35.1], [-70.4, -35.0], [-70.5, -35.0], [-70.5, -35.1]]]}, "properties": {"n_records": 3, "n_localities": 3, "n_observers": 3, "n_recent_10y": 2}}, {"type": "Feature", "geometry": {"type": "Polygon", "coordinates": [[[-70.5, -35.0], [-70.4, -35.0], [-70.4, -34.9], [-70.5, -34.9], [-70.5, -35.0]]]}, "properties": {"n_records": 61, "n_localities": 15, "n_observers": 45, "n_recent_10y": 59}}, {"type": "Feature", "geometry": {"type": "Polygon", "coordinates": [[[-70.5, -34.9], [-70.4, -34.9], [-70.4, -34.8], [-70.5, -34.8], [-70.5, -34.9]]]}, "properties": {"n_records": 13, "n_localities": 5, "n_observers": 4, "n_recent_10y": 0}}, {"type": "Feature", "geometry": {"type": "Polygon", "coordinates": [[[-70.5, -34.8], [-70.4, -34.8], [-70.4, -34.7], [-70.5, -34.7], [-70.5, -34.8]]]}, "properties": {"n_records": 4, "n_localities": 3, "n_observers": 3, "n_recent_10y": 1}}, {"type": "Feature", "geometry": {"type": "Polygon", "coordinates": [[[-70.5, -34.7], [-70.4, -34.7], [-70.4, -34.6], [-70.5, -34.6], [-70.5, -34.7]]]}, "properties": {"n_records": 1, "n_localities": 1, "n_observers": 1, "n_recent_10y": 0}}, {"type": "Feature", "geometry": {"type": "Polygon", "coordinates": [[[-70.5, -34.5], [-70.4, -34.5], [-70.4, -34.4], [-70.5, -34.4], [-70.5, -34.5]]]}, "properties": {"n_records": 14, "n_localities": 7, "n_observers": 5, "n_recent_10y": 8}}, {"type": "Feature", "geometry": {"type": "Polygon", "coordinates": [[[-70.5, -34.4], [-70.4, -34.4], [-70.4, -34.3], [-70.5, -34.3], [-70.5, -34.4]]]}, "properties": {"n_records": 116, "n_localities": 13, "n_observers": 74, "n_recent_10y": 85}}, {"type": "Feature", "geometry": {"type": "Polygon", "coordinates": [[[-70.5, -34.3], [-70.4, -34.3], [-70.4, -34.2], [-70.5, -34.2], [-70.5, -34.3]]]}, "properties": {"n_records": 87, "n_localities": 22, "n_observers": 61, "n_recent_10y": 79}}, {"type": "Feature", "geometry": {"type": "Polygon", "coordinates": [[[-70.5, -34.1], [-70.4, -34.1], [-70.4, -34.0], [-70.5, -34.0], [-70.5, -34.1]]]}, "properties": {"n_records": 1, "n_localities": 1, "n_observers": 1, "n_recent_10y": 0}}, {"type": "Feature", "geometry": {"type": "Polygon", "coordinates": [[[-70.5, -33.8], [-70.4, -33.8], [-70.4, -33.7], [-70.5, -33.7], [-70.5, -33.8]]]}, "properties": {"n_records": 43, "n_localities": 13, "n_observers": 41, "n_recent_10y": 35}}, {"type": "Feature", "geometry": {"type": "Polygon", "coordinates": [[[-70.5, -33.7], [-70.4, -33.7], [-70.4, -33.6], [-70.5, -33.6], [-70.5, -33.7]]]}, "properties": {"n_records": 4, "n_localities": 3, "n_observers": 4, "n_recent_10y": 2}}, {"type": "Feature", "geometry": {"type": "Polygon", "coordinates": [[[-70.5, -33.6], [-70.4, -33.6], [-70.4, -33.5], [-70.5, -33.5], [-70.5, -33.6]]]}, "properties": {"n_records": 117, "n_localities": 34, "n_observers": 65, "n_recent_10y": 113}}, {"type": "Feature", "geometry": {"type": "Polygon", "coordinates": [[[-70.5, -33.5], [-70.4, -33.5], [-70.4, -33.4], [-70.5, -33.4], [-70.5, -33.5]]]}, "properties": {"n_records": 186, "n_localities": 40, "n_observers": 87, "n_recent_10y": 152}}, {"type": "Feature", "geometry": {"type": "Polygon", "coordinates": [[[-70.5, -33.4], [-70.4, -33.4], [-70.4, -33.3], [-70.5, -33.3], [-70.5, -33.4]]]}, "properties": {"n_records": 367, "n_localities": 59, "n_observers": 214, "n_recent_10y": 297}}, {"type": "Feature", "geometry": {"type": "Polygon", "coordinates": [[[-70.5, -33.3], [-70.4, -33.3], [-70.4, -33.2], [-70.5, -33.2], [-70.5, -33.3]]]}, "properties": {"n_records": 13, "n_localities": 9, "n_observers": 11, "n_recent_10y": 8}}, {"type": "Feature", "geometry": {"type": "Polygon", "coordinates": [[[-70.5, -33.2], [-70.4, -33.2], [-70.4, -33.1], [-70.5, -33.1], [-70.5, -33.2]]]}, "properties": {"n_records": 2, "n_localities": 2, "n_observers": 2, "n_recent_10y": 2}}, {"type": "Feature", "geometry": {"type": "Polygon", "coordinates": [[[-70.5, -32.9], [-70.4, -32.9], [-70.4, -32.8], [-70.5, -32.8], [-70.5, -32.9]]]}, "properties": {"n_records": 6, "n_localities": 5, "n_observers": 6, "n_recent_10y": 6}}, {"type": "Feature", "geometry": {"type": "Polygon", "coordinates": [[[-70.5, -32.8], [-70.4, -32.8], [-70.4, -32.7], [-70.5, -32.7], [-70.5, -32.8]]]}, "properties": {"n_records": 23, "n_localities": 7, "n_observers": 3, "n_recent_10y": 23}}, {"type": "Feature", "geometry": {"type": "Polygon", "coordinates": [[[-70.5, -32.7], [-70.4, -32.7], [-70.4, -32.6], [-70.5, -32.6], [-70.5, -32.7]]]}, "properties": {"n_records": 1, "n_localities": 1, "n_observers": 1, "n_recent_10y": 1}}, {"type": "Feature", "geometry": {"type": "Polygon", "coordinates": [[[-70.5, -32.3], [-70.4, -32.3], [-70.4, -32.2], [-70.5, -32.2], [-70.5, -32.3]]]}, "properties": {"n_records": 5, "n_localities": 1, "n_observers": 5, "n_recent_10y": 0}}, {"type": "Feature", "geometry": {"type": "Polygon", "coordinates": [[[-70.5, -32.1], [-70.4, -32.1], [-70.4, -32.0], [-70.5, -32.0], [-70.5, -32.1]]]}, "properties": {"n_records": 1, "n_localities": 1, "n_observers": 1, "n_recent_10y": 1}}, {"type": "Feature", "geometry": {"type": "Polygon", "coordinates": [[[-70.5, -32.0], [-70.4, -32.0], [-70.4, -31.9], [-70.5, -31.9], [-70.5, -32.0]]]}, "properties": {"n_records": 9, "n_localities": 2, "n_observers": 3, "n_recent_10y": 9}}, {"type": "Feature", "geometry": {"type": "Polygon", "coordinates": [[[-70.5, -31.8], [-70.4, -31.8], [-70.4, -31.7], [-70.5, -31.7], [-70.5, -31.8]]]}, "properties": {"n_records": 9, "n_localities": 2, "n_observers": 1, "n_recent_10y": 4}}, {"type": "Feature", "geometry": {"type": "Polygon", "coordinates": [[[-70.5, -30.8], [-70.4, -30.8], [-70.4, -30.7], [-70.5, -30.7], [-70.5, -30.8]]]}, "properties": {"n_records": 6, "n_localities": 1, "n_observers": 5, "n_recent_10y": 6}}, {"type": "Feature", "geometry": {"type": "Polygon", "coordinates": [[[-70.5, -30.3], [-70.4, -30.3], [-70.4, -30.2], [-70.5, -30.2], [-70.5, -30.3]]]}, "properties": {"n_records": 6, "n_localities": 4, "n_observers": 6, "n_recent_10y": 5}}, {"type": "Feature", "geometry": {"type": "Polygon", "coordinates": [[[-70.5, -30.2], [-70.4, -30.2], [-70.4, -30.1], [-70.5, -30.1], [-70.5, -30.2]]]}, "properties": {"n_records": 3, "n_localities": 2, "n_observers": 3, "n_recent_10y": 1}}, {"type": "Feature", "geometry": {"type": "Polygon", "coordinates": [[[-70.5, -30.1], [-70.4, -30.1], [-70.4, -30.0], [-70.5, -30.0], [-70.5, -30.1]]]}, "properties": {"n_records": 1, "n_localities": 1, "n_observers": 1, "n_recent_10y": 1}}, {"type": "Feature", "geometry": {"type": "Polygon", "coordinates": [[[-70.5, -29.5], [-70.4, -29.5], [-70.4, -29.4], [-70.5, -29.4], [-70.5, -29.5]]]}, "properties": {"n_records": 9, "n_localities": 3, "n_observers": 5, "n_recent_10y": 9}}, {"type": "Feature", "geometry": {"type": "Polygon", "coordinates": [[[-70.5, -29.4], [-70.4, -29.4], [-70.4, -29.3], [-70.5, -29.3], [-70.5, -29.4]]]}, "properties": {"n_records": 2, "n_localities": 1, "n_observers": 2, "n_recent_10y": 2}}, {"type": "Feature", "geometry": {"type": "Polygon", "coordinates": [[[-70.5, -29.0], [-70.4, -29.0], [-70.4, -28.9], [-70.5, -28.9], [-70.5, -29.0]]]}, "properties": {"n_records": 4, "n_localities": 1, "n_observers": 2, "n_recent_10y": 4}}, {"type": "Feature", "geometry": {"type": "Polygon", "coordinates": [[[-70.5, -28.8], [-70.4, -28.8], [-70.4, -28.7], [-70.5, -28.7], [-70.5, -28.8]]]}, "properties": {"n_records": 4, "n_localities": 2, "n_observers": 2, "n_recent_10y": 4}}, {"type": "Feature", "geometry": {"type": "Polygon", "coordinates": [[[-70.5, -28.7], [-70.4, -28.7], [-70.4, -28.6], [-70.5, -28.6], [-70.5, -28.7]]]}, "properties": {"n_records": 2, "n_localities": 2, "n_observers": 2, "n_recent_10y": 2}}, {"type": "Feature", "geometry": {"type": "Polygon", "coordinates": [[[-70.5, -28.1], [-70.4, -28.1], [-70.4, -28.0], [-70.5, -28.0], [-70.5, -28.1]]]}, "properties": {"n_records": 1, "n_localities": 1, "n_observers": 1, "n_recent_10y": 0}}, {"type": "Feature", "geometry": {"type": "Polygon", "coordinates": [[[-70.5, -27.7], [-70.4, -27.7], [-70.4, -27.6], [-70.5, -27.6], [-70.5, -27.7]]]}, "properties": {"n_records": 1, "n_localities": 1, "n_observers": 1, "n_recent_10y": 1}}, {"type": "Feature", "geometry": {"type": "Polygon", "coordinates": [[[-70.4, -54.9], [-70.3, -54.9], [-70.3, -54.8], [-70.4, -54.8], [-70.4, -54.9]]]}, "properties": {"n_records": 1, "n_localities": 1, "n_observers": 1, "n_recent_10y": 1}}, {"type": "Feature", "geometry": {"type": "Polygon", "coordinates": [[[-70.4, -54.6], [-70.3, -54.6], [-70.3, -54.5], [-70.4, -54.5], [-70.4, -54.6]]]}, "properties": {"n_records": 1, "n_localities": 1, "n_observers": 1, "n_recent_10y": 1}}, {"type": "Feature", "geometry": {"type": "Polygon", "coordinates": [[[-70.4, -54.5], [-70.3, -54.5], [-70.3, -54.4], [-70.4, -54.4], [-70.4, -54.5]]]}, "properties": {"n_records": 1, "n_localities": 1, "n_observers": 1, "n_recent_10y": 1}}, {"type": "Feature", "geometry": {"type": "Polygon", "coordinates": [[[-70.4, -53.4], [-70.3, -53.4], [-70.3, -53.3], [-70.4, -53.3], [-70.4, -53.4]]]}, "properties": {"n_records": 14, "n_localities": 4, "n_observers": 14, "n_recent_10y": 13}}, {"type": "Feature", "geometry": {"type": "Polygon", "coordinates": [[[-70.4, -53.3], [-70.3, -53.3], [-70.3, -53.2], [-70.4, -53.2], [-70.4, -53.3]]]}, "properties": {"n_records": 2, "n_localities": 1, "n_observers": 2, "n_recent_10y": 2}}, {"type": "Feature", "geometry": {"type": "Polygon", "coordinates": [[[-70.4, -52.7], [-70.3, -52.7], [-70.3, -52.6], [-70.4, -52.6], [-70.4, -52.7]]]}, "properties": {"n_records": 1, "n_localities": 1, "n_observers": 1, "n_recent_10y": 0}}, {"type": "Feature", "geometry": {"type": "Polygon", "coordinates": [[[-70.4, -36.0], [-70.3, -36.0], [-70.3, -35.9], [-70.4, -35.9], [-70.4, -36.0]]]}, "properties": {"n_records": 37, "n_localities": 3, "n_observers": 32, "n_recent_10y": 32}}, {"type": "Feature", "geometry": {"type": "Polygon", "coordinates": [[[-70.4, -35.0], [-70.3, -35.0], [-70.3, -34.9], [-70.4, -34.9], [-70.4, -35.0]]]}, "properties": {"n_records": 3, "n_localities": 3, "n_observers": 3, "n_recent_10y": 2}}, {"type": "Feature", "geometry": {"type": "Polygon", "coordinates": [[[-70.4, -34.9], [-70.3, -34.9], [-70.3, -34.8], [-70.4, -34.8], [-70.4, -34.9]]]}, "properties": {"n_records": 2, "n_localities": 2, "n_observers": 2, "n_recent_10y": 1}}, {"type": "Feature", "geometry": {"type": "Polygon", "coordinates": [[[-70.4, -34.8], [-70.3, -34.8], [-70.3, -34.7], [-70.4, -34.7], [-70.4, -34.8]]]}, "properties": {"n_records": 2, "n_localities": 1, "n_observers": 2, "n_recent_10y": 2}}, {"type": "Feature", "geometry": {"type": "Polygon", "coordinates": [[[-70.4, -34.5], [-70.3, -34.5], [-70.3, -34.4], [-70.4, -34.4], [-70.4, -34.5]]]}, "properties": {"n_records": 1, "n_localities": 1, "n_observers": 1, "n_recent_10y": 1}}, {"type": "Feature", "geometry": {"type": "Polygon", "coordinates": [[[-70.4, -34.4], [-70.3, -34.4], [-70.3, -34.3], [-70.4, -34.3], [-70.4, -34.4]]]}, "properties": {"n_records": 58, "n_localities": 23, "n_observers": 37, "n_recent_10y": 58}}, {"type": "Feature", "geometry": {"type": "Polygon", "coordinates": [[[-70.4, -34.3], [-70.3, -34.3], [-70.3, -34.2], [-70.4, -34.2], [-70.4, -34.3]]]}, "properties": {"n_records": 22, "n_localities": 9, "n_observers": 15, "n_recent_10y": 16}}, {"type": "Feature", "geometry": {"type": "Polygon", "coordinates": [[[-70.4, -34.2], [-70.3, -34.2], [-70.3, -34.1], [-70.4, -34.1], [-70.4, -34.2]]]}, "properties": {"n_records": 16, "n_localities": 6, "n_observers": 6, "n_recent_10y": 16}}, {"type": "Feature", "geometry": {"type": "Polygon", "coordinates": [[[-70.4, -34.1], [-70.3, -34.1], [-70.3, -34.0], [-70.4, -34.0], [-70.4, -34.1]]]}, "properties": {"n_records": 7, "n_localities": 5, "n_observers": 7, "n_recent_10y": 4}}, {"type": "Feature", "geometry": {"type": "Polygon", "coordinates": [[[-70.4, -33.9], [-70.3, -33.9], [-70.3, -33.8], [-70.4, -33.8], [-70.4, -33.9]]]}, "properties": {"n_records": 1, "n_localities": 1, "n_observers": 1, "n_recent_10y": 0}}, {"type": "Feature", "geometry": {"type": "Polygon", "coordinates": [[[-70.4, -33.8], [-70.3, -33.8], [-70.3, -33.7], [-70.4, -33.7], [-70.4, -33.8]]]}, "properties": {"n_records": 69, "n_localities": 25, "n_observers": 41, "n_recent_10y": 61}}, {"type": "Feature", "geometry": {"type": "Polygon", "coordinates": [[[-70.4, -33.7], [-70.3, -33.7], [-70.3, -33.6], [-70.4, -33.6], [-70.4, -33.7]]]}, "properties": {"n_records": 87, "n_localities": 33, "n_observers": 67, "n_recent_10y": 83}}, {"type": "Feature", "geometry": {"type": "Polygon", "coordinates": [[[-70.4, -33.6], [-70.3, -33.6], [-70.3, -33.5], [-70.4, -33.5], [-70.4, -33.6]]]}, "properties": {"n_records": 146, "n_localities": 43, "n_observers": 76, "n_recent_10y": 133}}, {"type": "Feature", "geometry": {"type": "Polygon", "coordinates": [[[-70.4, -33.5], [-70.3, -33.5], [-70.3, -33.4], [-70.4, -33.4], [-70.4, -33.5]]]}, "properties": {"n_records": 17, "n_localities": 10, "n_observers": 8, "n_recent_10y": 8}}, {"type": "Feature", "geometry": {"type": "Polygon", "coordinates": [[[-70.4, -33.4], [-70.3, -33.4], [-70.3, -33.3], [-70.4, -33.3], [-70.4, -33.4]]]}, "properties": {"n_records": 2840, "n_localities": 372, "n_observers": 1076, "n_recent_10y": 2444}}, {"type": "Feature", "geometry": {"type": "Polygon", "coordinates": [[[-70.4, -33.3], [-70.3, -33.3], [-70.3, -33.2], [-70.4, -33.2], [-70.4, -33.3]]]}, "properties": {"n_records": 64, "n_localities": 28, "n_observers": 46, "n_recent_10y": 51}}, {"type": "Feature", "geometry": {"type": "Polygon", "coordinates": [[[-70.4, -33.1], [-70.3, -33.1], [-70.3, -33.0], [-70.4, -33.0], [-70.4, -33.1]]]}, "properties": {"n_records": 3, "n_localities": 3, "n_observers": 3, "n_recent_10y": 1}}, {"type": "Feature", "geometry": {"type": "Polygon", "coordinates": [[[-70.4, -33.0], [-70.3, -33.0], [-70.3, -32.9], [-70.4, -32.9], [-70.4, -33.0]]]}, "properties": {"n_records": 206, "n_localities": 40, "n_observers": 67, "n_recent_10y": 197}}, {"type": "Feature", "geometry": {"type": "Polygon", "coordinates": [[[-70.4, -32.9], [-70.3, -32.9], [-70.3, -32.8], [-70.4, -32.8], [-70.4, -32.9]]]}, "properties": {"n_records": 18, "n_localities": 4, "n_observers": 5, "n_recent_10y": 10}}, {"type": "Feature", "geometry": {"type": "Polygon", "coordinates": [[[-70.4, -32.8], [-70.3, -32.8], [-70.3, -32.7], [-70.4, -32.7], [-70.4, -32.8]]]}, "properties": {"n_records": 2, "n_localities": 2, "n_observers": 1, "n_recent_10y": 1}}, {"type": "Feature", "geometry": {"type": "Polygon", "coordinates": [[[-70.4, -32.7], [-70.3, -32.7], [-70.3, -32.6], [-70.4, -32.6], [-70.4, -32.7]]]}, "properties": {"n_records": 4, "n_localities": 3, "n_observers": 3, "n_recent_10y": 4}}, {"type": "Feature", "geometry": {"type": "Polygon", "coordinates": [[[-70.4, -32.6], [-70.3, -32.6], [-70.3, -32.5], [-70.4, -32.5], [-70.4, -32.6]]]}, "properties": {"n_records": 1, "n_localities": 1, "n_observers": 1, "n_recent_10y": 1}}, {"type": "Feature", "geometry": {"type": "Polygon", "coordinates": [[[-70.4, -32.0], [-70.3, -32.0], [-70.3, -31.9], [-70.4, -31.9], [-70.4, -32.0]]]}, "properties": {"n_records": 1, "n_localities": 1, "n_observers": 1, "n_recent_10y": 1}}, {"type": "Feature", "geometry": {"type": "Polygon", "coordinates": [[[-70.4, -31.2], [-70.3, -31.2], [-70.3, -31.1], [-70.4, -31.1], [-70.4, -31.2]]]}, "properties": {"n_records": 1, "n_localities": 1, "n_observers": 1, "n_recent_10y": 1}}, {"type": "Feature", "geometry": {"type": "Polygon", "coordinates": [[[-70.4, -30.9], [-70.3, -30.9], [-70.3, -30.8], [-70.4, -30.8], [-70.4, -30.9]]]}, "properties": {"n_records": 5, "n_localities": 3, "n_observers": 5, "n_recent_10y": 3}}, {"type": "Feature", "geometry": {"type": "Polygon", "coordinates": [[[-70.4, -30.4], [-70.3, -30.4], [-70.3, -30.3], [-70.4, -30.3], [-70.4, -30.4]]]}, "properties": {"n_records": 3, "n_localities": 1, "n_observers": 2, "n_recent_10y": 3}}, {"type": "Feature", "geometry": {"type": "Polygon", "coordinates": [[[-70.4, -30.3], [-70.3, -30.3], [-70.3, -30.2], [-70.4, -30.2], [-70.4, -30.3]]]}, "properties": {"n_records": 3, "n_localities": 1, "n_observers": 2, "n_recent_10y": 3}}, {"type": "Feature", "geometry": {"type": "Polygon", "coordinates": [[[-70.4, -30.2], [-70.3, -30.2], [-70.3, -30.1], [-70.4, -30.1], [-70.4, -30.2]]]}, "properties": {"n_records": 9, "n_localities": 3, "n_observers": 5, "n_recent_10y": 9}}, {"type": "Feature", "geometry": {"type": "Polygon", "coordinates": [[[-70.4, -30.0], [-70.3, -30.0], [-70.3, -29.9], [-70.4, -29.9], [-70.4, -30.0]]]}, "properties": {"n_records": 3, "n_localities": 1, "n_observers": 3, "n_recent_10y": 3}}, {"type": "Feature", "geometry": {"type": "Polygon", "coordinates": [[[-70.4, -29.4], [-70.3, -29.4], [-70.3, -29.3], [-70.4, -29.3], [-70.4, -29.4]]]}, "properties": {"n_records": 4, "n_localities": 1, "n_observers": 2, "n_recent_10y": 4}}, {"type": "Feature", "geometry": {"type": "Polygon", "coordinates": [[[-70.4, -28.6], [-70.3, -28.6], [-70.3, -28.5], [-70.4, -28.5], [-70.4, -28.6]]]}, "properties": {"n_records": 1, "n_localities": 1, "n_observers": 1, "n_recent_10y": 1}}, {"type": "Feature", "geometry": {"type": "Polygon", "coordinates": [[[-70.4, -27.4], [-70.3, -27.4], [-70.3, -27.3], [-70.4, -27.3], [-70.4, -27.4]]]}, "properties": {"n_records": 2, "n_localities": 2, "n_observers": 2, "n_recent_10y": 1}}, {"type": "Feature", "geometry": {"type": "Polygon", "coordinates": [[[-70.4, -18.5], [-70.3, -18.5], [-70.3, -18.4], [-70.4, -18.4], [-70.4, -18.5]]]}, "properties": {"n_records": 1, "n_localities": 1, "n_observers": 1, "n_recent_10y": 1}}, {"type": "Feature", "geometry": {"type": "Polygon", "coordinates": [[[-70.3, -54.9], [-70.2, -54.9], [-70.2, -54.8], [-70.3, -54.8], [-70.3, -54.9]]]}, "properties": {"n_records": 10, "n_localities": 2, "n_observers": 10, "n_recent_10y": 10}}, {"type": "Feature", "geometry": {"type": "Polygon", "coordinates": [[[-70.3, -54.6], [-70.2, -54.6], [-70.2, -54.5], [-70.3, -54.5], [-70.3, -54.6]]]}, "properties": {"n_records": 1, "n_localities": 1, "n_observers": 1, "n_recent_10y": 1}}, {"type": "Feature", "geometry": {"type": "Polygon", "coordinates": [[[-70.3, -54.4], [-70.2, -54.4], [-70.2, -54.3], [-70.3, -54.3], [-70.3, -54.4]]]}, "properties": {"n_records": 1, "n_localities": 1, "n_observers": 1, "n_recent_10y": 0}}, {"type": "Feature", "geometry": {"type": "Polygon", "coordinates": [[[-70.3, -54.3], [-70.2, -54.3], [-70.2, -54.2], [-70.3, -54.2], [-70.3, -54.3]]]}, "properties": {"n_records": 1, "n_localities": 1, "n_observers": 1, "n_recent_10y": 1}}, {"type": "Feature", "geometry": {"type": "Polygon", "coordinates": [[[-70.3, -54.2], [-70.2, -54.2], [-70.2, -54.1], [-70.3, -54.1], [-70.3, -54.2]]]}, "properties": {"n_records": 20, "n_localities": 2, "n_observers": 19, "n_recent_10y": 18}}, {"type": "Feature", "geometry": {"type": "Polygon", "coordinates": [[[-70.3, -54.1], [-70.2, -54.1], [-70.2, -54.0], [-70.3, -54.0], [-70.3, -54.1]]]}, "properties": {"n_records": 2, "n_localities": 1, "n_observers": 2, "n_recent_10y": 2}}, {"type": "Feature", "geometry": {"type": "Polygon", "coordinates": [[[-70.3, -53.5], [-70.2, -53.5], [-70.2, -53.4], [-70.3, -53.4], [-70.3, -53.5]]]}, "properties": {"n_records": 3, "n_localities": 2, "n_observers": 3, "n_recent_10y": 3}}, {"type": "Feature", "geometry": {"type": "Polygon", "coordinates": [[[-70.3, -52.7], [-70.2, -52.7], [-70.2, -52.6], [-70.3, -52.6], [-70.3, -52.7]]]}, "properties": {"n_records": 2, "n_localities": 1, "n_observers": 2, "n_recent_10y": 0}}, {"type": "Feature", "geometry": {"type": "Polygon", "coordinates": [[[-70.3, -52.6], [-70.2, -52.6], [-70.2, -52.5], [-70.3, -52.5], [-70.3, -52.6]]]}, "properties": {"n_records": 1, "n_localities": 1, "n_observers": 1, "n_recent_10y": 1}}, {"type": "Feature", "geometry": {"type": "Polygon", "coordinates": [[[-70.3, -52.1], [-70.2, -52.1], [-70.2, -52.0], [-70.3, -52.0], [-70.3, -52.1]]]}, "properties": {"n_records": 2, "n_localities": 1, "n_observers": 2, "n_recent_10y": 2}}, {"type": "Feature", "geometry": {"type": "Polygon", "coordinates": [[[-70.3, -34.6], [-70.2, -34.6], [-70.2, -34.5], [-70.3, -34.5], [-70.3, -34.6]]]}, "properties": {"n_records": 6, "n_localities": 1, "n_observers": 6, "n_recent_10y": 5}}, {"type": "Feature", "geometry": {"type": "Polygon", "coordinates": [[[-70.3, -34.5], [-70.2, -34.5], [-70.2, -34.4], [-70.3, -34.4], [-70.3, -34.5]]]}, "properties": {"n_records": 17, "n_localities": 5, "n_observers": 11, "n_recent_10y": 15}}, {"type": "Feature", "geometry": {"type": "Polygon", "coordinates": [[[-70.3, -34.4], [-70.2, -34.4], [-70.2, -34.3], [-70.3, -34.3], [-70.3, -34.4]]]}, "properties": {"n_records": 41, "n_localities": 9, "n_observers": 17, "n_recent_10y": 37}}, {"type": "Feature", "geometry": {"type": "Polygon", "coordinates": [[[-70.3, -34.2], [-70.2, -34.2], [-70.2, -34.1], [-70.3, -34.1], [-70.3, -34.2]]]}, "properties": {"n_records": 5, "n_localities": 2, "n_observers": 4, "n_recent_10y": 5}}, {"type": "Feature", "geometry": {"type": "Polygon", "coordinates": [[[-70.3, -34.0], [-70.2, -34.0], [-70.2, -33.9], [-70.3, -33.9], [-70.3, -34.0]]]}, "properties": {"n_records": 2, "n_localities": 1, "n_observers": 2, "n_recent_10y": 2}}, {"type": "Feature", "geometry": {"type": "Polygon", "coordinates": [[[-70.3, -33.9], [-70.2, -33.9], [-70.2, -33.8], [-70.3, -33.8], [-70.3, -33.9]]]}, "properties": {"n_records": 41, "n_localities": 10, "n_observers": 27, "n_recent_10y": 36}}, {"type": "Feature", "geometry": {"type": "Polygon", "coordinates": [[[-70.3, -33.8], [-70.2, -33.8], [-70.2, -33.7], [-70.3, -33.7], [-70.3, -33.8]]]}, "properties": {"n_records": 145, "n_localities": 39, "n_observers": 93, "n_recent_10y": 131}}, {"type": "Feature", "geometry": {"type": "Polygon", "coordinates": [[[-70.3, -33.7], [-70.2, -33.7], [-70.2, -33.6], [-70.3, -33.6], [-70.3, -33.7]]]}, "properties": {"n_records": 154, "n_localities": 34, "n_observers": 104, "n_recent_10y": 126}}, {"type": "Feature", "geometry": {"type": "Polygon", "coordinates": [[[-70.3, -33.6], [-70.2, -33.6], [-70.2, -33.5], [-70.3, -33.5], [-70.3, -33.6]]]}, "properties": {"n_records": 188, "n_localities": 43, "n_observers": 115, "n_recent_10y": 164}}, {"type": "Feature", "geometry": {"type": "Polygon", "coordinates": [[[-70.3, -33.5], [-70.2, -33.5], [-70.2, -33.4], [-70.3, -33.4], [-70.3, -33.5]]]}, "properties": {"n_records": 15, "n_localities": 3, "n_observers": 5, "n_recent_10y": 12}}, {"type": "Feature", "geometry": {"type": "Polygon", "coordinates": [[[-70.3, -33.4], [-70.2, -33.4], [-70.2, -33.3], [-70.3, -33.3], [-70.3, -33.4]]]}, "properties": {"n_records": 3261, "n_localities": 239, "n_observers": 1086, "n_recent_10y": 2958}}, {"type": "Feature", "geometry": {"type": "Polygon", "coordinates": [[[-70.3, -33.3], [-70.2, -33.3], [-70.2, -33.2], [-70.3, -33.2], [-70.3, -33.3]]]}, "properties": {"n_records": 77, "n_localities": 16, "n_observers": 50, "n_recent_10y": 54}}, {"type": "Feature", "geometry": {"type": "Polygon", "coordinates": [[[-70.3, -33.2], [-70.2, -33.2], [-70.2, -33.1], [-70.3, -33.1], [-70.3, -33.2]]]}, "properties": {"n_records": 1, "n_localities": 1, "n_observers": 1, "n_recent_10y": 1}}, {"type": "Feature", "geometry": {"type": "Polygon", "coordinates": [[[-70.3, -33.0], [-70.2, -33.0], [-70.2, -32.9], [-70.3, -32.9], [-70.3, -33.0]]]}, "properties": {"n_records": 41, "n_localities": 26, "n_observers": 30, "n_recent_10y": 33}}, {"type": "Feature", "geometry": {"type": "Polygon", "coordinates": [[[-70.3, -32.9], [-70.2, -32.9], [-70.2, -32.8], [-70.3, -32.8], [-70.3, -32.9]]]}, "properties": {"n_records": 14, "n_localities": 10, "n_observers": 14, "n_recent_10y": 14}}, {"type": "Feature", "geometry": {"type": "Polygon", "coordinates": [[[-70.3, -32.6], [-70.2, -32.6], [-70.2, -32.5], [-70.3, -32.5], [-70.3, -32.6]]]}, "properties": {"n_records": 2, "n_localities": 1, "n_observers": 1, "n_recent_10y": 2}}, {"type": "Feature", "geometry": {"type": "Polygon", "coordinates": [[[-70.3, -32.1], [-70.2, -32.1], [-70.2, -32.0], [-70.3, -32.0], [-70.3, -32.1]]]}, "properties": {"n_records": 1, "n_localities": 1, "n_observers": 1, "n_recent_10y": 1}}, {"type": "Feature", "geometry": {"type": "Polygon", "coordinates": [[[-70.3, -32.0], [-70.2, -32.0], [-70.2, -31.9], [-70.3, -31.9], [-70.3, -32.0]]]}, "properties": {"n_records": 1, "n_localities": 1, "n_observers": 1, "n_recent_10y": 1}}, {"type": "Feature", "geometry": {"type": "Polygon", "coordinates": [[[-70.3, -30.7], [-70.2, -30.7], [-70.2, -30.6], [-70.3, -30.6], [-70.3, -30.7]]]}, "properties": {"n_records": 1, "n_localities": 1, "n_observers": 1, "n_recent_10y": 1}}, {"type": "Feature", "geometry": {"type": "Polygon", "coordinates": [[[-70.3, -30.5], [-70.2, -30.5], [-70.2, -30.4], [-70.3, -30.4], [-70.3, -30.5]]]}, "properties": {"n_records": 3, "n_localities": 2, "n_observers": 2, "n_recent_10y": 3}}, {"type": "Feature", "geometry": {"type": "Polygon", "coordinates": [[[-70.3, -30.0], [-70.2, -30.0], [-70.2, -29.9], [-70.3, -29.9], [-70.3, -30.0]]]}, "properties": {"n_records": 2, "n_localities": 1, "n_observers": 2, "n_recent_10y": 2}}, {"type": "Feature", "geometry": {"type": "Polygon", "coordinates": [[[-70.3, -29.0], [-70.2, -29.0], [-70.2, -28.9], [-70.3, -28.9], [-70.3, -29.0]]]}, "properties": {"n_records": 2, "n_localities": 1, "n_observers": 2, "n_recent_10y": 2}}, {"type": "Feature", "geometry": {"type": "Polygon", "coordinates": [[[-70.3, -19.2], [-70.2, -19.2], [-70.2, -19.1], [-70.3, -19.1], [-70.3, -19.2]]]}, "properties": {"n_records": 1, "n_localities": 1, "n_observers": 1, "n_recent_10y": 0}}, {"type": "Feature", "geometry": {"type": "Polygon", "coordinates": [[[-70.2, -54.6], [-70.1, -54.6], [-70.1, -54.5], [-70.2, -54.5], [-70.2, -54.6]]]}, "properties": {"n_records": 4, "n_localities": 4, "n_observers": 4, "n_recent_10y": 4}}, {"type": "Feature", "geometry": {"type": "Polygon", "coordinates": [[[-70.2, -54.4], [-70.1, -54.4], [-70.1, -54.3], [-70.2, -54.3], [-70.2, -54.4]]]}, "properties": {"n_records": 1, "n_localities": 1, "n_observers": 1, "n_recent_10y": 0}}, {"type": "Feature", "geometry": {"type": "Polygon", "coordinates": [[[-70.2, -53.9], [-70.1, -53.9], [-70.1, -53.8], [-70.2, -53.8], [-70.2, -53.9]]]}, "properties": {"n_records": 10, "n_localities": 4, "n_observers": 6, "n_recent_10y": 9}}, {"type": "Feature", "geometry": {"type": "Polygon", "coordinates": [[[-70.2, -53.5], [-70.1, -53.5], [-70.1, -53.4], [-70.2, -53.4], [-70.2, -53.5]]]}, "properties": {"n_records": 11, "n_localities": 4, "n_observers": 10, "n_recent_10y": 11}}, {"type": "Feature", "geometry": {"type": "Polygon", "coordinates": [[[-70.2, -53.4], [-70.1, -53.4], [-70.1, -53.3], [-70.2, -53.3], [-70.2, -53.4]]]}, "properties": {"n_records": 3, "n_localities": 1, "n_observers": 2, "n_recent_10y": 3}}, {"type": "Feature", "geometry": {"type": "Polygon", "coordinates": [[[-70.2, -53.1], [-70.1, -53.1], [-70.1, -53.0], [-70.2, -53.0], [-70.2, -53.1]]]}, "properties": {"n_records": 3, "n_localities": 1, "n_observers": 3, "n_recent_10y": 3}}, {"type": "Feature", "geometry": {"type": "Polygon", "coordinates": [[[-70.2, -52.2], [-70.1, -52.2], [-70.1, -52.1], [-70.2, -52.1], [-70.2, -52.2]]]}, "properties": {"n_records": 2, "n_localities": 1, "n_observers": 2, "n_recent_10y": 2}}, {"type": "Feature", "geometry": {"type": "Polygon", "coordinates": [[[-70.2, -34.0], [-70.1, -34.0], [-70.1, -33.9], [-70.2, -33.9], [-70.2, -34.0]]]}, "properties": {"n_records": 4, "n_localities": 3, "n_observers": 4, "n_recent_10y": 3}}, {"type": "Feature", "geometry": {"type": "Polygon", "coordinates": [[[-70.2, -33.9], [-70.1, -33.9], [-70.1, -33.8], [-70.2, -33.8], [-70.2, -33.9]]]}, "properties": {"n_records": 74, "n_localities": 19, "n_observers": 69, "n_recent_10y": 58}}, {"type": "Feature", "geometry": {"type": "Polygon", "coordinates": [[[-70.2, -33.8], [-70.1, -33.8], [-70.1, -33.7], [-70.2, -33.7], [-70.2, -33.8]]]}, "properties": {"n_records": 628, "n_localities": 161, "n_observers": 409, "n_recent_10y": 576}}, {"type": "Feature", "geometry": {"type": "Polygon", "coordinates": [[[-70.2, -33.7], [-70.1, -33.7], [-70.1, -33.6], [-70.2, -33.6], [-70.2, -33.7]]]}, "properties": {"n_records": 204, "n_localities": 19, "n_observers": 156, "n_recent_10y": 174}}, {"type": "Feature", "geometry": {"type": "Polygon", "coordinates": [[[-70.2, -33.6], [-70.1, -33.6], [-70.1, -33.5], [-70.2, -33.5], [-70.2, -33.6]]]}, "properties": {"n_records": 19, "n_localities": 2, "n_observers": 17, "n_recent_10y": 13}}, {"type": "Feature", "geometry": {"type": "Polygon", "coordinates": [[[-70.2, -33.5], [-70.1, -33.5], [-70.1, -33.4], [-70.2, -33.4], [-70.2, -33.5]]]}, "properties": {"n_records": 19, "n_localities": 6, "n_observers": 17, "n_recent_10y": 15}}, {"type": "Feature", "geometry": {"type": "Polygon", "coordinates": [[[-70.2, -33.4], [-70.1, -33.4], [-70.1, -33.3], [-70.2, -33.3], [-70.2, -33.4]]]}, "properties": {"n_records": 29, "n_localities": 4, "n_observers": 17, "n_recent_10y": 21}}, {"type": "Feature", "geometry": {"type": "Polygon", "coordinates": [[[-70.2, -33.3], [-70.1, -33.3], [-70.1, -33.2], [-70.2, -33.2], [-70.2, -33.3]]]}, "properties": {"n_records": 1, "n_localities": 1, "n_observers": 1, "n_recent_10y": 0}}, {"type": "Feature", "geometry": {"type": "Polygon", "coordinates": [[[-70.2, -33.0], [-70.1, -33.0], [-70.1, -32.9], [-70.2, -32.9], [-70.2, -33.0]]]}, "properties": {"n_records": 38, "n_localities": 7, "n_observers": 35, "n_recent_10y": 38}}, {"type": "Feature", "geometry": {"type": "Polygon", "coordinates": [[[-70.2, -32.9], [-70.1, -32.9], [-70.1, -32.8], [-70.2, -32.8], [-70.2, -32.9]]]}, "properties": {"n_records": 180, "n_localities": 47, "n_observers": 116, "n_recent_10y": 145}}, {"type": "Feature", "geometry": {"type": "Polygon", "coordinates": [[[-70.2, -30.5], [-70.1, -30.5], [-70.1, -30.4], [-70.2, -30.4], [-70.2, -30.5]]]}, "properties": {"n_records": 2, "n_localities": 2, "n_observers": 1, "n_recent_10y": 2}}, {"type": "Feature", "geometry": {"type": "Polygon", "coordinates": [[[-70.2, -30.4], [-70.1, -30.4], [-70.1, -30.3], [-70.2, -30.3], [-70.2, -30.4]]]}, "properties": {"n_records": 1, "n_localities": 1, "n_observers": 1, "n_recent_10y": 1}}, {"type": "Feature", "geometry": {"type": "Polygon", "coordinates": [[[-70.2, -29.0], [-70.1, -29.0], [-70.1, -28.9], [-70.2, -28.9], [-70.2, -29.0]]]}, "properties": {"n_records": 2, "n_localities": 1, "n_observers": 2, "n_recent_10y": 2}}, {"type": "Feature", "geometry": {"type": "Polygon", "coordinates": [[[-70.2, -27.9], [-70.1, -27.9], [-70.1, -27.8], [-70.2, -27.8], [-70.2, -27.9]]]}, "properties": {"n_records": 1, "n_localities": 1, "n_observers": 1, "n_recent_10y": 1}}, {"type": "Feature", "geometry": {"type": "Polygon", "coordinates": [[[-70.2, -18.9], [-70.1, -18.9], [-70.1, -18.8], [-70.2, -18.8], [-70.2, -18.9]]]}, "properties": {"n_records": 1, "n_localities": 1, "n_observers": 1, "n_recent_10y": 1}}, {"type": "Feature", "geometry": {"type": "Polygon", "coordinates": [[[-70.2, -18.5], [-70.1, -18.5], [-70.1, -18.4], [-70.2, -18.4], [-70.2, -18.5]]]}, "properties": {"n_records": 1, "n_localities": 1, "n_observers": 1, "n_recent_10y": 0}}, {"type": "Feature", "geometry": {"type": "Polygon", "coordinates": [[[-70.1, -54.1], [-70.0, -54.1], [-70.0, -54.0], [-70.1, -54.0], [-70.1, -54.1]]]}, "properties": {"n_records": 3, "n_localities": 1, "n_observers": 3, "n_recent_10y": 3}}, {"type": "Feature", "geometry": {"type": "Polygon", "coordinates": [[[-70.1, -54.0], [-70.0, -54.0], [-70.0, -53.9], [-70.1, -53.9], [-70.1, -54.0]]]}, "properties": {"n_records": 4, "n_localities": 1, "n_observers": 4, "n_recent_10y": 4}}, {"type": "Feature", "geometry": {"type": "Polygon", "coordinates": [[[-70.1, -53.5], [-70.0, -53.5], [-70.0, -53.4], [-70.1, -53.4], [-70.1, -53.5]]]}, "properties": {"n_records": 4, "n_localities": 2, "n_observers": 4, "n_recent_10y": 2}}, {"type": "Feature", "geometry": {"type": "Polygon", "coordinates": [[[-70.1, -52.6], [-70.0, -52.6], [-70.0, -52.5], [-70.1, -52.5], [-70.1, -52.6]]]}, "properties": {"n_records": 4, "n_localities": 2, "n_observers": 4, "n_recent_10y": 3}}, {"type": "Feature", "geometry": {"type": "Polygon", "coordinates": [[[-70.1, -34.1], [-70.0, -34.1], [-70.0, -34.0], [-70.1, -34.0], [-70.1, -34.1]]]}, "properties": {"n_records": 2, "n_localities": 2, "n_observers": 2, "n_recent_10y": 1}}, {"type": "Feature", "geometry": {"type": "Polygon", "coordinates": [[[-70.1, -33.9], [-70.0, -33.9], [-70.0, -33.8], [-70.1, -33.8], [-70.1, -33.9]]]}, "properties": {"n_records": 214, "n_localities": 50, "n_observers": 127, "n_recent_10y": 195}}, {"type": "Feature", "geometry": {"type": "Polygon", "coordinates": [[[-70.1, -33.8], [-70.0, -33.8], [-70.0, -33.7], [-70.1, -33.7], [-70.1, -33.8]]]}, "properties": {"n_records": 132, "n_localities": 15, "n_observers": 98, "n_recent_10y": 75}}, {"type": "Feature", "geometry": {"type": "Polygon", "coordinates": [[[-70.1, -33.7], [-70.0, -33.7], [-70.0, -33.6], [-70.1, -33.6], [-70.1, -33.7]]]}, "properties": {"n_records": 977, "n_localities": 71, "n_observers": 577, "n_recent_10y": 727}}, {"type": "Feature", "geometry": {"type": "Polygon", "coordinates": [[[-70.1, -33.5], [-70.0, -33.5], [-70.0, -33.4], [-70.1, -33.4], [-70.1, -33.5]]]}, "properties": {"n_records": 10, "n_localities": 5, "n_observers": 8, "n_recent_10y": 10}}, {"type": "Feature", "geometry": {"type": "Polygon", "coordinates": [[[-70.1, -33.4], [-70.0, -33.4], [-70.0, -33.3], [-70.1, -33.3], [-70.1, -33.4]]]}, "properties": {"n_records": 5, "n_localities": 4, "n_observers": 3, "n_recent_10y": 5}}, {"type": "Feature", "geometry": {"type": "Polygon", "coordinates": [[[-70.1, -33.0], [-70.0, -33.0], [-70.0, -32.9], [-70.1, -32.9], [-70.1, -33.0]]]}, "properties": {"n_records": 159, "n_localities": 10, "n_observers": 114, "n_recent_10y": 130}}, {"type": "Feature", "geometry": {"type": "Polygon", "coordinates": [[[-70.1, -32.9], [-70.0, -32.9], [-70.0, -32.8], [-70.1, -32.8], [-70.1, -32.9]]]}, "properties": {"n_records": 20, "n_localities": 6, "n_observers": 16, "n_recent_10y": 11}}, {"type": "Feature", "geometry": {"type": "Polygon", "coordinates": [[[-70.1, -30.3], [-70.0, -30.3], [-70.0, -30.2], [-70.1, -30.2], [-70.1, -30.3]]]}, "properties": {"n_records": 4, "n_localities": 1, "n_observers": 4, "n_recent_10y": 1}}, {"type": "Feature", "geometry": {"type": "Polygon", "coordinates": [[[-70.1, -30.2], [-70.0, -30.2], [-70.0, -30.1], [-70.1, -30.1], [-70.1, -30.2]]]}, "properties": {"n_records": 1, "n_localities": 1, "n_observers": 1, "n_recent_10y": 1}}, {"type": "Feature", "geometry": {"type": "Polygon", "coordinates": [[[-70.1, -30.1], [-70.0, -30.1], [-70.0, -30.0], [-70.1, -30.0], [-70.1, -30.1]]]}, "properties": {"n_records": 4, "n_localities": 2, "n_observers": 4, "n_recent_10y": 2}}, {"type": "Feature", "geometry": {"type": "Polygon", "coordinates": [[[-70.1, -30.0], [-70.0, -30.0], [-70.0, -29.9], [-70.1, -29.9], [-70.1, -30.0]]]}, "properties": {"n_records": 12, "n_localities": 4, "n_observers": 8, "n_recent_10y": 9}}, {"type": "Feature", "geometry": {"type": "Polygon", "coordinates": [[[-70.1, -29.3], [-70.0, -29.3], [-70.0, -29.2], [-70.1, -29.2], [-70.1, -29.3]]]}, "properties": {"n_records": 4, "n_localities": 4, "n_observers": 4, "n_recent_10y": 4}}, {"type": "Feature", "geometry": {"type": "Polygon", "coordinates": [[[-70.1, -18.5], [-70.0, -18.5], [-70.0, -18.4], [-70.1, -18.4], [-70.1, -18.5]]]}, "properties": {"n_records": 2, "n_localities": 2, "n_observers": 2, "n_recent_10y": 2}}, {"type": "Feature", "geometry": {"type": "Polygon", "coordinates": [[[-70.0, -54.9], [-69.9, -54.9], [-69.9, -54.8], [-70.0, -54.8], [-70.0, -54.9]]]}, "properties": {"n_records": 11, "n_localities": 5, "n_observers": 9, "n_recent_10y": 9}}, {"type": "Feature", "geometry": {"type": "Polygon", "coordinates": [[[-70.0, -54.8], [-69.9, -54.8], [-69.9, -54.7], [-70.0, -54.7], [-70.0, -54.8]]]}, "properties": {"n_records": 65, "n_localities": 17, "n_observers": 49, "n_recent_10y": 61}}, {"type": "Feature", "geometry": {"type": "Polygon", "coordinates": [[[-70.0, -54.4], [-69.9, -54.4], [-69.9, -54.3], [-70.0, -54.3], [-70.0, -54.4]]]}, "properties": {"n_records": 3, "n_localities": 2, "n_observers": 3, "n_recent_10y": 3}}, {"type": "Feature", "geometry": {"type": "Polygon", "coordinates": [[[-70.0, -54.2], [-69.9, -54.2], [-69.9, -54.1], [-70.0, -54.1], [-70.0, -54.2]]]}, "properties": {"n_records": 1, "n_localities": 1, "n_observers": 1, "n_recent_10y": 1}}, {"type": "Feature", "geometry": {"type": "Polygon", "coordinates": [[[-70.0, -53.7], [-69.9, -53.7], [-69.9, -53.6], [-70.0, -53.6], [-70.0, -53.7]]]}, "properties": {"n_records": 1, "n_localities": 1, "n_observers": 1, "n_recent_10y": 1}}, {"type": "Feature", "geometry": {"type": "Polygon", "coordinates": [[[-70.0, -52.1], [-69.9, -52.1], [-69.9, -52.0], [-70.0, -52.0], [-70.0, -52.1]]]}, "properties": {"n_records": 1, "n_localities": 1, "n_observers": 1, "n_recent_10y": 1}}, {"type": "Feature", "geometry": {"type": "Polygon", "coordinates": [[[-70.0, -33.9], [-69.9, -33.9], [-69.9, -33.8], [-70.0, -33.8], [-70.0, -33.9]]]}, "properties": {"n_records": 182, "n_localities": 31, "n_observers": 114, "n_recent_10y": 170}}, {"type": "Feature", "geometry": {"type": "Polygon", "coordinates": [[[-70.0, -33.8], [-69.9, -33.8], [-69.9, -33.7], [-70.0, -33.7], [-70.0, -33.8]]]}, "properties": {"n_records": 2, "n_localities": 2, "n_observers": 2, "n_recent_10y": 1}}, {"type": "Feature", "geometry": {"type": "Polygon", "coordinates": [[[-70.0, -33.7], [-69.9, -33.7], [-69.9, -33.6], [-70.0, -33.6], [-70.0, -33.7]]]}, "properties": {"n_records": 531, "n_localities": 100, "n_observers": 290, "n_recent_10y": 452}}, {"type": "Feature", "geometry": {"type": "Polygon", "coordinates": [[[-70.0, -33.6], [-69.9, -33.6], [-69.9, -33.5], [-70.0, -33.5], [-70.0, -33.6]]]}, "properties": {"n_records": 2, "n_localities": 1, "n_observers": 2, "n_recent_10y": 2}}, {"type": "Feature", "geometry": {"type": "Polygon", "coordinates": [[[-70.0, -33.5], [-69.9, -33.5], [-69.9, -33.4], [-70.0, -33.4], [-70.0, -33.5]]]}, "properties": {"n_records": 2, "n_localities": 1, "n_observers": 2, "n_recent_10y": 2}}, {"type": "Feature", "geometry": {"type": "Polygon", "coordinates": [[[-70.0, -33.4], [-69.9, -33.4], [-69.9, -33.3], [-70.0, -33.3], [-70.0, -33.4]]]}, "properties": {"n_records": 1, "n_localities": 1, "n_observers": 1, "n_recent_10y": 1}}, {"type": "Feature", "geometry": {"type": "Polygon", "coordinates": [[[-70.0, -30.3], [-69.9, -30.3], [-69.9, -30.2], [-70.0, -30.2], [-70.0, -30.3]]]}, "properties": {"n_records": 11, "n_localities": 2, "n_observers": 6, "n_recent_10y": 6}}, {"type": "Feature", "geometry": {"type": "Polygon", "coordinates": [[[-70.0, -30.2], [-69.9, -30.2], [-69.9, -30.1], [-70.0, -30.1], [-70.0, -30.2]]]}, "properties": {"n_records": 2, "n_localities": 1, "n_observers": 2, "n_recent_10y": 2}}, {"type": "Feature", "geometry": {"type": "Polygon", "coordinates": [[[-70.0, -30.0], [-69.9, -30.0], [-69.9, -29.9], [-70.0, -29.9], [-70.0, -30.0]]]}, "properties": {"n_records": 5, "n_localities": 2, "n_observers": 4, "n_recent_10y": 5}}, {"type": "Feature", "geometry": {"type": "Polygon", "coordinates": [[[-70.0, -29.9], [-69.9, -29.9], [-69.9, -29.8], [-70.0, -29.8], [-70.0, -29.9]]]}, "properties": {"n_records": 4, "n_localities": 1, "n_observers": 3, "n_recent_10y": 4}}, {"type": "Feature", "geometry": {"type": "Polygon", "coordinates": [[[-70.0, -29.1], [-69.9, -29.1], [-69.9, -29.0], [-70.0, -29.0], [-70.0, -29.1]]]}, "properties": {"n_records": 2, "n_localities": 2, "n_observers": 2, "n_recent_10y": 2}}, {"type": "Feature", "geometry": {"type": "Polygon", "coordinates": [[[-70.0, -28.2], [-69.9, -28.2], [-69.9, -28.1], [-70.0, -28.1], [-70.0, -28.2]]]}, "properties": {"n_records": 1, "n_localities": 1, "n_observers": 1, "n_recent_10y": 1}}, {"type": "Feature", "geometry": {"type": "Polygon", "coordinates": [[[-70.0, -28.1], [-69.9, -28.1], [-69.9, -28.0], [-70.0, -28.0], [-70.0, -28.1]]]}, "properties": {"n_records": 4, "n_localities": 1, "n_observers": 4, "n_recent_10y": 4}}, {"type": "Feature", "geometry": {"type": "Polygon", "coordinates": [[[-70.0, -18.4], [-69.9, -18.4], [-69.9, -18.3], [-70.0, -18.3], [-70.0, -18.4]]]}, "properties": {"n_records": 11, "n_localities": 3, "n_observers": 10, "n_recent_10y": 11}}, {"type": "Feature", "geometry": {"type": "Polygon", "coordinates": [[[-69.9, -55.1], [-69.8, -55.1], [-69.8, -55.0], [-69.9, -55.0], [-69.9, -55.1]]]}, "properties": {"n_records": 2, "n_localities": 1, "n_observers": 2, "n_recent_10y": 2}}, {"type": "Feature", "geometry": {"type": "Polygon", "coordinates": [[[-69.9, -54.9], [-69.8, -54.9], [-69.8, -54.8], [-69.9, -54.8], [-69.9, -54.9]]]}, "properties": {"n_records": 7, "n_localities": 2, "n_observers": 7, "n_recent_10y": 7}}, {"type": "Feature", "geometry": {"type": "Polygon", "coordinates": [[[-69.9, -54.5], [-69.8, -54.5], [-69.8, -54.4], [-69.9, -54.4], [-69.9, -54.5]]]}, "properties": {"n_records": 3, "n_localities": 3, "n_observers": 3, "n_recent_10y": 3}}, {"type": "Feature", "geometry": {"type": "Polygon", "coordinates": [[[-69.9, -54.3], [-69.8, -54.3], [-69.8, -54.2], [-69.9, -54.2], [-69.9, -54.3]]]}, "properties": {"n_records": 1, "n_localities": 1, "n_observers": 1, "n_recent_10y": 1}}, {"type": "Feature", "geometry": {"type": "Polygon", "coordinates": [[[-69.9, -52.2], [-69.8, -52.2], [-69.8, -52.1], [-69.9, -52.1], [-69.9, -52.2]]]}, "properties": {"n_records": 1, "n_localities": 1, "n_observers": 1, "n_recent_10y": 1}}, {"type": "Feature", "geometry": {"type": "Polygon", "coordinates": [[[-69.9, -34.3], [-69.8, -34.3], [-69.8, -34.2], [-69.9, -34.2], [-69.9, -34.3]]]}, "properties": {"n_records": 1, "n_localities": 1, "n_observers": 1, "n_recent_10y": 0}}, {"type": "Feature", "geometry": {"type": "Polygon", "coordinates": [[[-69.9, -30.2], [-69.8, -30.2], [-69.8, -30.1], [-69.9, -30.1], [-69.9, -30.2]]]}, "properties": {"n_records": 19, "n_localities": 4, "n_observers": 16, "n_recent_10y": 8}}, {"type": "Feature", "geometry": {"type": "Polygon", "coordinates": [[[-69.9, -29.1], [-69.8, -29.1], [-69.8, -29.0], [-69.9, -29.0], [-69.9, -29.1]]]}, "properties": {"n_records": 2, "n_localities": 2, "n_observers": 1, "n_recent_10y": 2}}, {"type": "Feature", "geometry": {"type": "Polygon", "coordinates": [[[-69.9, -27.7], [-69.8, -27.7], [-69.8, -27.6], [-69.9, -27.6], [-69.9, -27.7]]]}, "properties": {"n_records": 1, "n_localities": 1, "n_observers": 1, "n_recent_10y": 0}}, {"type": "Feature", "geometry": {"type": "Polygon", "coordinates": [[[-69.9, -27.5], [-69.8, -27.5], [-69.8, -27.4], [-69.9, -27.4], [-69.9, -27.5]]]}, "properties": {"n_records": 1, "n_localities": 1, "n_observers": 1, "n_recent_10y": 1}}, {"type": "Feature", "geometry": {"type": "Polygon", "coordinates": [[[-69.9, -18.6], [-69.8, -18.6], [-69.8, -18.5], [-69.9, -18.5], [-69.9, -18.6]]]}, "properties": {"n_records": 1, "n_localities": 1, "n_observers": 1, "n_recent_10y": 1}}, {"type": "Feature", "geometry": {"type": "Polygon", "coordinates": [[[-69.9, -18.5], [-69.8, -18.5], [-69.8, -18.4], [-69.9, -18.4], [-69.9, -18.5]]]}, "properties": {"n_records": 1, "n_localities": 1, "n_observers": 1, "n_recent_10y": 1}}, {"type": "Feature", "geometry": {"type": "Polygon", "coordinates": [[[-69.9, -18.4], [-69.8, -18.4], [-69.8, -18.3], [-69.9, -18.3], [-69.9, -18.4]]]}, "properties": {"n_records": 12, "n_localities": 4, "n_observers": 10, "n_recent_10y": 12}}, {"type": "Feature", "geometry": {"type": "Polygon", "coordinates": [[[-69.8, -55.0], [-69.7, -55.0], [-69.7, -54.9], [-69.8, -54.9], [-69.8, -55.0]]]}, "properties": {"n_records": 1, "n_localities": 1, "n_observers": 1, "n_recent_10y": 1}}, {"type": "Feature", "geometry": {"type": "Polygon", "coordinates": [[[-69.8, -54.9], [-69.7, -54.9], [-69.7, -54.8], [-69.8, -54.8], [-69.8, -54.9]]]}, "properties": {"n_records": 1, "n_localities": 1, "n_observers": 1, "n_recent_10y": 1}}, {"type": "Feature", "geometry": {"type": "Polygon", "coordinates": [[[-69.8, -54.6], [-69.7, -54.6], [-69.7, -54.5], [-69.8, -54.5], [-69.8, -54.6]]]}, "properties": {"n_records": 1, "n_localities": 1, "n_observers": 1, "n_recent_10y": 1}}, {"type": "Feature", "geometry": {"type": "Polygon", "coordinates": [[[-69.8, -53.7], [-69.7, -53.7], [-69.7, -53.6], [-69.8, -53.6], [-69.8, -53.7]]]}, "properties": {"n_records": 2, "n_localities": 2, "n_observers": 2, "n_recent_10y": 2}}, {"type": "Feature", "geometry": {"type": "Polygon", "coordinates": [[[-69.8, -52.3], [-69.7, -52.3], [-69.7, -52.2], [-69.8, -52.2], [-69.8, -52.3]]]}, "properties": {"n_records": 1, "n_localities": 1, "n_observers": 1, "n_recent_10y": 0}}, {"type": "Feature", "geometry": {"type": "Polygon", "coordinates": [[[-69.8, -33.4], [-69.7, -33.4], [-69.7, -33.3], [-69.8, -33.3], [-69.8, -33.4]]]}, "properties": {"n_records": 1, "n_localities": 1, "n_observers": 1, "n_recent_10y": 1}}, {"type": "Feature", "geometry": {"type": "Polygon", "coordinates": [[[-69.8, -28.5], [-69.7, -28.5], [-69.7, -28.4], [-69.8, -28.4], [-69.8, -28.5]]]}, "properties": {"n_records": 1, "n_localities": 1, "n_observers": 1, "n_recent_10y": 1}}, {"type": "Feature", "geometry": {"type": "Polygon", "coordinates": [[[-69.8, -28.1], [-69.7, -28.1], [-69.7, -28.0], [-69.8, -28.0], [-69.8, -28.1]]]}, "properties": {"n_records": 2, "n_localities": 1, "n_observers": 2, "n_recent_10y": 2}}, {"type": "Feature", "geometry": {"type": "Polygon", "coordinates": [[[-69.8, -27.8], [-69.7, -27.8], [-69.7, -27.7], [-69.8, -27.7], [-69.8, -27.8]]]}, "properties": {"n_records": 3, "n_localities": 2, "n_observers": 3, "n_recent_10y": 3}}, {"type": "Feature", "geometry": {"type": "Polygon", "coordinates": [[[-69.8, -18.5], [-69.7, -18.5], [-69.7, -18.4], [-69.8, -18.4], [-69.8, -18.5]]]}, "properties": {"n_records": 2, "n_localities": 2, "n_observers": 2, "n_recent_10y": 1}}, {"type": "Feature", "geometry": {"type": "Polygon", "coordinates": [[[-69.7, -54.9], [-69.6, -54.9], [-69.6, -54.8], [-69.7, -54.8], [-69.7, -54.9]]]}, "properties": {"n_records": 7, "n_localities": 6, "n_observers": 7, "n_recent_10y": 7}}, {"type": "Feature", "geometry": {"type": "Polygon", "coordinates": [[[-69.7, -54.8], [-69.6, -54.8], [-69.6, -54.7], [-69.7, -54.7], [-69.7, -54.8]]]}, "properties": {"n_records": 22, "n_localities": 12, "n_observers": 22, "n_recent_10y": 20}}, {"type": "Feature", "geometry": {"type": "Polygon", "coordinates": [[[-69.7, -54.5], [-69.6, -54.5], [-69.6, -54.4], [-69.7, -54.4], [-69.7, -54.5]]]}, "properties": {"n_records": 40, "n_localities": 5, "n_observers": 32, "n_recent_10y": 37}}, {"type": "Feature", "geometry": {"type": "Polygon", "coordinates": [[[-69.7, -54.4], [-69.6, -54.4], [-69.6, -54.3], [-69.7, -54.3], [-69.7, -54.4]]]}, "properties": {"n_records": 6, "n_localities": 5, "n_observers": 6, "n_recent_10y": 6}}, {"type": "Feature", "geometry": {"type": "Polygon", "coordinates": [[[-69.7, -54.3], [-69.6, -54.3], [-69.6, -54.2], [-69.7, -54.2], [-69.7, -54.3]]]}, "properties": {"n_records": 3, "n_localities": 2, "n_observers": 2, "n_recent_10y": 2}}, {"type": "Feature", "geometry": {"type": "Polygon", "coordinates": [[[-69.7, -53.7], [-69.6, -53.7], [-69.6, -53.6], [-69.7, -53.6], [-69.7, -53.7]]]}, "properties": {"n_records": 19, "n_localities": 6, "n_observers": 16, "n_recent_10y": 15}}, {"type": "Feature", "geometry": {"type": "Polygon", "coordinates": [[[-69.7, -52.2], [-69.6, -52.2], [-69.6, -52.1], [-69.7, -52.1], [-69.7, -52.2]]]}, "properties": {"n_records": 1, "n_localities": 1, "n_observers": 1, "n_recent_10y": 1}}, {"type": "Feature", "geometry": {"type": "Polygon", "coordinates": [[[-69.7, -28.3], [-69.6, -28.3], [-69.6, -28.2], [-69.7, -28.2], [-69.7, -28.3]]]}, "properties": {"n_records": 1, "n_localities": 1, "n_observers": 1, "n_recent_10y": 0}}, {"type": "Feature", "geometry": {"type": "Polygon", "coordinates": [[[-69.7, -27.8], [-69.6, -27.8], [-69.6, -27.7], [-69.7, -27.7], [-69.7, -27.8]]]}, "properties": {"n_records": 1, "n_localities": 1, "n_observers": 1, "n_recent_10y": 1}}, {"type": "Feature", "geometry": {"type": "Polygon", "coordinates": [[[-69.7, -27.2], [-69.6, -27.2], [-69.6, -27.1], [-69.7, -27.1], [-69.7, -27.2]]]}, "properties": {"n_records": 2, "n_localities": 1, "n_observers": 2, "n_recent_10y": 2}}, {"type": "Feature", "geometry": {"type": "Polygon", "coordinates": [[[-69.7, -27.0], [-69.6, -27.0], [-69.6, -26.9], [-69.7, -26.9], [-69.7, -27.0]]]}, "properties": {"n_records": 1, "n_localities": 1, "n_observers": 1, "n_recent_10y": 1}}, {"type": "Feature", "geometry": {"type": "Polygon", "coordinates": [[[-69.7, -18.7], [-69.6, -18.7], [-69.6, -18.6], [-69.7, -18.6], [-69.7, -18.7]]]}, "properties": {"n_records": 1, "n_localities": 1, "n_observers": 1, "n_recent_10y": 1}}, {"type": "Feature", "geometry": {"type": "Polygon", "coordinates": [[[-69.7, -18.5], [-69.6, -18.5], [-69.6, -18.4], [-69.7, -18.4], [-69.7, -18.5]]]}, "properties": {"n_records": 5, "n_localities": 3, "n_observers": 5, "n_recent_10y": 5}}, {"type": "Feature", "geometry": {"type": "Polygon", "coordinates": [[[-69.7, -18.4], [-69.6, -18.4], [-69.6, -18.3], [-69.7, -18.3], [-69.7, -18.4]]]}, "properties": {"n_records": 10, "n_localities": 4, "n_observers": 9, "n_recent_10y": 8}}, {"type": "Feature", "geometry": {"type": "Polygon", "coordinates": [[[-69.7, -18.3], [-69.6, -18.3], [-69.6, -18.2], [-69.7, -18.2], [-69.7, -18.3]]]}, "properties": {"n_records": 107, "n_localities": 6, "n_observers": 80, "n_recent_10y": 98}}, {"type": "Feature", "geometry": {"type": "Polygon", "coordinates": [[[-69.7, -18.0], [-69.6, -18.0], [-69.6, -17.9], [-69.7, -17.9], [-69.7, -18.0]]]}, "properties": {"n_records": 3, "n_localities": 2, "n_observers": 3, "n_recent_10y": 3}}, {"type": "Feature", "geometry": {"type": "Polygon", "coordinates": [[[-69.6, -55.2], [-69.5, -55.2], [-69.5, -55.1], [-69.6, -55.1], [-69.6, -55.2]]]}, "properties": {"n_records": 5, "n_localities": 5, "n_observers": 5, "n_recent_10y": 5}}, {"type": "Feature", "geometry": {"type": "Polygon", "coordinates": [[[-69.6, -54.9], [-69.5, -54.9], [-69.5, -54.8], [-69.6, -54.8], [-69.6, -54.9]]]}, "properties": {"n_records": 7, "n_localities": 5, "n_observers": 7, "n_recent_10y": 7}}, {"type": "Feature", "geometry": {"type": "Polygon", "coordinates": [[[-69.6, -54.8], [-69.5, -54.8], [-69.5, -54.7], [-69.6, -54.7], [-69.6, -54.8]]]}, "properties": {"n_records": 2, "n_localities": 1, "n_observers": 1, "n_recent_10y": 2}}, {"type": "Feature", "geometry": {"type": "Polygon", "coordinates": [[[-69.6, -54.6], [-69.5, -54.6], [-69.5, -54.5], [-69.6, -54.5], [-69.6, -54.6]]]}, "properties": {"n_records": 1, "n_localities": 1, "n_observers": 1, "n_recent_10y": 0}}, {"type": "Feature", "geometry": {"type": "Polygon", "coordinates": [[[-69.6, -54.5], [-69.5, -54.5], [-69.5, -54.4], [-69.6, -54.4], [-69.6, -54.5]]]}, "properties": {"n_records": 2, "n_localities": 2, "n_observers": 2, "n_recent_10y": 2}}, {"type": "Feature", "geometry": {"type": "Polygon", "coordinates": [[[-69.6, -53.9], [-69.5, -53.9], [-69.5, -53.8], [-69.6, -53.8], [-69.6, -53.9]]]}, "properties": {"n_records": 4, "n_localities": 2, "n_observers": 2, "n_recent_10y": 4}}, {"type": "Feature", "geometry": {"type": "Polygon", "coordinates": [[[-69.6, -53.7], [-69.5, -53.7], [-69.5, -53.6], [-69.6, -53.6], [-69.6, -53.7]]]}, "properties": {"n_records": 4, "n_localities": 3, "n_observers": 3, "n_recent_10y": 4}}, {"type": "Feature", "geometry": {"type": "Polygon", "coordinates": [[[-69.6, -53.6], [-69.5, -53.6], [-69.5, -53.5], [-69.6, -53.5], [-69.6, -53.6]]]}, "properties": {"n_records": 9, "n_localities": 5, "n_observers": 8, "n_recent_10y": 9}}, {"type": "Feature", "geometry": {"type": "Polygon", "coordinates": [[[-69.6, -52.5], [-69.5, -52.5], [-69.5, -52.4], [-69.6, -52.4], [-69.6, -52.5]]]}, "properties": {"n_records": 1, "n_localities": 1, "n_observers": 1, "n_recent_10y": 1}}, {"type": "Feature", "geometry": {"type": "Polygon", "coordinates": [[[-69.6, -28.3], [-69.5, -28.3], [-69.5, -28.2], [-69.6, -28.2], [-69.6, -28.3]]]}, "properties": {"n_records": 1, "n_localities": 1, "n_observers": 1, "n_recent_10y": 1}}, {"type": "Feature", "geometry": {"type": "Polygon", "coordinates": [[[-69.6, -27.8], [-69.5, -27.8], [-69.5, -27.7], [-69.6, -27.7], [-69.6, -27.8]]]}, "properties": {"n_records": 8, "n_localities": 5, "n_observers": 4, "n_recent_10y": 8}}, {"type": "Feature", "geometry": {"type": "Polygon", "coordinates": [[[-69.6, -27.7], [-69.5, -27.7], [-69.5, -27.6], [-69.6, -27.6], [-69.6, -27.7]]]}, "properties": {"n_records": 3, "n_localities": 2, "n_observers": 3, "n_recent_10y": 3}}, {"type": "Feature", "geometry": {"type": "Polygon", "coordinates": [[[-69.6, -27.0], [-69.5, -27.0], [-69.5, -26.9], [-69.6, -26.9], [-69.6, -27.0]]]}, "properties": {"n_records": 5, "n_localities": 1, "n_observers": 5, "n_recent_10y": 5}}, {"type": "Feature", "geometry": {"type": "Polygon", "coordinates": [[[-69.6, -18.5], [-69.5, -18.5], [-69.5, -18.4], [-69.6, -18.4], [-69.6, -18.5]]]}, "properties": {"n_records": 40, "n_localities": 2, "n_observers": 32, "n_recent_10y": 33}}, {"type": "Feature", "geometry": {"type": "Polygon", "coordinates": [[[-69.6, -18.4], [-69.5, -18.4], [-69.5, -18.3], [-69.6, -18.3], [-69.6, -18.4]]]}, "properties": {"n_records": 23, "n_localities": 9, "n_observers": 20, "n_recent_10y": 21}}, {"type": "Feature", "geometry": {"type": "Polygon", "coordinates": [[[-69.6, -18.3], [-69.5, -18.3], [-69.5, -18.2], [-69.6, -18.2], [-69.6, -18.3]]]}, "properties": {"n_records": 73, "n_localities": 26, "n_observers": 58, "n_recent_10y": 71}}, {"type": "Feature", "geometry": {"type": "Polygon", "coordinates": [[[-69.6, -18.2], [-69.5, -18.2], [-69.5, -18.1], [-69.6, -18.1], [-69.6, -18.2]]]}, "properties": {"n_records": 88, "n_localities": 14, "n_observers": 63, "n_recent_10y": 77}}, {"type": "Feature", "geometry": {"type": "Polygon", "coordinates": [[[-69.6, -17.8], [-69.5, -17.8], [-69.5, -17.7], [-69.6, -17.7], [-69.6, -17.8]]]}, "properties": {"n_records": 1, "n_localities": 1, "n_observers": 1, "n_recent_10y": 1}}, {"type": "Feature", "geometry": {"type": "Polygon", "coordinates": [[[-69.5, -55.1], [-69.4, -55.1], [-69.4, -55.0], [-69.5, -55.0], [-69.5, -55.1]]]}, "properties": {"n_records": 2, "n_localities": 1, "n_observers": 2, "n_recent_10y": 2}}, {"type": "Feature", "geometry": {"type": "Polygon", "coordinates": [[[-69.5, -55.0], [-69.4, -55.0], [-69.4, -54.9], [-69.5, -54.9], [-69.5, -55.0]]]}, "properties": {"n_records": 17, "n_localities": 7, "n_observers": 16, "n_recent_10y": 17}}, {"type": "Feature", "geometry": {"type": "Polygon", "coordinates": [[[-69.5, -54.9], [-69.4, -54.9], [-69.4, -54.8], [-69.5, -54.8], [-69.5, -54.9]]]}, "properties": {"n_records": 9, "n_localities": 3, "n_observers": 7, "n_recent_10y": 9}}, {"type": "Feature", "geometry": {"type": "Polygon", "coordinates": [[[-69.5, -54.4], [-69.4, -54.4], [-69.4, -54.3], [-69.5, -54.3], [-69.5, -54.4]]]}, "properties": {"n_records": 1, "n_localities": 1, "n_observers": 1, "n_recent_10y": 1}}, {"type": "Feature", "geometry": {"type": "Polygon", "coordinates": [[[-69.5, -53.7], [-69.4, -53.7], [-69.4, -53.6], [-69.5, -53.6], [-69.5, -53.7]]]}, "properties": {"n_records": 5, "n_localities": 2, "n_observers": 5, "n_recent_10y": 5}}, {"type": "Feature", "geometry": {"type": "Polygon", "coordinates": [[[-69.5, -53.6], [-69.4, -53.6], [-69.4, -53.5], [-69.5, -53.5], [-69.5, -53.6]]]}, "properties": {"n_records": 2, "n_localities": 2, "n_observers": 2, "n_recent_10y": 2}}, {"type": "Feature", "geometry": {"type": "Polygon", "coordinates": [[[-69.5, -27.1], [-69.4, -27.1], [-69.4, -27.0], [-69.5, -27.0], [-69.5, -27.1]]]}, "properties": {"n_records": 2, "n_localities": 1, "n_observers": 2, "n_recent_10y": 0}}, {"type": "Feature", "geometry": {"type": "Polygon", "coordinates": [[[-69.5, -26.7], [-69.4, -26.7], [-69.4, -26.6], [-69.5, -26.6], [-69.5, -26.7]]]}, "properties": {"n_records": 1, "n_localities": 1, "n_observers": 1, "n_recent_10y": 1}}, {"type": "Feature", "geometry": {"type": "Polygon", "coordinates": [[[-69.5, -26.4], [-69.4, -26.4], [-69.4, -26.3], [-69.5, -26.3], [-69.5, -26.4]]]}, "properties": {"n_records": 1, "n_localities": 1, "n_observers": 1, "n_recent_10y": 1}}, {"type": "Feature", "geometry": {"type": "Polygon", "coordinates": [[[-69.5, -19.9], [-69.4, -19.9], [-69.4, -19.8], [-69.5, -19.8], [-69.5, -19.9]]]}, "properties": {"n_records": 4, "n_localities": 2, "n_observers": 4, "n_recent_10y": 1}}, {"type": "Feature", "geometry": {"type": "Polygon", "coordinates": [[[-69.5, -19.4], [-69.4, -19.4], [-69.4, -19.3], [-69.5, -19.3], [-69.5, -19.4]]]}, "properties": {"n_records": 4, "n_localities": 1, "n_observers": 4, "n_recent_10y": 4}}, {"type": "Feature", "geometry": {"type": "Polygon", "coordinates": [[[-69.5, -18.7], [-69.4, -18.7], [-69.4, -18.6], [-69.5, -18.6], [-69.5, -18.7]]]}, "properties": {"n_records": 5, "n_localities": 1, "n_observers": 5, "n_recent_10y": 5}}, {"type": "Feature", "geometry": {"type": "Polygon", "coordinates": [[[-69.5, -18.2], [-69.4, -18.2], [-69.4, -18.1], [-69.5, -18.1], [-69.5, -18.2]]]}, "properties": {"n_records": 98, "n_localities": 12, "n_observers": 67, "n_recent_10y": 94}}, {"type": "Feature", "geometry": {"type": "Polygon", "coordinates": [[[-69.4, -55.1], [-69.3, -55.1], [-69.3, -55.0], [-69.4, -55.0], [-69.4, -55.1]]]}, "properties": {"n_records": 1, "n_localities": 1, "n_observers": 1, "n_recent_10y": 0}}, {"type": "Feature", "geometry": {"type": "Polygon", "coordinates": [[[-69.4, -55.0], [-69.3, -55.0], [-69.3, -54.9], [-69.4, -54.9], [-69.4, -55.0]]]}, "properties": {"n_records": 2, "n_localities": 2, "n_observers": 2, "n_recent_10y": 2}}, {"type": "Feature", "geometry": {"type": "Polygon", "coordinates": [[[-69.4, -54.8], [-69.3, -54.8], [-69.3, -54.7], [-69.4, -54.7], [-69.4, -54.8]]]}, "properties": {"n_records": 2, "n_localities": 2, "n_observers": 2, "n_recent_10y": 2}}, {"type": "Feature", "geometry": {"type": "Polygon", "coordinates": [[[-69.4, -54.7], [-69.3, -54.7], [-69.3, -54.6], [-69.4, -54.6], [-69.4, -54.7]]]}, "properties": {"n_records": 1, "n_localities": 1, "n_observers": 1, "n_recent_10y": 1}}, {"type": "Feature", "geometry": {"type": "Polygon", "coordinates": [[[-69.4, -54.6], [-69.3, -54.6], [-69.3, -54.5], [-69.4, -54.5], [-69.4, -54.6]]]}, "properties": {"n_records": 2, "n_localities": 2, "n_observers": 2, "n_recent_10y": 2}}, {"type": "Feature", "geometry": {"type": "Polygon", "coordinates": [[[-69.4, -54.2], [-69.3, -54.2], [-69.3, -54.1], [-69.4, -54.1], [-69.4, -54.2]]]}, "properties": {"n_records": 7, "n_localities": 1, "n_observers": 7, "n_recent_10y": 7}}, {"type": "Feature", "geometry": {"type": "Polygon", "coordinates": [[[-69.4, -53.9], [-69.3, -53.9], [-69.3, -53.8], [-69.4, -53.8], [-69.4, -53.9]]]}, "properties": {"n_records": 7, "n_localities": 2, "n_observers": 5, "n_recent_10y": 2}}, {"type": "Feature", "geometry": {"type": "Polygon", "coordinates": [[[-69.4, -53.8], [-69.3, -53.8], [-69.3, -53.7], [-69.4, -53.7], [-69.4, -53.8]]]}, "properties": {"n_records": 1, "n_localities": 1, "n_observers": 1, "n_recent_10y": 1}}, {"type": "Feature", "geometry": {"type": "Polygon", "coordinates": [[[-69.4, -53.6], [-69.3, -53.6], [-69.3, -53.5], [-69.4, -53.5], [-69.4, -53.6]]]}, "properties": {"n_records": 1, "n_localities": 1, "n_observers": 1, "n_recent_10y": 1}}, {"type": "Feature", "geometry": {"type": "Polygon", "coordinates": [[[-69.4, -53.5], [-69.3, -53.5], [-69.3, -53.4], [-69.4, -53.4], [-69.4, -53.5]]]}, "properties": {"n_records": 62, "n_localities": 7, "n_observers": 57, "n_recent_10y": 61}}, {"type": "Feature", "geometry": {"type": "Polygon", "coordinates": [[[-69.4, -53.4], [-69.3, -53.4], [-69.3, -53.3], [-69.4, -53.3], [-69.4, -53.4]]]}, "properties": {"n_records": 7, "n_localities": 1, "n_observers": 7, "n_recent_10y": 7}}, {"type": "Feature", "geometry": {"type": "Polygon", "coordinates": [[[-69.4, -27.7], [-69.3, -27.7], [-69.3, -27.6], [-69.4, -27.6], [-69.4, -27.7]]]}, "properties": {"n_records": 3, "n_localities": 2, "n_observers": 3, "n_recent_10y": 3}}, {"type": "Feature", "geometry": {"type": "Polygon", "coordinates": [[[-69.4, -26.6], [-69.3, -26.6], [-69.3, -26.5], [-69.4, -26.5], [-69.4, -26.6]]]}, "properties": {"n_records": 1, "n_localities": 1, "n_observers": 1, "n_recent_10y": 1}}, {"type": "Feature", "geometry": {"type": "Polygon", "coordinates": [[[-69.4, -19.8], [-69.3, -19.8], [-69.3, -19.7], [-69.4, -19.7], [-69.4, -19.8]]]}, "properties": {"n_records": 1, "n_localities": 1, "n_observers": 1, "n_recent_10y": 1}}, {"type": "Feature", "geometry": {"type": "Polygon", "coordinates": [[[-69.4, -18.5], [-69.3, -18.5], [-69.3, -18.4], [-69.4, -18.4], [-69.4, -18.5]]]}, "properties": {"n_records": 2, "n_localities": 2, "n_observers": 2, "n_recent_10y": 1}}, {"type": "Feature", "geometry": {"type": "Polygon", "coordinates": [[[-69.4, -18.4], [-69.3, -18.4], [-69.3, -18.3], [-69.4, -18.3], [-69.4, -18.4]]]}, "properties": {"n_records": 21, "n_localities": 4, "n_observers": 16, "n_recent_10y": 17}}, {"type": "Feature", "geometry": {"type": "Polygon", "coordinates": [[[-69.4, -18.3], [-69.3, -18.3], [-69.3, -18.2], [-69.4, -18.2], [-69.4, -18.3]]]}, "properties": {"n_records": 20, "n_localities": 9, "n_observers": 20, "n_recent_10y": 12}}, {"type": "Feature", "geometry": {"type": "Polygon", "coordinates": [[[-69.4, -18.2], [-69.3, -18.2], [-69.3, -18.1], [-69.4, -18.1], [-69.4, -18.2]]]}, "properties": {"n_records": 14, "n_localities": 1, "n_observers": 13, "n_recent_10y": 3}}, {"type": "Feature", "geometry": {"type": "Polygon", "coordinates": [[[-69.3, -55.0], [-69.2, -55.0], [-69.2, -54.9], [-69.3, -54.9], [-69.3, -55.0]]]}, "properties": {"n_records": 6, "n_localities": 4, "n_observers": 5, "n_recent_10y": 6}}, {"type": "Feature", "geometry": {"type": "Polygon", "coordinates": [[[-69.3, -54.5], [-69.2, -54.5], [-69.2, -54.4], [-69.3, -54.4], [-69.3, -54.5]]]}, "properties": {"n_records": 2, "n_localities": 1, "n_observers": 2, "n_recent_10y": 2}}, {"type": "Feature", "geometry": {"type": "Polygon", "coordinates": [[[-69.3, -53.8], [-69.2, -53.8], [-69.2, -53.7], [-69.3, -53.7], [-69.3, -53.8]]]}, "properties": {"n_records": 1, "n_localities": 1, "n_observers": 1, "n_recent_10y": 1}}, {"type": "Feature", "geometry": {"type": "Polygon", "coordinates": [[[-69.3, -53.6], [-69.2, -53.6], [-69.2, -53.5], [-69.3, -53.5], [-69.3, -53.6]]]}, "properties": {"n_records": 1, "n_localities": 1, "n_observers": 1, "n_recent_10y": 1}}, {"type": "Feature", "geometry": {"type": "Polygon", "coordinates": [[[-69.3, -53.5], [-69.2, -53.5], [-69.2, -53.4], [-69.3, -53.4], [-69.3, -53.5]]]}, "properties": {"n_records": 22, "n_localities": 6, "n_observers": 21, "n_recent_10y": 22}}, {"type": "Feature", "geometry": {"type": "Polygon", "coordinates": [[[-69.3, -53.4], [-69.2, -53.4], [-69.2, -53.3], [-69.3, -53.3], [-69.3, -53.4]]]}, "properties": {"n_records": 22, "n_localities": 6, "n_observers": 22, "n_recent_10y": 22}}, {"type": "Feature", "geometry": {"type": "Polygon", "coordinates": [[[-69.3, -26.6], [-69.2, -26.6], [-69.2, -26.5], [-69.3, -26.5], [-69.3, -26.6]]]}, "properties": {"n_records": 2, "n_localities": 2, "n_observers": 1, "n_recent_10y": 2}}, {"type": "Feature", "geometry": {"type": "Polygon", "coordinates": [[[-69.3, -26.4], [-69.2, -26.4], [-69.2, -26.3], [-69.3, -26.3], [-69.3, -26.4]]]}, "properties": {"n_records": 3, "n_localities": 2, "n_observers": 3, "n_recent_10y": 3}}, {"type": "Feature", "geometry": {"type": "Polygon", "coordinates": [[[-69.3, -20.1], [-69.2, -20.1], [-69.2, -20.0], [-69.3, -20.0], [-69.3, -20.1]]]}, "properties": {"n_records": 5, "n_localities": 1, "n_observers": 5, "n_recent_10y": 3}}, {"type": "Feature", "geometry": {"type": "Polygon", "coordinates": [[[-69.3, -19.9], [-69.2, -19.9], [-69.2, -19.8], [-69.3, -19.8], [-69.3, -19.9]]]}, "properties": {"n_records": 1, "n_localities": 1, "n_observers": 1, "n_recent_10y": 1}}, {"type": "Feature", "geometry": {"type": "Polygon", "coordinates": [[[-69.3, -19.8], [-69.2, -19.8], [-69.2, -19.7], [-69.3, -19.7], [-69.3, -19.8]]]}, "properties": {"n_records": 6, "n_localities": 5, "n_observers": 5, "n_recent_10y": 6}}, {"type": "Feature", "geometry": {"type": "Polygon", "coordinates": [[[-69.3, -19.6], [-69.2, -19.6], [-69.2, -19.5], [-69.3, -19.5], [-69.3, -19.6]]]}, "properties": {"n_records": 8, "n_localities": 4, "n_observers": 8, "n_recent_10y": 7}}, {"type": "Feature", "geometry": {"type": "Polygon", "coordinates": [[[-69.3, -19.3], [-69.2, -19.3], [-69.2, -19.2], [-69.3, -19.2], [-69.3, -19.3]]]}, "properties": {"n_records": 2, "n_localities": 1, "n_observers": 1, "n_recent_10y": 2}}, {"type": "Feature", "geometry": {"type": "Polygon", "coordinates": [[[-69.3, -19.1], [-69.2, -19.1], [-69.2, -19.0], [-69.3, -19.0], [-69.3, -19.1]]]}, "properties": {"n_records": 2, "n_localities": 1, "n_observers": 2, "n_recent_10y": 2}}, {"type": "Feature", "geometry": {"type": "Polygon", "coordinates": [[[-69.3, -18.9], [-69.2, -18.9], [-69.2, -18.8], [-69.3, -18.8], [-69.3, -18.9]]]}, "properties": {"n_records": 12, "n_localities": 4, "n_observers": 11, "n_recent_10y": 12}}, {"type": "Feature", "geometry": {"type": "Polygon", "coordinates": [[[-69.3, -18.7], [-69.2, -18.7], [-69.2, -18.6], [-69.3, -18.6], [-69.3, -18.7]]]}, "properties": {"n_records": 2, "n_localities": 1, "n_observers": 2, "n_recent_10y": 2}}, {"type": "Feature", "geometry": {"type": "Polygon", "coordinates": [[[-69.3, -18.6], [-69.2, -18.6], [-69.2, -18.5], [-69.3, -18.5], [-69.3, -18.6]]]}, "properties": {"n_records": 3, "n_localities": 3, "n_observers": 3, "n_recent_10y": 2}}, {"type": "Feature", "geometry": {"type": "Polygon", "coordinates": [[[-69.3, -18.5], [-69.2, -18.5], [-69.2, -18.4], [-69.3, -18.4], [-69.3, -18.5]]]}, "properties": {"n_records": 9, "n_localities": 4, "n_observers": 8, "n_recent_10y": 8}}, {"type": "Feature", "geometry": {"type": "Polygon", "coordinates": [[[-69.3, -18.4], [-69.2, -18.4], [-69.2, -18.3], [-69.3, -18.3], [-69.3, -18.4]]]}, "properties": {"n_records": 3, "n_localities": 2, "n_observers": 2, "n_recent_10y": 3}}, {"type": "Feature", "geometry": {"type": "Polygon", "coordinates": [[[-69.3, -18.3], [-69.2, -18.3], [-69.2, -18.2], [-69.3, -18.2], [-69.3, -18.3]]]}, "properties": {"n_records": 34, "n_localities": 5, "n_observers": 32, "n_recent_10y": 26}}, {"type": "Feature", "geometry": {"type": "Polygon", "coordinates": [[[-69.3, -18.2], [-69.2, -18.2], [-69.2, -18.1], [-69.3, -18.1], [-69.3, -18.2]]]}, "properties": {"n_records": 2, "n_localities": 2, "n_observers": 2, "n_recent_10y": 0}}, {"type": "Feature", "geometry": {"type": "Polygon", "coordinates": [[[-69.3, -18.1], [-69.2, -18.1], [-69.2, -18.0], [-69.3, -18.0], [-69.3, -18.1]]]}, "properties": {"n_records": 9, "n_localities": 2, "n_observers": 9, "n_recent_10y": 9}}, {"type": "Feature", "geometry": {"type": "Polygon", "coordinates": [[[-69.2, -55.0], [-69.1, -55.0], [-69.1, -54.9], [-69.2, -54.9], [-69.2, -55.0]]]}, "properties": {"n_records": 16, "n_localities": 10, "n_observers": 15, "n_recent_10y": 15}}, {"type": "Feature", "geometry": {"type": "Polygon", "coordinates": [[[-69.2, -54.6], [-69.1, -54.6], [-69.1, -54.5], [-69.2, -54.5], [-69.2, -54.6]]]}, "properties": {"n_records": 1, "n_localities": 1, "n_observers": 1, "n_recent_10y": 0}}, {"type": "Feature", "geometry": {"type": "Polygon", "coordinates": [[[-69.2, -54.5], [-69.1, -54.5], [-69.1, -54.4], [-69.2, -54.4], [-69.2, -54.5]]]}, "properties": {"n_records": 4, "n_localities": 3, "n_observers": 4, "n_recent_10y": 3}}, {"type": "Feature", "geometry": {"type": "Polygon", "coordinates": [[[-69.2, -54.4], [-69.1, -54.4], [-69.1, -54.3], [-69.2, -54.3], [-69.2, -54.4]]]}, "properties": {"n_records": 3, "n_localities": 2, "n_observers": 3, "n_recent_10y": 1}}, {"type": "Feature", "geometry": {"type": "Polygon", "coordinates": [[[-69.2, -54.3], [-69.1, -54.3], [-69.1, -54.2], [-69.2, -54.2], [-69.2, -54.3]]]}, "properties": {"n_records": 1, "n_localities": 1, "n_observers": 1, "n_recent_10y": 0}}, {"type": "Feature", "geometry": {"type": "Polygon", "coordinates": [[[-69.2, -53.8], [-69.1, -53.8], [-69.1, -53.7], [-69.2, -53.7], [-69.2, -53.8]]]}, "properties": {"n_records": 3, "n_localities": 1, "n_observers": 3, "n_recent_10y": 3}}, {"type": "Feature", "geometry": {"type": "Polygon", "coordinates": [[[-69.2, -53.6], [-69.1, -53.6], [-69.1, -53.5], [-69.2, -53.5], [-69.2, -53.6]]]}, "properties": {"n_records": 1, "n_localities": 1, "n_observers": 1, "n_recent_10y": 1}}, {"type": "Feature", "geometry": {"type": "Polygon", "coordinates": [[[-69.2, -27.1], [-69.1, -27.1], [-69.1, -27.0], [-69.2, -27.0], [-69.2, -27.1]]]}, "properties": {"n_records": 2, "n_localities": 1, "n_observers": 2, "n_recent_10y": 0}}, {"type": "Feature", "geometry": {"type": "Polygon", "coordinates": [[[-69.2, -26.6], [-69.1, -26.6], [-69.1, -26.5], [-69.2, -26.5], [-69.2, -26.6]]]}, "properties": {"n_records": 1, "n_localities": 1, "n_observers": 1, "n_recent_10y": 1}}, {"type": "Feature", "geometry": {"type": "Polygon", "coordinates": [[[-69.2, -20.4], [-69.1, -20.4], [-69.1, -20.3], [-69.2, -20.3], [-69.2, -20.4]]]}, "properties": {"n_records": 2, "n_localities": 1, "n_observers": 2, "n_recent_10y": 2}}, {"type": "Feature", "geometry": {"type": "Polygon", "coordinates": [[[-69.2, -20.3], [-69.1, -20.3], [-69.1, -20.2], [-69.2, -20.2], [-69.2, -20.3]]]}, "properties": {"n_records": 3, "n_localities": 1, "n_observers": 3, "n_recent_10y": 3}}, {"type": "Feature", "geometry": {"type": "Polygon", "coordinates": [[[-69.2, -19.9], [-69.1, -19.9], [-69.1, -19.8], [-69.2, -19.8], [-69.2, -19.9]]]}, "properties": {"n_records": 1, "n_localities": 1, "n_observers": 1, "n_recent_10y": 0}}, {"type": "Feature", "geometry": {"type": "Polygon", "coordinates": [[[-69.2, -19.8], [-69.1, -19.8], [-69.1, -19.7], [-69.2, -19.7], [-69.2, -19.8]]]}, "properties": {"n_records": 8, "n_localities": 1, "n_observers": 6, "n_recent_10y": 8}}, {"type": "Feature", "geometry": {"type": "Polygon", "coordinates": [[[-69.2, -19.7], [-69.1, -19.7], [-69.1, -19.6], [-69.2, -19.6], [-69.2, -19.7]]]}, "properties": {"n_records": 16, "n_localities": 2, "n_observers": 10, "n_recent_10y": 15}}, {"type": "Feature", "geometry": {"type": "Polygon", "coordinates": [[[-69.2, -19.6], [-69.1, -19.6], [-69.1, -19.5], [-69.2, -19.5], [-69.2, -19.6]]]}, "properties": {"n_records": 1, "n_localities": 1, "n_observers": 1, "n_recent_10y": 0}}, {"type": "Feature", "geometry": {"type": "Polygon", "coordinates": [[[-69.2, -19.2], [-69.1, -19.2], [-69.1, -19.1], [-69.2, -19.1], [-69.2, -19.2]]]}, "properties": {"n_records": 2, "n_localities": 1, "n_observers": 2, "n_recent_10y": 2}}, {"type": "Feature", "geometry": {"type": "Polygon", "coordinates": [[[-69.2, -18.9], [-69.1, -18.9], [-69.1, -18.8], [-69.2, -18.8], [-69.2, -18.9]]]}, "properties": {"n_records": 8, "n_localities": 1, "n_observers": 4, "n_recent_10y": 8}}, {"type": "Feature", "geometry": {"type": "Polygon", "coordinates": [[[-69.2, -18.7], [-69.1, -18.7], [-69.1, -18.6], [-69.2, -18.6], [-69.2, -18.7]]]}, "properties": {"n_records": 2, "n_localities": 1, "n_observers": 2, "n_recent_10y": 2}}, {"type": "Feature", "geometry": {"type": "Polygon", "coordinates": [[[-69.2, -18.6], [-69.1, -18.6], [-69.1, -18.5], [-69.2, -18.5], [-69.2, -18.6]]]}, "properties": {"n_records": 12, "n_localities": 9, "n_observers": 9, "n_recent_10y": 12}}, {"type": "Feature", "geometry": {"type": "Polygon", "coordinates": [[[-69.2, -18.5], [-69.1, -18.5], [-69.1, -18.4], [-69.2, -18.4], [-69.2, -18.5]]]}, "properties": {"n_records": 39, "n_localities": 6, "n_observers": 34, "n_recent_10y": 37}}, {"type": "Feature", "geometry": {"type": "Polygon", "coordinates": [[[-69.2, -18.4], [-69.1, -18.4], [-69.1, -18.3], [-69.2, -18.3], [-69.2, -18.4]]]}, "properties": {"n_records": 2, "n_localities": 2, "n_observers": 2, "n_recent_10y": 1}}, {"type": "Feature", "geometry": {"type": "Polygon", "coordinates": [[[-69.2, -18.3], [-69.1, -18.3], [-69.1, -18.2], [-69.2, -18.2], [-69.2, -18.3]]]}, "properties": {"n_records": 34, "n_localities": 7, "n_observers": 32, "n_recent_10y": 26}}, {"type": "Feature", "geometry": {"type": "Polygon", "coordinates": [[[-69.1, -55.0], [-69.0, -55.0], [-69.0, -54.9], [-69.1, -54.9], [-69.1, -55.0]]]}, "properties": {"n_records": 6, "n_localities": 3, "n_observers": 6, "n_recent_10y": 6}}, {"type": "Feature", "geometry": {"type": "Polygon", "coordinates": [[[-69.1, -54.5], [-69.0, -54.5], [-69.0, -54.4], [-69.1, -54.4], [-69.1, -54.5]]]}, "properties": {"n_records": 52, "n_localities": 9, "n_observers": 32, "n_recent_10y": 48}}, {"type": "Feature", "geometry": {"type": "Polygon", "coordinates": [[[-69.1, -54.4], [-69.0, -54.4], [-69.0, -54.3], [-69.1, -54.3], [-69.1, -54.4]]]}, "properties": {"n_records": 3, "n_localities": 1, "n_observers": 3, "n_recent_10y": 3}}, {"type": "Feature", "geometry": {"type": "Polygon", "coordinates": [[[-69.1, -54.1], [-69.0, -54.1], [-69.0, -54.0], [-69.1, -54.0], [-69.1, -54.1]]]}, "properties": {"n_records": 9, "n_localities": 1, "n_observers": 8, "n_recent_10y": 9}}, {"type": "Feature", "geometry": {"type": "Polygon", "coordinates": [[[-69.1, -27.2], [-69.0, -27.2], [-69.0, -27.1], [-69.1, -27.1], [-69.1, -27.2]]]}, "properties": {"n_records": 1, "n_localities": 1, "n_observers": 1, "n_recent_10y": 1}}, {"type": "Feature", "geometry": {"type": "Polygon", "coordinates": [[[-69.1, -21.0], [-69.0, -21.0], [-69.0, -20.9], [-69.1, -20.9], [-69.1, -21.0]]]}, "properties": {"n_records": 1, "n_localities": 1, "n_observers": 1, "n_recent_10y": 1}}, {"type": "Feature", "geometry": {"type": "Polygon", "coordinates": [[[-69.1, -20.8], [-69.0, -20.8], [-69.0, -20.7], [-69.1, -20.7], [-69.1, -20.8]]]}, "properties": {"n_records": 1, "n_localities": 1, "n_observers": 1, "n_recent_10y": 1}}, {"type": "Feature", "geometry": {"type": "Polygon", "coordinates": [[[-69.1, -20.3], [-69.0, -20.3], [-69.0, -20.2], [-69.1, -20.2], [-69.1, -20.3]]]}, "properties": {"n_records": 1, "n_localities": 1, "n_observers": 1, "n_recent_10y": 1}}, {"type": "Feature", "geometry": {"type": "Polygon", "coordinates": [[[-69.1, -19.9], [-69.0, -19.9], [-69.0, -19.8], [-69.1, -19.8], [-69.1, -19.9]]]}, "properties": {"n_records": 1, "n_localities": 1, "n_observers": 1, "n_recent_10y": 0}}, {"type": "Feature", "geometry": {"type": "Polygon", "coordinates": [[[-69.1, -19.6], [-69.0, -19.6], [-69.0, -19.5], [-69.1, -19.5], [-69.1, -19.6]]]}, "properties": {"n_records": 1, "n_localities": 1, "n_observers": 1, "n_recent_10y": 1}}, {"type": "Feature", "geometry": {"type": "Polygon", "coordinates": [[[-69.1, -18.9], [-69.0, -18.9], [-69.0, -18.8], [-69.1, -18.8], [-69.1, -18.9]]]}, "properties": {"n_records": 7, "n_localities": 3, "n_observers": 6, "n_recent_10y": 7}}, {"type": "Feature", "geometry": {"type": "Polygon", "coordinates": [[[-69.1, -18.8], [-69.0, -18.8], [-69.0, -18.7], [-69.1, -18.7], [-69.1, -18.8]]]}, "properties": {"n_records": 15, "n_localities": 2, "n_observers": 15, "n_recent_10y": 9}}, {"type": "Feature", "geometry": {"type": "Polygon", "coordinates": [[[-69.1, -18.7], [-69.0, -18.7], [-69.0, -18.6], [-69.1, -18.6], [-69.1, -18.7]]]}, "properties": {"n_records": 1, "n_localities": 1, "n_observers": 1, "n_recent_10y": 1}}, {"type": "Feature", "geometry": {"type": "Polygon", "coordinates": [[[-69.1, -18.6], [-69.0, -18.6], [-69.0, -18.5], [-69.1, -18.5], [-69.1, -18.6]]]}, "properties": {"n_records": 1, "n_localities": 1, "n_observers": 1, "n_recent_10y": 1}}, {"type": "Feature", "geometry": {"type": "Polygon", "coordinates": [[[-69.1, -18.5], [-69.0, -18.5], [-69.0, -18.4], [-69.1, -18.4], [-69.1, -18.5]]]}, "properties": {"n_records": 1, "n_localities": 1, "n_observers": 1, "n_recent_10y": 0}}, {"type": "Feature", "geometry": {"type": "Polygon", "coordinates": [[[-69.1, -18.3], [-69.0, -18.3], [-69.0, -18.2], [-69.1, -18.2], [-69.1, -18.3]]]}, "properties": {"n_records": 1, "n_localities": 1, "n_observers": 1, "n_recent_10y": 1}}, {"type": "Feature", "geometry": {"type": "Polygon", "coordinates": [[[-69.0, -55.0], [-68.9, -55.0], [-68.9, -54.9], [-69.0, -54.9], [-69.0, -55.0]]]}, "properties": {"n_records": 2, "n_localities": 2, "n_observers": 2, "n_recent_10y": 2}}, {"type": "Feature", "geometry": {"type": "Polygon", "coordinates": [[[-69.0, -54.5], [-68.9, -54.5], [-68.9, -54.4], [-69.0, -54.4], [-69.0, -54.5]]]}, "properties": {"n_records": 56, "n_localities": 23, "n_observers": 32, "n_recent_10y": 54}}, {"type": "Feature", "geometry": {"type": "Polygon", "coordinates": [[[-69.0, -54.4], [-68.9, -54.4], [-68.9, -54.3], [-69.0, -54.3], [-69.0, -54.4]]]}, "properties": {"n_records": 1, "n_localities": 1, "n_observers": 1, "n_recent_10y": 1}}, {"type": "Feature", "geometry": {"type": "Polygon", "coordinates": [[[-69.0, -54.1], [-68.9, -54.1], [-68.9, -54.0], [-69.0, -54.0], [-69.0, -54.1]]]}, "properties": {"n_records": 3, "n_localities": 3, "n_observers": 3, "n_recent_10y": 3}}, {"type": "Feature", "geometry": {"type": "Polygon", "coordinates": [[[-69.0, -54.0], [-68.9, -54.0], [-68.9, -53.9], [-69.0, -53.9], [-69.0, -54.0]]]}, "properties": {"n_records": 1, "n_localities": 1, "n_observers": 1, "n_recent_10y": 0}}, {"type": "Feature", "geometry": {"type": "Polygon", "coordinates": [[[-69.0, -53.9], [-68.9, -53.9], [-68.9, -53.8], [-69.0, -53.8], [-69.0, -53.9]]]}, "properties": {"n_records": 3, "n_localities": 2, "n_observers": 3, "n_recent_10y": 3}}, {"type": "Feature", "geometry": {"type": "Polygon", "coordinates": [[[-69.0, -26.1], [-68.9, -26.1], [-68.9, -26.0], [-69.0, -26.0], [-69.0, -26.1]]]}, "properties": {"n_records": 2, "n_localities": 1, "n_observers": 2, "n_recent_10y": 2}}, {"type": "Feature", "geometry": {"type": "Polygon", "coordinates": [[[-69.0, -18.9], [-68.9, -18.9], [-68.9, -18.8], [-69.0, -18.8], [-69.0, -18.9]]]}, "properties": {"n_records": 1, "n_localities": 1, "n_observers": 1, "n_recent_10y": 1}}, {"type": "Feature", "geometry": {"type": "Polygon", "coordinates": [[[-68.9, -54.9], [-68.8, -54.9], [-68.8, -54.8], [-68.9, -54.8], [-68.9, -54.9]]]}, "properties": {"n_records": 23, "n_localities": 5, "n_observers": 6, "n_recent_10y": 21}}, {"type": "Feature", "geometry": {"type": "Polygon", "coordinates": [[[-68.9, -54.8], [-68.8, -54.8], [-68.8, -54.7], [-68.9, -54.7], [-68.9, -54.8]]]}, "properties": {"n_records": 4, "n_localities": 2, "n_observers": 1, "n_recent_10y": 4}}, {"type": "Feature", "geometry": {"type": "Polygon", "coordinates": [[[-68.9, -54.6], [-68.8, -54.6], [-68.8, -54.5], [-68.9, -54.5], [-68.9, -54.6]]]}, "properties": {"n_records": 6, "n_localities": 3, "n_observers": 6, "n_recent_10y": 5}}, {"type": "Feature", "geometry": {"type": "Polygon", "coordinates": [[[-68.9, -54.5], [-68.8, -54.5], [-68.8, -54.4], [-68.9, -54.4], [-68.9, -54.5]]]}, "properties": {"n_records": 1, "n_localities": 1, "n_observers": 1, "n_recent_10y": 1}}, {"type": "Feature", "geometry": {"type": "Polygon", "coordinates": [[[-68.9, -54.4], [-68.8, -54.4], [-68.8, -54.3], [-68.9, -54.3], [-68.9, -54.4]]]}, "properties": {"n_records": 43, "n_localities": 21, "n_observers": 18, "n_recent_10y": 42}}, {"type": "Feature", "geometry": {"type": "Polygon", "coordinates": [[[-68.9, -54.2], [-68.8, -54.2], [-68.8, -54.1], [-68.9, -54.1], [-68.9, -54.2]]]}, "properties": {"n_records": 2, "n_localities": 1, "n_observers": 2, "n_recent_10y": 2}}, {"type": "Feature", "geometry": {"type": "Polygon", "coordinates": [[[-68.9, -54.1], [-68.8, -54.1], [-68.8, -54.0], [-68.9, -54.0], [-68.9, -54.1]]]}, "properties": {"n_records": 17, "n_localities": 5, "n_observers": 13, "n_recent_10y": 17}}, {"type": "Feature", "geometry": {"type": "Polygon", "coordinates": [[[-68.9, -54.0], [-68.8, -54.0], [-68.8, -53.9], [-68.9, -53.9], [-68.9, -54.0]]]}, "properties": {"n_records": 4, "n_localities": 3, "n_observers": 3, "n_recent_10y": 4}}, {"type": "Feature", "geometry": {"type": "Polygon", "coordinates": [[[-68.9, -53.9], [-68.8, -53.9], [-68.8, -53.8], [-68.9, -53.8], [-68.9, -53.9]]]}, "properties": {"n_records": 4, "n_localities": 2, "n_observers": 4, "n_recent_10y": 4}}, {"type": "Feature", "geometry": {"type": "Polygon", "coordinates": [[[-68.9, -53.4], [-68.8, -53.4], [-68.8, -53.3], [-68.9, -53.3], [-68.9, -53.4]]]}, "properties": {"n_records": 1, "n_localities": 1, "n_observers": 1, "n_recent_10y": 1}}, {"type": "Feature", "geometry": {"type": "Polygon", "coordinates": [[[-68.9, -21.9], [-68.8, -21.9], [-68.8, -21.8], [-68.9, -21.8], [-68.9, -21.9]]]}, "properties": {"n_records": 1, "n_localities": 1, "n_observers": 1, "n_recent_10y": 1}}, {"type": "Feature", "geometry": {"type": "Polygon", "coordinates": [[[-68.9, -21.1], [-68.8, -21.1], [-68.8, -21.0], [-68.9, -21.0], [-68.9, -21.1]]]}, "properties": {"n_records": 15, "n_localities": 7, "n_observers": 10, "n_recent_10y": 14}}, {"type": "Feature", "geometry": {"type": "Polygon", "coordinates": [[[-68.9, -21.0], [-68.8, -21.0], [-68.8, -20.9], [-68.9, -20.9], [-68.9, -21.0]]]}, "properties": {"n_records": 2, "n_localities": 2, "n_observers": 2, "n_recent_10y": 2}}, {"type": "Feature", "geometry": {"type": "Polygon", "coordinates": [[[-68.9, -20.3], [-68.8, -20.3], [-68.8, -20.2], [-68.9, -20.2], [-68.9, -20.3]]]}, "properties": {"n_records": 9, "n_localities": 1, "n_observers": 9, "n_recent_10y": 6}}, {"type": "Feature", "geometry": {"type": "Polygon", "coordinates": [[[-68.9, -20.1], [-68.8, -20.1], [-68.8, -20.0], [-68.9, -20.0], [-68.9, -20.1]]]}, "properties": {"n_records": 2, "n_localities": 1, "n_observers": 2, "n_recent_10y": 0}}, {"type": "Feature", "geometry": {"type": "Polygon", "coordinates": [[[-68.9, -19.9], [-68.8, -19.9], [-68.8, -19.8], [-68.9, -19.8], [-68.9, -19.9]]]}, "properties": {"n_records": 2, "n_localities": 1, "n_observers": 2, "n_recent_10y": 2}}, {"type": "Feature", "geometry": {"type": "Polygon", "coordinates": [[[-68.9, -19.5], [-68.8, -19.5], [-68.8, -19.4], [-68.9, -19.4], [-68.9, -19.5]]]}, "properties": {"n_records": 2, "n_localities": 1, "n_observers": 2, "n_recent_10y": 2}}, {"type": "Feature", "geometry": {"type": "Polygon", "coordinates": [[[-68.9, -19.3], [-68.8, -19.3], [-68.8, -19.2], [-68.9, -19.2], [-68.9, -19.3]]]}, "properties": {"n_records": 3, "n_localities": 2, "n_observers": 3, "n_recent_10y": 3}}, {"type": "Feature", "geometry": {"type": "Polygon", "coordinates": [[[-68.8, -55.0], [-68.7, -55.0], [-68.7, -54.9], [-68.8, -54.9], [-68.8, -55.0]]]}, "properties": {"n_records": 2, "n_localities": 2, "n_observers": 2, "n_recent_10y": 2}}, {"type": "Feature", "geometry": {"type": "Polygon", "coordinates": [[[-68.8, -54.9], [-68.7, -54.9], [-68.7, -54.8], [-68.8, -54.8], [-68.8, -54.9]]]}, "properties": {"n_records": 6, "n_localities": 4, "n_observers": 6, "n_recent_10y": 4}}, {"type": "Feature", "geometry": {"type": "Polygon", "coordinates": [[[-68.8, -54.7], [-68.7, -54.7], [-68.7, -54.6], [-68.8, -54.6], [-68.8, -54.7]]]}, "properties": {"n_records": 1, "n_localities": 1, "n_observers": 1, "n_recent_10y": 1}}, {"type": "Feature", "geometry": {"type": "Polygon", "coordinates": [[[-68.8, -54.6], [-68.7, -54.6], [-68.7, -54.5], [-68.8, -54.5], [-68.8, -54.6]]]}, "properties": {"n_records": 2, "n_localities": 1, "n_observers": 2, "n_recent_10y": 2}}, {"type": "Feature", "geometry": {"type": "Polygon", "coordinates": [[[-68.8, -54.5], [-68.7, -54.5], [-68.7, -54.4], [-68.8, -54.4], [-68.8, -54.5]]]}, "properties": {"n_records": 19, "n_localities": 3, "n_observers": 18, "n_recent_10y": 19}}, {"type": "Feature", "geometry": {"type": "Polygon", "coordinates": [[[-68.8, -54.4], [-68.7, -54.4], [-68.7, -54.3], [-68.8, -54.3], [-68.8, -54.4]]]}, "properties": {"n_records": 8, "n_localities": 5, "n_observers": 7, "n_recent_10y": 8}}, {"type": "Feature", "geometry": {"type": "Polygon", "coordinates": [[[-68.8, -54.3], [-68.7, -54.3], [-68.7, -54.2], [-68.8, -54.2], [-68.8, -54.3]]]}, "properties": {"n_records": 14, "n_localities": 7, "n_observers": 10, "n_recent_10y": 11}}, {"type": "Feature", "geometry": {"type": "Polygon", "coordinates": [[[-68.8, -54.2], [-68.7, -54.2], [-68.7, -54.1], [-68.8, -54.1], [-68.8, -54.2]]]}, "properties": {"n_records": 216, "n_localities": 42, "n_observers": 50, "n_recent_10y": 203}}, {"type": "Feature", "geometry": {"type": "Polygon", "coordinates": [[[-68.8, -54.1], [-68.7, -54.1], [-68.7, -54.0], [-68.8, -54.0], [-68.8, -54.1]]]}, "properties": {"n_records": 18, "n_localities": 9, "n_observers": 10, "n_recent_10y": 18}}, {"type": "Feature", "geometry": {"type": "Polygon", "coordinates": [[[-68.8, -53.9], [-68.7, -53.9], [-68.7, -53.8], [-68.8, -53.8], [-68.8, -53.9]]]}, "properties": {"n_records": 2, "n_localities": 2, "n_observers": 2, "n_recent_10y": 2}}, {"type": "Feature", "geometry": {"type": "Polygon", "coordinates": [[[-68.8, -53.6], [-68.7, -53.6], [-68.7, -53.5], [-68.8, -53.5], [-68.8, -53.6]]]}, "properties": {"n_records": 1, "n_localities": 1, "n_observers": 1, "n_recent_10y": 1}}, {"type": "Feature", "geometry": {"type": "Polygon", "coordinates": [[[-68.8, -53.3], [-68.7, -53.3], [-68.7, -53.2], [-68.8, -53.2], [-68.8, -53.3]]]}, "properties": {"n_records": 1, "n_localities": 1, "n_observers": 1, "n_recent_10y": 1}}, {"type": "Feature", "geometry": {"type": "Polygon", "coordinates": [[[-68.8, -21.0], [-68.7, -21.0], [-68.7, -20.9], [-68.8, -20.9], [-68.8, -21.0]]]}, "properties": {"n_records": 8, "n_localities": 3, "n_observers": 5, "n_recent_10y": 7}}, {"type": "Feature", "geometry": {"type": "Polygon", "coordinates": [[[-68.8, -19.8], [-68.7, -19.8], [-68.7, -19.7], [-68.8, -19.7], [-68.8, -19.8]]]}, "properties": {"n_records": 1, "n_localities": 1, "n_observers": 1, "n_recent_10y": 1}}, {"type": "Feature", "geometry": {"type": "Polygon", "coordinates": [[[-68.8, -19.3], [-68.7, -19.3], [-68.7, -19.2], [-68.8, -19.2], [-68.8, -19.3]]]}, "properties": {"n_records": 1, "n_localities": 1, "n_observers": 1, "n_recent_10y": 0}}, {"type": "Feature", "geometry": {"type": "Polygon", "coordinates": [[[-68.7, -54.9], [-68.6, -54.9], [-68.6, -54.8], [-68.7, -54.8], [-68.7, -54.9]]]}, "properties": {"n_records": 79, "n_localities": 5, "n_observers": 13, "n_recent_10y": 79}}, {"type": "Feature", "geometry": {"type": "Polygon", "coordinates": [[[-68.7, -54.5], [-68.6, -54.5], [-68.6, -54.4], [-68.7, -54.4], [-68.7, -54.5]]]}, "properties": {"n_records": 1, "n_localities": 1, "n_observers": 1, "n_recent_10y": 1}}, {"type": "Feature", "geometry": {"type": "Polygon", "coordinates": [[[-68.7, -54.4], [-68.6, -54.4], [-68.6, -54.3], [-68.7, -54.3], [-68.7, -54.4]]]}, "properties": {"n_records": 6, "n_localities": 2, "n_observers": 6, "n_recent_10y": 6}}, {"type": "Feature", "geometry": {"type": "Polygon", "coordinates": [[[-68.7, -54.2], [-68.6, -54.2], [-68.6, -54.1], [-68.7, -54.1], [-68.7, -54.2]]]}, "properties": {"n_records": 72, "n_localities": 16, "n_observers": 16, "n_recent_10y": 66}}, {"type": "Feature", "geometry": {"type": "Polygon", "coordinates": [[[-68.7, -54.1], [-68.6, -54.1], [-68.6, -54.0], [-68.7, -54.0], [-68.7, -54.1]]]}, "properties": {"n_records": 1, "n_localities": 1, "n_observers": 1, "n_recent_10y": 1}}, {"type": "Feature", "geometry": {"type": "Polygon", "coordinates": [[[-68.7, -22.0], [-68.6, -22.0], [-68.6, -21.9], [-68.7, -21.9], [-68.7, -22.0]]]}, "properties": {"n_records": 1, "n_localities": 1, "n_observers": 1, "n_recent_10y": 1}}, {"type": "Feature", "geometry": {"type": "Polygon", "coordinates": [[[-68.7, -21.7], [-68.6, -21.7], [-68.6, -21.6], [-68.7, -21.6], [-68.7, -21.7]]]}, "properties": {"n_records": 1, "n_localities": 1, "n_observers": 1, "n_recent_10y": 1}}, {"type": "Feature", "geometry": {"type": "Polygon", "coordinates": [[[-68.7, -21.0], [-68.6, -21.0], [-68.6, -20.9], [-68.7, -20.9], [-68.7, -21.0]]]}, "properties": {"n_records": 1, "n_localities": 1, "n_observers": 1, "n_recent_10y": 1}}, {"type": "Feature", "geometry": {"type": "Polygon", "coordinates": [[[-68.7, -20.9], [-68.6, -20.9], [-68.6, -20.8], [-68.7, -20.8], [-68.7, -20.9]]]}, "properties": {"n_records": 1, "n_localities": 1, "n_observers": 1, "n_recent_10y": 0}}, {"type": "Feature", "geometry": {"type": "Polygon", "coordinates": [[[-68.7, -19.3], [-68.6, -19.3], [-68.6, -19.2], [-68.7, -19.2], [-68.7, -19.3]]]}, "properties": {"n_records": 1, "n_localities": 1, "n_observers": 1, "n_recent_10y": 1}}, {"type": "Feature", "geometry": {"type": "Polygon", "coordinates": [[[-68.6, -54.9], [-68.5, -54.9], [-68.5, -54.8], [-68.6, -54.8], [-68.6, -54.9]]]}, "properties": {"n_records": 3, "n_localities": 2, "n_observers": 3, "n_recent_10y": 3}}, {"type": "Feature", "geometry": {"type": "Polygon", "coordinates": [[[-68.6, -21.9], [-68.5, -21.9], [-68.5, -21.8], [-68.6, -21.8], [-68.6, -21.9]]]}, "properties": {"n_records": 1, "n_localities": 1, "n_observers": 1, "n_recent_10y": 1}}, {"type": "Feature", "geometry": {"type": "Polygon", "coordinates": [[[-68.5, -26.9], [-68.4, -26.9], [-68.4, -26.8], [-68.5, -26.8], [-68.5, -26.9]]]}, "properties": {"n_records": 1, "n_localities": 1, "n_observers": 1, "n_recent_10y": 1}}, {"type": "Feature", "geometry": {"type": "Polygon", "coordinates": [[[-68.5, -21.1], [-68.4, -21.1], [-68.4, -21.0], [-68.5, -21.0], [-68.5, -21.1]]]}, "properties": {"n_records": 1, "n_localities": 1, "n_observers": 1, "n_recent_10y": 1}}, {"type": "Feature", "geometry": {"type": "Polygon", "coordinates": [[[-68.4, -55.0], [-68.3, -55.0], [-68.3, -54.9], [-68.4, -54.9], [-68.4, -55.0]]]}, "properties": {"n_records": 5, "n_localities": 3, "n_observers": 4, "n_recent_10y": 5}}, {"type": "Feature", "geometry": {"type": "Polygon", "coordinates": [[[-68.4, -54.9], [-68.3, -54.9], [-68.3, -54.8], [-68.4, -54.8], [-68.4, -54.9]]]}, "properties": {"n_records": 3, "n_localities": 2, "n_observers": 3, "n_recent_10y": 3}}, {"type": "Feature", "geometry": {"type": "Polygon", "coordinates": [[[-68.4, -22.0], [-68.3, -22.0], [-68.3, -21.9], [-68.4, -21.9], [-68.4, -22.0]]]}, "properties": {"n_records": 1, "n_localities": 1, "n_observers": 1, "n_recent_10y": 1}}, {"type": "Feature", "geometry": {"type": "Polygon", "coordinates": [[[-68.3, -55.3], [-68.2, -55.3], [-68.2, -55.2], [-68.3, -55.2], [-68.3, -55.3]]]}, "properties": {"n_records": 1, "n_localities": 1, "n_observers": 1, "n_recent_10y": 1}}, {"type": "Feature", "geometry": {"type": "Polygon", "coordinates": [[[-68.3, -55.0], [-68.2, -55.0], [-68.2, -54.9], [-68.3, -54.9], [-68.3, -55.0]]]}, "properties": {"n_records": 2, "n_localities": 2, "n_observers": 2, "n_recent_10y": 2}}, {"type": "Feature", "geometry": {"type": "Polygon", "coordinates": [[[-68.3, -54.9], [-68.2, -54.9], [-68.2, -54.8], [-68.3, -54.8], [-68.3, -54.9]]]}, "properties": {"n_records": 2, "n_localities": 1, "n_observers": 2, "n_recent_10y": 2}}, {"type": "Feature", "geometry": {"type": "Polygon", "coordinates": [[[-68.3, -23.1], [-68.2, -23.1], [-68.2, -23.0], [-68.3, -23.0], [-68.3, -23.1]]]}, "properties": {"n_records": 1, "n_localities": 1, "n_observers": 1, "n_recent_10y": 0}}, {"type": "Feature", "geometry": {"type": "Polygon", "coordinates": [[[-68.3, -23.0], [-68.2, -23.0], [-68.2, -22.9], [-68.3, -22.9], [-68.3, -23.0]]]}, "properties": {"n_records": 1, "n_localities": 1, "n_observers": 1, "n_recent_10y": 0}}, {"type": "Feature", "geometry": {"type": "Polygon", "coordinates": [[[-68.3, -22.4], [-68.2, -22.4], [-68.2, -22.3], [-68.3, -22.3], [-68.3, -22.4]]]}, "properties": {"n_records": 2, "n_localities": 2, "n_observers": 2, "n_recent_10y": 2}}, {"type": "Feature", "geometry": {"type": "Polygon", "coordinates": [[[-68.2, -55.1], [-68.1, -55.1], [-68.1, -55.0], [-68.2, -55.0], [-68.2, -55.1]]]}, "properties": {"n_records": 12, "n_localities": 5, "n_observers": 12, "n_recent_10y": 10}}, {"type": "Feature", "geometry": {"type": "Polygon", "coordinates": [[[-68.2, -55.0], [-68.1, -55.0], [-68.1, -54.9], [-68.2, -54.9], [-68.2, -55.0]]]}, "properties": {"n_records": 1, "n_localities": 1, "n_observers": 1, "n_recent_10y": 1}}, {"type": "Feature", "geometry": {"type": "Polygon", "coordinates": [[[-68.2, -23.3], [-68.1, -23.3], [-68.1, -23.2], [-68.2, -23.2], [-68.2, -23.3]]]}, "properties": {"n_records": 1, "n_localities": 1, "n_observers": 1, "n_recent_10y": 1}}, {"type": "Feature", "geometry": {"type": "Polygon", "coordinates": [[[-68.2, -22.3], [-68.1, -22.3], [-68.1, -22.2], [-68.2, -22.2], [-68.2, -22.3]]]}, "properties": {"n_records": 6, "n_localities": 1, "n_observers": 4, "n_recent_10y": 6}}, {"type": "Feature", "geometry": {"type": "Polygon", "coordinates": [[[-68.1, -54.9], [-68.0, -54.9], [-68.0, -54.8], [-68.1, -54.8], [-68.1, -54.9]]]}, "properties": {"n_records": 1, "n_localities": 1, "n_observers": 1, "n_recent_10y": 1}}, {"type": "Feature", "geometry": {"type": "Polygon", "coordinates": [[[-68.1, -23.0], [-68.0, -23.0], [-68.0, -22.9], [-68.1, -22.9], [-68.1, -23.0]]]}, "properties": {"n_records": 1, "n_localities": 1, "n_observers": 1, "n_recent_10y": 1}}, {"type": "Feature", "geometry": {"type": "Polygon", "coordinates": [[[-68.1, -22.8], [-68.0, -22.8], [-68.0, -22.7], [-68.1, -22.7], [-68.1, -22.8]]]}, "properties": {"n_records": 1, "n_localities": 1, "n_observers": 1, "n_recent_10y": 1}}, {"type": "Feature", "geometry": {"type": "Polygon", "coordinates": [[[-68.1, -22.7], [-68.0, -22.7], [-68.0, -22.6], [-68.1, -22.6], [-68.1, -22.7]]]}, "properties": {"n_records": 19, "n_localities": 1, "n_observers": 19, "n_recent_10y": 19}}, {"type": "Feature", "geometry": {"type": "Polygon", "coordinates": [[[-68.1, -22.6], [-68.0, -22.6], [-68.0, -22.5], [-68.1, -22.5], [-68.1, -22.6]]]}, "properties": {"n_records": 8, "n_localities": 3, "n_observers": 8, "n_recent_10y": 7}}, {"type": "Feature", "geometry": {"type": "Polygon", "coordinates": [[[-68.1, -22.4], [-68.0, -22.4], [-68.0, -22.3], [-68.1, -22.3], [-68.1, -22.4]]]}, "properties": {"n_records": 5, "n_localities": 4, "n_observers": 5, "n_recent_10y": 4}}, {"type": "Feature", "geometry": {"type": "Polygon", "coordinates": [[[-68.0, -55.5], [-67.9, -55.5], [-67.9, -55.4], [-68.0, -55.4], [-68.0, -55.5]]]}, "properties": {"n_records": 1, "n_localities": 1, "n_observers": 1, "n_recent_10y": 1}}, {"type": "Feature", "geometry": {"type": "Polygon", "coordinates": [[[-68.0, -55.0], [-67.9, -55.0], [-67.9, -54.9], [-68.0, -54.9], [-68.0, -55.0]]]}, "properties": {"n_records": 7, "n_localities": 2, "n_observers": 7, "n_recent_10y": 7}}, {"type": "Feature", "geometry": {"type": "Polygon", "coordinates": [[[-68.0, -54.9], [-67.9, -54.9], [-67.9, -54.8], [-68.0, -54.8], [-68.0, -54.9]]]}, "properties": {"n_records": 1, "n_localities": 1, "n_observers": 1, "n_recent_10y": 1}}, {"type": "Feature", "geometry": {"type": "Polygon", "coordinates": [[[-67.9, -55.9], [-67.8, -55.9], [-67.8, -55.8], [-67.9, -55.8], [-67.9, -55.9]]]}, "properties": {"n_records": 1, "n_localities": 1, "n_observers": 1, "n_recent_10y": 0}}, {"type": "Feature", "geometry": {"type": "Polygon", "coordinates": [[[-67.8, -55.9], [-67.7, -55.9], [-67.7, -55.8], [-67.8, -55.8], [-67.8, -55.9]]]}, "properties": {"n_records": 1, "n_localities": 1, "n_observers": 1, "n_recent_10y": 1}}, {"type": "Feature", "geometry": {"type": "Polygon", "coordinates": [[[-67.8, -55.1], [-67.7, -55.1], [-67.7, -55.0], [-67.8, -55.0], [-67.8, -55.1]]]}, "properties": {"n_records": 8, "n_localities": 3, "n_observers": 8, "n_recent_10y": 8}}, {"type": "Feature", "geometry": {"type": "Polygon", "coordinates": [[[-67.8, -55.0], [-67.7, -55.0], [-67.7, -54.9], [-67.8, -54.9], [-67.8, -55.0]]]}, "properties": {"n_records": 7, "n_localities": 5, "n_observers": 6, "n_recent_10y": 7}}, {"type": "Feature", "geometry": {"type": "Polygon", "coordinates": [[[-67.8, -54.9], [-67.7, -54.9], [-67.7, -54.8], [-67.8, -54.8], [-67.8, -54.9]]]}, "properties": {"n_records": 1, "n_localities": 1, "n_observers": 1, "n_recent_10y": 1}}, {"type": "Feature", "geometry": {"type": "Polygon", "coordinates": [[[-67.8, -23.8], [-67.7, -23.8], [-67.7, -23.7], [-67.8, -23.7], [-67.8, -23.8]]]}, "properties": {"n_records": 2, "n_localities": 2, "n_observers": 2, "n_recent_10y": 1}}, {"type": "Feature", "geometry": {"type": "Polygon", "coordinates": [[[-67.7, -55.2], [-67.6, -55.2], [-67.6, -55.1], [-67.7, -55.1], [-67.7, -55.2]]]}, "properties": {"n_records": 1, "n_localities": 1, "n_observers": 1, "n_recent_10y": 1}}, {"type": "Feature", "geometry": {"type": "Polygon", "coordinates": [[[-67.7, -55.0], [-67.6, -55.0], [-67.6, -54.9], [-67.7, -54.9], [-67.7, -55.0]]]}, "properties": {"n_records": 112, "n_localities": 30, "n_observers": 65, "n_recent_10y": 100}}, {"type": "Feature", "geometry": {"type": "Polygon", "coordinates": [[[-67.6, -55.2], [-67.5, -55.2], [-67.5, -55.1], [-67.6, -55.1], [-67.6, -55.2]]]}, "properties": {"n_records": 1, "n_localities": 1, "n_observers": 1, "n_recent_10y": 0}}, {"type": "Feature", "geometry": {"type": "Polygon", "coordinates": [[[-67.6, -55.0], [-67.5, -55.0], [-67.5, -54.9], [-67.6, -54.9], [-67.6, -55.0]]]}, "properties": {"n_records": 24, "n_localities": 16, "n_observers": 20, "n_recent_10y": 23}}, {"type": "Feature", "geometry": {"type": "Polygon", "coordinates": [[[-67.6, -54.9], [-67.5, -54.9], [-67.5, -54.8], [-67.6, -54.8], [-67.6, -54.9]]]}, "properties": {"n_records": 11, "n_localities": 1, "n_observers": 11, "n_recent_10y": 11}}, {"type": "Feature", "geometry": {"type": "Polygon", "coordinates": [[[-67.6, -23.3], [-67.5, -23.3], [-67.5, -23.2], [-67.6, -23.2], [-67.6, -23.3]]]}, "properties": {"n_records": 1, "n_localities": 1, "n_observers": 1, "n_recent_10y": 1}}, {"type": "Feature", "geometry": {"type": "Polygon", "coordinates": [[[-67.6, -23.1], [-67.5, -23.1], [-67.5, -23.0], [-67.6, -23.0], [-67.6, -23.1]]]}, "properties": {"n_records": 1, "n_localities": 1, "n_observers": 1, "n_recent_10y": 1}}, {"type": "Feature", "geometry": {"type": "Polygon", "coordinates": [[[-67.5, -55.9], [-67.4, -55.9], [-67.4, -55.8], [-67.5, -55.8], [-67.5, -55.9]]]}, "properties": {"n_records": 1, "n_localities": 1, "n_observers": 1, "n_recent_10y": 1}}, {"type": "Feature", "geometry": {"type": "Polygon", "coordinates": [[[-67.5, -55.8], [-67.4, -55.8], [-67.4, -55.7], [-67.5, -55.7], [-67.5, -55.8]]]}, "properties": {"n_records": 1, "n_localities": 1, "n_observers": 1, "n_recent_10y": 1}}, {"type": "Feature", "geometry": {"type": "Polygon", "coordinates": [[[-67.5, -55.0], [-67.4, -55.0], [-67.4, -54.9], [-67.5, -54.9], [-67.5, -55.0]]]}, "properties": {"n_records": 3, "n_localities": 3, "n_observers": 3, "n_recent_10y": 3}}, {"type": "Feature", "geometry": {"type": "Polygon", "coordinates": [[[-67.5, -23.2], [-67.4, -23.2], [-67.4, -23.1], [-67.5, -23.1], [-67.5, -23.2]]]}, "properties": {"n_records": 1, "n_localities": 1, "n_observers": 1, "n_recent_10y": 0}}, {"type": "Feature", "geometry": {"type": "Polygon", "coordinates": [[[-67.4, -55.0], [-67.3, -55.0], [-67.3, -54.9], [-67.4, -54.9], [-67.4, -55.0]]]}, "properties": {"n_records": 4, "n_localities": 4, "n_observers": 4, "n_recent_10y": 4}}, {"type": "Feature", "geometry": {"type": "Polygon", "coordinates": [[[-67.4, -23.1], [-67.3, -23.1], [-67.3, -23.0], [-67.4, -23.0], [-67.4, -23.1]]]}, "properties": {"n_records": 1, "n_localities": 1, "n_observers": 1, "n_recent_10y": 0}}, {"type": "Feature", "geometry": {"type": "Polygon", "coordinates": [[[-67.4, -23.0], [-67.3, -23.0], [-67.3, -22.9], [-67.4, -22.9], [-67.4, -23.0]]]}, "properties": {"n_records": 1, "n_localities": 1, "n_observers": 1, "n_recent_10y": 1}}, {"type": "Feature", "geometry": {"type": "Polygon", "coordinates": [[[-67.3, -56.0], [-67.2, -56.0], [-67.2, -55.9], [-67.3, -55.9], [-67.3, -56.0]]]}, "properties": {"n_records": 49, "n_localities": 9, "n_observers": 42, "n_recent_10y": 48}}, {"type": "Feature", "geometry": {"type": "Polygon", "coordinates": [[[-67.3, -55.0], [-67.2, -55.0], [-67.2, -54.9], [-67.3, -54.9], [-67.3, -55.0]]]}, "properties": {"n_records": 20, "n_localities": 2, "n_observers": 20, "n_recent_10y": 18}}, {"type": "Feature", "geometry": {"type": "Polygon", "coordinates": [[[-67.2, -56.0], [-67.1, -56.0], [-67.1, -55.9], [-67.2, -55.9], [-67.2, -56.0]]]}, "properties": {"n_records": 4, "n_localities": 3, "n_observers": 4, "n_recent_10y": 4}}, {"type": "Feature", "geometry": {"type": "Polygon", "coordinates": [[[-67.1, -56.2], [-67.0, -56.2], [-67.0, -56.1], [-67.1, -56.1], [-67.1, -56.2]]]}, "properties": {"n_records": 8, "n_localities": 1, "n_observers": 8, "n_recent_10y": 8}}, {"type": "Feature", "geometry": {"type": "Polygon", "coordinates": [[[-66.9, -55.2], [-66.8, -55.2], [-66.8, -55.1], [-66.9, -55.1], [-66.9, -55.2]]]}, "properties": {"n_records": 1, "n_localities": 1, "n_observers": 1, "n_recent_10y": 1}}, {"type": "Feature", "geometry": {"type": "Polygon", "coordinates": [[[-66.8, -55.1], [-66.7, -55.1], [-66.7, -55.0], [-66.8, -55.0], [-66.8, -55.1]]]}, "properties": {"n_records": 2, "n_localities": 1, "n_observers": 2, "n_recent_10y": 2}}, {"type": "Feature", "geometry": {"type": "Polygon", "coordinates": [[[-66.4, -55.2], [-66.3, -55.2], [-66.3, -55.1], [-66.4, -55.1], [-66.4, -55.2]]]}, "properties": {"n_records": 5, "n_localities": 1, "n_observers": 5, "n_recent_10y": 0}}]}