{"type": "FeatureCollection", "features": [{"type": "Feature", "geometry": {"type": "Polygon", "coordinates": [[[-67.87411, -56.119942], [-67.391767, -56.114604], [-67.402912, -55.84516], [-67.881914, -55.850445], [-67.87411, -56.119942]]]}, "properties": {"cell_id": "G30_0570_3780", "hs_mean": null, "hs_p90": null, "hs_sd": null, "coverage": 0.0, "data_status": "no_data_from_figure"}}, {"type": "Feature", "geometry": {"type": "Polygon", "coordinates": [[[-67.391767, -56.114604], [-66.909617, -56.107383], [-66.924098, -55.838012], [-67.402912, -55.84516], [-67.391767, -56.114604]]]}, "properties": {"cell_id": "G30_0600_3780", "hs_mean": null, "hs_p90": null, "hs_sd": null, "coverage": 0.0, "data_status": "no_data_from_figure"}}, {"type": "Feature", "geometry": {"type": "Polygon", "coordinates": [[[-69.319485, -55.855109], [-68.840257, -55.85542], [-68.841353, -55.585861], [-69.317292, -55.585553], [-69.319485, -55.855109]]]}, "properties": {"cell_id": "G30_0480_3810", "hs_mean": null, "hs_p90": null, "hs_sd": null, "coverage": 0.0, "data_status": "no_data_from_figure"}}, {"type": "Feature", "geometry": {"type": "Polygon", "coordinates": [[[-68.361047, -55.853865], [-67.881914, -55.850445], [-67.889586, -55.580935], [-68.365433, -55.584322], [-68.361047, -55.853865]]]}, "properties": {"cell_id": "G30_0540_3810", "hs_mean": null, "hs_p90": null, "hs_sd": null, "coverage": 0.0, "data_status": "no_data_from_figure"}}, {"type": "Feature", "geometry": {"type": "Polygon", "coordinates": [[[-67.881914, -55.850445], [-67.402912, -55.84516], [-67.413868, -55.575703], [-67.889586, -55.580935], [-67.881914, -55.850445]]]}, "properties": {"cell_id": "G30_0570_3810", "hs_mean": null, "hs_p90": null, "hs_sd": null, "coverage": 0.0, "data_status": "no_data_from_figure"}}, {"type": "Feature", "geometry": {"type": "Polygon", "coordinates": [[[-67.402912, -55.84516], [-66.924098, -55.838012], [-66.938334, -55.568626], [-67.413868, -55.575703], [-67.402912, -55.84516]]]}, "properties": {"cell_id": "G30_0600_3810", "hs_mean": null, "hs_p90": null, "hs_sd": null, "coverage": 0.0, "data_status": "no_data_from_figure"}}, {"type": "Feature", "geometry": {"type": "Polygon", "coordinates": [[[-70.269003, -55.579396], [-69.793194, -55.583398], [-69.787804, -55.313851], [-70.260383, -55.309889], [-70.269003, -55.579396]]]}, "properties": {"cell_id": "G30_0420_3840", "hs_mean": null, "hs_p90": null, "hs_sd": null, "coverage": 0.0, "data_status": "no_data_from_figure"}}, {"type": "Feature", "geometry": {"type": "Polygon", "coordinates": [[[-69.793194, -55.583398], [-69.317292, -55.585553], [-69.315136, -55.315984], [-69.787804, -55.313851], [-69.793194, -55.583398]]]}, "properties": {"cell_id": "G30_0450_3840", "hs_mean": 0.342, "hs_p90": 0.4807, "hs_sd": 0.0955, "coverage": 0.1714, "data_status": "value"}}, {"type": "Feature", "geometry": {"type": "Polygon", "coordinates": [[[-69.317292, -55.585553], [-68.841353, -55.585861], [-68.842431, -55.316289], [-69.315136, -55.315984], [-69.317292, -55.585553]]]}, "properties": {"cell_id": "G30_0480_3840", "hs_mean": 0.3397, "hs_p90": 0.3995, "hs_sd": 0.0936, "coverage": 0.2439, "data_status": "value"}}, {"type": "Feature", "geometry": {"type": "Polygon", "coordinates": [[[-68.841353, -55.585861], [-68.365433, -55.584322], [-68.369745, -55.314765], [-68.842431, -55.316289], [-68.841353, -55.585861]]]}, "properties": {"cell_id": "G30_0510_3840", "hs_mean": 0.4098, "hs_p90": 0.4807, "hs_sd": 0.0984, "coverage": 0.0795, "data_status": "value"}}, {"type": "Feature", "geometry": {"type": "Polygon", "coordinates": [[[-68.365433, -55.584322], [-67.889586, -55.580935], [-67.89713, -55.311413], [-68.369745, -55.314765], [-68.365433, -55.584322]]]}, "properties": {"cell_id": "G30_0540_3840", "hs_mean": 0.3367, "hs_p90": 0.3379, "hs_sd": 0.0011, "coverage": 0.0727, "data_status": "value"}}, {"type": "Feature", "geometry": {"type": "Polygon", "coordinates": [[[-67.889586, -55.580935], [-67.413868, -55.575703], [-67.424641, -55.306233], [-67.89713, -55.311413], [-67.889586, -55.580935]]]}, "properties": {"cell_id": "G30_0570_3840", "hs_mean": 0.3005, "hs_p90": 0.3776, "hs_sd": 0.0964, "coverage": 0.4, "data_status": "value"}}, {"type": "Feature", "geometry": {"type": "Polygon", "coordinates": [[[-67.413868, -55.575703], [-66.938334, -55.568626], [-66.952332, -55.299226], [-67.424641, -55.306233], [-67.413868, -55.575703]]]}, "properties": {"cell_id": "G30_0600_3840", "hs_mean": 0.4457, "hs_p90": 0.4807, "hs_sd": 0.0275, "coverage": 1.0, "data_status": "value"}}, {"type": "Feature", "geometry": {"type": "Polygon", "coordinates": [[[-66.938334, -55.568626], [-66.463039, -55.559706], [-66.480256, -55.290395], [-66.952332, -55.299226], [-66.938334, -55.568626]]]}, "properties": {"cell_id": "G30_0630_3840", "hs_mean": 0.4694, "hs_p90": 0.4807, "hs_sd": 0.0227, "coverage": 1.0, "data_status": "value"}}, {"type": "Feature", "geometry": {"type": "Polygon", "coordinates": [[[-71.205055, -55.296485], [-70.732818, -55.3041], [-70.721167, -55.034638], [-71.190235, -55.027098], [-71.205055, -55.296485]]]}, "properties": {"cell_id": "G30_0360_3870", "hs_mean": null, "hs_p90": null, "hs_sd": null, "coverage": 0.0, "data_status": "no_data_from_figure"}}, {"type": "Feature", "geometry": {"type": "Polygon", "coordinates": [[[-70.732818, -55.3041], [-70.260383, -55.309889], [-70.251906, -55.040369], [-70.721167, -55.034638], [-70.732818, -55.3041]]]}, "properties": {"cell_id": "G30_0390_3870", "hs_mean": null, "hs_p90": null, "hs_sd": null, "coverage": 0.0, "data_status": "no_data_from_figure"}}, {"type": "Feature", "geometry": {"type": "Polygon", "coordinates": [[[-70.260383, -55.309889], [-69.787804, -55.313851], [-69.782505, -55.044291], [-70.251906, -55.040369], [-70.260383, -55.309889]]]}, "properties": {"cell_id": "G30_0420_3870", "hs_mean": null, "hs_p90": null, "hs_sd": null, "coverage": 0.0, "data_status": "no_data_from_figure"}}, {"type": "Feature", "geometry": {"type": "Polygon", "coordinates": [[[-69.787804, -55.313851], [-69.315136, -55.315984], [-69.313016, -55.046404], [-69.782505, -55.044291], [-69.787804, -55.313851]]]}, "properties": {"cell_id": "G30_0450_3870", "hs_mean": 0.3217, "hs_p90": 0.4136, "hs_sd": 0.0891, "coverage": 0.0672, "data_status": "value"}}, {"type": "Feature", "geometry": {"type": "Polygon", "coordinates": [[[-69.315136, -55.315984], [-68.842431, -55.316289], [-68.843491, -55.046706], [-69.313016, -55.046404], [-69.315136, -55.315984]]]}, "properties": {"cell_id": "G30_0480_3870", "hs_mean": 0.2499, "hs_p90": 0.3379, "hs_sd": 0.0757, "coverage": 0.181, "data_status": "value"}}, {"type": "Feature", "geometry": {"type": "Polygon", "coordinates": [[[-68.842431, -55.316289], [-68.369745, -55.314765], [-68.373984, -55.045197], [-68.843491, -55.046706], [-68.842431, -55.316289]]]}, "properties": {"cell_id": "G30_0510_3870", "hs_mean": 0.4807, "hs_p90": 0.4807, "hs_sd": 0.0, "coverage": 0.0254, "data_status": "value"}}, {"type": "Feature", "geometry": {"type": "Polygon", "coordinates": [[[-68.369745, -55.314765], [-67.89713, -55.311413], [-67.904548, -55.041878], [-68.373984, -55.045197], [-68.369745, -55.314765]]]}, "properties": {"cell_id": "G30_0540_3870", "hs_mean": 0.455, "hs_p90": 0.4807, "hs_sd": 0.033, "coverage": 0.4058, "data_status": "value"}}, {"type": "Feature", "geometry": {"type": "Polygon", "coordinates": [[[-67.89713, -55.311413], [-67.424641, -55.306233], [-67.435234, -55.036749], [-67.904548, -55.041878], [-67.89713, -55.311413]]]}, "properties": {"cell_id": "G30_0570_3870", "hs_mean": 0.3489, "hs_p90": 0.424, "hs_sd": 0.0704, "coverage": 0.4231, "data_status": "value"}}, {"type": "Feature", "geometry": {"type": "Polygon", "coordinates": [[[-67.424641, -55.306233], [-66.952332, -55.299226], [-66.966096, -55.029812], [-67.435234, -55.036749], [-67.424641, -55.306233]]]}, "properties": {"cell_id": "G30_0600_3870", "hs_mean": 0.3893, "hs_p90": 0.4512, "hs_sd": 0.0596, "coverage": 0.1944, "data_status": "value"}}, {"type": "Feature", "geometry": {"type": "Polygon", "coordinates": [[[-66.952332, -55.299226], [-66.480256, -55.290395], [-66.497186, -55.021068], [-66.966096, -55.029812], [-66.952332, -55.299226]]]}, "properties": {"cell_id": "G30_0630_3870", "hs_mean": 0.3913, "hs_p90": 0.4807, "hs_sd": 0.0948, "coverage": 0.7419, "data_status": "value"}}, {"type": "Feature", "geometry": {"type": "Polygon", "coordinates": [[[-66.480256, -55.290395], [-66.008467, -55.279742], [-66.028556, -55.010521], [-66.497186, -55.021068], [-66.480256, -55.290395]]]}, "properties": {"cell_id": "G30_0660_3870", "hs_mean": null, "hs_p90": null, "hs_sd": null, "coverage": 0.0, "data_status": "no_data_from_figure"}}, {"type": "Feature", "geometry": {"type": "Polygon", "coordinates": [[[-71.659057, -55.017753], [-71.190235, -55.027098], [-71.17566, -54.757697], [-71.641371, -54.748444], [-71.659057, -55.017753]]]}, "properties": {"cell_id": "G30_0330_3900", "hs_mean": null, "hs_p90": null, "hs_sd": null, "coverage": 0.0, "data_status": "no_data_from_figure"}}, {"type": "Feature", "geometry": {"type": "Polygon", "coordinates": [[[-71.190235, -55.027098], [-70.721167, -55.034638], [-70.70971, -54.765161], [-71.17566, -54.757697], [-71.190235, -55.027098]]]}, "properties": {"cell_id": "G30_0360_3900", "hs_mean": null, "hs_p90": null, "hs_sd": null, "coverage": 0.0, "data_status": "no_data_from_figure"}}, {"type": "Feature", "geometry": {"type": "Polygon", "coordinates": [[[-70.721167, -55.034638], [-70.251906, -55.040369], [-70.24357, -54.770836], [-70.70971, -54.765161], [-70.721167, -55.034638]]]}, "properties": {"cell_id": "G30_0390_3900", "hs_mean": null, "hs_p90": null, "hs_sd": null, "coverage": 0.0, "data_status": "no_data_from_figure"}}, {"type": "Feature", "geometry": {"type": "Polygon", "coordinates": [[[-70.251906, -55.040369], [-69.782505, -55.044291], [-69.777293, -54.77472], [-70.24357, -54.770836], [-70.251906, -55.040369]]]}, "properties": {"cell_id": "G30_0420_3900", "hs_mean": 0.4435, "hs_p90": 0.4807, "hs_sd": 0.0498, "coverage": 0.1136, "data_status": "value"}}, {"type": "Feature", "geometry": {"type": "Polygon", "coordinates": [[[-69.782505, -55.044291], [-69.313016, -55.046404], [-69.310931, -54.776811], [-69.777293, -54.77472], [-69.782505, -55.044291]]]}, "properties": {"cell_id": "G30_0450_3900", "hs_mean": 0.388, "hs_p90": 0.4807, "hs_sd": 0.0738, "coverage": 0.4016, "data_status": "value"}}, {"type": "Feature", "geometry": {"type": "Polygon", "coordinates": [[[-69.313016, -55.046404], [-68.843491, -55.046706], [-68.844534, -54.77711], [-69.310931, -54.776811], [-69.313016, -55.046404]]]}, "properties": {"cell_id": "G30_0480_3900", "hs_mean": 0.312, "hs_p90": 0.4354, "hs_sd": 0.0906, "coverage": 0.344, "data_status": "value"}}, {"type": "Feature", "geometry": {"type": "Polygon", "coordinates": [[[-68.843491, -55.046706], [-68.373984, -55.045197], [-68.378154, -54.775616], [-68.844534, -54.77711], [-68.843491, -55.046706]]]}, "properties": {"cell_id": "G30_0510_3900", "hs_mean": 0.4009, "hs_p90": 0.4807, "hs_sd": 0.0614, "coverage": 0.3977, "data_status": "value"}}, {"type": "Feature", "geometry": {"type": "Polygon", "coordinates": [[[-68.373984, -55.045197], [-67.904548, -55.041878], [-67.911843, -54.77233], [-68.378154, -54.775616], [-68.373984, -55.045197]]]}, "properties": {"cell_id": "G30_0540_3900", "hs_mean": 0.3789, "hs_p90": 0.4594, "hs_sd": 0.0691, "coverage": 0.541, "data_status": "value"}}, {"type": "Feature", "geometry": {"type": "Polygon", "coordinates": [[[-67.904548, -55.041878], [-67.435234, -55.036749], [-67.445652, -54.767252], [-67.911843, -54.77233], [-67.904548, -55.041878]]]}, "properties": {"cell_id": "G30_0570_3900", "hs_mean": 0.3804, "hs_p90": 0.424, "hs_sd": 0.065, "coverage": 0.4127, "data_status": "value"}}, {"type": "Feature", "geometry": {"type": "Polygon", "coordinates": [[[-67.435234, -55.036749], [-66.966096, -55.029812], [-66.979633, -54.760384], [-67.445652, -54.767252], [-67.435234, -55.036749]]]}, "properties": {"cell_id": "G30_0600_3900", "hs_mean": null, "hs_p90": null, "hs_sd": null, "coverage": 0.0, "data_status": "no_data_from_figure"}}, {"type": "Feature", "geometry": {"type": "Polygon", "coordinates": [[[-66.966096, -55.029812], [-66.497186, -55.021068], [-66.513836, -54.751726], [-66.979633, -54.760384], [-66.966096, -55.029812]]]}, "properties": {"cell_id": "G30_0630_3900", "hs_mean": 0.4082, "hs_p90": 0.4209, "hs_sd": 0.0159, "coverage": 1.0, "data_status": "value"}}, {"type": "Feature", "geometry": {"type": "Polygon", "coordinates": [[[-72.106791, -54.737405], [-71.641371, -54.748444], [-71.623975, -54.479118], [-72.086341, -54.468188], [-72.106791, -54.737405]]]}, "properties": {"cell_id": "G30_0300_3930", "hs_mean": null, "hs_p90": null, "hs_sd": null, "coverage": 0.0, "data_status": "no_data_from_figure"}}, {"type": "Feature", "geometry": {"type": "Polygon", "coordinates": [[[-71.641371, -54.748444], [-71.17566, -54.757697], [-71.161325, -54.48828], [-71.623975, -54.479118], [-71.641371, -54.748444]]]}, "properties": {"cell_id": "G30_0330_3930", "hs_mean": null, "hs_p90": null, "hs_sd": null, "coverage": 0.0, "data_status": "no_data_from_figure"}}, {"type": "Feature", "geometry": {"type": "Polygon", "coordinates": [[[-71.17566, -54.757697], [-70.70971, -54.765161], [-70.698441, -54.495671], [-71.161325, -54.48828], [-71.17566, -54.757697]]]}, "properties": {"cell_id": "G30_0360_3930", "hs_mean": 0.3017, "hs_p90": 0.3968, "hs_sd": 0.0811, "coverage": 0.2609, "data_status": "value"}}, {"type": "Feature", "geometry": {"type": "Polygon", "coordinates": [[[-70.70971, -54.765161], [-70.24357, -54.770836], [-70.235371, -54.50129], [-70.698441, -54.495671], [-70.70971, -54.765161]]]}, "properties": {"cell_id": "G30_0390_3930", "hs_mean": 0.3691, "hs_p90": 0.4705, "hs_sd": 0.0662, "coverage": 0.3459, "data_status": "value"}}, {"type": "Feature", "geometry": {"type": "Polygon", "coordinates": [[[-70.24357, -54.770836], [-69.777293, -54.77472], [-69.772168, -54.505136], [-70.235371, -54.50129], [-70.24357, -54.770836]]]}, "properties": {"cell_id": "G30_0420_3930", "hs_mean": 0.3684, "hs_p90": 0.4807, "hs_sd": 0.0953, "coverage": 0.4514, "data_status": "value"}}, {"type": "Feature", "geometry": {"type": "Polygon", "coordinates": [[[-69.777293, -54.77472], [-69.310931, -54.776811], [-69.30888, -54.507207], [-69.772168, -54.505136], [-69.777293, -54.77472]]]}, "properties": {"cell_id": "G30_0450_3930", "hs_mean": 0.3175, "hs_p90": 0.3683, "hs_sd": 0.0635, "coverage": 0.0144, "data_status": "value"}}, {"type": "Feature", "geometry": {"type": "Polygon", "coordinates": [[[-69.310931, -54.776811], [-68.844534, -54.77711], [-68.845559, -54.507503], [-69.30888, -54.507207], [-69.310931, -54.776811]]]}, "properties": {"cell_id": "G30_0480_3930", "hs_mean": null, "hs_p90": null, "hs_sd": null, "coverage": 0.0, "data_status": "no_data_from_figure"}}, {"type": "Feature", "geometry": {"type": "Polygon", "coordinates": [[[-68.844534, -54.77711], [-68.378154, -54.775616], [-68.382255, -54.506023], [-68.845559, -54.507503], [-68.844534, -54.77711]]]}, "properties": {"cell_id": "G30_0510_3930", "hs_mean": null, "hs_p90": null, "hs_sd": null, "coverage": 0.0, "data_status": "no_data_from_figure"}}, {"type": "Feature", "geometry": {"type": "Polygon", "coordinates": [[[-72.548372, -54.455493], [-72.086341, -54.468188], [-72.066226, -54.198955], [-72.52526, -54.186384], [-72.548372, -54.455493]]]}, "properties": {"cell_id": "G30_0270_3960", "hs_mean": null, "hs_p90": null, "hs_sd": null, "coverage": 0.0, "data_status": "no_data_from_figure"}}, {"type": "Feature", "geometry": {"type": "Polygon", "coordinates": [[[-72.086341, -54.468188], [-71.623975, -54.479118], [-71.606865, -54.209778], [-72.066226, -54.198955], [-72.086341, -54.468188]]]}, "properties": {"cell_id": "G30_0300_3960", "hs_mean": 0.4807, "hs_p90": 0.4807, "hs_sd": 0.0, "coverage": 0.16, "data_status": "value"}}, {"type": "Feature", "geometry": {"type": "Polygon", "coordinates": [[[-71.623975, -54.479118], [-71.161325, -54.48828], [-71.147225, -54.218849], [-71.606865, -54.209778], [-71.623975, -54.479118]]]}, "properties": {"cell_id": "G30_0330_3960", "hs_mean": 0.4057, "hs_p90": 0.4807, "hs_sd": 0.0565, "coverage": 0.5976, "data_status": "value"}}, {"type": "Feature", "geometry": {"type": "Polygon", "coordinates": [[[-71.161325, -54.48828], [-70.698441, -54.495671], [-70.687356, -54.226168], [-71.147225, -54.218849], [-71.161325, -54.48828]]]}, "properties": {"cell_id": "G30_0360_3960", "hs_mean": 0.3596, "hs_p90": 0.4236, "hs_sd": 0.0692, "coverage": 0.3478, "data_status": "value"}}, {"type": "Feature", "geometry": {"type": "Polygon", "coordinates": [[[-70.698441, -54.495671], [-70.235371, -54.50129], [-70.227307, -54.231732], [-70.687356, -54.226168], [-70.698441, -54.495671]]]}, "properties": {"cell_id": "G30_0390_3960", "hs_mean": 0.1814, "hs_p90": 0.1814, "hs_sd": 0.0, "coverage": 0.0109, "data_status": "value"}}, {"type": "Feature", "geometry": {"type": "Polygon", "coordinates": [[[-70.235371, -54.50129], [-69.772168, -54.505136], [-69.767126, -54.235539], [-70.227307, -54.231732], [-70.235371, -54.50129]]]}, "properties": {"cell_id": "G30_0420_3960", "hs_mean": 0.2878, "hs_p90": 0.3968, "hs_sd": 0.0657, "coverage": 0.1111, "data_status": "value"}}, {"type": "Feature", "geometry": {"type": "Polygon", "coordinates": [[[-69.772168, -54.505136], [-69.30888, -54.507207], [-69.306863, -54.23759], [-69.767126, -54.235539], [-69.772168, -54.505136]]]}, "properties": {"cell_id": "G30_0450_3960", "hs_mean": null, "hs_p90": null, "hs_sd": null, "coverage": 0.0, "data_status": "no_data_from_figure"}}, {"type": "Feature", "geometry": {"type": "Polygon", "coordinates": [[[-69.30888, -54.507207], [-68.845559, -54.507503], [-68.846568, -54.237883], [-69.306863, -54.23759], [-69.30888, -54.507207]]]}, "properties": {"cell_id": "G30_0480_3960", "hs_mean": 0.6417, "hs_p90": 0.6735, "hs_sd": 0.0321, "coverage": 0.0261, "data_status": "value"}}, {"type": "Feature", "geometry": {"type": "Polygon", "coordinates": [[[-68.845559, -54.507503], [-68.382255, -54.506023], [-68.386288, -54.236418], [-68.846568, -54.237883], [-68.845559, -54.507503]]]}, "properties": {"cell_id": "G30_0510_3960", "hs_mean": null, "hs_p90": null, "hs_sd": null, "coverage": 0.0, "data_status": "no_data_from_figure"}}, {"type": "Feature", "geometry": {"type": "Polygon", "coordinates": [[[-73.899918, -54.138211], [-73.442154, -54.156008], [-73.413546, -53.887177], [-73.868388, -53.869554], [-73.899918, -54.138211]]]}, "properties": {"cell_id": "G30_0180_3990", "hs_mean": null, "hs_p90": null, "hs_sd": null, "coverage": 0.0, "data_status": "no_data_from_figure"}}, {"type": "Feature", "geometry": {"type": "Polygon", "coordinates": [[[-73.442154, -54.156008], [-72.983919, -54.172067], [-72.958242, -53.903079], [-73.413546, -53.887177], [-73.442154, -54.156008]]]}, "properties": {"cell_id": "G30_0210_3990", "hs_mean": 0.1232, "hs_p90": 0.1288, "hs_sd": 0.007, "coverage": 0.1, "data_status": "value"}}, {"type": "Feature", "geometry": {"type": "Polygon", "coordinates": [[[-72.983919, -54.172067], [-72.52526, -54.186384], [-72.502523, -53.917256], [-72.958242, -53.903079], [-72.983919, -54.172067]]]}, "properties": {"cell_id": "G30_0240_3990", "hs_mean": 0.4492, "hs_p90": 0.4807, "hs_sd": 0.0491, "coverage": 0.1011, "data_status": "value"}}, {"type": "Feature", "geometry": {"type": "Polygon", "coordinates": [[[-72.52526, -54.186384], [-72.066226, -54.198955], [-72.046437, -53.929704], [-72.502523, -53.917256], [-72.52526, -54.186384]]]}, "properties": {"cell_id": "G30_0270_3990", "hs_mean": 0.3391, "hs_p90": 0.4807, "hs_sd": 0.1056, "coverage": 0.2024, "data_status": "value"}}, {"type": "Feature", "geometry": {"type": "Polygon", "coordinates": [[[-72.066226, -54.198955], [-71.606865, -54.209778], [-71.590032, -53.940421], [-72.046437, -53.929704], [-72.066226, -54.198955]]]}, "properties": {"cell_id": "G30_0300_3990", "hs_mean": 0.3013, "hs_p90": 0.3968, "hs_sd": 0.0702, "coverage": 0.2656, "data_status": "value"}}, {"type": "Feature", "geometry": {"type": "Polygon", "coordinates": [[[-71.606865, -54.209778], [-71.147225, -54.218849], [-71.133354, -53.949404], [-71.590032, -53.940421], [-71.606865, -54.209778]]]}, "properties": {"cell_id": "G30_0330_3990", "hs_mean": 0.3464, "hs_p90": 0.4603, "hs_sd": 0.0922, "coverage": 0.1215, "data_status": "value"}}, {"type": "Feature", "geometry": {"type": "Polygon", "coordinates": [[[-71.147225, -54.218849], [-70.687356, -54.226168], [-70.676452, -53.956651], [-71.133354, -53.949404], [-71.147225, -54.218849]]]}, "properties": {"cell_id": "G30_0360_3990", "hs_mean": null, "hs_p90": null, "hs_sd": null, "coverage": 0.0, "data_status": "no_data_from_figure"}}, {"type": "Feature", "geometry": {"type": "Polygon", "coordinates": [[[-70.687356, -54.226168], [-70.227307, -54.231732], [-70.219374, -53.96216], [-70.676452, -53.956651], [-70.687356, -54.226168]]]}, "properties": {"cell_id": "G30_0390_3990", "hs_mean": 0.2914, "hs_p90": 0.2959, "hs_sd": 0.0057, "coverage": 0.0222, "data_status": "value"}}, {"type": "Feature", "geometry": {"type": "Polygon", "coordinates": [[[-70.227307, -54.231732], [-69.767126, -54.235539], [-69.762167, -53.96593], [-70.219374, -53.96216], [-70.227307, -54.231732]]]}, "properties": {"cell_id": "G30_0420_3990", "hs_mean": 0.9274, "hs_p90": 0.9483, "hs_sd": 0.024, "coverage": 0.0794, "data_status": "value"}}, {"type": "Feature", "geometry": {"type": "Polygon", "coordinates": [[[-69.767126, -54.235539], [-69.306863, -54.23759], [-69.304879, -53.967961], [-69.762167, -53.96593], [-69.767126, -54.235539]]]}, "properties": {"cell_id": "G30_0450_3990", "hs_mean": 0.9583, "hs_p90": 0.9683, "hs_sd": 0.0079, "coverage": 0.0714, "data_status": "value"}}, {"type": "Feature", "geometry": {"type": "Polygon", "coordinates": [[[-69.306863, -54.23759], [-68.846568, -54.237883], [-68.84756, -53.968251], [-69.304879, -53.967961], [-69.306863, -54.23759]]]}, "properties": {"cell_id": "G30_0480_3990", "hs_mean": 0.959, "hs_p90": 0.9796, "hs_sd": 0.0232, "coverage": 0.5625, "data_status": "value"}}, {"type": "Feature", "geometry": {"type": "Polygon", "coordinates": [[[-68.846568, -54.237883], [-68.386288, -54.236418], [-68.390256, -53.9668], [-68.84756, -53.968251], [-68.846568, -54.237883]]]}, "properties": {"cell_id": "G30_0510_3990", "hs_mean": 0.9001, "hs_p90": 0.9093, "hs_sd": 0.0122, "coverage": 0.2917, "data_status": "value"}}, {"type": "Feature", "geometry": {"type": "Polygon", "coordinates": [[[-73.413546, -53.887177], [-72.958242, -53.903079], [-72.932979, -53.634071], [-73.385399, -53.618324], [-73.413546, -53.887177]]]}, "properties": {"cell_id": "G30_0210_4020", "hs_mean": 0.1574, "hs_p90": 0.181, "hs_sd": 0.0568, "coverage": 0.4259, "data_status": "value"}}, {"type": "Feature", "geometry": {"type": "Polygon", "coordinates": [[[-72.958242, -53.903079], [-72.502523, -53.917256], [-72.480154, -53.648109], [-72.932979, -53.634071], [-72.958242, -53.903079]]]}, "properties": {"cell_id": "G30_0240_4020", "hs_mean": 0.2228, "hs_p90": 0.3379, "hs_sd": 0.0914, "coverage": 0.4056, "data_status": "value"}}, {"type": "Feature", "geometry": {"type": "Polygon", "coordinates": [[[-72.502523, -53.917256], [-72.046437, -53.929704], [-72.026969, -53.660436], [-72.480154, -53.648109], [-72.502523, -53.917256]]]}, "properties": {"cell_id": "G30_0270_4020", "hs_mean": 0.2624, "hs_p90": 0.3084, "hs_sd": 0.0309, "coverage": 0.131, "data_status": "value"}}, {"type": "Feature", "geometry": {"type": "Polygon", "coordinates": [[[-72.046437, -53.929704], [-71.590032, -53.940421], [-71.573472, -53.671048], [-72.026969, -53.660436], [-72.046437, -53.929704]]]}, "properties": {"cell_id": "G30_0300_4020", "hs_mean": null, "hs_p90": null, "hs_sd": null, "coverage": 0.0, "data_status": "no_data_from_figure"}}, {"type": "Feature", "geometry": {"type": "Polygon", "coordinates": [[[-71.590032, -53.940421], [-71.133354, -53.949404], [-71.119708, -53.679944], [-71.573472, -53.671048], [-71.590032, -53.940421]]]}, "properties": {"cell_id": "G30_0330_4020", "hs_mean": null, "hs_p90": null, "hs_sd": null, "coverage": 0.0, "data_status": "no_data_from_figure"}}, {"type": "Feature", "geometry": {"type": "Polygon", "coordinates": [[[-71.133354, -53.949404], [-70.676452, -53.956651], [-70.665725, -53.68712], [-71.119708, -53.679944], [-71.133354, -53.949404]]]}, "properties": {"cell_id": "G30_0360_4020", "hs_mean": null, "hs_p90": null, "hs_sd": null, "coverage": 0.0, "data_status": "no_data_from_figure"}}, {"type": "Feature", "geometry": {"type": "Polygon", "coordinates": [[[-70.676452, -53.956651], [-70.219374, -53.96216], [-70.211569, -53.692575], [-70.665725, -53.68712], [-70.676452, -53.956651]]]}, "properties": {"cell_id": "G30_0390_4020", "hs_mean": 0.898, "hs_p90": 0.9184, "hs_sd": 0.0196, "coverage": 0.058, "data_status": "value"}}, {"type": "Feature", "geometry": {"type": "Polygon", "coordinates": [[[-70.219374, -53.96216], [-69.762167, -53.96593], [-69.757287, -53.696309], [-70.211569, -53.692575], [-70.219374, -53.96216]]]}, "properties": {"cell_id": "G30_0420_4020", "hs_mean": 0.9441, "hs_p90": 0.9683, "hs_sd": 0.0209, "coverage": 0.3103, "data_status": "value"}}, {"type": "Feature", "geometry": {"type": "Polygon", "coordinates": [[[-69.762167, -53.96593], [-69.304879, -53.967961], [-69.302927, -53.698319], [-69.757287, -53.696309], [-69.762167, -53.96593]]]}, "properties": {"cell_id": "G30_0450_4020", "hs_mean": 0.9649, "hs_p90": 1.0, "hs_sd": 0.0247, "coverage": 0.2222, "data_status": "value"}}, {"type": "Feature", "geometry": {"type": "Polygon", "coordinates": [[[-69.304879, -53.967961], [-68.84756, -53.968251], [-68.848535, -53.698607], [-69.302927, -53.698319], [-69.304879, -53.967961]]]}, "properties": {"cell_id": "G30_0480_4020", "hs_mean": 0.91, "hs_p90": 0.9683, "hs_sd": 0.0436, "coverage": 0.1597, "data_status": "value"}}, {"type": "Feature", "geometry": {"type": "Polygon", "coordinates": [[[-68.84756, -53.968251], [-68.390256, -53.9668], [-68.39416, -53.697171], [-68.848535, -53.698607], [-68.84756, -53.968251]]]}, "properties": {"cell_id": "G30_0510_4020", "hs_mean": 0.8634, "hs_p90": 0.8866, "hs_sd": 0.028, "coverage": 0.7917, "data_status": "value"}}, {"type": "Feature", "geometry": {"type": "Polygon", "coordinates": [[[-74.739768, -53.56087], [-74.288839, -53.581719], [-74.255496, -53.313198], [-74.703619, -53.292551], [-74.739768, -53.56087]]]}, "properties": {"cell_id": "G30_0120_4050", "hs_mean": null, "hs_p90": null, "hs_sd": null, "coverage": 0.0, "data_status": "no_data_from_figure"}}, {"type": "Feature", "geometry": {"type": "Polygon", "coordinates": [[[-74.288839, -53.581719], [-73.837367, -53.600872], [-73.806843, -53.332165], [-74.255496, -53.313198], [-74.288839, -53.581719]]]}, "properties": {"cell_id": "G30_0150_4050", "hs_mean": 0.1399, "hs_p90": 0.181, "hs_sd": 0.0359, "coverage": 0.5385, "data_status": "value"}}, {"type": "Feature", "geometry": {"type": "Polygon", "coordinates": [[[-73.837367, -53.600872], [-73.385399, -53.618324], [-73.357703, -53.349448], [-73.806843, -53.332165], [-73.837367, -53.600872]]]}, "properties": {"cell_id": "G30_0180_4050", "hs_mean": 0.1205, "hs_p90": 0.161, "hs_sd": 0.0361, "coverage": 0.2958, "data_status": "value"}}, {"type": "Feature", "geometry": {"type": "Polygon", "coordinates": [[[-73.385399, -53.618324], [-72.932979, -53.634071], [-72.908121, -53.365042], [-73.357703, -53.349448], [-73.385399, -53.618324]]]}, "properties": {"cell_id": "G30_0210_4050", "hs_mean": 0.1655, "hs_p90": 0.1878, "hs_sd": 0.0193, "coverage": 0.0693, "data_status": "value"}}, {"type": "Feature", "geometry": {"type": "Polygon", "coordinates": [[[-72.932979, -53.634071], [-72.480154, -53.648109], [-72.458143, -53.378944], [-72.908121, -53.365042], [-72.932979, -53.634071]]]}, "properties": {"cell_id": "G30_0240_4050", "hs_mean": null, "hs_p90": null, "hs_sd": null, "coverage": 0.0, "data_status": "no_data_from_figure"}}, {"type": "Feature", "geometry": {"type": "Polygon", "coordinates": [[[-72.480154, -53.648109], [-72.026969, -53.660436], [-72.007814, -53.391151], [-72.458143, -53.378944], [-72.480154, -53.648109]]]}, "properties": {"cell_id": "G30_0270_4050", "hs_mean": null, "hs_p90": null, "hs_sd": null, "coverage": 0.0, "data_status": "no_data_from_figure"}}, {"type": "Feature", "geometry": {"type": "Polygon", "coordinates": [[[-72.026969, -53.660436], [-71.573472, -53.671048], [-71.557178, -53.40166], [-72.007814, -53.391151], [-72.026969, -53.660436]]]}, "properties": {"cell_id": "G30_0300_4050", "hs_mean": null, "hs_p90": null, "hs_sd": null, "coverage": 0.0, "data_status": "no_data_from_figure"}}, {"type": "Feature", "geometry": {"type": "Polygon", "coordinates": [[[-71.573472, -53.671048], [-71.119708, -53.679944], [-71.106281, -53.410469], [-71.557178, -53.40166], [-71.573472, -53.671048]]]}, "properties": {"cell_id": "G30_0330_4050", "hs_mean": null, "hs_p90": null, "hs_sd": null, "coverage": 0.0, "data_status": "no_data_from_figure"}}, {"type": "Feature", "geometry": {"type": "Polygon", "coordinates": [[[-71.119708, -53.679944], [-70.665725, -53.68712], [-70.65517, -53.417575], [-71.106281, -53.410469], [-71.119708, -53.679944]]]}, "properties": {"cell_id": "G30_0360_4050", "hs_mean": null, "hs_p90": null, "hs_sd": null, "coverage": 0.0, "data_status": "no_data_from_figure"}}, {"type": "Feature", "geometry": {"type": "Polygon", "coordinates": [[[-70.665725, -53.68712], [-70.211569, -53.692575], [-70.20389, -53.422978], [-70.65517, -53.417575], [-70.665725, -53.68712]]]}, "properties": {"cell_id": "G30_0390_4050", "hs_mean": null, "hs_p90": null, "hs_sd": null, "coverage": 0.0, "data_status": "no_data_from_figure"}}, {"type": "Feature", "geometry": {"type": "Polygon", "coordinates": [[[-70.211569, -53.692575], [-69.757287, -53.696309], [-69.752487, -53.426675], [-70.20389, -53.422978], [-70.211569, -53.692575]]]}, "properties": {"cell_id": "G30_0420_4050", "hs_mean": 0.3651, "hs_p90": 0.4159, "hs_sd": 0.0634, "coverage": 0.3636, "data_status": "value"}}, {"type": "Feature", "geometry": {"type": "Polygon", "coordinates": [[[-69.757287, -53.696309], [-69.302927, -53.698319], [-69.301007, -53.428666], [-69.752487, -53.426675], [-69.757287, -53.696309]]]}, "properties": {"cell_id": "G30_0450_4050", "hs_mean": 0.5726, "hs_p90": 0.588, "hs_sd": 0.0193, "coverage": 0.0328, "data_status": "value"}}, {"type": "Feature", "geometry": {"type": "Polygon", "coordinates": [[[-69.302927, -53.698319], [-68.848535, -53.698607], [-68.849496, -53.42895], [-69.301007, -53.428666], [-69.302927, -53.698319]]]}, "properties": {"cell_id": "G30_0480_4050", "hs_mean": 0.6726, "hs_p90": 0.7465, "hs_sd": 0.0604, "coverage": 0.6528, "data_status": "value"}}, {"type": "Feature", "geometry": {"type": "Polygon", "coordinates": [[[-68.848535, -53.698607], [-68.39416, -53.697171], [-68.398, -53.427528], [-68.849496, -53.42895], [-68.848535, -53.698607]]]}, "properties": {"cell_id": "G30_0510_4050", "hs_mean": 0.6701, "hs_p90": 0.7664, "hs_sd": 0.0656, "coverage": 0.9861, "data_status": "value"}}, {"type": "Feature", "geometry": {"type": "Polygon", "coordinates": [[[-74.703619, -53.292551], [-74.255496, -53.313198], [-74.222684, -53.044651], [-74.668045, -53.024203], [-74.703619, -53.292551]]]}, "properties": {"cell_id": "G30_0120_4080", "hs_mean": 0.0693, "hs_p90": 0.0726, "hs_sd": 0.0208, "coverage": 0.7857, "data_status": "value"}}, {"type": "Feature", "geometry": {"type": "Polygon", "coordinates": [[[-74.255496, -53.313198], [-73.806843, -53.332165], [-73.776805, -53.063435], [-74.222684, -53.044651], [-74.255496, -53.313198]]]}, "properties": {"cell_id": "G30_0150_4080", "hs_mean": 0.0422, "hs_p90": 0.0966, "hs_sd": 0.0407, "coverage": 0.2241, "data_status": "value"}}, {"type": "Feature", "geometry": {"type": "Polygon", "coordinates": [[[-73.806843, -53.332165], [-73.357703, -53.349448], [-73.330449, -53.08055], [-73.776805, -53.063435], [-73.806843, -53.332165]]]}, "properties": {"cell_id": "G30_0180_4080", "hs_mean": null, "hs_p90": null, "hs_sd": null, "coverage": 0.0, "data_status": "no_data_from_figure"}}, {"type": "Feature", "geometry": {"type": "Polygon", "coordinates": [[[-73.357703, -53.349448], [-72.908121, -53.365042], [-72.883661, -53.095993], [-73.330449, -53.08055], [-73.357703, -53.349448]]]}, "properties": {"cell_id": "G30_0210_4080", "hs_mean": null, "hs_p90": null, "hs_sd": null, "coverage": 0.0, "data_status": "no_data_from_figure"}}, {"type": "Feature", "geometry": {"type": "Polygon", "coordinates": [[[-72.908121, -53.365042], [-72.458143, -53.378944], [-72.436485, -53.109761], [-72.883661, -53.095993], [-72.908121, -53.365042]]]}, "properties": {"cell_id": "G30_0240_4080", "hs_mean": 0.3679, "hs_p90": 0.4807, "hs_sd": 0.0768, "coverage": 0.2061, "data_status": "value"}}, {"type": "Feature", "geometry": {"type": "Polygon", "coordinates": [[[-72.458143, -53.378944], [-72.007814, -53.391151], [-71.988965, -53.12185], [-72.436485, -53.109761], [-72.458143, -53.378944]]]}, "properties": {"cell_id": "G30_0270_4080", "hs_mean": 0.3137, "hs_p90": 0.3379, "hs_sd": 0.0342, "coverage": 0.039, "data_status": "value"}}, {"type": "Feature", "geometry": {"type": "Polygon", "coordinates": [[[-72.007814, -53.391151], [-71.557178, -53.40166], [-71.541145, -53.132257], [-71.988965, -53.12185], [-72.007814, -53.391151]]]}, "properties": {"cell_id": "G30_0300_4080", "hs_mean": 0.2168, "hs_p90": 0.2526, "hs_sd": 0.0322, "coverage": 0.0588, "data_status": "value"}}, {"type": "Feature", "geometry": {"type": "Polygon", "coordinates": [[[-71.557178, -53.40166], [-71.106281, -53.410469], [-71.09307, -53.14098], [-71.541145, -53.132257], [-71.557178, -53.40166]]]}, "properties": {"cell_id": "G30_0330_4080", "hs_mean": 0.3988, "hs_p90": 0.5329, "hs_sd": 0.1075, "coverage": 0.1888, "data_status": "value"}}, {"type": "Feature", "geometry": {"type": "Polygon", "coordinates": [[[-71.106281, -53.410469], [-70.65517, -53.417575], [-70.644785, -53.148017], [-71.09307, -53.14098], [-71.106281, -53.410469]]]}, "properties": {"cell_id": "G30_0360_4080", "hs_mean": 0.394, "hs_p90": 0.551, "hs_sd": 0.12, "coverage": 0.3333, "data_status": "value"}}, {"type": "Feature", "geometry": {"type": "Polygon", "coordinates": [[[-70.65517, -53.417575], [-70.20389, -53.422978], [-70.196334, -53.153367], [-70.644785, -53.148017], [-70.65517, -53.417575]]]}, "properties": {"cell_id": "G30_0390_4080", "hs_mean": 0.3551, "hs_p90": 0.458, "hs_sd": 0.0781, "coverage": 0.24, "data_status": "value"}}, {"type": "Feature", "geometry": {"type": "Polygon", "coordinates": [[[-70.20389, -53.422978], [-69.752487, -53.426675], [-69.747763, -53.157029], [-70.196334, -53.153367], [-70.20389, -53.422978]]]}, "properties": {"cell_id": "G30_0420_4080", "hs_mean": 0.5003, "hs_p90": 0.6009, "hs_sd": 0.1132, "coverage": 0.5758, "data_status": "value"}}, {"type": "Feature", "geometry": {"type": "Polygon", "coordinates": [[[-69.752487, -53.426675], [-69.301007, -53.428666], [-69.299117, -53.159], [-69.747763, -53.157029], [-69.752487, -53.426675]]]}, "properties": {"cell_id": "G30_0450_4080", "hs_mean": 0.4779, "hs_p90": 0.5374, "hs_sd": 0.0613, "coverage": 1.0, "data_status": "value"}}, {"type": "Feature", "geometry": {"type": "Polygon", "coordinates": [[[-69.301007, -53.428666], [-68.849496, -53.42895], [-68.850441, -53.159282], [-69.299117, -53.159], [-69.301007, -53.428666]]]}, "properties": {"cell_id": "G30_0480_4080", "hs_mean": 0.4524, "hs_p90": 0.5717, "hs_sd": 0.0858, "coverage": 1.0, "data_status": "value"}}, {"type": "Feature", "geometry": {"type": "Polygon", "coordinates": [[[-68.849496, -53.42895], [-68.398, -53.427528], [-68.40178, -53.157874], [-68.850441, -53.159282], [-68.849496, -53.42895]]]}, "properties": {"cell_id": "G30_0510_4080", "hs_mean": 0.4714, "hs_p90": 0.6111, "hs_sd": 0.1005, "coverage": 1.0, "data_status": "value"}}, {"type": "Feature", "geometry": {"type": "Polygon", "coordinates": [[[-75.112843, -53.002095], [-74.668045, -53.024203], [-74.633033, -52.755826], [-75.075124, -52.733932], [-75.112843, -53.002095]]]}, "properties": {"cell_id": "G30_0090_4110", "hs_mean": null, "hs_p90": null, "hs_sd": null, "coverage": 0.0, "data_status": "no_data_from_figure"}}, {"type": "Feature", "geometry": {"type": "Polygon", "coordinates": [[[-74.668045, -53.024203], [-74.222684, -53.044651], [-74.190392, -52.776077], [-74.633033, -52.755826], [-74.668045, -53.024203]]]}, "properties": {"cell_id": "G30_0120_4110", "hs_mean": 0.0416, "hs_p90": 0.0785, "hs_sd": 0.0394, "coverage": 0.5493, "data_status": "value"}}, {"type": "Feature", "geometry": {"type": "Polygon", "coordinates": [[[-74.222684, -53.044651], [-73.776805, -53.063435], [-73.747243, -52.79468], [-74.190392, -52.776077], [-74.222684, -53.044651]]]}, "properties": {"cell_id": "G30_0150_4110", "hs_mean": null, "hs_p90": null, "hs_sd": null, "coverage": 0.0, "data_status": "no_data_from_figure"}}, {"type": "Feature", "geometry": {"type": "Polygon", "coordinates": [[[-73.776805, -53.063435], [-73.330449, -53.08055], [-73.303627, -52.811631], [-73.747243, -52.79468], [-73.776805, -53.063435]]]}, "properties": {"cell_id": "G30_0180_4110", "hs_mean": 0.3528, "hs_p90": 0.3968, "hs_sd": 0.0556, "coverage": 0.0926, "data_status": "value"}}, {"type": "Feature", "geometry": {"type": "Polygon", "coordinates": [[[-73.330449, -53.08055], [-72.883661, -53.095993], [-72.859589, -52.826925], [-73.303627, -52.811631], [-73.330449, -53.08055]]]}, "properties": {"cell_id": "G30_0210_4110", "hs_mean": 0.2834, "hs_p90": 0.3542, "hs_sd": 0.0814, "coverage": 0.0611, "data_status": "value"}}, {"type": "Feature", "geometry": {"type": "Polygon", "coordinates": [[[-72.883661, -53.095993], [-72.436485, -53.109761], [-72.41517, -52.840559], [-72.859589, -52.826925], [-72.883661, -53.095993]]]}, "properties": {"cell_id": "G30_0240_4110", "hs_mean": 0.2585, "hs_p90": 0.2585, "hs_sd": 0.0, "coverage": 0.0069, "data_status": "value"}}, {"type": "Feature", "geometry": {"type": "Polygon", "coordinates": [[[-72.436485, -53.109761], [-71.988965, -53.12185], [-71.970415, -52.852531], [-72.41517, -52.840559], [-72.436485, -53.109761]]]}, "properties": {"cell_id": "G30_0270_4110", "hs_mean": 0.4491, "hs_p90": 0.61, "hs_sd": 0.1332, "coverage": 0.2246, "data_status": "value"}}, {"type": "Feature", "geometry": {"type": "Polygon", "coordinates": [[[-71.988965, -53.12185], [-71.541145, -53.132257], [-71.525366, -52.862838], [-71.970415, -52.852531], [-71.988965, -53.12185]]]}, "properties": {"cell_id": "G30_0300_4110", "hs_mean": 0.5463, "hs_p90": 0.5982, "hs_sd": 0.057, "coverage": 0.8462, "data_status": "value"}}, {"type": "Feature", "geometry": {"type": "Polygon", "coordinates": [[[-71.541145, -53.132257], [-71.09307, -53.14098], [-71.080068, -52.871476], [-71.525366, -52.862838], [-71.541145, -53.132257]]]}, "properties": {"cell_id": "G30_0330_4110", "hs_mean": 0.4346, "hs_p90": 0.4912, "hs_sd": 0.0679, "coverage": 0.78, "data_status": "value"}}, {"type": "Feature", "geometry": {"type": "Polygon", "coordinates": [[[-71.09307, -53.14098], [-70.644785, -53.148017], [-70.634564, -52.878446], [-71.080068, -52.871476], [-71.09307, -53.14098]]]}, "properties": {"cell_id": "G30_0360_4110", "hs_mean": 0.3415, "hs_p90": 0.395, "hs_sd": 0.0464, "coverage": 0.3125, "data_status": "value"}}, {"type": "Feature", "geometry": {"type": "Polygon", "coordinates": [[[-70.644785, -53.148017], [-70.196334, -53.153367], [-70.188898, -52.883744], [-70.634564, -52.878446], [-70.644785, -53.148017]]]}, "properties": {"cell_id": "G30_0390_4110", "hs_mean": 0.3231, "hs_p90": 0.3902, "hs_sd": 0.0536, "coverage": 0.5946, "data_status": "value"}}, {"type": "Feature", "geometry": {"type": "Polygon", "coordinates": [[[-70.196334, -53.153367], [-69.747763, -53.157029], [-69.743115, -52.887369], [-70.188898, -52.883744], [-70.196334, -53.153367]]]}, "properties": {"cell_id": "G30_0420_4110", "hs_mean": 0.485, "hs_p90": 0.6304, "hs_sd": 0.1233, "coverage": 0.5038, "data_status": "value"}}, {"type": "Feature", "geometry": {"type": "Polygon", "coordinates": [[[-69.747763, -53.157029], [-69.299117, -53.159], [-69.297257, -52.889322], [-69.743115, -52.887369], [-69.747763, -53.157029]]]}, "properties": {"cell_id": "G30_0450_4110", "hs_mean": 0.3977, "hs_p90": 0.4639, "hs_sd": 0.0638, "coverage": 0.7639, "data_status": "value"}}, {"type": "Feature", "geometry": {"type": "Polygon", "coordinates": [[[-69.299117, -53.159], [-68.850441, -53.159282], [-68.851371, -52.889601], [-69.297257, -52.889322], [-69.299117, -53.159]]]}, "properties": {"cell_id": "G30_0480_4110", "hs_mean": 0.427, "hs_p90": 0.471, "hs_sd": 0.0398, "coverage": 1.0, "data_status": "value"}}, {"type": "Feature", "geometry": {"type": "Polygon", "coordinates": [[[-68.850441, -53.159282], [-68.40178, -53.157874], [-68.405498, -52.888206], [-68.851371, -52.889601], [-68.850441, -53.159282]]]}, "properties": {"cell_id": "G30_0510_4110", "hs_mean": 0.4289, "hs_p90": 0.458, "hs_sd": 0.0291, "coverage": 1.0, "data_status": "value"}}, {"type": "Feature", "geometry": {"type": "Polygon", "coordinates": [[[-75.075124, -52.733932], [-74.633033, -52.755826], [-74.598572, -52.487422], [-75.037997, -52.465737], [-75.075124, -52.733932]]]}, "properties": {"cell_id": "G30_0090_4140", "hs_mean": null, "hs_p90": null, "hs_sd": null, "coverage": 0.0, "data_status": "no_data_from_figure"}}, {"type": "Feature", "geometry": {"type": "Polygon", "coordinates": [[[-74.190392, -52.776077], [-73.747243, -52.79468], [-73.718147, -52.525902], [-74.158608, -52.507478], [-74.190392, -52.776077]]]}, "properties": {"cell_id": "G30_0150_4140", "hs_mean": null, "hs_p90": null, "hs_sd": null, "coverage": 0.0, "data_status": "no_data_from_figure"}}, {"type": "Feature", "geometry": {"type": "Polygon", "coordinates": [[[-73.747243, -52.79468], [-73.303627, -52.811631], [-73.277229, -52.542689], [-73.718147, -52.525902], [-73.747243, -52.79468]]]}, "properties": {"cell_id": "G30_0180_4140", "hs_mean": 0.2222, "hs_p90": 0.2222, "hs_sd": 0.0, "coverage": 0.0139, "data_status": "value"}}, {"type": "Feature", "geometry": {"type": "Polygon", "coordinates": [[[-73.303627, -52.811631], [-72.859589, -52.826925], [-72.835897, -52.557836], [-73.277229, -52.542689], [-73.303627, -52.811631]]]}, "properties": {"cell_id": "G30_0210_4140", "hs_mean": 0.2715, "hs_p90": 0.329, "hs_sd": 0.0593, "coverage": 0.0301, "data_status": "value"}}, {"type": "Feature", "geometry": {"type": "Polygon", "coordinates": [[[-72.859589, -52.826925], [-72.41517, -52.840559], [-72.394193, -52.571339], [-72.835897, -52.557836], [-72.859589, -52.826925]]]}, "properties": {"cell_id": "G30_0240_4140", "hs_mean": null, "hs_p90": null, "hs_sd": null, "coverage": 0.0, "data_status": "no_data_from_figure"}}, {"type": "Feature", "geometry": {"type": "Polygon", "coordinates": [[[-72.41517, -52.840559], [-71.970415, -52.852531], [-71.952159, -52.583196], [-72.394193, -52.571339], [-72.41517, -52.840559]]]}, "properties": {"cell_id": "G30_0270_4140", "hs_mean": 0.3813, "hs_p90": 0.5937, "hs_sd": 0.1298, "coverage": 0.2597, "data_status": "value"}}, {"type": "Feature", "geometry": {"type": "Polygon", "coordinates": [[[-71.970415, -52.852531], [-71.525366, -52.862838], [-71.509838, -52.593403], [-71.952159, -52.583196], [-71.970415, -52.852531]]]}, "properties": {"cell_id": "G30_0300_4140", "hs_mean": 0.4523, "hs_p90": 0.5283, "hs_sd": 0.0548, "coverage": 0.6957, "data_status": "value"}}, {"type": "Feature", "geometry": {"type": "Polygon", "coordinates": [[[-71.525366, -52.862838], [-71.080068, -52.871476], [-71.067273, -52.601958], [-71.509838, -52.593403], [-71.525366, -52.862838]]]}, "properties": {"cell_id": "G30_0330_4140", "hs_mean": 0.4244, "hs_p90": 0.4766, "hs_sd": 0.0454, "coverage": 0.8696, "data_status": "value"}}, {"type": "Feature", "geometry": {"type": "Polygon", "coordinates": [[[-71.080068, -52.871476], [-70.634564, -52.878446], [-70.624506, -52.60886], [-71.067273, -52.601958], [-71.080068, -52.871476]]]}, "properties": {"cell_id": "G30_0360_4140", "hs_mean": 0.3862, "hs_p90": 0.4807, "hs_sd": 0.0946, "coverage": 0.3913, "data_status": "value"}}, {"type": "Feature", "geometry": {"type": "Polygon", "coordinates": [[[-70.634564, -52.878446], [-70.188898, -52.883744], [-70.18158, -52.614107], [-70.624506, -52.60886], [-70.634564, -52.878446]]]}, "properties": {"cell_id": "G30_0390_4140", "hs_mean": 0.4763, "hs_p90": 0.6535, "hs_sd": 0.16, "coverage": 0.2778, "data_status": "value"}}, {"type": "Feature", "geometry": {"type": "Polygon", "coordinates": [[[-70.188898, -52.883744], [-69.743115, -52.887369], [-69.73854, -52.617698], [-70.18158, -52.614107], [-70.188898, -52.883744]]]}, "properties": {"cell_id": "G30_0420_4140", "hs_mean": 0.4895, "hs_p90": 0.6313, "hs_sd": 0.0972, "coverage": 0.7708, "data_status": "value"}}, {"type": "Feature", "geometry": {"type": "Polygon", "coordinates": [[[-69.743115, -52.887369], [-69.297257, -52.889322], [-69.295427, -52.619631], [-69.73854, -52.617698], [-69.743115, -52.887369]]]}, "properties": {"cell_id": "G30_0450_4140", "hs_mean": 0.3891, "hs_p90": 0.454, "hs_sd": 0.0695, "coverage": 0.5312, "data_status": "value"}}, {"type": "Feature", "geometry": {"type": "Polygon", "coordinates": [[[-69.297257, -52.889322], [-68.851371, -52.889601], [-68.852286, -52.619908], [-69.295427, -52.619631], [-69.297257, -52.889322]]]}, "properties": {"cell_id": "G30_0480_4140", "hs_mean": 0.4954, "hs_p90": 0.5896, "hs_sd": 0.0933, "coverage": 0.7612, "data_status": "value"}}, {"type": "Feature", "geometry": {"type": "Polygon", "coordinates": [[[-68.851371, -52.889601], [-68.405498, -52.888206], [-68.409159, -52.618527], [-68.852286, -52.619908], [-68.851371, -52.889601]]]}, "properties": {"cell_id": "G30_0510_4140", "hs_mean": 0.4986, "hs_p90": 0.5873, "hs_sd": 0.0697, "coverage": 1.0, "data_status": "value"}}, {"type": "Feature", "geometry": {"type": "Polygon", "coordinates": [[[-75.037997, -52.465737], [-74.598572, -52.487422], [-74.56465, -52.218989], [-75.00145, -52.197512], [-75.037997, -52.465737]]]}, "properties": {"cell_id": "G30_0090_4170", "hs_mean": 0.016, "hs_p90": 0.0431, "hs_sd": 0.018, "coverage": 0.8, "data_status": "value"}}, {"type": "Feature", "geometry": {"type": "Polygon", "coordinates": [[[-74.598572, -52.487422], [-74.158608, -52.507478], [-74.127322, -52.238854], [-74.56465, -52.218989], [-74.598572, -52.487422]]]}, "properties": {"cell_id": "G30_0120_4170", "hs_mean": 0.0221, "hs_p90": 0.0549, "hs_sd": 0.0296, "coverage": 0.2105, "data_status": "value"}}, {"type": "Feature", "geometry": {"type": "Polygon", "coordinates": [[[-74.158608, -52.507478], [-73.718147, -52.525902], [-73.689507, -52.257101], [-74.127322, -52.238854], [-74.158608, -52.507478]]]}, "properties": {"cell_id": "G30_0150_4170", "hs_mean": 0.1451, "hs_p90": 0.1451, "hs_sd": 0.0, "coverage": 0.0116, "data_status": "value"}}, {"type": "Feature", "geometry": {"type": "Polygon", "coordinates": [[[-73.718147, -52.525902], [-73.277229, -52.542689], [-73.251245, -52.273727], [-73.689507, -52.257101], [-73.718147, -52.525902]]]}, "properties": {"cell_id": "G30_0180_4170", "hs_mean": 0.6596, "hs_p90": 0.7687, "hs_sd": 0.1276, "coverage": 0.1455, "data_status": "value"}}, {"type": "Feature", "geometry": {"type": "Polygon", "coordinates": [[[-73.277229, -52.542689], [-72.835897, -52.557836], [-72.812577, -52.288728], [-73.251245, -52.273727], [-73.277229, -52.542689]]]}, "properties": {"cell_id": "G30_0210_4170", "hs_mean": 0.6727, "hs_p90": 0.7279, "hs_sd": 0.0716, "coverage": 0.3358, "data_status": "value"}}, {"type": "Feature", "geometry": {"type": "Polygon", "coordinates": [[[-72.835897, -52.557836], [-72.394193, -52.571339], [-72.373545, -52.302101], [-72.812577, -52.288728], [-72.835897, -52.557836]]]}, "properties": {"cell_id": "G30_0240_4170", "hs_mean": 0.5147, "hs_p90": 0.6871, "hs_sd": 0.1559, "coverage": 0.2881, "data_status": "value"}}, {"type": "Feature", "geometry": {"type": "Polygon", "coordinates": [[[-72.394193, -52.571339], [-71.952159, -52.583196], [-71.93419, -52.313844], [-72.373545, -52.302101], [-72.394193, -52.571339]]]}, "properties": {"cell_id": "G30_0270_4170", "hs_mean": 0.4177, "hs_p90": 0.5737, "hs_sd": 0.1205, "coverage": 0.4127, "data_status": "value"}}, {"type": "Feature", "geometry": {"type": "Polygon", "coordinates": [[[-71.952159, -52.583196], [-71.509838, -52.593403], [-71.494554, -52.323952], [-71.93419, -52.313844], [-71.952159, -52.583196]]]}, "properties": {"cell_id": "G30_0300_4170", "hs_mean": 0.3868, "hs_p90": 0.5247, "hs_sd": 0.0839, "coverage": 0.6154, "data_status": "value"}}, {"type": "Feature", "geometry": {"type": "Polygon", "coordinates": [[[-71.509838, -52.593403], [-71.067273, -52.601958], [-71.054678, -52.332426], [-71.494554, -52.323952], [-71.509838, -52.593403]]]}, "properties": {"cell_id": "G30_0330_4170", "hs_mean": 0.5646, "hs_p90": 0.6531, "hs_sd": 0.0899, "coverage": 0.7361, "data_status": "value"}}, {"type": "Feature", "geometry": {"type": "Polygon", "coordinates": [[[-71.067273, -52.601958], [-70.624506, -52.60886], [-70.614606, -52.339261], [-71.054678, -52.332426], [-71.067273, -52.601958]]]}, "properties": {"cell_id": "G30_0360_4170", "hs_mean": 0.3989, "hs_p90": 0.4807, "hs_sd": 0.0933, "coverage": 0.5, "data_status": "value"}}, {"type": "Feature", "geometry": {"type": "Polygon", "coordinates": [[[-70.624506, -52.60886], [-70.18158, -52.614107], [-70.174378, -52.344457], [-70.614606, -52.339261], [-70.624506, -52.60886]]]}, "properties": {"cell_id": "G30_0390_4170", "hs_mean": 0.4302, "hs_p90": 0.6036, "hs_sd": 0.1259, "coverage": 0.4514, "data_status": "value"}}, {"type": "Feature", "geometry": {"type": "Polygon", "coordinates": [[[-70.18158, -52.614107], [-69.73854, -52.617698], [-69.734037, -52.348014], [-70.174378, -52.344457], [-70.18158, -52.614107]]]}, "properties": {"cell_id": "G30_0420_4170", "hs_mean": 0.4809, "hs_p90": 0.5338, "hs_sd": 0.0465, "coverage": 0.9524, "data_status": "value"}}, {"type": "Feature", "geometry": {"type": "Polygon", "coordinates": [[[-69.73854, -52.617698], [-69.295427, -52.619631], [-69.293626, -52.349929], [-69.734037, -52.348014], [-69.73854, -52.617698]]]}, "properties": {"cell_id": "G30_0450_4170", "hs_mean": 0.4565, "hs_p90": 0.524, "hs_sd": 0.044, "coverage": 1.0, "data_status": "value"}}, {"type": "Feature", "geometry": {"type": "Polygon", "coordinates": [[[-69.295427, -52.619631], [-68.852286, -52.619908], [-68.853186, -52.350202], [-69.293626, -52.349929], [-69.295427, -52.619631]]]}, "properties": {"cell_id": "G30_0480_4170", "hs_mean": 0.4435, "hs_p90": 0.468, "hs_sd": 0.0303, "coverage": 1.0, "data_status": "value"}}, {"type": "Feature", "geometry": {"type": "Polygon", "coordinates": [[[-68.852286, -52.619908], [-68.409159, -52.618527], [-68.412761, -52.348834], [-68.853186, -52.350202], [-68.852286, -52.619908]]]}, "properties": {"cell_id": "G30_0510_4170", "hs_mean": 0.4634, "hs_p90": 0.5349, "hs_sd": 0.0474, "coverage": 1.0, "data_status": "value"}}, {"type": "Feature", "geometry": {"type": "Polygon", "coordinates": [[[-75.437682, -52.174427], [-75.00145, -52.197512], [-74.965472, -51.929257], [-75.39913, -51.906393], [-75.437682, -52.174427]]]}, "properties": {"cell_id": "G30_0060_4200", "hs_mean": 0.0, "hs_p90": 0.0, "hs_sd": 0.0, "coverage": 0.1111, "data_status": "value"}}, {"type": "Feature", "geometry": {"type": "Polygon", "coordinates": [[[-75.00145, -52.197512], [-74.56465, -52.218989], [-74.531256, -51.950529], [-74.965472, -51.929257], [-75.00145, -52.197512]]]}, "properties": {"cell_id": "G30_0090_4200", "hs_mean": 0.0147, "hs_p90": 0.0476, "hs_sd": 0.0221, "coverage": 0.1616, "data_status": "value"}}, {"type": "Feature", "geometry": {"type": "Polygon", "coordinates": [[[-74.56465, -52.218989], [-74.127322, -52.238854], [-74.096524, -51.970203], [-74.531256, -51.950529], [-74.56465, -52.218989]]]}, "properties": {"cell_id": "G30_0120_4200", "hs_mean": null, "hs_p90": null, "hs_sd": null, "coverage": 0.0, "data_status": "no_data_from_figure"}}, {"type": "Feature", "geometry": {"type": "Polygon", "coordinates": [[[-74.127322, -52.238854], [-73.689507, -52.257101], [-73.661314, -51.988276], [-74.096524, -51.970203], [-74.127322, -52.238854]]]}, "properties": {"cell_id": "G30_0150_4200", "hs_mean": null, "hs_p90": null, "hs_sd": null, "coverage": 0.0, "data_status": "no_data_from_figure"}}, {"type": "Feature", "geometry": {"type": "Polygon", "coordinates": [[[-73.689507, -52.257101], [-73.251245, -52.273727], [-73.225666, -52.004743], [-73.661314, -51.988276], [-73.689507, -52.257101]]]}, "properties": {"cell_id": "G30_0180_4200", "hs_mean": 0.68, "hs_p90": 0.8186, "hs_sd": 0.1077, "coverage": 0.7625, "data_status": "value"}}, {"type": "Feature", "geometry": {"type": "Polygon", "coordinates": [[[-73.251245, -52.273727], [-72.812577, -52.288728], [-72.789621, -52.0196], [-73.225666, -52.004743], [-73.251245, -52.273727]]]}, "properties": {"cell_id": "G30_0210_4200", "hs_mean": 0.609, "hs_p90": 0.683, "hs_sd": 0.093, "coverage": 0.2727, "data_status": "value"}}, {"type": "Feature", "geometry": {"type": "Polygon", "coordinates": [[[-72.812577, -52.288728], [-72.373545, -52.302101], [-72.35322, -52.032845], [-72.789621, -52.0196], [-72.812577, -52.288728]]]}, "properties": {"cell_id": "G30_0240_4200", "hs_mean": 0.5456, "hs_p90": 0.6222, "hs_sd": 0.1071, "coverage": 0.3252, "data_status": "value"}}, {"type": "Feature", "geometry": {"type": "Polygon", "coordinates": [[[-72.373545, -52.302101], [-71.93419, -52.313844], [-71.916502, -52.044475], [-72.35322, -52.032845], [-72.373545, -52.302101]]]}, "properties": {"cell_id": "G30_0270_4200", "hs_mean": 0.5036, "hs_p90": 0.595, "hs_sd": 0.086, "coverage": 0.7639, "data_status": "value"}}, {"type": "Feature", "geometry": {"type": "Polygon", "coordinates": [[[-71.93419, -52.313844], [-71.494554, -52.323952], [-71.479509, -52.054487], [-71.916502, -52.044475], [-71.93419, -52.313844]]]}, "properties": {"cell_id": "G30_0300_4200", "hs_mean": 0.4006, "hs_p90": 0.6302, "hs_sd": 0.1533, "coverage": 0.4306, "data_status": "value"}}, {"type": "Feature", "geometry": {"type": "Polygon", "coordinates": [[[-71.494554, -52.323952], [-71.054678, -52.332426], [-71.042281, -52.062878], [-71.479509, -52.054487], [-71.494554, -52.323952]]]}, "properties": {"cell_id": "G30_0330_4200", "hs_mean": 0.3759, "hs_p90": 0.4807, "hs_sd": 0.0779, "coverage": 0.5208, "data_status": "value"}}, {"type": "Feature", "geometry": {"type": "Polygon", "coordinates": [[[-71.054678, -52.332426], [-70.614606, -52.339261], [-70.604861, -52.069648], [-71.042281, -52.062878], [-71.054678, -52.332426]]]}, "properties": {"cell_id": "G30_0360_4200", "hs_mean": 0.3345, "hs_p90": 0.4059, "hs_sd": 0.0775, "coverage": 0.2569, "data_status": "value"}}, {"type": "Feature", "geometry": {"type": "Polygon", "coordinates": [[[-70.614606, -52.339261], [-70.174378, -52.344457], [-70.167288, -52.074795], [-70.604861, -52.069648], [-70.614606, -52.339261]]]}, "properties": {"cell_id": "G30_0390_4200", "hs_mean": 0.3173, "hs_p90": 0.405, "hs_sd": 0.0784, "coverage": 0.3333, "data_status": "value"}}, {"type": "Feature", "geometry": {"type": "Polygon", "coordinates": [[[-70.174378, -52.344457], [-69.734037, -52.348014], [-69.729605, -52.078317], [-70.167288, -52.074795], [-70.174378, -52.344457]]]}, "properties": {"cell_id": "G30_0420_4200", "hs_mean": 0.409, "hs_p90": 0.5252, "hs_sd": 0.1041, "coverage": 0.4306, "data_status": "value"}}, {"type": "Feature", "geometry": {"type": "Polygon", "coordinates": [[[-69.734037, -52.348014], [-69.293626, -52.349929], [-69.291853, -52.080213], [-69.729605, -52.078317], [-69.734037, -52.348014]]]}, "properties": {"cell_id": "G30_0450_4200", "hs_mean": 0.483, "hs_p90": 0.5283, "hs_sd": 0.0536, "coverage": 0.9583, "data_status": "value"}}, {"type": "Feature", "geometry": {"type": "Polygon", "coordinates": [[[-69.293626, -52.349929], [-68.853186, -52.350202], [-68.854073, -52.080484], [-69.291853, -52.080213], [-69.293626, -52.349929]]]}, "properties": {"cell_id": "G30_0480_4200", "hs_mean": 0.4512, "hs_p90": 0.5374, "hs_sd": 0.0616, "coverage": 1.0, "data_status": "value"}}, {"type": "Feature", "geometry": {"type": "Polygon", "coordinates": [[[-68.853186, -52.350202], [-68.412761, -52.348834], [-68.416307, -52.079129], [-68.854073, -52.080484], [-68.853186, -52.350202]]]}, "properties": {"cell_id": "G30_0510_4200", "hs_mean": 0.4507, "hs_p90": 0.458, "hs_sd": 0.0104, "coverage": 1.0, "data_status": "value"}}, {"type": "Feature", "geometry": {"type": "Polygon", "coordinates": [[[-75.39913, -51.906393], [-74.965472, -51.929257], [-74.93005, -51.660973], [-75.361175, -51.638326], [-75.39913, -51.906393]]]}, "properties": {"cell_id": "G30_0060_4230", "hs_mean": null, "hs_p90": null, "hs_sd": null, "coverage": 0.0, "data_status": "no_data_from_figure"}}, {"type": "Feature", "geometry": {"type": "Polygon", "coordinates": [[[-74.965472, -51.929257], [-74.531256, -51.950529], [-74.498379, -51.682042], [-74.93005, -51.660973], [-74.965472, -51.929257]]]}, "properties": {"cell_id": "G30_0090_4230", "hs_mean": null, "hs_p90": null, "hs_sd": null, "coverage": 0.0, "data_status": "no_data_from_figure"}}, {"type": "Feature", "geometry": {"type": "Polygon", "coordinates": [[[-74.531256, -51.950529], [-74.096524, -51.970203], [-74.066203, -51.701528], [-74.498379, -51.682042], [-74.531256, -51.950529]]]}, "properties": {"cell_id": "G30_0120_4230", "hs_mean": null, "hs_p90": null, "hs_sd": null, "coverage": 0.0, "data_status": "no_data_from_figure"}}, {"type": "Feature", "geometry": {"type": "Polygon", "coordinates": [[[-74.096524, -51.970203], [-73.661314, -51.988276], [-73.633558, -51.719428], [-74.066203, -51.701528], [-74.096524, -51.970203]]]}, "properties": {"cell_id": "G30_0150_4230", "hs_mean": 0.3709, "hs_p90": 0.419, "hs_sd": 0.0469, "coverage": 0.3382, "data_status": "value"}}, {"type": "Feature", "geometry": {"type": "Polygon", "coordinates": [[[-73.661314, -51.988276], [-73.225666, -52.004743], [-73.200485, -51.735738], [-73.633558, -51.719428], [-73.661314, -51.988276]]]}, "properties": {"cell_id": "G30_0180_4230", "hs_mean": 0.5419, "hs_p90": 0.5873, "hs_sd": 0.0369, "coverage": 1.0, "data_status": "value"}}, {"type": "Feature", "geometry": {"type": "Polygon", "coordinates": [[[-73.225666, -52.004743], [-72.789621, -52.0196], [-72.767023, -51.750453], [-73.200485, -51.735738], [-73.225666, -52.004743]]]}, "properties": {"cell_id": "G30_0210_4230", "hs_mean": 0.6382, "hs_p90": 0.6871, "hs_sd": 0.0362, "coverage": 0.1573, "data_status": "value"}}, {"type": "Feature", "geometry": {"type": "Polygon", "coordinates": [[[-72.789621, -52.0196], [-72.35322, -52.032845], [-72.333211, -51.763571], [-72.767023, -51.750453], [-72.789621, -52.0196]]]}, "properties": {"cell_id": "G30_0240_4230", "hs_mean": 0.7234, "hs_p90": 0.7551, "hs_sd": 0.0317, "coverage": 0.3133, "data_status": "value"}}, {"type": "Feature", "geometry": {"type": "Polygon", "coordinates": [[[-72.35322, -52.032845], [-71.916502, -52.044475], [-71.89909, -51.77509], [-72.333211, -51.763571], [-72.35322, -52.032845]]]}, "properties": {"cell_id": "G30_0270_4230", "hs_mean": 0.5986, "hs_p90": 0.7016, "hs_sd": 0.1534, "coverage": 0.3333, "data_status": "value"}}, {"type": "Feature", "geometry": {"type": "Polygon", "coordinates": [[[-71.916502, -52.044475], [-71.479509, -52.054487], [-71.464698, -51.785005], [-71.89909, -51.77509], [-71.916502, -52.044475]]]}, "properties": {"cell_id": "G30_0300_4230", "hs_mean": 0.2857, "hs_p90": 0.2857, "hs_sd": 0.0, "coverage": 0.0417, "data_status": "value"}}, {"type": "Feature", "geometry": {"type": "Polygon", "coordinates": [[[-71.479509, -52.054487], [-71.042281, -52.062878], [-71.030078, -51.793317], [-71.464698, -51.785005], [-71.479509, -52.054487]]]}, "properties": {"cell_id": "G30_0330_4230", "hs_mean": 0.4774, "hs_p90": 0.5277, "hs_sd": 0.0537, "coverage": 1.0, "data_status": "value"}}, {"type": "Feature", "geometry": {"type": "Polygon", "coordinates": [[[-71.042281, -52.062878], [-70.604861, -52.069648], [-70.595268, -51.800022], [-71.030078, -51.793317], [-71.042281, -52.062878]]]}, "properties": {"cell_id": "G30_0360_4230", "hs_mean": 0.3898, "hs_p90": 0.458, "hs_sd": 0.0935, "coverage": 0.3333, "data_status": "value"}}, {"type": "Feature", "geometry": {"type": "Polygon", "coordinates": [[[-70.604861, -52.069648], [-70.167288, -52.074795], [-70.160309, -51.805119], [-70.595268, -51.800022], [-70.604861, -52.069648]]]}, "properties": {"cell_id": "G30_0390_4230", "hs_mean": null, "hs_p90": null, "hs_sd": null, "coverage": 0.0, "data_status": "no_data_from_figure"}}, {"type": "Feature", "geometry": {"type": "Polygon", "coordinates": [[[-70.167288, -52.074795], [-69.729605, -52.078317], [-69.725242, -51.808607], [-70.160309, -51.805119], [-70.167288, -52.074795]]]}, "properties": {"cell_id": "G30_0420_4230", "hs_mean": 0.3404, "hs_p90": 0.3878, "hs_sd": 0.0488, "coverage": 0.5926, "data_status": "value"}}, {"type": "Feature", "geometry": {"type": "Polygon", "coordinates": [[[-75.361175, -51.638326], [-74.93005, -51.660973], [-74.895173, -51.392659], [-75.323803, -51.370227], [-75.361175, -51.638326]]]}, "properties": {"cell_id": "G30_0060_4260", "hs_mean": null, "hs_p90": null, "hs_sd": null, "coverage": 0.0, "data_status": "no_data_from_figure"}}, {"type": "Feature", "geometry": {"type": "Polygon", "coordinates": [[[-74.93005, -51.660973], [-74.498379, -51.682042], [-74.46601, -51.413527], [-74.895173, -51.392659], [-74.93005, -51.660973]]]}, "properties": {"cell_id": "G30_0090_4260", "hs_mean": null, "hs_p90": null, "hs_sd": null, "coverage": 0.0, "data_status": "no_data_from_figure"}}, {"type": "Feature", "geometry": {"type": "Polygon", "coordinates": [[[-74.498379, -51.682042], [-74.066203, -51.701528], [-74.03635, -51.432828], [-74.46601, -51.413527], [-74.498379, -51.682042]]]}, "properties": {"cell_id": "G30_0120_4260", "hs_mean": null, "hs_p90": null, "hs_sd": null, "coverage": 0.0, "data_status": "no_data_from_figure"}}, {"type": "Feature", "geometry": {"type": "Polygon", "coordinates": [[[-74.066203, -51.701528], [-73.633558, -51.719428], [-73.606232, -51.450558], [-74.03635, -51.432828], [-74.066203, -51.701528]]]}, "properties": {"cell_id": "G30_0150_4260", "hs_mean": 0.3744, "hs_p90": 0.4268, "hs_sd": 0.066, "coverage": 0.2128, "data_status": "value"}}, {"type": "Feature", "geometry": {"type": "Polygon", "coordinates": [[[-73.633558, -51.719428], [-73.200485, -51.735738], [-73.175693, -51.466712], [-73.606232, -51.450558], [-73.633558, -51.719428]]]}, "properties": {"cell_id": "G30_0180_4260", "hs_mean": 0.5629, "hs_p90": 0.6508, "hs_sd": 0.0757, "coverage": 0.8227, "data_status": "value"}}, {"type": "Feature", "geometry": {"type": "Polygon", "coordinates": [[[-73.200485, -51.735738], [-72.767023, -51.750453], [-72.744774, -51.481287], [-73.175693, -51.466712], [-73.200485, -51.735738]]]}, "properties": {"cell_id": "G30_0210_4260", "hs_mean": 0.5331, "hs_p90": 0.6304, "hs_sd": 0.1306, "coverage": 0.3, "data_status": "value"}}, {"type": "Feature", "geometry": {"type": "Polygon", "coordinates": [[[-72.767023, -51.750453], [-72.333211, -51.763571], [-72.313512, -51.49428], [-72.744774, -51.481287], [-72.767023, -51.750453]]]}, "properties": {"cell_id": "G30_0240_4260", "hs_mean": 0.6229, "hs_p90": 0.6918, "hs_sd": 0.0743, "coverage": 1.0, "data_status": "value"}}, {"type": "Feature", "geometry": {"type": "Polygon", "coordinates": [[[-72.333211, -51.763571], [-71.89909, -51.77509], [-71.881947, -51.505688], [-72.313512, -51.49428], [-72.333211, -51.763571]]]}, "properties": {"cell_id": "G30_0270_4260", "hs_mean": 0.6382, "hs_p90": 0.6893, "hs_sd": 0.0394, "coverage": 1.0, "data_status": "value"}}, {"type": "Feature", "geometry": {"type": "Polygon", "coordinates": [[[-75.323803, -51.370227], [-74.895173, -51.392659], [-74.860831, -51.124315], [-75.287003, -51.102096], [-75.323803, -51.370227]]]}, "properties": {"cell_id": "G30_0060_4290", "hs_mean": null, "hs_p90": null, "hs_sd": null, "coverage": 0.0, "data_status": "no_data_from_figure"}}, {"type": "Feature", "geometry": {"type": "Polygon", "coordinates": [[[-74.895173, -51.392659], [-74.46601, -51.413527], [-74.434136, -51.144986], [-74.860831, -51.124315], [-74.895173, -51.392659]]]}, "properties": {"cell_id": "G30_0090_4290", "hs_mean": null, "hs_p90": null, "hs_sd": null, "coverage": 0.0, "data_status": "no_data_from_figure"}}, {"type": "Feature", "geometry": {"type": "Polygon", "coordinates": [[[-74.46601, -51.413527], [-74.03635, -51.432828], [-74.006955, -51.164104], [-74.434136, -51.144986], [-74.46601, -51.413527]]]}, "properties": {"cell_id": "G30_0120_4290", "hs_mean": null, "hs_p90": null, "hs_sd": null, "coverage": 0.0, "data_status": "no_data_from_figure"}}, {"type": "Feature", "geometry": {"type": "Polygon", "coordinates": [[[-74.03635, -51.432828], [-73.606232, -51.450558], [-73.579325, -51.181664], [-74.006955, -51.164104], [-74.03635, -51.432828]]]}, "properties": {"cell_id": "G30_0150_4290", "hs_mean": null, "hs_p90": null, "hs_sd": null, "coverage": 0.0, "data_status": "no_data_from_figure"}}, {"type": "Feature", "geometry": {"type": "Polygon", "coordinates": [[[-73.606232, -51.450558], [-73.175693, -51.466712], [-73.151283, -51.197665], [-73.579325, -51.181664], [-73.606232, -51.450558]]]}, "properties": {"cell_id": "G30_0180_4290", "hs_mean": 0.5769, "hs_p90": 0.6825, "hs_sd": 0.1609, "coverage": 0.0347, "data_status": "value"}}, {"type": "Feature", "geometry": {"type": "Polygon", "coordinates": [[[-73.175693, -51.466712], [-72.744774, -51.481287], [-72.722868, -51.212101], [-73.151283, -51.197665], [-73.175693, -51.466712]]]}, "properties": {"cell_id": "G30_0210_4290", "hs_mean": 0.6518, "hs_p90": 0.693, "hs_sd": 0.0787, "coverage": 0.1958, "data_status": "value"}}, {"type": "Feature", "geometry": {"type": "Polygon", "coordinates": [[[-72.744774, -51.481287], [-72.313512, -51.49428], [-72.294117, -51.22497], [-72.722868, -51.212101], [-72.744774, -51.481287]]]}, "properties": {"cell_id": "G30_0240_4290", "hs_mean": 0.5608, "hs_p90": 0.6553, "hs_sd": 0.0893, "coverage": 0.913, "data_status": "value"}}, {"type": "Feature", "geometry": {"type": "Polygon", "coordinates": [[[-72.313512, -51.49428], [-71.881947, -51.505688], [-71.865069, -51.23627], [-72.294117, -51.22497], [-72.313512, -51.49428]]]}, "properties": {"cell_id": "G30_0270_4290", "hs_mean": null, "hs_p90": null, "hs_sd": null, "coverage": 0.0, "data_status": "no_data_from_figure"}}, {"type": "Feature", "geometry": {"type": "Polygon", "coordinates": [[[-75.287003, -51.102096], [-74.860831, -51.124315], [-74.827013, -50.855943], [-75.250763, -50.833934], [-75.287003, -51.102096]]]}, "properties": {"cell_id": "G30_0060_4320", "hs_mean": 0.0751, "hs_p90": 0.1043, "hs_sd": 0.0313, "coverage": 0.3846, "data_status": "value"}}, {"type": "Feature", "geometry": {"type": "Polygon", "coordinates": [[[-74.860831, -51.124315], [-74.434136, -51.144986], [-74.402749, -50.876418], [-74.827013, -50.855943], [-74.860831, -51.124315]]]}, "properties": {"cell_id": "G30_0090_4320", "hs_mean": null, "hs_p90": null, "hs_sd": null, "coverage": 0.0, "data_status": "no_data_from_figure"}}, {"type": "Feature", "geometry": {"type": "Polygon", "coordinates": [[[-74.434136, -51.144986], [-74.006955, -51.164104], [-73.978009, -50.895354], [-74.402749, -50.876418], [-74.434136, -51.144986]]]}, "properties": {"cell_id": "G30_0120_4320", "hs_mean": 0.7506, "hs_p90": 0.8209, "hs_sd": 0.0593, "coverage": 0.1068, "data_status": "value"}}, {"type": "Feature", "geometry": {"type": "Polygon", "coordinates": [[[-74.006955, -51.164104], [-73.579325, -51.181664], [-73.552829, -50.912749], [-73.978009, -50.895354], [-74.006955, -51.164104]]]}, "properties": {"cell_id": "G30_0150_4320", "hs_mean": 0.8139, "hs_p90": 0.8585, "hs_sd": 0.0371, "coverage": 0.0863, "data_status": "value"}}, {"type": "Feature", "geometry": {"type": "Polygon", "coordinates": [[[-73.579325, -51.181664], [-73.151283, -51.197665], [-73.127246, -50.928597], [-73.552829, -50.912749], [-73.579325, -51.181664]]]}, "properties": {"cell_id": "G30_0180_4320", "hs_mean": 0.9032, "hs_p90": 0.9342, "hs_sd": 0.0218, "coverage": 0.1111, "data_status": "value"}}, {"type": "Feature", "geometry": {"type": "Polygon", "coordinates": [[[-73.151283, -51.197665], [-72.722868, -51.212101], [-72.701297, -50.942896], [-73.127246, -50.928597], [-73.151283, -51.197665]]]}, "properties": {"cell_id": "G30_0210_4320", "hs_mean": 0.6343, "hs_p90": 0.8454, "hs_sd": 0.2126, "coverage": 0.1181, "data_status": "value"}}, {"type": "Feature", "geometry": {"type": "Polygon", "coordinates": [[[-72.722868, -51.212101], [-72.294117, -51.22497], [-72.275019, -50.955643], [-72.701297, -50.942896], [-72.722868, -51.212101]]]}, "properties": {"cell_id": "G30_0240_4320", "hs_mean": 0.5713, "hs_p90": 0.8027, "hs_sd": 0.1694, "coverage": 0.5164, "data_status": "value"}}, {"type": "Feature", "geometry": {"type": "Polygon", "coordinates": [[[-75.673964, -50.810396], [-75.250763, -50.833934], [-75.215073, -50.565742], [-75.635899, -50.542426], [-75.673964, -50.810396]]]}, "properties": {"cell_id": "G30_0030_4350", "hs_mean": null, "hs_p90": null, "hs_sd": null, "coverage": 0.0, "data_status": "no_data_from_figure"}}, {"type": "Feature", "geometry": {"type": "Polygon", "coordinates": [[[-75.250763, -50.833934], [-74.827013, -50.855943], [-74.793707, -50.587543], [-75.215073, -50.565742], [-75.250763, -50.833934]]]}, "properties": {"cell_id": "G30_0060_4350", "hs_mean": null, "hs_p90": null, "hs_sd": null, "coverage": 0.0, "data_status": "no_data_from_figure"}}, {"type": "Feature", "geometry": {"type": "Polygon", "coordinates": [[[-74.827013, -50.855943], [-74.402749, -50.876418], [-74.371839, -50.607824], [-74.793707, -50.587543], [-74.827013, -50.855943]]]}, "properties": {"cell_id": "G30_0090_4350", "hs_mean": null, "hs_p90": null, "hs_sd": null, "coverage": 0.0, "data_status": "no_data_from_figure"}}, {"type": "Feature", "geometry": {"type": "Polygon", "coordinates": [[[-74.402749, -50.876418], [-73.978009, -50.895354], [-73.949504, -50.626581], [-74.371839, -50.607824], [-74.402749, -50.876418]]]}, "properties": {"cell_id": "G30_0120_4350", "hs_mean": 0.8613, "hs_p90": 0.8866, "hs_sd": 0.0281, "coverage": 0.4388, "data_status": "value"}}, {"type": "Feature", "geometry": {"type": "Polygon", "coordinates": [[[-73.978009, -50.895354], [-73.552829, -50.912749], [-73.526737, -50.643811], [-73.949504, -50.626581], [-73.978009, -50.895354]]]}, "properties": {"cell_id": "G30_0150_4350", "hs_mean": 0.8462, "hs_p90": 0.8821, "hs_sd": 0.0364, "coverage": 0.6667, "data_status": "value"}}, {"type": "Feature", "geometry": {"type": "Polygon", "coordinates": [[[-73.552829, -50.912749], [-73.127246, -50.928597], [-73.103576, -50.659509], [-73.526737, -50.643811], [-73.552829, -50.912749]]]}, "properties": {"cell_id": "G30_0180_4350", "hs_mean": 0.8804, "hs_p90": 0.9093, "hs_sd": 0.0276, "coverage": 0.7704, "data_status": "value"}}, {"type": "Feature", "geometry": {"type": "Polygon", "coordinates": [[[-73.127246, -50.928597], [-72.701297, -50.942896], [-72.680055, -50.673672], [-73.103576, -50.659509], [-73.127246, -50.928597]]]}, "properties": {"cell_id": "G30_0210_4350", "hs_mean": 0.7774, "hs_p90": 0.8673, "hs_sd": 0.097, "coverage": 0.541, "data_status": "value"}}, {"type": "Feature", "geometry": {"type": "Polygon", "coordinates": [[[-72.701297, -50.942896], [-72.275019, -50.955643], [-72.256212, -50.686298], [-72.680055, -50.673672], [-72.701297, -50.942896]]]}, "properties": {"cell_id": "G30_0240_4350", "hs_mean": 0.6435, "hs_p90": 0.7361, "hs_sd": 0.0833, "coverage": 0.8296, "data_status": "value"}}, {"type": "Feature", "geometry": {"type": "Polygon", "coordinates": [[[-72.275019, -50.955643], [-71.848449, -50.966835], [-71.832083, -50.697384], [-72.256212, -50.686298], [-72.275019, -50.955643]]]}, "properties": {"cell_id": "G30_0270_4350", "hs_mean": 0.7381, "hs_p90": 0.7662, "hs_sd": 0.0351, "coverage": 1.0, "data_status": "value"}}, {"type": "Feature", "geometry": {"type": "Polygon", "coordinates": [[[-75.635899, -50.542426], [-75.215073, -50.565742], [-75.179921, -50.297519], [-75.598408, -50.274423], [-75.635899, -50.542426]]]}, "properties": {"cell_id": "G30_0030_4380", "hs_mean": null, "hs_p90": null, "hs_sd": null, "coverage": 0.0, "data_status": "no_data_from_figure"}}, {"type": "Feature", "geometry": {"type": "Polygon", "coordinates": [[[-75.215073, -50.565742], [-74.793707, -50.587543], [-74.760905, -50.319114], [-75.179921, -50.297519], [-75.215073, -50.565742]]]}, "properties": {"cell_id": "G30_0060_4380", "hs_mean": null, "hs_p90": null, "hs_sd": null, "coverage": 0.0, "data_status": "no_data_from_figure"}}, {"type": "Feature", "geometry": {"type": "Polygon", "coordinates": [[[-74.793707, -50.587543], [-74.371839, -50.607824], [-74.341397, -50.339204], [-74.760905, -50.319114], [-74.793707, -50.587543]]]}, "properties": {"cell_id": "G30_0090_4380", "hs_mean": 0.2356, "hs_p90": 0.3129, "hs_sd": 0.0487, "coverage": 0.2838, "data_status": "value"}}, {"type": "Feature", "geometry": {"type": "Polygon", "coordinates": [[[-74.371839, -50.607824], [-73.949504, -50.626581], [-73.92143, -50.357784], [-74.341397, -50.339204], [-74.371839, -50.607824]]]}, "properties": {"cell_id": "G30_0120_4380", "hs_mean": 0.7811, "hs_p90": 0.8834, "hs_sd": 0.0767, "coverage": 0.8991, "data_status": "value"}}, {"type": "Feature", "geometry": {"type": "Polygon", "coordinates": [[[-73.949504, -50.626581], [-73.526737, -50.643811], [-73.501041, -50.374851], [-73.92143, -50.357784], [-73.949504, -50.626581]]]}, "properties": {"cell_id": "G30_0150_4380", "hs_mean": 0.8493, "hs_p90": 0.9678, "hs_sd": 0.0899, "coverage": 1.0, "data_status": "value"}}, {"type": "Feature", "geometry": {"type": "Polygon", "coordinates": [[[-73.526737, -50.643811], [-73.103576, -50.659509], [-73.080264, -50.3904], [-73.501041, -50.374851], [-73.526737, -50.643811]]]}, "properties": {"cell_id": "G30_0180_4380", "hs_mean": 0.8299, "hs_p90": 0.9524, "hs_sd": 0.0848, "coverage": 1.0, "data_status": "value"}}, {"type": "Feature", "geometry": {"type": "Polygon", "coordinates": [[[-73.103576, -50.659509], [-72.680055, -50.673672], [-72.659135, -50.404429], [-73.080264, -50.3904], [-73.103576, -50.659509]]]}, "properties": {"cell_id": "G30_0210_4380", "hs_mean": 0.737, "hs_p90": 0.737, "hs_sd": 0.0, "coverage": 0.1429, "data_status": "value"}}, {"type": "Feature", "geometry": {"type": "Polygon", "coordinates": [[[-72.680055, -50.673672], [-72.256212, -50.686298], [-72.23769, -50.416936], [-72.659135, -50.404429], [-72.680055, -50.673672]]]}, "properties": {"cell_id": "G30_0240_4380", "hs_mean": 0.5836, "hs_p90": 0.6417, "hs_sd": 0.0621, "coverage": 0.8571, "data_status": "value"}}, {"type": "Feature", "geometry": {"type": "Polygon", "coordinates": [[[-75.598408, -50.274423], [-75.179921, -50.297519], [-75.145297, -50.029266], [-75.56148, -50.006387], [-75.598408, -50.274423]]]}, "properties": {"cell_id": "G30_0030_4410", "hs_mean": null, "hs_p90": null, "hs_sd": null, "coverage": 0.0, "data_status": "no_data_from_figure"}}, {"type": "Feature", "geometry": {"type": "Polygon", "coordinates": [[[-75.179921, -50.297519], [-74.760905, -50.319114], [-74.728596, -50.050658], [-75.145297, -50.029266], [-75.179921, -50.297519]]]}, "properties": {"cell_id": "G30_0060_4410", "hs_mean": null, "hs_p90": null, "hs_sd": null, "coverage": 0.0, "data_status": "no_data_from_figure"}}, {"type": "Feature", "geometry": {"type": "Polygon", "coordinates": [[[-74.760905, -50.319114], [-74.341397, -50.339204], [-74.311412, -50.070558], [-74.728596, -50.050658], [-74.760905, -50.319114]]]}, "properties": {"cell_id": "G30_0090_4410", "hs_mean": 0.4587, "hs_p90": 0.8256, "hs_sd": 0.2527, "coverage": 0.1, "data_status": "value"}}, {"type": "Feature", "geometry": {"type": "Polygon", "coordinates": [[[-74.341397, -50.339204], [-73.92143, -50.357784], [-73.893779, -50.088963], [-74.311412, -50.070558], [-74.341397, -50.339204]]]}, "properties": {"cell_id": "G30_0120_4410", "hs_mean": 0.8639, "hs_p90": 0.9501, "hs_sd": 0.0678, "coverage": 0.6803, "data_status": "value"}}, {"type": "Feature", "geometry": {"type": "Polygon", "coordinates": [[[-73.92143, -50.357784], [-73.501041, -50.374851], [-73.475732, -50.105868], [-73.893779, -50.088963], [-73.92143, -50.357784]]]}, "properties": {"cell_id": "G30_0150_4410", "hs_mean": 0.9138, "hs_p90": 0.9592, "hs_sd": 0.0288, "coverage": 0.3901, "data_status": "value"}}, {"type": "Feature", "geometry": {"type": "Polygon", "coordinates": [[[-73.501041, -50.374851], [-73.080264, -50.3904], [-73.057304, -50.121271], [-73.475732, -50.105868], [-73.501041, -50.374851]]]}, "properties": {"cell_id": "G30_0180_4410", "hs_mean": 0.9174, "hs_p90": 0.9574, "hs_sd": 0.0346, "coverage": 0.95, "data_status": "value"}}, {"type": "Feature", "geometry": {"type": "Polygon", "coordinates": [[[-75.977111, -49.982025], [-75.56148, -50.006387], [-75.525102, -49.738319], [-75.938474, -49.714186], [-75.977111, -49.982025]]]}, "properties": {"cell_id": "G30_0000_4440", "hs_mean": null, "hs_p90": null, "hs_sd": null, "coverage": 0.0, "data_status": "no_data_from_figure"}}, {"type": "Feature", "geometry": {"type": "Polygon", "coordinates": [[[-75.56148, -50.006387], [-75.145297, -50.029266], [-75.111191, -49.760983], [-75.525102, -49.738319], [-75.56148, -50.006387]]]}, "properties": {"cell_id": "G30_0030_4440", "hs_mean": null, "hs_p90": null, "hs_sd": null, "coverage": 0.0, "data_status": "no_data_from_figure"}}, {"type": "Feature", "geometry": {"type": "Polygon", "coordinates": [[[-75.145297, -50.029266], [-74.728596, -50.050658], [-74.696771, -49.782174], [-75.111191, -49.760983], [-75.145297, -50.029266]]]}, "properties": {"cell_id": "G30_0060_4440", "hs_mean": 0.254, "hs_p90": 0.254, "hs_sd": 0.0, "coverage": 0.0132, "data_status": "value"}}, {"type": "Feature", "geometry": {"type": "Polygon", "coordinates": [[[-74.728596, -50.050658], [-74.311412, -50.070558], [-74.281877, -49.801887], [-74.696771, -49.782174], [-74.728596, -50.050658]]]}, "properties": {"cell_id": "G30_0090_4440", "hs_mean": 0.6121, "hs_p90": 0.7247, "hs_sd": 0.1594, "coverage": 0.4167, "data_status": "value"}}, {"type": "Feature", "geometry": {"type": "Polygon", "coordinates": [[[-74.311412, -50.070558], [-73.893779, -50.088963], [-73.866543, -49.820119], [-74.281877, -49.801887], [-74.311412, -50.070558]]]}, "properties": {"cell_id": "G30_0120_4440", "hs_mean": 0.9422, "hs_p90": 0.9501, "hs_sd": 0.0105, "coverage": 0.184, "data_status": "value"}}, {"type": "Feature", "geometry": {"type": "Polygon", "coordinates": [[[-73.893779, -50.088963], [-73.475732, -50.105868], [-73.450802, -49.836865], [-73.866543, -49.820119], [-73.893779, -50.088963]]]}, "properties": {"cell_id": "G30_0150_4440", "hs_mean": 0.9222, "hs_p90": 0.9615, "hs_sd": 0.0302, "coverage": 0.8321, "data_status": "value"}}, {"type": "Feature", "geometry": {"type": "Polygon", "coordinates": [[[-73.475732, -50.105868], [-73.057304, -50.121271], [-73.034689, -49.852122], [-73.450802, -49.836865], [-73.475732, -50.105868]]]}, "properties": {"cell_id": "G30_0180_4440", "hs_mean": 0.8685, "hs_p90": 0.883, "hs_sd": 0.0181, "coverage": 0.6667, "data_status": "value"}}, {"type": "Feature", "geometry": {"type": "Polygon", "coordinates": [[[-75.938474, -49.714186], [-75.525102, -49.738319], [-75.489266, -49.470219], [-75.90041, -49.446312], [-75.938474, -49.714186]]]}, "properties": {"cell_id": "G30_0000_4470", "hs_mean": null, "hs_p90": null, "hs_sd": null, "coverage": 0.0, "data_status": "no_data_from_figure"}}, {"type": "Feature", "geometry": {"type": "Polygon", "coordinates": [[[-75.525102, -49.738319], [-75.111191, -49.760983], [-75.077592, -49.492671], [-75.489266, -49.470219], [-75.525102, -49.738319]]]}, "properties": {"cell_id": "G30_0030_4470", "hs_mean": null, "hs_p90": null, "hs_sd": null, "coverage": 0.0, "data_status": "no_data_from_figure"}}, {"type": "Feature", "geometry": {"type": "Polygon", "coordinates": [[[-75.111191, -49.760983], [-74.696771, -49.782174], [-74.66542, -49.513663], [-75.077592, -49.492671], [-75.111191, -49.760983]]]}, "properties": {"cell_id": "G30_0060_4470", "hs_mean": 0.6744, "hs_p90": 0.7506, "hs_sd": 0.103, "coverage": 0.144, "data_status": "value"}}, {"type": "Feature", "geometry": {"type": "Polygon", "coordinates": [[[-74.696771, -49.782174], [-74.281877, -49.801887], [-74.252783, -49.533191], [-74.66542, -49.513663], [-74.696771, -49.782174]]]}, "properties": {"cell_id": "G30_0090_4470", "hs_mean": 0.5947, "hs_p90": 0.7193, "hs_sd": 0.1196, "coverage": 0.6727, "data_status": "value"}}, {"type": "Feature", "geometry": {"type": "Polygon", "coordinates": [[[-74.281877, -49.801887], [-73.866543, -49.820119], [-73.839714, -49.551251], [-74.252783, -49.533191], [-74.281877, -49.801887]]]}, "properties": {"cell_id": "G30_0120_4470", "hs_mean": 0.9297, "hs_p90": 0.9683, "hs_sd": 0.0365, "coverage": 0.7008, "data_status": "value"}}, {"type": "Feature", "geometry": {"type": "Polygon", "coordinates": [[[-73.866543, -49.820119], [-73.450802, -49.836865], [-73.426246, -49.567839], [-73.839714, -49.551251], [-73.866543, -49.820119]]]}, "properties": {"cell_id": "G30_0150_4470", "hs_mean": 0.899, "hs_p90": 0.927, "hs_sd": 0.0205, "coverage": 1.0, "data_status": "value"}}, {"type": "Feature", "geometry": {"type": "Polygon", "coordinates": [[[-75.90041, -49.446312], [-75.489266, -49.470219], [-75.453961, -49.202088], [-75.862909, -49.178405], [-75.90041, -49.446312]]]}, "properties": {"cell_id": "G30_0000_4500", "hs_mean": null, "hs_p90": null, "hs_sd": null, "coverage": 0.0, "data_status": "no_data_from_figure"}}, {"type": "Feature", "geometry": {"type": "Polygon", "coordinates": [[[-75.489266, -49.470219], [-75.077592, -49.492671], [-75.044492, -49.22433], [-75.453961, -49.202088], [-75.489266, -49.470219]]]}, "properties": {"cell_id": "G30_0030_4500", "hs_mean": 0.1773, "hs_p90": 0.1964, "hs_sd": 0.0197, "coverage": 0.0427, "data_status": "value"}}, {"type": "Feature", "geometry": {"type": "Polygon", "coordinates": [[[-75.077592, -49.492671], [-74.66542, -49.513663], [-74.634534, -49.245125], [-75.044492, -49.22433], [-75.077592, -49.492671]]]}, "properties": {"cell_id": "G30_0060_4500", "hs_mean": 0.2491, "hs_p90": 0.3243, "hs_sd": 0.0885, "coverage": 0.1912, "data_status": "value"}}, {"type": "Feature", "geometry": {"type": "Polygon", "coordinates": [[[-74.66542, -49.513663], [-74.252783, -49.533191], [-74.22412, -49.264469], [-74.634534, -49.245125], [-74.66542, -49.513663]]]}, "properties": {"cell_id": "G30_0090_4500", "hs_mean": 0.6458, "hs_p90": 0.8209, "hs_sd": 0.1597, "coverage": 0.4016, "data_status": "value"}}, {"type": "Feature", "geometry": {"type": "Polygon", "coordinates": [[[-74.252783, -49.533191], [-73.839714, -49.551251], [-73.813283, -49.28236], [-74.22412, -49.264469], [-74.252783, -49.533191]]]}, "properties": {"cell_id": "G30_0120_4500", "hs_mean": 0.8279, "hs_p90": 0.9637, "hs_sd": 0.1057, "coverage": 0.7607, "data_status": "value"}}, {"type": "Feature", "geometry": {"type": "Polygon", "coordinates": [[[-73.839714, -49.551251], [-73.426246, -49.567839], [-73.402054, -49.298793], [-73.813283, -49.28236], [-73.839714, -49.551251]]]}, "properties": {"cell_id": "G30_0150_4500", "hs_mean": 0.9, "hs_p90": 0.9501, "hs_sd": 0.0567, "coverage": 1.0, "data_status": "value"}}, {"type": "Feature", "geometry": {"type": "Polygon", "coordinates": [[[-75.862909, -49.178405], [-75.453961, -49.202088], [-75.419175, -48.933926], [-75.825961, -48.910464], [-75.862909, -49.178405]]]}, "properties": {"cell_id": "G30_0000_4530", "hs_mean": null, "hs_p90": null, "hs_sd": null, "coverage": 0.0, "data_status": "no_data_from_figure"}}, {"type": "Feature", "geometry": {"type": "Polygon", "coordinates": [[[-75.453961, -49.202088], [-75.044492, -49.22433], [-75.01188, -48.955959], [-75.419175, -48.933926], [-75.453961, -49.202088]]]}, "properties": {"cell_id": "G30_0030_4530", "hs_mean": 0.1769, "hs_p90": 0.2041, "hs_sd": 0.0243, "coverage": 0.0957, "data_status": "value"}}, {"type": "Feature", "geometry": {"type": "Polygon", "coordinates": [[[-75.044492, -49.22433], [-74.634534, -49.245125], [-74.604105, -48.97656], [-75.01188, -48.955959], [-75.044492, -49.22433]]]}, "properties": {"cell_id": "G30_0060_4530", "hs_mean": 0.4686, "hs_p90": 0.6474, "hs_sd": 0.1936, "coverage": 0.144, "data_status": "value"}}, {"type": "Feature", "geometry": {"type": "Polygon", "coordinates": [[[-74.634534, -49.245125], [-74.22412, -49.264469], [-74.195882, -48.995723], [-74.604105, -48.97656], [-74.634534, -49.245125]]]}, "properties": {"cell_id": "G30_0090_4530", "hs_mean": 0.9097, "hs_p90": 0.9478, "hs_sd": 0.0269, "coverage": 0.2121, "data_status": "value"}}, {"type": "Feature", "geometry": {"type": "Polygon", "coordinates": [[[-74.22412, -49.264469], [-73.813283, -49.28236], [-73.787244, -49.013446], [-74.195882, -48.995723], [-74.22412, -49.264469]]]}, "properties": {"cell_id": "G30_0120_4530", "hs_mean": 0.6616, "hs_p90": 0.8776, "hs_sd": 0.1938, "coverage": 0.8551, "data_status": "value"}}, {"type": "Feature", "geometry": {"type": "Polygon", "coordinates": [[[-73.813283, -49.28236], [-73.402054, -49.298793], [-73.378222, -49.029725], [-73.787244, -49.013446], [-73.813283, -49.28236]]]}, "properties": {"cell_id": "G30_0150_4530", "hs_mean": 0.8999, "hs_p90": 0.941, "hs_sd": 0.0425, "coverage": 1.0, "data_status": "value"}}, {"type": "Feature", "geometry": {"type": "Polygon", "coordinates": [[[-73.402054, -49.298793], [-72.990467, -49.313764], [-72.968848, -49.044556], [-73.378222, -49.029725], [-73.402054, -49.298793]]]}, "properties": {"cell_id": "G30_0180_4530", "hs_mean": 0.7188, "hs_p90": 0.7937, "hs_sd": 0.0659, "coverage": 1.0, "data_status": "value"}}, {"type": "Feature", "geometry": {"type": "Polygon", "coordinates": [[[-75.825961, -48.910464], [-75.419175, -48.933926], [-75.384901, -48.665733], [-75.789554, -48.64249], [-75.825961, -48.910464]]]}, "properties": {"cell_id": "G30_0000_4560", "hs_mean": 0.1431, "hs_p90": 0.1594, "hs_sd": 0.012, "coverage": 0.1455, "data_status": "value"}}, {"type": "Feature", "geometry": {"type": "Polygon", "coordinates": [[[-75.419175, -48.933926], [-75.01188, -48.955959], [-74.979747, -48.687561], [-75.384901, -48.665733], [-75.419175, -48.933926]]]}, "properties": {"cell_id": "G30_0030_4560", "hs_mean": 0.1947, "hs_p90": 0.2222, "hs_sd": 0.0216, "coverage": 0.1524, "data_status": "value"}}, {"type": "Feature", "geometry": {"type": "Polygon", "coordinates": [[[-75.01188, -48.955959], [-74.604105, -48.97656], [-74.574123, -48.707969], [-74.979747, -48.687561], [-75.01188, -48.955959]]]}, "properties": {"cell_id": "G30_0060_4560", "hs_mean": 0.464, "hs_p90": 0.7841, "hs_sd": 0.1806, "coverage": 0.3603, "data_status": "value"}}, {"type": "Feature", "geometry": {"type": "Polygon", "coordinates": [[[-74.604105, -48.97656], [-74.195882, -48.995723], [-74.16806, -48.726953], [-74.574123, -48.707969], [-74.604105, -48.97656]]]}, "properties": {"cell_id": "G30_0090_4560", "hs_mean": 0.711, "hs_p90": 0.8506, "hs_sd": 0.1286, "coverage": 0.4274, "data_status": "value"}}, {"type": "Feature", "geometry": {"type": "Polygon", "coordinates": [[[-74.195882, -48.995723], [-73.787244, -49.013446], [-73.761588, -48.744509], [-74.16806, -48.726953], [-74.195882, -48.995723]]]}, "properties": {"cell_id": "G30_0120_4560", "hs_mean": 0.6514, "hs_p90": 0.8272, "hs_sd": 0.1399, "coverage": 0.8611, "data_status": "value"}}, {"type": "Feature", "geometry": {"type": "Polygon", "coordinates": [[[-73.787244, -49.013446], [-73.378222, -49.029725], [-73.35474, -48.760635], [-73.761588, -48.744509], [-73.787244, -49.013446]]]}, "properties": {"cell_id": "G30_0150_4560", "hs_mean": 0.8045, "hs_p90": 0.9293, "hs_sd": 0.17, "coverage": 1.0, "data_status": "value"}}, {"type": "Feature", "geometry": {"type": "Polygon", "coordinates": [[[-73.378222, -49.029725], [-72.968848, -49.044556], [-72.947548, -48.775328], [-73.35474, -48.760635], [-73.378222, -49.029725]]]}, "properties": {"cell_id": "G30_0180_4560", "hs_mean": 0.8118, "hs_p90": 0.9683, "hs_sd": 0.194, "coverage": 1.0, "data_status": "value"}}, {"type": "Feature", "geometry": {"type": "Polygon", "coordinates": [[[-72.968848, -49.044556], [-72.559155, -49.057937], [-72.540042, -48.788583], [-72.947548, -48.775328], [-72.968848, -49.044556]]]}, "properties": {"cell_id": "G30_0210_4560", "hs_mean": 0.8089, "hs_p90": 0.9456, "hs_sd": 0.1047, "coverage": 1.0, "data_status": "value"}}, {"type": "Feature", "geometry": {"type": "Polygon", "coordinates": [[[-75.789554, -48.64249], [-75.384901, -48.665733], [-75.351128, -48.39751], [-75.753679, -48.374484], [-75.789554, -48.64249]]]}, "properties": {"cell_id": "G30_0000_4590", "hs_mean": null, "hs_p90": null, "hs_sd": null, "coverage": 0.0, "data_status": "no_data_from_figure"}}, {"type": "Feature", "geometry": {"type": "Polygon", "coordinates": [[[-75.384901, -48.665733], [-74.979747, -48.687561], [-74.948085, -48.419134], [-75.351128, -48.39751], [-75.384901, -48.665733]]]}, "properties": {"cell_id": "G30_0030_4590", "hs_mean": 0.1661, "hs_p90": 0.2059, "hs_sd": 0.0263, "coverage": 0.7155, "data_status": "value"}}, {"type": "Feature", "geometry": {"type": "Polygon", "coordinates": [[[-74.979747, -48.687561], [-74.574123, -48.707969], [-74.544581, -48.439351], [-74.948085, -48.419134], [-74.979747, -48.687561]]]}, "properties": {"cell_id": "G30_0060_4590", "hs_mean": 0.4413, "hs_p90": 0.6871, "hs_sd": 0.1608, "coverage": 0.8607, "data_status": "value"}}, {"type": "Feature", "geometry": {"type": "Polygon", "coordinates": [[[-74.574123, -48.707969], [-74.16806, -48.726953], [-74.140645, -48.458158], [-74.544581, -48.439351], [-74.574123, -48.707969]]]}, "properties": {"cell_id": "G30_0090_4590", "hs_mean": 0.6346, "hs_p90": 0.7796, "hs_sd": 0.1375, "coverage": 0.7683, "data_status": "value"}}, {"type": "Feature", "geometry": {"type": "Polygon", "coordinates": [[[-74.16806, -48.726953], [-73.761588, -48.744509], [-73.73631, -48.47555], [-74.140645, -48.458158], [-74.16806, -48.726953]]]}, "properties": {"cell_id": "G30_0120_4590", "hs_mean": 0.4801, "hs_p90": 0.7778, "hs_sd": 0.1808, "coverage": 0.3308, "data_status": "value"}}, {"type": "Feature", "geometry": {"type": "Polygon", "coordinates": [[[-73.761588, -48.744509], [-73.35474, -48.760635], [-73.331604, -48.491525], [-73.73631, -48.47555], [-73.761588, -48.744509]]]}, "properties": {"cell_id": "G30_0150_4590", "hs_mean": 0.8189, "hs_p90": 0.9129, "hs_sd": 0.0824, "coverage": 0.8542, "data_status": "value"}}, {"type": "Feature", "geometry": {"type": "Polygon", "coordinates": [[[-73.35474, -48.760635], [-72.947548, -48.775328], [-72.92656, -48.50608], [-73.331604, -48.491525], [-73.35474, -48.760635]]]}, "properties": {"cell_id": "G30_0180_4590", "hs_mean": 0.8538, "hs_p90": 0.9494, "hs_sd": 0.0882, "coverage": 1.0, "data_status": "value"}}, {"type": "Feature", "geometry": {"type": "Polygon", "coordinates": [[[-72.947548, -48.775328], [-72.540042, -48.788583], [-72.521209, -48.519211], [-72.92656, -48.50608], [-72.947548, -48.775328]]]}, "properties": {"cell_id": "G30_0210_4590", "hs_mean": 0.8512, "hs_p90": 0.9508, "hs_sd": 0.0778, "coverage": 1.0, "data_status": "value"}}, {"type": "Feature", "geometry": {"type": "Polygon", "coordinates": [[[-75.753679, -48.374484], [-75.351128, -48.39751], [-75.317847, -48.129257], [-75.718326, -48.106445], [-75.753679, -48.374484]]]}, "properties": {"cell_id": "G30_0000_4620", "hs_mean": null, "hs_p90": null, "hs_sd": null, "coverage": 0.0, "data_status": "no_data_from_figure"}}, {"type": "Feature", "geometry": {"type": "Polygon", "coordinates": [[[-75.351128, -48.39751], [-74.948085, -48.419134], [-74.916884, -48.150679], [-75.317847, -48.129257], [-75.351128, -48.39751]]]}, "properties": {"cell_id": "G30_0030_4620", "hs_mean": 0.1812, "hs_p90": 0.1973, "hs_sd": 0.0215, "coverage": 0.3443, "data_status": "value"}}, {"type": "Feature", "geometry": {"type": "Polygon", "coordinates": [[[-74.948085, -48.419134], [-74.544581, -48.439351], [-74.515469, -48.170708], [-74.916884, -48.150679], [-74.948085, -48.419134]]]}, "properties": {"cell_id": "G30_0060_4620", "hs_mean": 0.3019, "hs_p90": 0.4798, "hs_sd": 0.1285, "coverage": 1.0, "data_status": "value"}}, {"type": "Feature", "geometry": {"type": "Polygon", "coordinates": [[[-74.544581, -48.439351], [-74.140645, -48.458158], [-74.113631, -48.189339], [-74.515469, -48.170708], [-74.544581, -48.439351]]]}, "properties": {"cell_id": "G30_0090_4620", "hs_mean": 0.4623, "hs_p90": 0.7492, "hs_sd": 0.2139, "coverage": 1.0, "data_status": "value"}}, {"type": "Feature", "geometry": {"type": "Polygon", "coordinates": [[[-74.140645, -48.458158], [-73.73631, -48.47555], [-73.7114, -48.206569], [-74.113631, -48.189339], [-74.140645, -48.458158]]]}, "properties": {"cell_id": "G30_0120_4620", "hs_mean": 0.862, "hs_p90": 0.9478, "hs_sd": 0.0895, "coverage": 0.8929, "data_status": "value"}}, {"type": "Feature", "geometry": {"type": "Polygon", "coordinates": [[[-73.73631, -48.47555], [-73.331604, -48.491525], [-73.308807, -48.222395], [-73.7114, -48.206569], [-73.73631, -48.47555]]]}, "properties": {"cell_id": "G30_0150_4620", "hs_mean": 0.8677, "hs_p90": 0.9456, "hs_sd": 0.0592, "coverage": 0.4266, "data_status": "value"}}, {"type": "Feature", "geometry": {"type": "Polygon", "coordinates": [[[-73.331604, -48.491525], [-72.92656, -48.50608], [-72.905881, -48.236813], [-73.308807, -48.222395], [-73.331604, -48.491525]]]}, "properties": {"cell_id": "G30_0180_4620", "hs_mean": 0.8607, "hs_p90": 0.9417, "hs_sd": 0.0681, "coverage": 0.8194, "data_status": "value"}}, {"type": "Feature", "geometry": {"type": "Polygon", "coordinates": [[[-72.92656, -48.50608], [-72.521209, -48.519211], [-72.502653, -48.249821], [-72.905881, -48.236813], [-72.92656, -48.50608]]]}, "properties": {"cell_id": "G30_0210_4620", "hs_mean": 0.8429, "hs_p90": 0.941, "hs_sd": 0.1106, "coverage": 1.0, "data_status": "value"}}, {"type": "Feature", "geometry": {"type": "Polygon", "coordinates": [[[-72.521209, -48.519211], [-72.115582, -48.530916], [-72.099155, -48.261417], [-72.502653, -48.249821], [-72.521209, -48.519211]]]}, "properties": {"cell_id": "G30_0240_4620", "hs_mean": 0.5628, "hs_p90": 0.8299, "hs_sd": 0.161, "coverage": 1.0, "data_status": "value"}}, {"type": "Feature", "geometry": {"type": "Polygon", "coordinates": [[[-75.718326, -48.106445], [-75.317847, -48.129257], [-75.285048, -47.860974], [-75.683485, -47.838374], [-75.718326, -48.106445]]]}, "properties": {"cell_id": "G30_0000_4650", "hs_mean": null, "hs_p90": null, "hs_sd": null, "coverage": 0.0, "data_status": "no_data_from_figure"}}, {"type": "Feature", "geometry": {"type": "Polygon", "coordinates": [[[-75.317847, -48.129257], [-74.916884, -48.150679], [-74.886137, -47.882197], [-75.285048, -47.860974], [-75.317847, -48.129257]]]}, "properties": {"cell_id": "G30_0030_4650", "hs_mean": 0.2557, "hs_p90": 0.3365, "hs_sd": 0.0555, "coverage": 0.2048, "data_status": "value"}}, {"type": "Feature", "geometry": {"type": "Polygon", "coordinates": [[[-74.916884, -48.150679], [-74.515469, -48.170708], [-74.486781, -47.902039], [-74.886137, -47.882197], [-74.916884, -48.150679]]]}, "properties": {"cell_id": "G30_0060_4650", "hs_mean": 0.4629, "hs_p90": 0.6871, "hs_sd": 0.1735, "coverage": 0.7083, "data_status": "value"}}, {"type": "Feature", "geometry": {"type": "Polygon", "coordinates": [[[-74.515469, -48.170708], [-74.113631, -48.189339], [-74.087011, -47.920496], [-74.486781, -47.902039], [-74.515469, -48.170708]]]}, "properties": {"cell_id": "G30_0090_4650", "hs_mean": 0.492, "hs_p90": 0.8481, "hs_sd": 0.2623, "coverage": 1.0, "data_status": "value"}}, {"type": "Feature", "geometry": {"type": "Polygon", "coordinates": [[[-74.113631, -48.189339], [-73.7114, -48.206569], [-73.686854, -47.937565], [-74.087011, -47.920496], [-74.113631, -48.189339]]]}, "properties": {"cell_id": "G30_0120_4650", "hs_mean": 0.9307, "hs_p90": 0.9569, "hs_sd": 0.0276, "coverage": 1.0, "data_status": "value"}}, {"type": "Feature", "geometry": {"type": "Polygon", "coordinates": [[[-73.7114, -48.206569], [-73.308807, -48.222395], [-73.286341, -47.953243], [-73.686854, -47.937565], [-73.7114, -48.206569]]]}, "properties": {"cell_id": "G30_0150_4650", "hs_mean": 0.911, "hs_p90": 0.9501, "hs_sd": 0.0279, "coverage": 0.9184, "data_status": "value"}}, {"type": "Feature", "geometry": {"type": "Polygon", "coordinates": [[[-73.308807, -48.222395], [-72.905881, -48.236813], [-72.885502, -47.967526], [-73.286341, -47.953243], [-73.308807, -48.222395]]]}, "properties": {"cell_id": "G30_0180_4650", "hs_mean": 0.8173, "hs_p90": 0.9469, "hs_sd": 0.1032, "coverage": 0.4722, "data_status": "value"}}, {"type": "Feature", "geometry": {"type": "Polygon", "coordinates": [[[-72.905881, -48.236813], [-72.502653, -48.249821], [-72.484368, -47.980413], [-72.885502, -47.967526], [-72.905881, -48.236813]]]}, "properties": {"cell_id": "G30_0210_4650", "hs_mean": 0.6732, "hs_p90": 0.7794, "hs_sd": 0.0918, "coverage": 1.0, "data_status": "value"}}, {"type": "Feature", "geometry": {"type": "Polygon", "coordinates": [[[-72.502653, -48.249821], [-72.099155, -48.261417], [-72.082967, -47.9919], [-72.484368, -47.980413], [-72.502653, -48.249821]]]}, "properties": {"cell_id": "G30_0240_4650", "hs_mean": 0.5288, "hs_p90": 0.5868, "hs_sd": 0.0606, "coverage": 1.0, "data_status": "value"}}, {"type": "Feature", "geometry": {"type": "Polygon", "coordinates": [[[-75.683485, -47.838374], [-75.285048, -47.860974], [-75.252724, -47.592662], [-75.649147, -47.570272], [-75.683485, -47.838374]]]}, "properties": {"cell_id": "G30_0000_4680", "hs_mean": null, "hs_p90": null, "hs_sd": null, "coverage": 0.0, "data_status": "no_data_from_figure"}}, {"type": "Feature", "geometry": {"type": "Polygon", "coordinates": [[[-75.285048, -47.860974], [-74.886137, -47.882197], [-74.855834, -47.613687], [-75.252724, -47.592662], [-75.285048, -47.860974]]]}, "properties": {"cell_id": "G30_0030_4680", "hs_mean": 0.304, "hs_p90": 0.356, "hs_sd": 0.0512, "coverage": 0.2857, "data_status": "value"}}, {"type": "Feature", "geometry": {"type": "Polygon", "coordinates": [[[-74.886137, -47.882197], [-74.486781, -47.902039], [-74.458509, -47.633344], [-74.855834, -47.613687], [-74.886137, -47.882197]]]}, "properties": {"cell_id": "G30_0060_4680", "hs_mean": 0.5365, "hs_p90": 0.6512, "hs_sd": 0.1427, "coverage": 0.3934, "data_status": "value"}}, {"type": "Feature", "geometry": {"type": "Polygon", "coordinates": [[[-74.486781, -47.902039], [-74.087011, -47.920496], [-74.060775, -47.651629], [-74.458509, -47.633344], [-74.486781, -47.902039]]]}, "properties": {"cell_id": "G30_0090_4680", "hs_mean": 0.8526, "hs_p90": 0.9526, "hs_sd": 0.091, "coverage": 0.6504, "data_status": "value"}}, {"type": "Feature", "geometry": {"type": "Polygon", "coordinates": [[[-74.087011, -47.920496], [-73.686854, -47.937565], [-73.662663, -47.668539], [-74.060775, -47.651629], [-74.087011, -47.920496]]]}, "properties": {"cell_id": "G30_0120_4680", "hs_mean": 0.7786, "hs_p90": 0.9501, "hs_sd": 0.0966, "coverage": 1.0, "data_status": "value"}}, {"type": "Feature", "geometry": {"type": "Polygon", "coordinates": [[[-73.686854, -47.937565], [-73.286341, -47.953243], [-73.264202, -47.684071], [-73.662663, -47.668539], [-73.686854, -47.937565]]]}, "properties": {"cell_id": "G30_0150_4680", "hs_mean": 0.837, "hs_p90": 0.8776, "hs_sd": 0.0374, "coverage": 0.9431, "data_status": "value"}}, {"type": "Feature", "geometry": {"type": "Polygon", "coordinates": [[[-73.286341, -47.953243], [-72.885502, -47.967526], [-72.86542, -47.698221], [-73.264202, -47.684071], [-73.286341, -47.953243]]]}, "properties": {"cell_id": "G30_0180_4680", "hs_mean": 0.8507, "hs_p90": 0.9093, "hs_sd": 0.0552, "coverage": 0.3264, "data_status": "value"}}, {"type": "Feature", "geometry": {"type": "Polygon", "coordinates": [[[-72.885502, -47.967526], [-72.484368, -47.980413], [-72.466348, -47.710987], [-72.86542, -47.698221], [-72.885502, -47.967526]]]}, "properties": {"cell_id": "G30_0210_4680", "hs_mean": 0.7692, "hs_p90": 0.8594, "hs_sd": 0.0724, "coverage": 0.8841, "data_status": "value"}}, {"type": "Feature", "geometry": {"type": "Polygon", "coordinates": [[[-72.484368, -47.980413], [-72.082967, -47.9919], [-72.067015, -47.722367], [-72.466348, -47.710987], [-72.484368, -47.980413]]]}, "properties": {"cell_id": "G30_0240_4680", "hs_mean": 0.7014, "hs_p90": 0.7533, "hs_sd": 0.0549, "coverage": 1.0, "data_status": "value"}}, {"type": "Feature", "geometry": {"type": "Polygon", "coordinates": [[[-74.855834, -47.613687], [-74.458509, -47.633344], [-74.430644, -47.364624], [-74.825969, -47.34515], [-74.855834, -47.613687]]]}, "properties": {"cell_id": "G30_0060_4710", "hs_mean": null, "hs_p90": null, "hs_sd": null, "coverage": 0.0, "data_status": "no_data_from_figure"}}, {"type": "Feature", "geometry": {"type": "Polygon", "coordinates": [[[-74.458509, -47.633344], [-74.060775, -47.651629], [-74.034919, -47.382739], [-74.430644, -47.364624], [-74.458509, -47.633344]]]}, "properties": {"cell_id": "G30_0090_4710", "hs_mean": 0.5922, "hs_p90": 0.6565, "hs_sd": 0.1103, "coverage": 0.05, "data_status": "value"}}, {"type": "Feature", "geometry": {"type": "Polygon", "coordinates": [[[-74.060775, -47.651629], [-73.662663, -47.668539], [-73.638823, -47.399492], [-74.034919, -47.382739], [-74.060775, -47.651629]]]}, "properties": {"cell_id": "G30_0120_4710", "hs_mean": 0.7645, "hs_p90": 0.8209, "hs_sd": 0.0447, "coverage": 0.9306, "data_status": "value"}}, {"type": "Feature", "geometry": {"type": "Polygon", "coordinates": [[[-73.662663, -47.668539], [-73.264202, -47.684071], [-73.242383, -47.414878], [-73.638823, -47.399492], [-73.662663, -47.668539]]]}, "properties": {"cell_id": "G30_0150_4710", "hs_mean": 0.8131, "hs_p90": 0.8481, "hs_sd": 0.0277, "coverage": 0.9861, "data_status": "value"}}, {"type": "Feature", "geometry": {"type": "Polygon", "coordinates": [[[-73.264202, -47.684071], [-72.86542, -47.698221], [-72.845629, -47.428897], [-73.242383, -47.414878], [-73.264202, -47.684071]]]}, "properties": {"cell_id": "G30_0180_4710", "hs_mean": 0.8321, "hs_p90": 0.8707, "hs_sd": 0.0385, "coverage": 0.3472, "data_status": "value"}}, {"type": "Feature", "geometry": {"type": "Polygon", "coordinates": [[[-72.86542, -47.698221], [-72.466348, -47.710987], [-72.448589, -47.441544], [-72.845629, -47.428897], [-72.86542, -47.698221]]]}, "properties": {"cell_id": "G30_0210_4710", "hs_mean": 0.751, "hs_p90": 0.8941, "hs_sd": 0.1085, "coverage": 0.9583, "data_status": "value"}}, {"type": "Feature", "geometry": {"type": "Polygon", "coordinates": [[[-72.466348, -47.710987], [-72.067015, -47.722367], [-72.051294, -47.452817], [-72.448589, -47.441544], [-72.466348, -47.710987]]]}, "properties": {"cell_id": "G30_0240_4710", "hs_mean": 0.5463, "hs_p90": 0.6345, "hs_sd": 0.0658, "coverage": 1.0, "data_status": "value"}}, {"type": "Feature", "geometry": {"type": "Polygon", "coordinates": [[[-74.825969, -47.34515], [-74.430644, -47.364624], [-74.40318, -47.09588], [-74.796531, -47.076586], [-74.825969, -47.34515]]]}, "properties": {"cell_id": "G30_0060_4740", "hs_mean": 0.7188, "hs_p90": 0.7188, "hs_sd": 0.0, "coverage": 1.0, "data_status": "value"}}, {"type": "Feature", "geometry": {"type": "Polygon", "coordinates": [[[-74.430644, -47.364624], [-74.034919, -47.382739], [-74.009435, -47.113826], [-74.40318, -47.09588], [-74.430644, -47.364624]]]}, "properties": {"cell_id": "G30_0090_4740", "hs_mean": 0.8315, "hs_p90": 0.8753, "hs_sd": 0.0352, "coverage": 0.7835, "data_status": "value"}}, {"type": "Feature", "geometry": {"type": "Polygon", "coordinates": [[[-74.034919, -47.382739], [-73.638823, -47.399492], [-73.615325, -47.130422], [-74.009435, -47.113826], [-74.034919, -47.382739]]]}, "properties": {"cell_id": "G30_0120_4740", "hs_mean": 0.8037, "hs_p90": 0.8844, "hs_sd": 0.0651, "coverage": 1.0, "data_status": "value"}}, {"type": "Feature", "geometry": {"type": "Polygon", "coordinates": [[[-73.638823, -47.399492], [-73.242383, -47.414878], [-73.220878, -47.145666], [-73.615325, -47.130422], [-73.638823, -47.399492]]]}, "properties": {"cell_id": "G30_0150_4740", "hs_mean": 0.8106, "hs_p90": 0.8773, "hs_sd": 0.0479, "coverage": 0.75, "data_status": "value"}}, {"type": "Feature", "geometry": {"type": "Polygon", "coordinates": [[[-73.242383, -47.414878], [-72.845629, -47.428897], [-72.826122, -47.159553], [-73.220878, -47.145666], [-73.242383, -47.414878]]]}, "properties": {"cell_id": "G30_0180_4740", "hs_mean": 0.8723, "hs_p90": 0.9361, "hs_sd": 0.0468, "coverage": 0.5764, "data_status": "value"}}, {"type": "Feature", "geometry": {"type": "Polygon", "coordinates": [[[-72.845629, -47.428897], [-72.448589, -47.441544], [-72.431087, -47.172082], [-72.826122, -47.159553], [-72.845629, -47.428897]]]}, "properties": {"cell_id": "G30_0210_4740", "hs_mean": 0.8044, "hs_p90": 0.8912, "hs_sd": 0.0767, "coverage": 1.0, "data_status": "value"}}, {"type": "Feature", "geometry": {"type": "Polygon", "coordinates": [[[-72.448589, -47.441544], [-72.051294, -47.452817], [-72.035799, -47.18325], [-72.431087, -47.172082], [-72.448589, -47.441544]]]}, "properties": {"cell_id": "G30_0240_4740", "hs_mean": 0.7507, "hs_p90": 0.8565, "hs_sd": 0.0804, "coverage": 1.0, "data_status": "value"}}, {"type": "Feature", "geometry": {"type": "Polygon", "coordinates": [[[-72.051294, -47.452817], [-71.653771, -47.462715], [-71.640289, -47.193056], [-72.035799, -47.18325], [-72.051294, -47.452817]]]}, "properties": {"cell_id": "G30_0270_4740", "hs_mean": 0.5368, "hs_p90": 0.5692, "hs_sd": 0.0277, "coverage": 1.0, "data_status": "value"}}, {"type": "Feature", "geometry": {"type": "Polygon", "coordinates": [[[-75.97395, -47.010664], [-75.581944, -47.033975], [-75.549061, -46.76578], [-75.939146, -46.742686], [-75.97395, -47.010664]]]}, "properties": {"cell_id": "G30_-030_4770", "hs_mean": null, "hs_p90": null, "hs_sd": null, "coverage": 0.0, "data_status": "no_data_from_figure"}}, {"type": "Feature", "geometry": {"type": "Polygon", "coordinates": [[[-75.581944, -47.033975], [-75.189462, -47.05595], [-75.158509, -46.787552], [-75.549061, -46.76578], [-75.581944, -47.033975]]]}, "properties": {"cell_id": "G30_0000_4770", "hs_mean": 0.1814, "hs_p90": 0.1814, "hs_sd": 0.0, "coverage": 0.0164, "data_status": "value"}}, {"type": "Feature", "geometry": {"type": "Polygon", "coordinates": [[[-74.796531, -47.076586], [-74.40318, -47.09588], [-74.376109, -46.82711], [-74.767515, -46.807996], [-74.796531, -47.076586]]]}, "properties": {"cell_id": "G30_0060_4770", "hs_mean": 0.7926, "hs_p90": 0.8753, "hs_sd": 0.0831, "coverage": 1.0, "data_status": "value"}}, {"type": "Feature", "geometry": {"type": "Polygon", "coordinates": [[[-74.40318, -47.09588], [-74.009435, -47.113826], [-73.984316, -46.84489], [-74.376109, -46.82711], [-74.40318, -47.09588]]]}, "properties": {"cell_id": "G30_0090_4770", "hs_mean": 0.8792, "hs_p90": 0.9195, "hs_sd": 0.0522, "coverage": 1.0, "data_status": "value"}}, {"type": "Feature", "geometry": {"type": "Polygon", "coordinates": [[[-74.009435, -47.113826], [-73.615325, -47.130422], [-73.592164, -46.861331], [-73.984316, -46.84489], [-74.009435, -47.113826]]]}, "properties": {"cell_id": "G30_0120_4770", "hs_mean": 0.9138, "hs_p90": 0.941, "hs_sd": 0.0259, "coverage": 1.0, "data_status": "value"}}, {"type": "Feature", "geometry": {"type": "Polygon", "coordinates": [[[-73.615325, -47.130422], [-73.220878, -47.145666], [-73.199682, -46.876433], [-73.592164, -46.861331], [-73.615325, -47.130422]]]}, "properties": {"cell_id": "G30_0150_4770", "hs_mean": 0.897, "hs_p90": 0.941, "hs_sd": 0.0374, "coverage": 0.9722, "data_status": "value"}}, {"type": "Feature", "geometry": {"type": "Polygon", "coordinates": [[[-73.220878, -47.145666], [-72.826122, -47.159553], [-72.806896, -46.890191], [-73.199682, -46.876433], [-73.220878, -47.145666]]]}, "properties": {"cell_id": "G30_0180_4770", "hs_mean": 0.935, "hs_p90": 0.9819, "hs_sd": 0.0353, "coverage": 0.3889, "data_status": "value"}}, {"type": "Feature", "geometry": {"type": "Polygon", "coordinates": [[[-72.826122, -47.159553], [-72.431087, -47.172082], [-72.413836, -46.902603], [-72.806896, -46.890191], [-72.826122, -47.159553]]]}, "properties": {"cell_id": "G30_0210_4770", "hs_mean": 0.8817, "hs_p90": 0.9683, "hs_sd": 0.0731, "coverage": 1.0, "data_status": "value"}}, {"type": "Feature", "geometry": {"type": "Polygon", "coordinates": [[[-72.431087, -47.172082], [-72.035799, -47.18325], [-72.020528, -46.913667], [-72.413836, -46.902603], [-72.431087, -47.172082]]]}, "properties": {"cell_id": "G30_0240_4770", "hs_mean": 0.9122, "hs_p90": 0.9925, "hs_sd": 0.0848, "coverage": 1.0, "data_status": "value"}}, {"type": "Feature", "geometry": {"type": "Polygon", "coordinates": [[[-72.035799, -47.18325], [-71.640289, -47.193056], [-71.627001, -46.923381], [-72.020528, -46.913667], [-72.035799, -47.18325]]]}, "properties": {"cell_id": "G30_0270_4770", "hs_mean": 0.7338, "hs_p90": 0.8776, "hs_sd": 0.1339, "coverage": 1.0, "data_status": "value"}}, {"type": "Feature", "geometry": {"type": "Polygon", "coordinates": [[[-75.939146, -46.742686], [-75.549061, -46.76578], [-75.516646, -46.497555], [-75.904837, -46.474675], [-75.939146, -46.742686]]]}, "properties": {"cell_id": "G30_-030_4800", "hs_mean": null, "hs_p90": null, "hs_sd": null, "coverage": 0.0, "data_status": "no_data_from_figure"}}, {"type": "Feature", "geometry": {"type": "Polygon", "coordinates": [[[-75.549061, -46.76578], [-75.158509, -46.787552], [-75.127996, -46.519125], [-75.516646, -46.497555], [-75.549061, -46.76578]]]}, "properties": {"cell_id": "G30_0000_4800", "hs_mean": null, "hs_p90": null, "hs_sd": null, "coverage": 0.0, "data_status": "no_data_from_figure"}}, {"type": "Feature", "geometry": {"type": "Polygon", "coordinates": [[[-75.158509, -46.787552], [-74.767515, -46.807996], [-74.738913, -46.53938], [-75.127996, -46.519125], [-75.158509, -46.787552]]]}, "properties": {"cell_id": "G30_0030_4800", "hs_mean": 0.5541, "hs_p90": 0.7098, "hs_sd": 0.1114, "coverage": 0.8913, "data_status": "value"}}, {"type": "Feature", "geometry": {"type": "Polygon", "coordinates": [[[-74.767515, -46.807996], [-74.376109, -46.82711], [-74.349424, -46.558316], [-74.738913, -46.53938], [-74.767515, -46.807996]]]}, "properties": {"cell_id": "G30_0060_4800", "hs_mean": 0.7482, "hs_p90": 0.9184, "hs_sd": 0.126, "coverage": 1.0, "data_status": "value"}}, {"type": "Feature", "geometry": {"type": "Polygon", "coordinates": [[[-74.376109, -46.82711], [-73.984316, -46.84489], [-73.959555, -46.57593], [-74.349424, -46.558316], [-74.376109, -46.82711]]]}, "properties": {"cell_id": "G30_0090_4800", "hs_mean": 0.8595, "hs_p90": 0.9184, "hs_sd": 0.0496, "coverage": 1.0, "data_status": "value"}}, {"type": "Feature", "geometry": {"type": "Polygon", "coordinates": [[[-73.984316, -46.84489], [-73.592164, -46.861331], [-73.569334, -46.592219], [-73.959555, -46.57593], [-73.984316, -46.84489]]]}, "properties": {"cell_id": "G30_0120_4800", "hs_mean": 0.8627, "hs_p90": 0.9365, "hs_sd": 0.0589, "coverage": 1.0, "data_status": "value"}}, {"type": "Feature", "geometry": {"type": "Polygon", "coordinates": [[[-73.592164, -46.861331], [-73.199682, -46.876433], [-73.178789, -46.60718], [-73.569334, -46.592219], [-73.592164, -46.861331]]]}, "properties": {"cell_id": "G30_0150_4800", "hs_mean": 0.8878, "hs_p90": 0.9433, "hs_sd": 0.047, "coverage": 1.0, "data_status": "value"}}, {"type": "Feature", "geometry": {"type": "Polygon", "coordinates": [[[-73.199682, -46.876433], [-72.806896, -46.890191], [-72.787945, -46.62081], [-73.178789, -46.60718], [-73.199682, -46.876433]]]}, "properties": {"cell_id": "G30_0180_4800", "hs_mean": 0.9364, "hs_p90": 0.966, "hs_sd": 0.0308, "coverage": 0.7014, "data_status": "value"}}, {"type": "Feature", "geometry": {"type": "Polygon", "coordinates": [[[-72.806896, -46.890191], [-72.413836, -46.902603], [-72.396832, -46.633107], [-72.787945, -46.62081], [-72.806896, -46.890191]]]}, "properties": {"cell_id": "G30_0210_4800", "hs_mean": 0.8607, "hs_p90": 0.9766, "hs_sd": 0.1135, "coverage": 0.4306, "data_status": "value"}}, {"type": "Feature", "geometry": {"type": "Polygon", "coordinates": [[[-72.413836, -46.902603], [-72.020528, -46.913667], [-72.005475, -46.644068], [-72.396832, -46.633107], [-72.413836, -46.902603]]]}, "properties": {"cell_id": "G30_0240_4800", "hs_mean": 0.8496, "hs_p90": 0.9229, "hs_sd": 0.0702, "coverage": 0.9931, "data_status": "value"}}, {"type": "Feature", "geometry": {"type": "Polygon", "coordinates": [[[-72.020528, -46.913667], [-71.627001, -46.923381], [-71.613904, -46.653691], [-72.005475, -46.644068], [-72.020528, -46.913667]]]}, "properties": {"cell_id": "G30_0270_4800", "hs_mean": 0.8376, "hs_p90": 0.9116, "hs_sd": 0.0681, "coverage": 1.0, "data_status": "value"}}, {"type": "Feature", "geometry": {"type": "Polygon", "coordinates": [[[-75.516646, -46.497555], [-75.127996, -46.519125], [-75.097916, -46.250671], [-75.48469, -46.229301], [-75.516646, -46.497555]]]}, "properties": {"cell_id": "G30_0000_4830", "hs_mean": 0.25, "hs_p90": 0.2912, "hs_sd": 0.0508, "coverage": 0.2857, "data_status": "value"}}, {"type": "Feature", "geometry": {"type": "Polygon", "coordinates": [[[-75.127996, -46.519125], [-74.738913, -46.53938], [-74.710717, -46.270737], [-75.097916, -46.250671], [-75.127996, -46.519125]]]}, "properties": {"cell_id": "G30_0030_4830", "hs_mean": 0.4603, "hs_p90": 0.6825, "hs_sd": 0.1482, "coverage": 0.9645, "data_status": "value"}}, {"type": "Feature", "geometry": {"type": "Polygon", "coordinates": [[[-74.738913, -46.53938], [-74.349424, -46.558316], [-74.323118, -46.289498], [-74.710717, -46.270737], [-74.738913, -46.53938]]]}, "properties": {"cell_id": "G30_0060_4830", "hs_mean": 0.5206, "hs_p90": 0.8209, "hs_sd": 0.2012, "coverage": 1.0, "data_status": "value"}}, {"type": "Feature", "geometry": {"type": "Polygon", "coordinates": [[[-74.349424, -46.558316], [-73.959555, -46.57593], [-73.935147, -46.306948], [-74.323118, -46.289498], [-74.349424, -46.558316]]]}, "properties": {"cell_id": "G30_0090_4830", "hs_mean": 0.9045, "hs_p90": 0.9494, "hs_sd": 0.049, "coverage": 1.0, "data_status": "value"}}, {"type": "Feature", "geometry": {"type": "Polygon", "coordinates": [[[-73.959555, -46.57593], [-73.569334, -46.592219], [-73.54683, -46.323086], [-73.935147, -46.306948], [-73.959555, -46.57593]]]}, "properties": {"cell_id": "G30_0120_4830", "hs_mean": 0.9027, "hs_p90": 0.9524, "hs_sd": 0.0367, "coverage": 1.0, "data_status": "value"}}, {"type": "Feature", "geometry": {"type": "Polygon", "coordinates": [[[-73.569334, -46.592219], [-73.178789, -46.60718], [-73.158193, -46.337908], [-73.54683, -46.323086], [-73.569334, -46.592219]]]}, "properties": {"cell_id": "G30_0150_4830", "hs_mean": 0.8383, "hs_p90": 0.907, "hs_sd": 0.0625, "coverage": 1.0, "data_status": "value"}}, {"type": "Feature", "geometry": {"type": "Polygon", "coordinates": [[[-73.178789, -46.60718], [-72.787945, -46.62081], [-72.769265, -46.351411], [-73.158193, -46.337908], [-73.178789, -46.60718]]]}, "properties": {"cell_id": "G30_0180_4830", "hs_mean": 0.9227, "hs_p90": 0.9676, "hs_sd": 0.0411, "coverage": 1.0, "data_status": "value"}}, {"type": "Feature", "geometry": {"type": "Polygon", "coordinates": [[[-72.787945, -46.62081], [-72.396832, -46.633107], [-72.38007, -46.363593], [-72.769265, -46.351411], [-72.787945, -46.62081]]]}, "properties": {"cell_id": "G30_0210_4830", "hs_mean": 0.9343, "hs_p90": 0.9796, "hs_sd": 0.0396, "coverage": 0.2917, "data_status": "value"}}, {"type": "Feature", "geometry": {"type": "Polygon", "coordinates": [[[-72.396832, -46.633107], [-72.005475, -46.644068], [-71.990637, -46.374452], [-72.38007, -46.363593], [-72.396832, -46.633107]]]}, "properties": {"cell_id": "G30_0240_4830", "hs_mean": 0.8388, "hs_p90": 0.9909, "hs_sd": 0.1547, "coverage": 0.9722, "data_status": "value"}}, {"type": "Feature", "geometry": {"type": "Polygon", "coordinates": [[[-72.005475, -46.644068], [-71.613904, -46.653691], [-71.600994, -46.383985], [-71.990637, -46.374452], [-72.005475, -46.644068]]]}, "properties": {"cell_id": "G30_0270_4830", "hs_mean": 0.6491, "hs_p90": 0.9109, "hs_sd": 0.1955, "coverage": 1.0, "data_status": "value"}}, {"type": "Feature", "geometry": {"type": "Polygon", "coordinates": [[[-75.097916, -46.250671], [-74.710717, -46.270737], [-74.68292, -46.002069], [-75.068262, -45.982188], [-75.097916, -46.250671]]]}, "properties": {"cell_id": "G30_0030_4860", "hs_mean": 0.5404, "hs_p90": 0.7569, "hs_sd": 0.1854, "coverage": 0.759, "data_status": "value"}}, {"type": "Feature", "geometry": {"type": "Polygon", "coordinates": [[[-74.710717, -46.270737], [-74.323118, -46.289498], [-74.297186, -46.020655], [-74.68292, -46.002069], [-74.710717, -46.270737]]]}, "properties": {"cell_id": "G30_0060_4860", "hs_mean": 0.8352, "hs_p90": 0.9932, "hs_sd": 0.1975, "coverage": 1.0, "data_status": "value"}}, {"type": "Feature", "geometry": {"type": "Polygon", "coordinates": [[[-74.323118, -46.289498], [-73.935147, -46.306948], [-73.911085, -46.037944], [-74.297186, -46.020655], [-74.323118, -46.289498]]]}, "properties": {"cell_id": "G30_0090_4860", "hs_mean": 0.9324, "hs_p90": 0.981, "hs_sd": 0.0339, "coverage": 1.0, "data_status": "value"}}, {"type": "Feature", "geometry": {"type": "Polygon", "coordinates": [[[-73.935147, -46.306948], [-73.54683, -46.323086], [-73.524645, -46.053931], [-73.911085, -46.037944], [-73.935147, -46.306948]]]}, "properties": {"cell_id": "G30_0120_4860", "hs_mean": 0.8986, "hs_p90": 0.9342, "hs_sd": 0.0355, "coverage": 1.0, "data_status": "value"}}, {"type": "Feature", "geometry": {"type": "Polygon", "coordinates": [[[-73.54683, -46.323086], [-73.158193, -46.337908], [-73.137891, -46.068615], [-73.524645, -46.053931], [-73.54683, -46.323086]]]}, "properties": {"cell_id": "G30_0150_4860", "hs_mean": 0.8729, "hs_p90": 0.9683, "hs_sd": 0.0732, "coverage": 1.0, "data_status": "value"}}, {"type": "Feature", "geometry": {"type": "Polygon", "coordinates": [[[-73.158193, -46.337908], [-72.769265, -46.351411], [-72.750849, -46.081993], [-73.137891, -46.068615], [-73.158193, -46.337908]]]}, "properties": {"cell_id": "G30_0180_4860", "hs_mean": 0.8825, "hs_p90": 0.9766, "hs_sd": 0.0627, "coverage": 1.0, "data_status": "value"}}, {"type": "Feature", "geometry": {"type": "Polygon", "coordinates": [[[-72.769265, -46.351411], [-72.38007, -46.363593], [-72.363547, -46.094061], [-72.750849, -46.081993], [-72.769265, -46.351411]]]}, "properties": {"cell_id": "G30_0210_4860", "hs_mean": 0.9072, "hs_p90": 0.9501, "hs_sd": 0.0437, "coverage": 0.4792, "data_status": "value"}}, {"type": "Feature", "geometry": {"type": "Polygon", "coordinates": [[[-72.38007, -46.363593], [-71.990637, -46.374452], [-71.976011, -46.104819], [-72.363547, -46.094061], [-72.38007, -46.363593]]]}, "properties": {"cell_id": "G30_0240_4860", "hs_mean": 0.783, "hs_p90": 0.9617, "hs_sd": 0.1641, "coverage": 0.7639, "data_status": "value"}}, {"type": "Feature", "geometry": {"type": "Polygon", "coordinates": [[[-71.990637, -46.374452], [-71.600994, -46.383985], [-71.588267, -46.114264], [-71.976011, -46.104819], [-71.990637, -46.374452]]]}, "properties": {"cell_id": "G30_0270_4860", "hs_mean": 0.6466, "hs_p90": 0.9683, "hs_sd": 0.2285, "coverage": 1.0, "data_status": "value"}}, {"type": "Feature", "geometry": {"type": "Polygon", "coordinates": [[[-75.453186, -45.961017], [-75.068262, -45.982188], [-75.039026, -45.713679], [-75.422126, -45.692704], [-75.453186, -45.961017]]]}, "properties": {"cell_id": "G30_0000_4890", "hs_mean": null, "hs_p90": null, "hs_sd": null, "coverage": 0.0, "data_status": "no_data_from_figure"}}, {"type": "Feature", "geometry": {"type": "Polygon", "coordinates": [[[-75.068262, -45.982188], [-74.68292, -46.002069], [-74.655515, -45.733375], [-75.039026, -45.713679], [-75.068262, -45.982188]]]}, "properties": {"cell_id": "G30_0030_4890", "hs_mean": 0.7392, "hs_p90": 0.7937, "hs_sd": 0.0394, "coverage": 0.2877, "data_status": "value"}}, {"type": "Feature", "geometry": {"type": "Polygon", "coordinates": [[[-74.68292, -46.002069], [-74.297186, -46.020655], [-74.271619, -45.751789], [-74.655515, -45.733375], [-74.68292, -46.002069]]]}, "properties": {"cell_id": "G30_0060_4890", "hs_mean": 0.8465, "hs_p90": 0.9909, "hs_sd": 0.094, "coverage": 0.9245, "data_status": "value"}}, {"type": "Feature", "geometry": {"type": "Polygon", "coordinates": [[[-74.297186, -46.020655], [-73.911085, -46.037944], [-73.887363, -45.768917], [-74.271619, -45.751789], [-74.297186, -46.020655]]]}, "properties": {"cell_id": "G30_0090_4890", "hs_mean": 0.8208, "hs_p90": 0.9059, "hs_sd": 0.0636, "coverage": 1.0, "data_status": "value"}}, {"type": "Feature", "geometry": {"type": "Polygon", "coordinates": [[[-73.911085, -46.037944], [-73.524645, -46.053931], [-73.502773, -45.784756], [-73.887363, -45.768917], [-73.911085, -46.037944]]]}, "properties": {"cell_id": "G30_0120_4890", "hs_mean": 0.8722, "hs_p90": 0.9277, "hs_sd": 0.0408, "coverage": 1.0, "data_status": "value"}}, {"type": "Feature", "geometry": {"type": "Polygon", "coordinates": [[[-73.524645, -46.053931], [-73.137891, -46.068615], [-73.117875, -45.799303], [-73.502773, -45.784756], [-73.524645, -46.053931]]]}, "properties": {"cell_id": "G30_0150_4890", "hs_mean": 0.9083, "hs_p90": 0.9773, "hs_sd": 0.0668, "coverage": 1.0, "data_status": "value"}}, {"type": "Feature", "geometry": {"type": "Polygon", "coordinates": [[[-73.137891, -46.068615], [-72.750849, -46.081993], [-72.732695, -45.812556], [-73.117875, -45.799303], [-73.137891, -46.068615]]]}, "properties": {"cell_id": "G30_0180_4890", "hs_mean": 0.9802, "hs_p90": 0.9955, "hs_sd": 0.0233, "coverage": 1.0, "data_status": "value"}}, {"type": "Feature", "geometry": {"type": "Polygon", "coordinates": [[[-72.750849, -46.081993], [-72.363547, -46.094061], [-72.347258, -45.824513], [-72.732695, -45.812556], [-72.750849, -46.081993]]]}, "properties": {"cell_id": "G30_0210_4890", "hs_mean": 0.9438, "hs_p90": 0.9932, "hs_sd": 0.0758, "coverage": 0.9028, "data_status": "value"}}, {"type": "Feature", "geometry": {"type": "Polygon", "coordinates": [[[-72.363547, -46.094061], [-71.976011, -46.104819], [-71.961591, -45.83517], [-72.347258, -45.824513], [-72.363547, -46.094061]]]}, "properties": {"cell_id": "G30_0240_4890", "hs_mean": 0.6784, "hs_p90": 0.959, "hs_sd": 0.1797, "coverage": 0.5694, "data_status": "value"}}, {"type": "Feature", "geometry": {"type": "Polygon", "coordinates": [[[-71.976011, -46.104819], [-71.588267, -46.114264], [-71.575721, -45.844527], [-71.961591, -45.83517], [-71.976011, -46.104819]]]}, "properties": {"cell_id": "G30_0270_4890", "hs_mean": 0.6947, "hs_p90": 0.9433, "hs_sd": 0.1393, "coverage": 1.0, "data_status": "value"}}, {"type": "Feature", "geometry": {"type": "Polygon", "coordinates": [[[-75.039026, -45.713679], [-74.655515, -45.733375], [-74.628496, -45.464656], [-75.0102, -45.445143], [-75.039026, -45.713679]]]}, "properties": {"cell_id": "G30_0030_4920", "hs_mean": null, "hs_p90": null, "hs_sd": null, "coverage": 0.0, "data_status": "no_data_from_figure"}}, {"type": "Feature", "geometry": {"type": "Polygon", "coordinates": [[[-74.655515, -45.733375], [-74.271619, -45.751789], [-74.246412, -45.482899], [-74.628496, -45.464656], [-74.655515, -45.733375]]]}, "properties": {"cell_id": "G30_0060_4920", "hs_mean": 0.7365, "hs_p90": 0.8095, "hs_sd": 0.0779, "coverage": 0.65, "data_status": "value"}}, {"type": "Feature", "geometry": {"type": "Polygon", "coordinates": [[[-74.271619, -45.751789], [-73.887363, -45.768917], [-73.863976, -45.499868], [-74.246412, -45.482899], [-74.271619, -45.751789]]]}, "properties": {"cell_id": "G30_0090_4920", "hs_mean": 0.7574, "hs_p90": 0.7937, "hs_sd": 0.0286, "coverage": 1.0, "data_status": "value"}}, {"type": "Feature", "geometry": {"type": "Polygon", "coordinates": [[[-73.887363, -45.768917], [-73.502773, -45.784756], [-73.48121, -45.51556], [-73.863976, -45.499868], [-73.887363, -45.768917]]]}, "properties": {"cell_id": "G30_0120_4920", "hs_mean": 0.8172, "hs_p90": 0.8571, "hs_sd": 0.0317, "coverage": 1.0, "data_status": "value"}}, {"type": "Feature", "geometry": {"type": "Polygon", "coordinates": [[[-73.502773, -45.784756], [-73.117875, -45.799303], [-73.098142, -45.529972], [-73.48121, -45.51556], [-73.502773, -45.784756]]]}, "properties": {"cell_id": "G30_0150_4920", "hs_mean": 0.8979, "hs_p90": 0.9517, "hs_sd": 0.0494, "coverage": 1.0, "data_status": "value"}}, {"type": "Feature", "geometry": {"type": "Polygon", "coordinates": [[[-73.117875, -45.799303], [-72.732695, -45.812556], [-72.714797, -45.543102], [-73.098142, -45.529972], [-73.117875, -45.799303]]]}, "properties": {"cell_id": "G30_0180_4920", "hs_mean": 0.9526, "hs_p90": 0.9676, "hs_sd": 0.0127, "coverage": 1.0, "data_status": "value"}}, {"type": "Feature", "geometry": {"type": "Polygon", "coordinates": [[[-72.732695, -45.812556], [-72.347258, -45.824513], [-72.331199, -45.554947], [-72.714797, -45.543102], [-72.732695, -45.812556]]]}, "properties": {"cell_id": "G30_0210_4920", "hs_mean": 0.9676, "hs_p90": 1.0, "hs_sd": 0.0275, "coverage": 0.4097, "data_status": "value"}}, {"type": "Feature", "geometry": {"type": "Polygon", "coordinates": [[[-72.347258, -45.824513], [-71.961591, -45.83517], [-71.947376, -45.565505], [-72.331199, -45.554947], [-72.347258, -45.824513]]]}, "properties": {"cell_id": "G30_0240_4920", "hs_mean": 0.8446, "hs_p90": 0.941, "hs_sd": 0.0906, "coverage": 0.8611, "data_status": "value"}}, {"type": "Feature", "geometry": {"type": "Polygon", "coordinates": [[[-71.961591, -45.83517], [-71.575721, -45.844527], [-71.563352, -45.574775], [-71.947376, -45.565505], [-71.961591, -45.83517]]]}, "properties": {"cell_id": "G30_0270_4920", "hs_mean": 0.7929, "hs_p90": 0.8776, "hs_sd": 0.0643, "coverage": 1.0, "data_status": "value"}}, {"type": "Feature", "geometry": {"type": "Polygon", "coordinates": [[[-74.628496, -45.464656], [-74.246412, -45.482899], [-74.221559, -45.213985], [-74.601855, -45.195912], [-74.628496, -45.464656]]]}, "properties": {"cell_id": "G30_0060_4950", "hs_mean": 0.6889, "hs_p90": 0.722, "hs_sd": 0.0273, "coverage": 0.871, "data_status": "value"}}, {"type": "Feature", "geometry": {"type": "Polygon", "coordinates": [[[-74.246412, -45.482899], [-73.863976, -45.499868], [-73.840916, -45.230797], [-74.221559, -45.213985], [-74.246412, -45.482899]]]}, "properties": {"cell_id": "G30_0090_4950", "hs_mean": 0.7376, "hs_p90": 0.8063, "hs_sd": 0.0474, "coverage": 1.0, "data_status": "value"}}, {"type": "Feature", "geometry": {"type": "Polygon", "coordinates": [[[-73.863976, -45.499868], [-73.48121, -45.51556], [-73.45995, -45.246343], [-73.840916, -45.230797], [-73.863976, -45.499868]]]}, "properties": {"cell_id": "G30_0120_4950", "hs_mean": 0.7696, "hs_p90": 0.8481, "hs_sd": 0.059, "coverage": 1.0, "data_status": "value"}}, {"type": "Feature", "geometry": {"type": "Polygon", "coordinates": [[[-73.48121, -45.51556], [-73.098142, -45.529972], [-73.078687, -45.260621], [-73.45995, -45.246343], [-73.48121, -45.51556]]]}, "properties": {"cell_id": "G30_0150_4950", "hs_mean": 0.8839, "hs_p90": 0.932, "hs_sd": 0.0381, "coverage": 1.0, "data_status": "value"}}, {"type": "Feature", "geometry": {"type": "Polygon", "coordinates": [[[-73.098142, -45.529972], [-72.714797, -45.543102], [-72.69715, -45.273629], [-73.078687, -45.260621], [-73.098142, -45.529972]]]}, "properties": {"cell_id": "G30_0180_4950", "hs_mean": 0.9114, "hs_p90": 0.9524, "hs_sd": 0.0335, "coverage": 1.0, "data_status": "value"}}, {"type": "Feature", "geometry": {"type": "Polygon", "coordinates": [[[-72.714797, -45.543102], [-72.331199, -45.554947], [-72.315366, -45.285364], [-72.69715, -45.273629], [-72.714797, -45.543102]]]}, "properties": {"cell_id": "G30_0210_4950", "hs_mean": 0.8644, "hs_p90": 0.9184, "hs_sd": 0.0464, "coverage": 0.6458, "data_status": "value"}}, {"type": "Feature", "geometry": {"type": "Polygon", "coordinates": [[[-72.331199, -45.554947], [-71.947376, -45.565505], [-71.933361, -45.295824], [-72.315366, -45.285364], [-72.331199, -45.554947]]]}, "properties": {"cell_id": "G30_0240_4950", "hs_mean": 0.8225, "hs_p90": 0.8712, "hs_sd": 0.0396, "coverage": 0.6111, "data_status": "value"}}, {"type": "Feature", "geometry": {"type": "Polygon", "coordinates": [[[-71.947376, -45.565505], [-71.563352, -45.574775], [-71.551158, -45.305007], [-71.933361, -45.295824], [-71.947376, -45.565505]]]}, "properties": {"cell_id": "G30_0270_4950", "hs_mean": 0.6986, "hs_p90": 0.7732, "hs_sd": 0.0686, "coverage": 1.0, "data_status": "value"}}, {"type": "Feature", "geometry": {"type": "Polygon", "coordinates": [[[-71.563352, -45.574775], [-71.179154, -45.582755], [-71.168784, -45.312913], [-71.551158, -45.305007], [-71.563352, -45.574775]]]}, "properties": {"cell_id": "G30_0300_4950", "hs_mean": 0.5341, "hs_p90": 0.585, "hs_sd": 0.0432, "coverage": 1.0, "data_status": "value"}}, {"type": "Feature", "geometry": {"type": "Polygon", "coordinates": [[[-75.361305, -45.155991], [-74.981779, -45.176579], [-74.953754, -44.907989], [-75.331531, -44.887592], [-75.361305, -45.155991]]]}, "properties": {"cell_id": "G30_0000_4980", "hs_mean": null, "hs_p90": null, "hs_sd": null, "coverage": 0.0, "data_status": "no_data_from_figure"}}, {"type": "Feature", "geometry": {"type": "Polygon", "coordinates": [[[-74.601855, -45.195912], [-74.221559, -45.213985], [-74.197054, -44.945049], [-74.575587, -44.927143], [-74.601855, -45.195912]]]}, "properties": {"cell_id": "G30_0060_4980", "hs_mean": 0.4833, "hs_p90": 0.5465, "hs_sd": 0.0743, "coverage": 0.4667, "data_status": "value"}}, {"type": "Feature", "geometry": {"type": "Polygon", "coordinates": [[[-74.221559, -45.213985], [-73.840916, -45.230797], [-73.81818, -44.961704], [-74.197054, -44.945049], [-74.221559, -45.213985]]]}, "properties": {"cell_id": "G30_0090_4980", "hs_mean": 0.6736, "hs_p90": 0.7721, "hs_sd": 0.1104, "coverage": 0.8205, "data_status": "value"}}, {"type": "Feature", "geometry": {"type": "Polygon", "coordinates": [[[-73.840916, -45.230797], [-73.45995, -45.246343], [-73.438988, -44.977106], [-73.81818, -44.961704], [-73.840916, -45.230797]]]}, "properties": {"cell_id": "G30_0120_4980", "hs_mean": 0.773, "hs_p90": 0.7971, "hs_sd": 0.0275, "coverage": 0.9796, "data_status": "value"}}, {"type": "Feature", "geometry": {"type": "Polygon", "coordinates": [[[-73.45995, -45.246343], [-73.078687, -45.260621], [-73.059504, -44.991251], [-73.438988, -44.977106], [-73.45995, -45.246343]]]}, "properties": {"cell_id": "G30_0150_4980", "hs_mean": 0.8426, "hs_p90": 0.8889, "hs_sd": 0.029, "coverage": 1.0, "data_status": "value"}}, {"type": "Feature", "geometry": {"type": "Polygon", "coordinates": [[[-73.078687, -45.260621], [-72.69715, -45.273629], [-72.679751, -45.004138], [-73.059504, -44.991251], [-73.078687, -45.260621]]]}, "properties": {"cell_id": "G30_0180_4980", "hs_mean": 0.7969, "hs_p90": 0.9002, "hs_sd": 0.0638, "coverage": 1.0, "data_status": "value"}}, {"type": "Feature", "geometry": {"type": "Polygon", "coordinates": [[[-72.69715, -45.273629], [-72.315366, -45.285364], [-72.299756, -45.015764], [-72.679751, -45.004138], [-72.69715, -45.273629]]]}, "properties": {"cell_id": "G30_0210_4980", "hs_mean": 0.6814, "hs_p90": 0.7234, "hs_sd": 0.0523, "coverage": 0.4097, "data_status": "value"}}, {"type": "Feature", "geometry": {"type": "Polygon", "coordinates": [[[-72.315366, -45.285364], [-71.933361, -45.295824], [-71.919542, -45.026126], [-72.299756, -45.015764], [-72.315366, -45.285364]]]}, "properties": {"cell_id": "G30_0240_4980", "hs_mean": 0.741, "hs_p90": 0.8576, "hs_sd": 0.0759, "coverage": 0.9931, "data_status": "value"}}, {"type": "Feature", "geometry": {"type": "Polygon", "coordinates": [[[-71.933361, -45.295824], [-71.551158, -45.305007], [-71.539135, -45.035224], [-71.919542, -45.026126], [-71.933361, -45.295824]]]}, "properties": {"cell_id": "G30_0270_4980", "hs_mean": 0.6089, "hs_p90": 0.6871, "hs_sd": 0.0562, "coverage": 1.0, "data_status": "value"}}, {"type": "Feature", "geometry": {"type": "Polygon", "coordinates": [[[-71.551158, -45.305007], [-71.168784, -45.312913], [-71.158559, -45.043056], [-71.539135, -45.035224], [-71.551158, -45.305007]]]}, "properties": {"cell_id": "G30_0300_4980", "hs_mean": 0.5202, "hs_p90": 0.5442, "hs_sd": 0.0298, "coverage": 1.0, "data_status": "value"}}, {"type": "Feature", "geometry": {"type": "Polygon", "coordinates": [[[-75.331531, -44.887592], [-74.953754, -44.907989], [-74.926119, -44.639373], [-75.30217, -44.619165], [-75.331531, -44.887592]]]}, "properties": {"cell_id": "G30_0000_5010", "hs_mean": null, "hs_p90": null, "hs_sd": null, "coverage": 0.0, "data_status": "no_data_from_figure"}}, {"type": "Feature", "geometry": {"type": "Polygon", "coordinates": [[[-74.953754, -44.907989], [-74.575587, -44.927143], [-74.549684, -44.658349], [-74.926119, -44.639373], [-74.953754, -44.907989]]]}, "properties": {"cell_id": "G30_0030_5010", "hs_mean": null, "hs_p90": null, "hs_sd": null, "coverage": 0.0, "data_status": "no_data_from_figure"}}, {"type": "Feature", "geometry": {"type": "Polygon", "coordinates": [[[-74.575587, -44.927143], [-74.197054, -44.945049], [-74.17289, -44.676089], [-74.549684, -44.658349], [-74.575587, -44.927143]]]}, "properties": {"cell_id": "G30_0060_5010", "hs_mean": 0.5705, "hs_p90": 0.737, "hs_sd": 0.1452, "coverage": 0.2568, "data_status": "value"}}, {"type": "Feature", "geometry": {"type": "Polygon", "coordinates": [[[-74.197054, -44.945049], [-73.81818, -44.961704], [-73.79576, -44.692589], [-74.17289, -44.676089], [-74.197054, -44.945049]]]}, "properties": {"cell_id": "G30_0090_5010", "hs_mean": 0.6317, "hs_p90": 0.7891, "hs_sd": 0.1099, "coverage": 0.4409, "data_status": "value"}}, {"type": "Feature", "geometry": {"type": "Polygon", "coordinates": [[[-73.81818, -44.961704], [-73.438988, -44.977106], [-73.418318, -44.707848], [-73.79576, -44.692589], [-73.81818, -44.961704]]]}, "properties": {"cell_id": "G30_0120_5010", "hs_mean": 0.8594, "hs_p90": 0.8839, "hs_sd": 0.0292, "coverage": 0.7297, "data_status": "value"}}, {"type": "Feature", "geometry": {"type": "Polygon", "coordinates": [[[-73.438988, -44.977106], [-73.059504, -44.991251], [-73.040589, -44.721862], [-73.418318, -44.707848], [-73.438988, -44.977106]]]}, "properties": {"cell_id": "G30_0150_5010", "hs_mean": 0.8625, "hs_p90": 0.8821, "hs_sd": 0.0217, "coverage": 1.0, "data_status": "value"}}, {"type": "Feature", "geometry": {"type": "Polygon", "coordinates": [[[-73.059504, -44.991251], [-72.679751, -45.004138], [-72.662596, -44.734629], [-73.040589, -44.721862], [-73.059504, -44.991251]]]}, "properties": {"cell_id": "G30_0180_5010", "hs_mean": 0.8053, "hs_p90": 0.8558, "hs_sd": 0.0334, "coverage": 1.0, "data_status": "value"}}, {"type": "Feature", "geometry": {"type": "Polygon", "coordinates": [[[-72.679751, -45.004138], [-72.299756, -45.015764], [-72.284364, -44.746147], [-72.662596, -44.734629], [-72.679751, -45.004138]]]}, "properties": {"cell_id": "G30_0210_5010", "hs_mean": 0.7591, "hs_p90": 0.7937, "hs_sd": 0.0301, "coverage": 0.8125, "data_status": "value"}}, {"type": "Feature", "geometry": {"type": "Polygon", "coordinates": [[[-72.299756, -45.015764], [-71.919542, -45.026126], [-71.905917, -44.756413], [-72.284364, -44.746147], [-72.299756, -45.015764]]]}, "properties": {"cell_id": "G30_0240_5010", "hs_mean": 0.632, "hs_p90": 0.7098, "hs_sd": 0.1073, "coverage": 0.2991, "data_status": "value"}}, {"type": "Feature", "geometry": {"type": "Polygon", "coordinates": [[[-71.919542, -45.026126], [-71.539135, -45.035224], [-71.52728, -44.765426], [-71.905917, -44.756413], [-71.919542, -45.026126]]]}, "properties": {"cell_id": "G30_0270_5010", "hs_mean": 0.5816, "hs_p90": 0.6349, "hs_sd": 0.0554, "coverage": 0.9111, "data_status": "value"}}, {"type": "Feature", "geometry": {"type": "Polygon", "coordinates": [[[-71.539135, -45.035224], [-71.158559, -45.043056], [-71.148477, -44.773185], [-71.52728, -44.765426], [-71.539135, -45.035224]]]}, "properties": {"cell_id": "G30_0300_5010", "hs_mean": 0.358, "hs_p90": 0.3673, "hs_sd": 0.009, "coverage": 1.0, "data_status": "value"}}, {"type": "Feature", "geometry": {"type": "Polygon", "coordinates": [[[-74.926119, -44.639373], [-74.549684, -44.658349], [-74.524142, -44.389531], [-74.898868, -44.370731], [-74.926119, -44.639373]]]}, "properties": {"cell_id": "G30_0030_5040", "hs_mean": null, "hs_p90": null, "hs_sd": null, "coverage": 0.0, "data_status": "no_data_from_figure"}}, {"type": "Feature", "geometry": {"type": "Polygon", "coordinates": [[[-74.549684, -44.658349], [-74.17289, -44.676089], [-74.149062, -44.407106], [-74.524142, -44.389531], [-74.549684, -44.658349]]]}, "properties": {"cell_id": "G30_0060_5040", "hs_mean": 0.6478, "hs_p90": 0.7152, "hs_sd": 0.0676, "coverage": 0.4253, "data_status": "value"}}, {"type": "Feature", "geometry": {"type": "Polygon", "coordinates": [[[-74.17289, -44.676089], [-73.79576, -44.692589], [-73.773653, -44.423454], [-74.149062, -44.407106], [-74.17289, -44.676089]]]}, "properties": {"cell_id": "G30_0090_5040", "hs_mean": 0.5646, "hs_p90": 0.6825, "hs_sd": 0.0892, "coverage": 0.8537, "data_status": "value"}}, {"type": "Feature", "geometry": {"type": "Polygon", "coordinates": [[[-73.79576, -44.692589], [-73.418318, -44.707848], [-73.397937, -44.43857], [-73.773653, -44.423454], [-73.79576, -44.692589]]]}, "properties": {"cell_id": "G30_0120_5040", "hs_mean": 0.7545, "hs_p90": 0.8009, "hs_sd": 0.0408, "coverage": 0.8929, "data_status": "value"}}, {"type": "Feature", "geometry": {"type": "Polygon", "coordinates": [[[-73.418318, -44.707848], [-73.040589, -44.721862], [-73.021938, -44.452454], [-73.397937, -44.43857], [-73.418318, -44.707848]]]}, "properties": {"cell_id": "G30_0150_5040", "hs_mean": 0.8291, "hs_p90": 0.8821, "hs_sd": 0.0494, "coverage": 0.8704, "data_status": "value"}}, {"type": "Feature", "geometry": {"type": "Polygon", "coordinates": [[[-73.040589, -44.721862], [-72.662596, -44.734629], [-72.645679, -44.465102], [-73.021938, -44.452454], [-73.040589, -44.721862]]]}, "properties": {"cell_id": "G30_0180_5040", "hs_mean": 0.8506, "hs_p90": 0.8798, "hs_sd": 0.0268, "coverage": 0.8053, "data_status": "value"}}, {"type": "Feature", "geometry": {"type": "Polygon", "coordinates": [[[-72.662596, -44.734629], [-72.284364, -44.746147], [-72.269186, -44.476513], [-72.645679, -44.465102], [-72.662596, -44.734629]]]}, "properties": {"cell_id": "G30_0210_5040", "hs_mean": 0.7473, "hs_p90": 0.805, "hs_sd": 0.0433, "coverage": 0.8929, "data_status": "value"}}, {"type": "Feature", "geometry": {"type": "Polygon", "coordinates": [[[-72.284364, -44.746147], [-71.905917, -44.756413], [-71.892482, -44.486683], [-72.269186, -44.476513], [-72.284364, -44.746147]]]}, "properties": {"cell_id": "G30_0240_5040", "hs_mean": 0.539, "hs_p90": 0.707, "hs_sd": 0.135, "coverage": 0.4444, "data_status": "value"}}, {"type": "Feature", "geometry": {"type": "Polygon", "coordinates": [[[-71.905917, -44.756413], [-71.52728, -44.765426], [-71.51559, -44.495613], [-71.892482, -44.486683], [-71.905917, -44.756413]]]}, "properties": {"cell_id": "G30_0270_5040", "hs_mean": 0.4093, "hs_p90": 0.4807, "hs_sd": 0.0488, "coverage": 0.8392, "data_status": "value"}}, {"type": "Feature", "geometry": {"type": "Polygon", "coordinates": [[[-71.52728, -44.765426], [-71.148477, -44.773185], [-71.138537, -44.503299], [-71.51559, -44.495613], [-71.52728, -44.765426]]]}, "properties": {"cell_id": "G30_0300_5040", "hs_mean": 0.3512, "hs_p90": 0.3878, "hs_sd": 0.0287, "coverage": 0.9032, "data_status": "value"}}, {"type": "Feature", "geometry": {"type": "Polygon", "coordinates": [[[-71.148477, -44.773185], [-70.769534, -44.779688], [-70.761344, -44.509741], [-71.138537, -44.503299], [-71.148477, -44.773185]]]}, "properties": {"cell_id": "G30_0330_5040", "hs_mean": 0.3023, "hs_p90": 0.307, "hs_sd": 0.0047, "coverage": 1.0, "data_status": "value"}}, {"type": "Feature", "geometry": {"type": "Polygon", "coordinates": [[[-74.524142, -44.389531], [-74.149062, -44.407106], [-74.125565, -44.138101], [-74.498953, -44.120689], [-74.524142, -44.389531]]]}, "properties": {"cell_id": "G30_0060_5070", "hs_mean": 0.3951, "hs_p90": 0.4694, "hs_sd": 0.0712, "coverage": 0.5517, "data_status": "value"}}, {"type": "Feature", "geometry": {"type": "Polygon", "coordinates": [[[-74.149062, -44.407106], [-73.773653, -44.423454], [-73.751852, -44.154296], [-74.125565, -44.138101], [-74.149062, -44.407106]]]}, "properties": {"cell_id": "G30_0090_5070", "hs_mean": 0.445, "hs_p90": 0.6635, "hs_sd": 0.196, "coverage": 0.044, "data_status": "value"}}, {"type": "Feature", "geometry": {"type": "Polygon", "coordinates": [[[-73.773653, -44.423454], [-73.397937, -44.43857], [-73.377838, -44.169272], [-73.751852, -44.154296], [-73.773653, -44.423454]]]}, "properties": {"cell_id": "G30_0120_5070", "hs_mean": 0.8082, "hs_p90": 0.8576, "hs_sd": 0.0404, "coverage": 0.2632, "data_status": "value"}}, {"type": "Feature", "geometry": {"type": "Polygon", "coordinates": [[[-73.397937, -44.43857], [-73.021938, -44.452454], [-73.003545, -44.183027], [-73.377838, -44.169272], [-73.397937, -44.43857]]]}, "properties": {"cell_id": "G30_0150_5070", "hs_mean": 0.8321, "hs_p90": 0.8594, "hs_sd": 0.024, "coverage": 0.64, "data_status": "value"}}, {"type": "Feature", "geometry": {"type": "Polygon", "coordinates": [[[-73.021938, -44.452454], [-72.645679, -44.465102], [-72.628998, -44.195558], [-73.003545, -44.183027], [-73.021938, -44.452454]]]}, "properties": {"cell_id": "G30_0180_5070", "hs_mean": 0.5514, "hs_p90": 0.8537, "hs_sd": 0.2337, "coverage": 0.05, "data_status": "value"}}, {"type": "Feature", "geometry": {"type": "Polygon", "coordinates": [[[-72.645679, -44.465102], [-72.269186, -44.476513], [-72.25422, -44.206862], [-72.628998, -44.195558], [-72.645679, -44.465102]]]}, "properties": {"cell_id": "G30_0210_5070", "hs_mean": 0.6452, "hs_p90": 0.6834, "hs_sd": 0.0538, "coverage": 0.2086, "data_status": "value"}}, {"type": "Feature", "geometry": {"type": "Polygon", "coordinates": [[[-72.269186, -44.476513], [-71.892482, -44.486683], [-71.879233, -44.216938], [-72.25422, -44.206862], [-72.269186, -44.476513]]]}, "properties": {"cell_id": "G30_0240_5070", "hs_mean": 0.7071, "hs_p90": 0.7526, "hs_sd": 0.0369, "coverage": 0.3333, "data_status": "value"}}, {"type": "Feature", "geometry": {"type": "Polygon", "coordinates": [[[-71.892482, -44.486683], [-71.51559, -44.495613], [-71.504064, -44.225784], [-71.879233, -44.216938], [-71.892482, -44.486683]]]}, "properties": {"cell_id": "G30_0270_5070", "hs_mean": 0.701, "hs_p90": 0.7098, "hs_sd": 0.0094, "coverage": 0.1045, "data_status": "value"}}, {"type": "Feature", "geometry": {"type": "Polygon", "coordinates": [[[-71.51559, -44.495613], [-71.138537, -44.503299], [-71.128734, -44.233399], [-71.504064, -44.225784], [-71.51559, -44.495613]]]}, "properties": {"cell_id": "G30_0300_5070", "hs_mean": null, "hs_p90": null, "hs_sd": null, "coverage": 0.0, "data_status": "no_data_from_figure"}}, {"type": "Feature", "geometry": {"type": "Polygon", "coordinates": [[[-74.498953, -44.120689], [-74.125565, -44.138101], [-74.102392, -43.869073], [-74.474112, -43.851822], [-74.498953, -44.120689]]]}, "properties": {"cell_id": "G30_0060_5100", "hs_mean": 0.3228, "hs_p90": 0.4036, "hs_sd": 0.0824, "coverage": 0.3333, "data_status": "value"}}, {"type": "Feature", "geometry": {"type": "Polygon", "coordinates": [[[-74.125565, -44.138101], [-73.751852, -44.154296], [-73.730353, -43.885118], [-74.102392, -43.869073], [-74.125565, -44.138101]]]}, "properties": {"cell_id": "G30_0090_5100", "hs_mean": null, "hs_p90": null, "hs_sd": null, "coverage": 0.0, "data_status": "no_data_from_figure"}}, {"type": "Feature", "geometry": {"type": "Polygon", "coordinates": [[[-73.751852, -44.154296], [-73.377838, -44.169272], [-73.358017, -43.899955], [-73.730353, -43.885118], [-73.751852, -44.154296]]]}, "properties": {"cell_id": "G30_0120_5100", "hs_mean": 0.7992, "hs_p90": 0.8113, "hs_sd": 0.0119, "coverage": 0.25, "data_status": "value"}}, {"type": "Feature", "geometry": {"type": "Polygon", "coordinates": [[[-73.377838, -44.169272], [-73.003545, -44.183027], [-72.985408, -43.913581], [-73.358017, -43.899955], [-73.377838, -44.169272]]]}, "properties": {"cell_id": "G30_0150_5100", "hs_mean": 0.8265, "hs_p90": 0.8578, "hs_sd": 0.0226, "coverage": 1.0, "data_status": "value"}}, {"type": "Feature", "geometry": {"type": "Polygon", "coordinates": [[[-73.003545, -44.183027], [-72.628998, -44.195558], [-72.612548, -43.925995], [-72.985408, -43.913581], [-73.003545, -44.183027]]]}, "properties": {"cell_id": "G30_0180_5100", "hs_mean": 0.7552, "hs_p90": 0.8095, "hs_sd": 0.0432, "coverage": 0.9861, "data_status": "value"}}, {"type": "Feature", "geometry": {"type": "Polygon", "coordinates": [[[-72.628998, -44.195558], [-72.25422, -44.206862], [-72.239461, -43.937194], [-72.612548, -43.925995], [-72.628998, -44.195558]]]}, "properties": {"cell_id": "G30_0210_5100", "hs_mean": 0.7611, "hs_p90": 0.805, "hs_sd": 0.0354, "coverage": 0.8611, "data_status": "value"}}, {"type": "Feature", "geometry": {"type": "Polygon", "coordinates": [[[-72.25422, -44.206862], [-71.879233, -44.216938], [-71.866169, -43.947177], [-72.239461, -43.937194], [-72.25422, -44.206862]]]}, "properties": {"cell_id": "G30_0240_5100", "hs_mean": 0.7411, "hs_p90": 0.8594, "hs_sd": 0.1033, "coverage": 0.7847, "data_status": "value"}}, {"type": "Feature", "geometry": {"type": "Polygon", "coordinates": [[[-71.879233, -44.216938], [-71.504064, -44.225784], [-71.492697, -43.95594], [-71.866169, -43.947177], [-71.879233, -44.216938]]]}, "properties": {"cell_id": "G30_0270_5100", "hs_mean": 0.4014, "hs_p90": 0.5769, "hs_sd": 0.1274, "coverage": 0.2143, "data_status": "value"}}, {"type": "Feature", "geometry": {"type": "Polygon", "coordinates": [[[-74.84549, -43.83337], [-74.474112, -43.851822], [-74.449614, -43.582932], [-74.819352, -43.564651], [-74.84549, -43.83337]]]}, "properties": {"cell_id": "G30_0030_5130", "hs_mean": 0.1107, "hs_p90": 0.127, "hs_sd": 0.0113, "coverage": 0.4615, "data_status": "value"}}, {"type": "Feature", "geometry": {"type": "Polygon", "coordinates": [[[-74.474112, -43.851822], [-74.102392, -43.869073], [-74.079539, -43.600022], [-74.449614, -43.582932], [-74.474112, -43.851822]]]}, "properties": {"cell_id": "G30_0060_5130", "hs_mean": null, "hs_p90": null, "hs_sd": null, "coverage": 0.0, "data_status": "no_data_from_figure"}}, {"type": "Feature", "geometry": {"type": "Polygon", "coordinates": [[[-74.102392, -43.869073], [-73.730353, -43.885118], [-73.70915, -43.615918], [-74.079539, -43.600022], [-74.102392, -43.869073]]]}, "properties": {"cell_id": "G30_0090_5130", "hs_mean": 0.5213, "hs_p90": 0.6304, "hs_sd": 0.1537, "coverage": 0.32, "data_status": "value"}}, {"type": "Feature", "geometry": {"type": "Polygon", "coordinates": [[[-73.358017, -43.899955], [-72.985408, -43.913581], [-72.967521, -43.644117], [-73.33847, -43.630617], [-73.358017, -43.899955]]]}, "properties": {"cell_id": "G30_0150_5130", "hs_mean": 0.809, "hs_p90": 0.8163, "hs_sd": 0.008, "coverage": 1.0, "data_status": "value"}}, {"type": "Feature", "geometry": {"type": "Polygon", "coordinates": [[[-72.985408, -43.913581], [-72.612548, -43.925995], [-72.596325, -43.656416], [-72.967521, -43.644117], [-72.985408, -43.913581]]]}, "properties": {"cell_id": "G30_0180_5130", "hs_mean": 0.8387, "hs_p90": 0.8776, "hs_sd": 0.0382, "coverage": 0.6741, "data_status": "value"}}, {"type": "Feature", "geometry": {"type": "Polygon", "coordinates": [[[-72.612548, -43.925995], [-72.239461, -43.937194], [-72.224906, -43.66751], [-72.596325, -43.656416], [-72.612548, -43.925995]]]}, "properties": {"cell_id": "G30_0210_5130", "hs_mean": 0.7334, "hs_p90": 0.8213, "hs_sd": 0.0829, "coverage": 0.4097, "data_status": "value"}}, {"type": "Feature", "geometry": {"type": "Polygon", "coordinates": [[[-72.239461, -43.937194], [-71.866169, -43.947177], [-71.853285, -43.677399], [-72.224906, -43.66751], [-72.239461, -43.937194]]]}, "properties": {"cell_id": "G30_0240_5130", "hs_mean": 0.6405, "hs_p90": 0.6966, "hs_sd": 0.0514, "coverage": 0.5903, "data_status": "value"}}, {"type": "Feature", "geometry": {"type": "Polygon", "coordinates": [[[-71.866169, -43.947177], [-71.492697, -43.95594], [-71.481488, -43.686082], [-71.853285, -43.677399], [-71.866169, -43.947177]]]}, "properties": {"cell_id": "G30_0270_5130", "hs_mean": 0.596, "hs_p90": 0.6646, "hs_sd": 0.0799, "coverage": 0.5763, "data_status": "value"}}, {"type": "Feature", "geometry": {"type": "Polygon", "coordinates": [[[-74.819352, -43.564651], [-74.449614, -43.582932], [-74.425451, -43.314019], [-74.793572, -43.295907], [-74.819352, -43.564651]]]}, "properties": {"cell_id": "G30_0030_5160", "hs_mean": 0.1211, "hs_p90": 0.127, "hs_sd": 0.0096, "coverage": 0.8333, "data_status": "value"}}, {"type": "Feature", "geometry": {"type": "Polygon", "coordinates": [[[-74.449614, -43.582932], [-74.079539, -43.600022], [-74.057, -43.33095], [-74.425451, -43.314019], [-74.449614, -43.582932]]]}, "properties": {"cell_id": "G30_0060_5160", "hs_mean": 0.3639, "hs_p90": 0.3866, "hs_sd": 0.0283, "coverage": 0.2, "data_status": "value"}}, {"type": "Feature", "geometry": {"type": "Polygon", "coordinates": [[[-74.079539, -43.600022], [-73.70915, -43.615918], [-73.68824, -43.346698], [-74.057, -43.33095], [-74.079539, -43.600022]]]}, "properties": {"cell_id": "G30_0090_5160", "hs_mean": 0.6676, "hs_p90": 0.7234, "hs_sd": 0.1255, "coverage": 0.4444, "data_status": "value"}}, {"type": "Feature", "geometry": {"type": "Polygon", "coordinates": [[[-73.70915, -43.615918], [-73.33847, -43.630617], [-73.319192, -43.36126], [-73.68824, -43.346698], [-73.70915, -43.615918]]]}, "properties": {"cell_id": "G30_0120_5160", "hs_mean": 0.6939, "hs_p90": 0.6939, "hs_sd": 0.0, "coverage": 1.0, "data_status": "value"}}, {"type": "Feature", "geometry": {"type": "Polygon", "coordinates": [[[-73.33847, -43.630617], [-72.967521, -43.644117], [-72.94988, -43.374634], [-73.319192, -43.36126], [-73.33847, -43.630617]]]}, "properties": {"cell_id": "G30_0150_5160", "hs_mean": 0.8874, "hs_p90": 0.9093, "hs_sd": 0.0192, "coverage": 1.0, "data_status": "value"}}, {"type": "Feature", "geometry": {"type": "Polygon", "coordinates": [[[-72.967521, -43.644117], [-72.596325, -43.656416], [-72.580326, -43.386818], [-72.94988, -43.374634], [-72.967521, -43.644117]]]}, "properties": {"cell_id": "G30_0180_5160", "hs_mean": 0.8156, "hs_p90": 0.8662, "hs_sd": 0.0563, "coverage": 0.8028, "data_status": "value"}}, {"type": "Feature", "geometry": {"type": "Polygon", "coordinates": [[[-72.596325, -43.656416], [-72.224906, -43.66751], [-72.210551, -43.397809], [-72.580326, -43.386818], [-72.596325, -43.656416]]]}, "properties": {"cell_id": "G30_0210_5160", "hs_mean": 0.726, "hs_p90": 0.8299, "hs_sd": 0.0964, "coverage": 0.4931, "data_status": "value"}}, {"type": "Feature", "geometry": {"type": "Polygon", "coordinates": [[[-72.224906, -43.66751], [-71.853285, -43.677399], [-71.84058, -43.407606], [-72.210551, -43.397809], [-72.224906, -43.66751]]]}, "properties": {"cell_id": "G30_0240_5160", "hs_mean": 0.6109, "hs_p90": 0.7234, "hs_sd": 0.0939, "coverage": 1.0, "data_status": "value"}}, {"type": "Feature", "geometry": {"type": "Polygon", "coordinates": [[[-71.853285, -43.677399], [-71.481488, -43.686082], [-71.470433, -43.416208], [-71.84058, -43.407606], [-71.853285, -43.677399]]]}, "properties": {"cell_id": "G30_0270_5160", "hs_mean": 0.614, "hs_p90": 0.6971, "hs_sd": 0.0643, "coverage": 1.0, "data_status": "value"}}, {"type": "Feature", "geometry": {"type": "Polygon", "coordinates": [[[-74.425451, -43.314019], [-74.057, -43.33095], [-74.03477, -43.061855], [-74.401621, -43.045082], [-74.425451, -43.314019]]]}, "properties": {"cell_id": "G30_0060_5190", "hs_mean": 0.1814, "hs_p90": 0.1814, "hs_sd": 0.0, "coverage": 0.0085, "data_status": "value"}}, {"type": "Feature", "geometry": {"type": "Polygon", "coordinates": [[[-74.057, -43.33095], [-73.68824, -43.346698], [-73.667616, -43.077457], [-74.03477, -43.061855], [-74.057, -43.33095]]]}, "properties": {"cell_id": "G30_0090_5190", "hs_mean": 0.7205, "hs_p90": 0.7769, "hs_sd": 0.0386, "coverage": 0.6159, "data_status": "value"}}, {"type": "Feature", "geometry": {"type": "Polygon", "coordinates": [[[-73.68824, -43.346698], [-73.319192, -43.36126], [-73.300179, -43.091883], [-73.667616, -43.077457], [-73.68824, -43.346698]]]}, "properties": {"cell_id": "G30_0120_5190", "hs_mean": 0.7096, "hs_p90": 0.7655, "hs_sd": 0.0388, "coverage": 1.0, "data_status": "value"}}, {"type": "Feature", "geometry": {"type": "Polygon", "coordinates": [[[-73.319192, -43.36126], [-72.94988, -43.374634], [-72.932482, -43.105133], [-73.300179, -43.091883], [-73.319192, -43.36126]]]}, "properties": {"cell_id": "G30_0150_5190", "hs_mean": 0.8669, "hs_p90": 0.8794, "hs_sd": 0.0128, "coverage": 1.0, "data_status": "value"}}, {"type": "Feature", "geometry": {"type": "Polygon", "coordinates": [[[-72.94988, -43.374634], [-72.580326, -43.386818], [-72.564546, -43.117203], [-72.932482, -43.105133], [-72.94988, -43.374634]]]}, "properties": {"cell_id": "G30_0180_5190", "hs_mean": 0.8302, "hs_p90": 0.8961, "hs_sd": 0.0566, "coverage": 0.8955, "data_status": "value"}}, {"type": "Feature", "geometry": {"type": "Polygon", "coordinates": [[[-72.580326, -43.386818], [-72.210551, -43.397809], [-72.196394, -43.128092], [-72.564546, -43.117203], [-72.580326, -43.386818]]]}, "properties": {"cell_id": "G30_0210_5190", "hs_mean": 0.7613, "hs_p90": 0.8866, "hs_sd": 0.0778, "coverage": 0.3681, "data_status": "value"}}, {"type": "Feature", "geometry": {"type": "Polygon", "coordinates": [[[-72.210551, -43.397809], [-71.84058, -43.407606], [-71.828048, -43.137798], [-72.196394, -43.128092], [-72.210551, -43.397809]]]}, "properties": {"cell_id": "G30_0240_5190", "hs_mean": 0.6399, "hs_p90": 0.8537, "hs_sd": 0.1468, "coverage": 1.0, "data_status": "value"}}, {"type": "Feature", "geometry": {"type": "Polygon", "coordinates": [[[-71.84058, -43.407606], [-71.470433, -43.416208], [-71.45953, -43.146319], [-71.828048, -43.137798], [-71.84058, -43.407606]]]}, "properties": {"cell_id": "G30_0270_5190", "hs_mean": 0.4588, "hs_p90": 0.4603, "hs_sd": 0.0248, "coverage": 1.0, "data_status": "value"}}, {"type": "Feature", "geometry": {"type": "Polygon", "coordinates": [[[-74.401621, -43.045082], [-74.03477, -43.061855], [-74.012844, -42.792739], [-74.378115, -42.776122], [-74.401621, -43.045082]]]}, "properties": {"cell_id": "G30_0060_5220", "hs_mean": 0.5618, "hs_p90": 0.7234, "hs_sd": 0.155, "coverage": 0.9412, "data_status": "value"}}, {"type": "Feature", "geometry": {"type": "Polygon", "coordinates": [[[-74.03477, -43.061855], [-73.667616, -43.077457], [-73.647274, -42.808195], [-74.012844, -42.792739], [-74.03477, -43.061855]]]}, "properties": {"cell_id": "G30_0090_5220", "hs_mean": 0.7686, "hs_p90": 0.8299, "hs_sd": 0.0521, "coverage": 1.0, "data_status": "value"}}, {"type": "Feature", "geometry": {"type": "Polygon", "coordinates": [[[-73.667616, -43.077457], [-73.300179, -43.091883], [-73.281426, -42.822487], [-73.647274, -42.808195], [-73.667616, -43.077457]]]}, "properties": {"cell_id": "G30_0120_5220", "hs_mean": 0.8042, "hs_p90": 0.8878, "hs_sd": 0.0632, "coverage": 1.0, "data_status": "value"}}, {"type": "Feature", "geometry": {"type": "Polygon", "coordinates": [[[-72.932482, -43.105133], [-72.564546, -43.117203], [-72.548983, -42.847571], [-72.915322, -42.835613], [-72.932482, -43.105133]]]}, "properties": {"cell_id": "G30_0180_5220", "hs_mean": 0.8649, "hs_p90": 0.9048, "hs_sd": 0.0455, "coverage": 0.2959, "data_status": "value"}}, {"type": "Feature", "geometry": {"type": "Polygon", "coordinates": [[[-72.564546, -43.117203], [-72.196394, -43.128092], [-72.182432, -42.858358], [-72.548983, -42.847571], [-72.564546, -43.117203]]]}, "properties": {"cell_id": "G30_0210_5220", "hs_mean": 0.7673, "hs_p90": 0.8653, "hs_sd": 0.0881, "coverage": 0.7083, "data_status": "value"}}, {"type": "Feature", "geometry": {"type": "Polygon", "coordinates": [[[-72.196394, -43.128092], [-71.828048, -43.137798], [-71.815689, -42.867973], [-72.182432, -42.858358], [-72.196394, -43.128092]]]}, "properties": {"cell_id": "G30_0240_5220", "hs_mean": 0.7971, "hs_p90": 0.8821, "hs_sd": 0.0678, "coverage": 1.0, "data_status": "value"}}, {"type": "Feature", "geometry": {"type": "Polygon", "coordinates": [[[-74.378115, -42.776122], [-74.012844, -42.792739], [-73.991218, -42.523601], [-74.35493, -42.507138], [-74.378115, -42.776122]]]}, "properties": {"cell_id": "G30_0060_5250", "hs_mean": 0.3753, "hs_p90": 0.4744, "hs_sd": 0.0806, "coverage": 0.1509, "data_status": "value"}}, {"type": "Feature", "geometry": {"type": "Polygon", "coordinates": [[[-74.012844, -42.792739], [-73.647274, -42.808195], [-73.62721, -42.538913], [-73.991218, -42.523601], [-74.012844, -42.792739]]]}, "properties": {"cell_id": "G30_0090_5250", "hs_mean": 0.635, "hs_p90": 0.8109, "hs_sd": 0.1319, "coverage": 0.7143, "data_status": "value"}}, {"type": "Feature", "geometry": {"type": "Polygon", "coordinates": [[[-73.647274, -42.808195], [-73.281426, -42.822487], [-73.26293, -42.553072], [-73.62721, -42.538913], [-73.647274, -42.808195]]]}, "properties": {"cell_id": "G30_0120_5250", "hs_mean": 0.8427, "hs_p90": 0.9048, "hs_sd": 0.0554, "coverage": 0.9, "data_status": "value"}}, {"type": "Feature", "geometry": {"type": "Polygon", "coordinates": [[[-73.281426, -42.822487], [-72.915322, -42.835613], [-72.898397, -42.566075], [-73.26293, -42.553072], [-73.281426, -42.822487]]]}, "properties": {"cell_id": "G30_0150_5250", "hs_mean": 0.8588, "hs_p90": 0.8771, "hs_sd": 0.0187, "coverage": 1.0, "data_status": "value"}}, {"type": "Feature", "geometry": {"type": "Polygon", "coordinates": [[[-72.915322, -42.835613], [-72.548983, -42.847571], [-72.533633, -42.577922], [-72.898397, -42.566075], [-72.915322, -42.835613]]]}, "properties": {"cell_id": "G30_0180_5250", "hs_mean": 0.8998, "hs_p90": 0.9429, "hs_sd": 0.0264, "coverage": 0.1282, "data_status": "value"}}, {"type": "Feature", "geometry": {"type": "Polygon", "coordinates": [[[-72.548983, -42.847571], [-72.182432, -42.858358], [-72.16866, -42.588608], [-72.533633, -42.577922], [-72.548983, -42.847571]]]}, "properties": {"cell_id": "G30_0210_5250", "hs_mean": 0.7522, "hs_p90": 0.9002, "hs_sd": 0.1188, "coverage": 0.7917, "data_status": "value"}}, {"type": "Feature", "geometry": {"type": "Polygon", "coordinates": [[[-72.182432, -42.858358], [-71.815689, -42.867973], [-71.8035, -42.598133], [-72.16866, -42.588608], [-72.182432, -42.858358]]]}, "properties": {"cell_id": "G30_0240_5250", "hs_mean": 0.6865, "hs_p90": 0.7166, "hs_sd": 0.0305, "coverage": 1.0, "data_status": "value"}}, {"type": "Feature", "geometry": {"type": "Polygon", "coordinates": [[[-74.35493, -42.507138], [-73.991218, -42.523601], [-73.969885, -42.254441], [-74.332061, -42.238132], [-74.35493, -42.507138]]]}, "properties": {"cell_id": "G30_0060_5280", "hs_mean": 0.221, "hs_p90": 0.3147, "hs_sd": 0.0588, "coverage": 0.1781, "data_status": "value"}}, {"type": "Feature", "geometry": {"type": "Polygon", "coordinates": [[[-73.991218, -42.523601], [-73.62721, -42.538913], [-73.60742, -42.269611], [-73.969885, -42.254441], [-73.991218, -42.523601]]]}, "properties": {"cell_id": "G30_0090_5280", "hs_mean": 0.7221, "hs_p90": 0.8553, "hs_sd": 0.1193, "coverage": 0.5926, "data_status": "value"}}, {"type": "Feature", "geometry": {"type": "Polygon", "coordinates": [[[-73.62721, -42.538913], [-73.26293, -42.553072], [-73.244685, -42.283637], [-73.60742, -42.269611], [-73.62721, -42.538913]]]}, "properties": {"cell_id": "G30_0120_5280", "hs_mean": 0.8349, "hs_p90": 0.8821, "hs_sd": 0.0422, "coverage": 1.0, "data_status": "value"}}, {"type": "Feature", "geometry": {"type": "Polygon", "coordinates": [[[-73.26293, -42.553072], [-72.898397, -42.566075], [-72.881703, -42.29652], [-73.244685, -42.283637], [-73.26293, -42.553072]]]}, "properties": {"cell_id": "G30_0150_5280", "hs_mean": null, "hs_p90": null, "hs_sd": null, "coverage": 0.0, "data_status": "no_data_from_figure"}}, {"type": "Feature", "geometry": {"type": "Polygon", "coordinates": [[[-72.898397, -42.566075], [-72.533633, -42.577922], [-72.518493, -42.308255], [-72.881703, -42.29652], [-72.898397, -42.566075]]]}, "properties": {"cell_id": "G30_0180_5280", "hs_mean": 0.8982, "hs_p90": 0.9184, "hs_sd": 0.0212, "coverage": 0.869, "data_status": "value"}}, {"type": "Feature", "geometry": {"type": "Polygon", "coordinates": [[[-72.533633, -42.577922], [-72.16866, -42.588608], [-72.155077, -42.318842], [-72.518493, -42.308255], [-72.533633, -42.577922]]]}, "properties": {"cell_id": "G30_0210_5280", "hs_mean": 0.8325, "hs_p90": 0.9093, "hs_sd": 0.0887, "coverage": 1.0, "data_status": "value"}}, {"type": "Feature", "geometry": {"type": "Polygon", "coordinates": [[[-72.16866, -42.588608], [-71.8035, -42.598133], [-71.791476, -42.328278], [-72.155077, -42.318842], [-72.16866, -42.588608]]]}, "properties": {"cell_id": "G30_0240_5280", "hs_mean": 0.7755, "hs_p90": 0.8585, "hs_sd": 0.0691, "coverage": 1.0, "data_status": "value"}}, {"type": "Feature", "geometry": {"type": "Polygon", "coordinates": [[[-74.332061, -42.238132], [-73.969885, -42.254441], [-73.948843, -41.985261], [-74.309502, -41.969104], [-74.332061, -42.238132]]]}, "properties": {"cell_id": "G30_0060_5310", "hs_mean": 0.3503, "hs_p90": 0.4399, "hs_sd": 0.0681, "coverage": 0.1364, "data_status": "value"}}, {"type": "Feature", "geometry": {"type": "Polygon", "coordinates": [[[-73.969885, -42.254441], [-73.60742, -42.269611], [-73.587898, -42.000288], [-73.948843, -41.985261], [-73.969885, -42.254441]]]}, "properties": {"cell_id": "G30_0090_5310", "hs_mean": 0.6087, "hs_p90": 0.8272, "hs_sd": 0.1584, "coverage": 0.5139, "data_status": "value"}}, {"type": "Feature", "geometry": {"type": "Polygon", "coordinates": [[[-73.60742, -42.269611], [-73.244685, -42.283637], [-73.226689, -42.014184], [-73.587898, -42.000288], [-73.60742, -42.269611]]]}, "properties": {"cell_id": "G30_0120_5310", "hs_mean": 0.8323, "hs_p90": 0.8912, "hs_sd": 0.0411, "coverage": 0.8133, "data_status": "value"}}, {"type": "Feature", "geometry": {"type": "Polygon", "coordinates": [[[-73.244685, -42.283637], [-72.881703, -42.29652], [-72.865235, -42.026946], [-73.226689, -42.014184], [-73.244685, -42.283637]]]}, "properties": {"cell_id": "G30_0150_5310", "hs_mean": null, "hs_p90": null, "hs_sd": null, "coverage": 0.0, "data_status": "no_data_from_figure"}}, {"type": "Feature", "geometry": {"type": "Polygon", "coordinates": [[[-72.881703, -42.29652], [-72.518493, -42.308255], [-72.503558, -42.038571], [-72.865235, -42.026946], [-72.881703, -42.29652]]]}, "properties": {"cell_id": "G30_0180_5310", "hs_mean": 0.8477, "hs_p90": 0.8753, "hs_sd": 0.0172, "coverage": 1.0, "data_status": "value"}}, {"type": "Feature", "geometry": {"type": "Polygon", "coordinates": [[[-72.518493, -42.308255], [-72.155077, -42.318842], [-72.141678, -42.049059], [-72.503558, -42.038571], [-72.518493, -42.308255]]]}, "properties": {"cell_id": "G30_0210_5310", "hs_mean": 0.8099, "hs_p90": 0.8685, "hs_sd": 0.0454, "coverage": 1.0, "data_status": "value"}}, {"type": "Feature", "geometry": {"type": "Polygon", "coordinates": [[[-72.155077, -42.318842], [-71.791476, -42.328278], [-71.779617, -42.058407], [-72.141678, -42.049059], [-72.155077, -42.318842]]]}, "properties": {"cell_id": "G30_0240_5310", "hs_mean": 0.7971, "hs_p90": 0.8295, "hs_sd": 0.0289, "coverage": 1.0, "data_status": "value"}}, {"type": "Feature", "geometry": {"type": "Polygon", "coordinates": [[[-71.791476, -42.328278], [-71.427711, -42.336562], [-71.417393, -42.066614], [-71.779617, -42.058407], [-71.791476, -42.328278]]]}, "properties": {"cell_id": "G30_0270_5310", "hs_mean": 0.8192, "hs_p90": 0.8506, "hs_sd": 0.0287, "coverage": 1.0, "data_status": "value"}}, {"type": "Feature", "geometry": {"type": "Polygon", "coordinates": [[[-74.309502, -41.969104], [-73.948843, -41.985261], [-73.928085, -41.716059], [-74.287249, -41.700053], [-74.309502, -41.969104]]]}, "properties": {"cell_id": "G30_0060_5340", "hs_mean": 0.5329, "hs_p90": 0.5329, "hs_sd": 0.0, "coverage": 0.0435, "data_status": "value"}}, {"type": "Feature", "geometry": {"type": "Polygon", "coordinates": [[[-73.948843, -41.985261], [-73.587898, -42.000288], [-73.568641, -41.730946], [-73.928085, -41.716059], [-73.948843, -41.985261]]]}, "properties": {"cell_id": "G30_0090_5340", "hs_mean": 0.4616, "hs_p90": 0.5905, "hs_sd": 0.1222, "coverage": 0.3068, "data_status": "value"}}, {"type": "Feature", "geometry": {"type": "Polygon", "coordinates": [[[-73.587898, -42.000288], [-73.226689, -42.014184], [-73.208937, -41.744712], [-73.568641, -41.730946], [-73.587898, -42.000288]]]}, "properties": {"cell_id": "G30_0120_5340", "hs_mean": 0.792, "hs_p90": 0.8113, "hs_sd": 0.0153, "coverage": 0.1707, "data_status": "value"}}, {"type": "Feature", "geometry": {"type": "Polygon", "coordinates": [[[-73.226689, -42.014184], [-72.865235, -42.026946], [-72.848992, -41.757354], [-73.208937, -41.744712], [-73.226689, -42.014184]]]}, "properties": {"cell_id": "G30_0150_5340", "hs_mean": 0.8828, "hs_p90": 0.8866, "hs_sd": 0.0066, "coverage": 0.3529, "data_status": "value"}}, {"type": "Feature", "geometry": {"type": "Polygon", "coordinates": [[[-72.865235, -42.026946], [-72.503558, -42.038571], [-72.488827, -41.768871], [-72.848992, -41.757354], [-72.865235, -42.026946]]]}, "properties": {"cell_id": "G30_0180_5340", "hs_mean": 0.9207, "hs_p90": 0.9546, "hs_sd": 0.0298, "coverage": 1.0, "data_status": "value"}}, {"type": "Feature", "geometry": {"type": "Polygon", "coordinates": [[[-72.503558, -42.038571], [-72.141678, -42.049059], [-72.128462, -41.77926], [-72.488827, -41.768871], [-72.503558, -42.038571]]]}, "properties": {"cell_id": "G30_0210_5340", "hs_mean": 0.8759, "hs_p90": 0.9324, "hs_sd": 0.056, "coverage": 1.0, "data_status": "value"}}, {"type": "Feature", "geometry": {"type": "Polygon", "coordinates": [[[-72.141678, -42.049059], [-71.779617, -42.058407], [-71.767918, -41.78852], [-72.128462, -41.77926], [-72.141678, -42.049059]]]}, "properties": {"cell_id": "G30_0240_5340", "hs_mean": 0.8609, "hs_p90": 0.9184, "hs_sd": 0.0497, "coverage": 1.0, "data_status": "value"}}, {"type": "Feature", "geometry": {"type": "Polygon", "coordinates": [[[-71.779617, -42.058407], [-71.417393, -42.066614], [-71.407216, -41.79665], [-71.767918, -41.78852], [-71.779617, -42.058407]]]}, "properties": {"cell_id": "G30_0270_5340", "hs_mean": 0.8679, "hs_p90": 0.8948, "hs_sd": 0.0263, "coverage": 1.0, "data_status": "value"}}, {"type": "Feature", "geometry": {"type": "Polygon", "coordinates": [[[-73.928085, -41.716059], [-73.568641, -41.730946], [-73.549645, -41.461584], [-73.907609, -41.446836], [-73.928085, -41.716059]]]}, "properties": {"cell_id": "G30_0090_5370", "hs_mean": 0.39, "hs_p90": 0.463, "hs_sd": 0.075, "coverage": 0.0448, "data_status": "value"}}, {"type": "Feature", "geometry": {"type": "Polygon", "coordinates": [[[-73.568641, -41.730946], [-73.208937, -41.744712], [-73.191425, -41.47522], [-73.549645, -41.461584], [-73.568641, -41.730946]]]}, "properties": {"cell_id": "G30_0120_5370", "hs_mean": 0.8292, "hs_p90": 0.8866, "hs_sd": 0.0421, "coverage": 0.5804, "data_status": "value"}}, {"type": "Feature", "geometry": {"type": "Polygon", "coordinates": [[[-73.208937, -41.744712], [-72.848992, -41.757354], [-72.832968, -41.487744], [-73.191425, -41.47522], [-73.208937, -41.744712]]]}, "properties": {"cell_id": "G30_0150_5370", "hs_mean": 0.924, "hs_p90": 0.9451, "hs_sd": 0.0169, "coverage": 0.4091, "data_status": "value"}}, {"type": "Feature", "geometry": {"type": "Polygon", "coordinates": [[[-72.848992, -41.757354], [-72.488827, -41.768871], [-72.474295, -41.499153], [-72.832968, -41.487744], [-72.848992, -41.757354]]]}, "properties": {"cell_id": "G30_0180_5370", "hs_mean": 0.9534, "hs_p90": 0.9662, "hs_sd": 0.0077, "coverage": 0.3659, "data_status": "value"}}, {"type": "Feature", "geometry": {"type": "Polygon", "coordinates": [[[-72.488827, -41.768871], [-72.128462, -41.77926], [-72.115425, -41.509445], [-72.474295, -41.499153], [-72.488827, -41.768871]]]}, "properties": {"cell_id": "G30_0210_5370", "hs_mean": 0.95, "hs_p90": 0.9637, "hs_sd": 0.013, "coverage": 1.0, "data_status": "value"}}, {"type": "Feature", "geometry": {"type": "Polygon", "coordinates": [[[-72.128462, -41.77926], [-71.767918, -41.78852], [-71.756378, -41.518619], [-72.115425, -41.509445], [-72.128462, -41.77926]]]}, "properties": {"cell_id": "G30_0240_5370", "hs_mean": 0.8207, "hs_p90": 0.9116, "hs_sd": 0.083, "coverage": 1.0, "data_status": "value"}}, {"type": "Feature", "geometry": {"type": "Polygon", "coordinates": [[[-73.907609, -41.446836], [-73.549645, -41.461584], [-73.530906, -41.192202], [-73.887409, -41.177592], [-73.907609, -41.446836]]]}, "properties": {"cell_id": "G30_0090_5400", "hs_mean": 0.6526, "hs_p90": 0.7719, "hs_sd": 0.0986, "coverage": 0.536, "data_status": "value"}}, {"type": "Feature", "geometry": {"type": "Polygon", "coordinates": [[[-73.549645, -41.461584], [-73.191425, -41.47522], [-73.17415, -41.205711], [-73.530906, -41.192202], [-73.549645, -41.461584]]]}, "properties": {"cell_id": "G30_0120_5400", "hs_mean": 0.7937, "hs_p90": 0.8594, "hs_sd": 0.0393, "coverage": 0.9444, "data_status": "value"}}, {"type": "Feature", "geometry": {"type": "Polygon", "coordinates": [[[-73.191425, -41.47522], [-72.832968, -41.487744], [-72.817161, -41.218117], [-73.17415, -41.205711], [-73.191425, -41.47522]]]}, "properties": {"cell_id": "G30_0150_5400", "hs_mean": 0.8896, "hs_p90": 0.9229, "hs_sd": 0.0351, "coverage": 0.9931, "data_status": "value"}}, {"type": "Feature", "geometry": {"type": "Polygon", "coordinates": [[[-72.832968, -41.487744], [-72.474295, -41.499153], [-72.459959, -41.229419], [-72.817161, -41.218117], [-72.832968, -41.487744]]]}, "properties": {"cell_id": "G30_0180_5400", "hs_mean": 0.9019, "hs_p90": 0.958, "hs_sd": 0.0384, "coverage": 0.375, "data_status": "value"}}, {"type": "Feature", "geometry": {"type": "Polygon", "coordinates": [[[-72.474295, -41.499153], [-72.115425, -41.509445], [-72.102564, -41.239614], [-72.459959, -41.229419], [-72.474295, -41.499153]]]}, "properties": {"cell_id": "G30_0210_5400", "hs_mean": 0.9148, "hs_p90": 0.9524, "hs_sd": 0.035, "coverage": 1.0, "data_status": "value"}}, {"type": "Feature", "geometry": {"type": "Polygon", "coordinates": [[[-72.115425, -41.509445], [-71.756378, -41.518619], [-71.744995, -41.248702], [-72.102564, -41.239614], [-72.115425, -41.509445]]]}, "properties": {"cell_id": "G30_0240_5400", "hs_mean": 0.8546, "hs_p90": 0.8912, "hs_sd": 0.034, "coverage": 1.0, "data_status": "value"}}, {"type": "Feature", "geometry": {"type": "Polygon", "coordinates": [[[-74.243639, -41.161884], [-73.887409, -41.177592], [-73.86748, -40.908328], [-74.222274, -40.892767], [-74.243639, -41.161884]]]}, "properties": {"cell_id": "G30_0060_5430", "hs_mean": 0.4335, "hs_p90": 0.4757, "hs_sd": 0.0333, "coverage": 0.8125, "data_status": "value"}}, {"type": "Feature", "geometry": {"type": "Polygon", "coordinates": [[[-73.887409, -41.177592], [-73.530906, -41.192202], [-73.512418, -40.9228], [-73.86748, -40.908328], [-73.887409, -41.177592]]]}, "properties": {"cell_id": "G30_0090_5430", "hs_mean": 0.4953, "hs_p90": 0.5896, "hs_sd": 0.0846, "coverage": 0.6783, "data_status": "value"}}, {"type": "Feature", "geometry": {"type": "Polygon", "coordinates": [[[-73.530906, -41.192202], [-73.17415, -41.205711], [-73.157108, -40.936182], [-73.512418, -40.9228], [-73.530906, -41.192202]]]}, "properties": {"cell_id": "G30_0120_5430", "hs_mean": 0.7624, "hs_p90": 0.8209, "hs_sd": 0.0599, "coverage": 0.5417, "data_status": "value"}}, {"type": "Feature", "geometry": {"type": "Polygon", "coordinates": [[[-73.17415, -41.205711], [-72.817161, -41.218117], [-72.801568, -40.948472], [-73.157108, -40.936182], [-73.17415, -41.205711]]]}, "properties": {"cell_id": "G30_0150_5430", "hs_mean": 0.6817, "hs_p90": 0.8209, "hs_sd": 0.1067, "coverage": 0.7014, "data_status": "value"}}, {"type": "Feature", "geometry": {"type": "Polygon", "coordinates": [[[-72.817161, -41.218117], [-72.459959, -41.229419], [-72.445818, -40.959668], [-72.801568, -40.948472], [-72.817161, -41.218117]]]}, "properties": {"cell_id": "G30_0180_5430", "hs_mean": 0.8679, "hs_p90": 0.8866, "hs_sd": 0.0253, "coverage": 0.6667, "data_status": "value"}}, {"type": "Feature", "geometry": {"type": "Polygon", "coordinates": [[[-72.459959, -41.229419], [-72.102564, -41.239614], [-72.089877, -40.969767], [-72.445818, -40.959668], [-72.459959, -41.229419]]]}, "properties": {"cell_id": "G30_0210_5430", "hs_mean": 0.8402, "hs_p90": 0.8685, "hs_sd": 0.0244, "coverage": 1.0, "data_status": "value"}}, {"type": "Feature", "geometry": {"type": "Polygon", "coordinates": [[[-72.102564, -41.239614], [-71.744995, -41.248702], [-71.733766, -40.978769], [-72.089877, -40.969767], [-72.102564, -41.239614]]]}, "properties": {"cell_id": "G30_0240_5430", "hs_mean": 0.762, "hs_p90": 0.7932, "hs_sd": 0.0286, "coverage": 1.0, "data_status": "value"}}, {"type": "Feature", "geometry": {"type": "Polygon", "coordinates": [[[-73.86748, -40.908328], [-73.512418, -40.9228], [-73.49418, -40.653379], [-73.84782, -40.639043], [-73.86748, -40.908328]]]}, "properties": {"cell_id": "G30_0090_5460", "hs_mean": 0.639, "hs_p90": 0.7256, "hs_sd": 0.0645, "coverage": 0.9424, "data_status": "value"}}, {"type": "Feature", "geometry": {"type": "Polygon", "coordinates": [[[-73.512418, -40.9228], [-73.157108, -40.936182], [-73.140295, -40.666635], [-73.49418, -40.653379], [-73.512418, -40.9228]]]}, "properties": {"cell_id": "G30_0120_5460", "hs_mean": 0.6486, "hs_p90": 0.6857, "hs_sd": 0.0341, "coverage": 0.8611, "data_status": "value"}}, {"type": "Feature", "geometry": {"type": "Polygon", "coordinates": [[[-73.157108, -40.936182], [-72.801568, -40.948472], [-72.786184, -40.67881], [-73.140295, -40.666635], [-73.157108, -40.936182]]]}, "properties": {"cell_id": "G30_0150_5460", "hs_mean": 0.6733, "hs_p90": 0.8866, "hs_sd": 0.1467, "coverage": 0.4653, "data_status": "value"}}, {"type": "Feature", "geometry": {"type": "Polygon", "coordinates": [[[-72.801568, -40.948472], [-72.445818, -40.959668], [-72.431866, -40.6899], [-72.786184, -40.67881], [-72.801568, -40.948472]]]}, "properties": {"cell_id": "G30_0180_5460", "hs_mean": 0.7563, "hs_p90": 0.8209, "hs_sd": 0.0631, "coverage": 0.8542, "data_status": "value"}}, {"type": "Feature", "geometry": {"type": "Polygon", "coordinates": [[[-72.445818, -40.959668], [-72.089877, -40.969767], [-72.077361, -40.699905], [-72.431866, -40.6899], [-72.445818, -40.959668]]]}, "properties": {"cell_id": "G30_0210_5460", "hs_mean": 0.8456, "hs_p90": 0.8868, "hs_sd": 0.0353, "coverage": 1.0, "data_status": "value"}}, {"type": "Feature", "geometry": {"type": "Polygon", "coordinates": [[[-72.089877, -40.969767], [-71.733766, -40.978769], [-71.722687, -40.708822], [-72.077361, -40.699905], [-72.089877, -40.969767]]]}, "properties": {"cell_id": "G30_0240_5460", "hs_mean": 0.757, "hs_p90": 0.8231, "hs_sd": 0.0459, "coverage": 1.0, "data_status": "value"}}, {"type": "Feature", "geometry": {"type": "Polygon", "coordinates": [[[-73.84782, -40.639043], [-73.49418, -40.653379], [-73.476187, -40.383939], [-73.828424, -40.369737], [-73.84782, -40.639043]]]}, "properties": {"cell_id": "G30_0090_5490", "hs_mean": 0.5339, "hs_p90": 0.6553, "hs_sd": 0.1202, "coverage": 1.0, "data_status": "value"}}, {"type": "Feature", "geometry": {"type": "Polygon", "coordinates": [[[-73.49418, -40.653379], [-73.140295, -40.666635], [-73.123708, -40.39707], [-73.476187, -40.383939], [-73.49418, -40.653379]]]}, "properties": {"cell_id": "G30_0120_5490", "hs_mean": 0.6236, "hs_p90": 0.6735, "hs_sd": 0.0381, "coverage": 1.0, "data_status": "value"}}, {"type": "Feature", "geometry": {"type": "Polygon", "coordinates": [[[-73.140295, -40.666635], [-72.786184, -40.67881], [-72.771007, -40.40913], [-73.123708, -40.39707], [-73.140295, -40.666635]]]}, "properties": {"cell_id": "G30_0150_5490", "hs_mean": 0.7499, "hs_p90": 0.9116, "hs_sd": 0.1568, "coverage": 0.3889, "data_status": "value"}}, {"type": "Feature", "geometry": {"type": "Polygon", "coordinates": [[[-72.786184, -40.67881], [-72.431866, -40.6899], [-72.418103, -40.420116], [-72.771007, -40.40913], [-72.786184, -40.67881]]]}, "properties": {"cell_id": "G30_0180_5490", "hs_mean": 0.7697, "hs_p90": 0.8503, "hs_sd": 0.0553, "coverage": 0.9167, "data_status": "value"}}, {"type": "Feature", "geometry": {"type": "Polygon", "coordinates": [[[-72.431866, -40.6899], [-72.077361, -40.699905], [-72.065014, -40.430026], [-72.418103, -40.420116], [-72.431866, -40.6899]]]}, "properties": {"cell_id": "G30_0210_5490", "hs_mean": 0.7912, "hs_p90": 0.8821, "hs_sd": 0.0923, "coverage": 1.0, "data_status": "value"}}, {"type": "Feature", "geometry": {"type": "Polygon", "coordinates": [[[-72.077361, -40.699905], [-71.722687, -40.708822], [-71.711758, -40.438859], [-72.065014, -40.430026], [-72.077361, -40.699905]]]}, "properties": {"cell_id": "G30_0240_5490", "hs_mean": 0.692, "hs_p90": 0.8408, "hs_sd": 0.1164, "coverage": 1.0, "data_status": "value"}}, {"type": "Feature", "geometry": {"type": "Polygon", "coordinates": [[[-73.828424, -40.369737], [-73.476187, -40.383939], [-73.458435, -40.114479], [-73.809288, -40.100412], [-73.828424, -40.369737]]]}, "properties": {"cell_id": "G30_0090_5520", "hs_mean": 0.4575, "hs_p90": 0.6508, "hs_sd": 0.1644, "coverage": 1.0, "data_status": "value"}}, {"type": "Feature", "geometry": {"type": "Polygon", "coordinates": [[[-73.476187, -40.383939], [-73.123708, -40.39707], [-73.107344, -40.127487], [-73.458435, -40.114479], [-73.476187, -40.383939]]]}, "properties": {"cell_id": "G30_0120_5520", "hs_mean": 0.6044, "hs_p90": 0.7023, "hs_sd": 0.079, "coverage": 1.0, "data_status": "value"}}, {"type": "Feature", "geometry": {"type": "Polygon", "coordinates": [[[-73.123708, -40.39707], [-72.771007, -40.40913], [-72.756034, -40.139433], [-73.107344, -40.127487], [-73.123708, -40.39707]]]}, "properties": {"cell_id": "G30_0150_5520", "hs_mean": 0.468, "hs_p90": 0.6304, "hs_sd": 0.1355, "coverage": 0.3472, "data_status": "value"}}, {"type": "Feature", "geometry": {"type": "Polygon", "coordinates": [[[-72.771007, -40.40913], [-72.418103, -40.420116], [-72.404524, -40.150315], [-72.756034, -40.139433], [-72.771007, -40.40913]]]}, "properties": {"cell_id": "G30_0180_5520", "hs_mean": 0.7282, "hs_p90": 0.7998, "hs_sd": 0.0654, "coverage": 1.0, "data_status": "value"}}, {"type": "Feature", "geometry": {"type": "Polygon", "coordinates": [[[-72.418103, -40.420116], [-72.065014, -40.430026], [-72.052832, -40.160132], [-72.404524, -40.150315], [-72.418103, -40.420116]]]}, "properties": {"cell_id": "G30_0210_5520", "hs_mean": 0.8133, "hs_p90": 0.8594, "hs_sd": 0.029, "coverage": 1.0, "data_status": "value"}}, {"type": "Feature", "geometry": {"type": "Polygon", "coordinates": [[[-72.065014, -40.430026], [-71.711758, -40.438859], [-71.700976, -40.168881], [-72.052832, -40.160132], [-72.065014, -40.430026]]]}, "properties": {"cell_id": "G30_0240_5520", "hs_mean": 0.7716, "hs_p90": 0.805, "hs_sd": 0.0418, "coverage": 1.0, "data_status": "value"}}, {"type": "Feature", "geometry": {"type": "Polygon", "coordinates": [[[-71.711758, -40.438859], [-71.358356, -40.446614], [-71.348976, -40.176563], [-71.700976, -40.168881], [-71.711758, -40.438859]]]}, "properties": {"cell_id": "G30_0270_5520", "hs_mean": 0.643, "hs_p90": 0.6562, "hs_sd": 0.0095, "coverage": 1.0, "data_status": "value"}}, {"type": "Feature", "geometry": {"type": "Polygon", "coordinates": [[[-73.809288, -40.100412], [-73.458435, -40.114479], [-73.44092, -39.845001], [-73.790407, -39.831066], [-73.809288, -40.100412]]]}, "properties": {"cell_id": "G30_0090_5550", "hs_mean": 0.6329, "hs_p90": 0.7891, "hs_sd": 0.115, "coverage": 1.0, "data_status": "value"}}, {"type": "Feature", "geometry": {"type": "Polygon", "coordinates": [[[-73.458435, -40.114479], [-73.107344, -40.127487], [-73.091199, -39.857886], [-73.44092, -39.845001], [-73.458435, -40.114479]]]}, "properties": {"cell_id": "G30_0120_5550", "hs_mean": 0.6712, "hs_p90": 0.7732, "hs_sd": 0.0737, "coverage": 1.0, "data_status": "value"}}, {"type": "Feature", "geometry": {"type": "Polygon", "coordinates": [[[-73.107344, -40.127487], [-72.756034, -40.139433], [-72.741262, -39.869719], [-73.091199, -39.857886], [-73.107344, -40.127487]]]}, "properties": {"cell_id": "G30_0150_5550", "hs_mean": 0.625, "hs_p90": 0.7551, "hs_sd": 0.1264, "coverage": 0.4236, "data_status": "value"}}, {"type": "Feature", "geometry": {"type": "Polygon", "coordinates": [[[-72.756034, -40.139433], [-72.404524, -40.150315], [-72.391127, -39.880498], [-72.741262, -39.869719], [-72.756034, -40.139433]]]}, "properties": {"cell_id": "G30_0180_5550", "hs_mean": 0.6911, "hs_p90": 0.7732, "hs_sd": 0.0586, "coverage": 0.7569, "data_status": "value"}}, {"type": "Feature", "geometry": {"type": "Polygon", "coordinates": [[[-72.404524, -40.150315], [-72.052832, -40.160132], [-72.040813, -39.890222], [-72.391127, -39.880498], [-72.404524, -40.150315]]]}, "properties": {"cell_id": "G30_0210_5550", "hs_mean": 0.7807, "hs_p90": 0.8231, "hs_sd": 0.0399, "coverage": 1.0, "data_status": "value"}}, {"type": "Feature", "geometry": {"type": "Polygon", "coordinates": [[[-72.052832, -40.160132], [-71.700976, -40.168881], [-71.690339, -39.898889], [-72.040813, -39.890222], [-72.052832, -40.160132]]]}, "properties": {"cell_id": "G30_0240_5550", "hs_mean": 0.7703, "hs_p90": 0.8048, "hs_sd": 0.0303, "coverage": 1.0, "data_status": "value"}}, {"type": "Feature", "geometry": {"type": "Polygon", "coordinates": [[[-71.700976, -40.168881], [-71.348976, -40.176563], [-71.339721, -39.906497], [-71.690339, -39.898889], [-71.700976, -40.168881]]]}, "properties": {"cell_id": "G30_0270_5550", "hs_mean": 0.6045, "hs_p90": 0.7016, "hs_sd": 0.0708, "coverage": 1.0, "data_status": "value"}}, {"type": "Feature", "geometry": {"type": "Polygon", "coordinates": [[[-73.44092, -39.845001], [-73.091199, -39.857886], [-73.07527, -39.588266], [-73.42364, -39.575504], [-73.44092, -39.845001]]]}, "properties": {"cell_id": "G30_0120_5580", "hs_mean": 0.7001, "hs_p90": 0.7866, "hs_sd": 0.0808, "coverage": 1.0, "data_status": "value"}}, {"type": "Feature", "geometry": {"type": "Polygon", "coordinates": [[[-73.091199, -39.857886], [-72.741262, -39.869719], [-72.726687, -39.599987], [-73.07527, -39.588266], [-73.091199, -39.857886]]]}, "properties": {"cell_id": "G30_0150_5580", "hs_mean": 0.7835, "hs_p90": 0.8583, "hs_sd": 0.0642, "coverage": 0.3889, "data_status": "value"}}, {"type": "Feature", "geometry": {"type": "Polygon", "coordinates": [[[-72.741262, -39.869719], [-72.391127, -39.880498], [-72.37791, -39.610664], [-72.726687, -39.599987], [-72.741262, -39.869719]]]}, "properties": {"cell_id": "G30_0180_5580", "hs_mean": 0.6955, "hs_p90": 0.746, "hs_sd": 0.0536, "coverage": 0.6319, "data_status": "value"}}, {"type": "Feature", "geometry": {"type": "Polygon", "coordinates": [[[-72.391127, -39.880498], [-72.040813, -39.890222], [-72.028956, -39.620296], [-72.37791, -39.610664], [-72.391127, -39.880498]]]}, "properties": {"cell_id": "G30_0210_5580", "hs_mean": 0.7658, "hs_p90": 0.8503, "hs_sd": 0.0566, "coverage": 1.0, "data_status": "value"}}, {"type": "Feature", "geometry": {"type": "Polygon", "coordinates": [[[-72.040813, -39.890222], [-71.690339, -39.898889], [-71.679844, -39.628881], [-72.028956, -39.620296], [-72.040813, -39.890222]]]}, "properties": {"cell_id": "G30_0240_5580", "hs_mean": 0.74, "hs_p90": 0.8299, "hs_sd": 0.0967, "coverage": 1.0, "data_status": "value"}}, {"type": "Feature", "geometry": {"type": "Polygon", "coordinates": [[[-71.690339, -39.898889], [-71.339721, -39.906497], [-71.330591, -39.636418], [-71.679844, -39.628881], [-71.690339, -39.898889]]]}, "properties": {"cell_id": "G30_0270_5580", "hs_mean": 0.5057, "hs_p90": 0.5528, "hs_sd": 0.0513, "coverage": 1.0, "data_status": "value"}}, {"type": "Feature", "geometry": {"type": "Polygon", "coordinates": [[[-73.42364, -39.575504], [-73.07527, -39.588266], [-73.059553, -39.318629], [-73.40659, -39.305987], [-73.42364, -39.575504]]]}, "properties": {"cell_id": "G30_0120_5610", "hs_mean": 0.7331, "hs_p90": 0.8218, "hs_sd": 0.0691, "coverage": 1.0, "data_status": "value"}}, {"type": "Feature", "geometry": {"type": "Polygon", "coordinates": [[[-73.07527, -39.588266], [-72.726687, -39.599987], [-72.712307, -39.330239], [-73.059553, -39.318629], [-73.07527, -39.588266]]]}, "properties": {"cell_id": "G30_0150_5610", "hs_mean": 0.5937, "hs_p90": 0.6825, "hs_sd": 0.081, "coverage": 0.8403, "data_status": "value"}}, {"type": "Feature", "geometry": {"type": "Polygon", "coordinates": [[[-72.726687, -39.599987], [-72.37791, -39.610664], [-72.364869, -39.340815], [-72.712307, -39.330239], [-72.726687, -39.599987]]]}, "properties": {"cell_id": "G30_0180_5610", "hs_mean": 0.6653, "hs_p90": 0.7247, "hs_sd": 0.0888, "coverage": 0.3819, "data_status": "value"}}, {"type": "Feature", "geometry": {"type": "Polygon", "coordinates": [[[-72.37791, -39.610664], [-72.028956, -39.620296], [-72.017257, -39.350355], [-72.364869, -39.340815], [-72.37791, -39.610664]]]}, "properties": {"cell_id": "G30_0210_5610", "hs_mean": 0.6839, "hs_p90": 0.7279, "hs_sd": 0.049, "coverage": 1.0, "data_status": "value"}}, {"type": "Feature", "geometry": {"type": "Polygon", "coordinates": [[[-72.028956, -39.620296], [-71.679844, -39.628881], [-71.669489, -39.358858], [-72.017257, -39.350355], [-72.028956, -39.620296]]]}, "properties": {"cell_id": "G30_0240_5610", "hs_mean": 0.4202, "hs_p90": 0.5465, "hs_sd": 0.0728, "coverage": 1.0, "data_status": "value"}}, {"type": "Feature", "geometry": {"type": "Polygon", "coordinates": [[[-71.679844, -39.628881], [-71.330591, -39.636418], [-71.321583, -39.366324], [-71.669489, -39.358858], [-71.679844, -39.628881]]]}, "properties": {"cell_id": "G30_0270_5610", "hs_mean": 0.4039, "hs_p90": 0.4354, "hs_sd": 0.0233, "coverage": 1.0, "data_status": "value"}}, {"type": "Feature", "geometry": {"type": "Polygon", "coordinates": [[[-73.40659, -39.305987], [-73.059553, -39.318629], [-73.044046, -39.048974], [-73.389767, -39.036453], [-73.40659, -39.305987]]]}, "properties": {"cell_id": "G30_0120_5640", "hs_mean": 0.6793, "hs_p90": 0.844, "hs_sd": 0.0954, "coverage": 1.0, "data_status": "value"}}, {"type": "Feature", "geometry": {"type": "Polygon", "coordinates": [[[-73.059553, -39.318629], [-72.712307, -39.330239], [-72.698119, -39.060474], [-73.044046, -39.048974], [-73.059553, -39.318629]]]}, "properties": {"cell_id": "G30_0150_5640", "hs_mean": 0.6938, "hs_p90": 0.7698, "hs_sd": 0.0535, "coverage": 0.6806, "data_status": "value"}}, {"type": "Feature", "geometry": {"type": "Polygon", "coordinates": [[[-72.712307, -39.330239], [-72.364869, -39.340815], [-72.352002, -39.070949], [-72.698119, -39.060474], [-72.712307, -39.330239]]]}, "properties": {"cell_id": "G30_0180_5640", "hs_mean": 0.8251, "hs_p90": 0.8866, "hs_sd": 0.0608, "coverage": 0.2639, "data_status": "value"}}, {"type": "Feature", "geometry": {"type": "Polygon", "coordinates": [[[-72.364869, -39.340815], [-72.017257, -39.350355], [-72.005714, -39.080399], [-72.352002, -39.070949], [-72.364869, -39.340815]]]}, "properties": {"cell_id": "G30_0210_5640", "hs_mean": 0.7002, "hs_p90": 0.8576, "hs_sd": 0.0881, "coverage": 0.9236, "data_status": "value"}}, {"type": "Feature", "geometry": {"type": "Polygon", "coordinates": [[[-72.017257, -39.350355], [-71.669489, -39.358858], [-71.659273, -39.088821], [-72.005714, -39.080399], [-72.017257, -39.350355]]]}, "properties": {"cell_id": "G30_0240_5640", "hs_mean": 0.5727, "hs_p90": 0.6206, "hs_sd": 0.0527, "coverage": 1.0, "data_status": "value"}}, {"type": "Feature", "geometry": {"type": "Polygon", "coordinates": [[[-71.669489, -39.358858], [-71.321583, -39.366324], [-71.312695, -39.096215], [-71.659273, -39.088821], [-71.669489, -39.358858]]]}, "properties": {"cell_id": "G30_0270_5640", "hs_mean": 0.5906, "hs_p90": 0.7098, "hs_sd": 0.0855, "coverage": 1.0, "data_status": "value"}}, {"type": "Feature", "geometry": {"type": "Polygon", "coordinates": [[[-73.735264, -39.022911], [-73.389767, -39.036453], [-73.373169, -38.766899], [-73.717371, -38.753486], [-73.735264, -39.022911]]]}, "properties": {"cell_id": "G30_0090_5670", "hs_mean": 0.1837, "hs_p90": 0.1893, "hs_sd": 0.0053, "coverage": 1.0, "data_status": "value"}}, {"type": "Feature", "geometry": {"type": "Polygon", "coordinates": [[[-73.389767, -39.036453], [-73.044046, -39.048974], [-73.028746, -38.779302], [-73.373169, -38.766899], [-73.389767, -39.036453]]]}, "properties": {"cell_id": "G30_0120_5670", "hs_mean": 0.6699, "hs_p90": 0.8798, "hs_sd": 0.1949, "coverage": 1.0, "data_status": "value"}}, {"type": "Feature", "geometry": {"type": "Polygon", "coordinates": [[[-73.044046, -39.048974], [-72.698119, -39.060474], [-72.68412, -38.790692], [-73.028746, -38.779302], [-73.044046, -39.048974]]]}, "properties": {"cell_id": "G30_0150_5670", "hs_mean": 0.7631, "hs_p90": 0.8769, "hs_sd": 0.0923, "coverage": 1.0, "data_status": "value"}}, {"type": "Feature", "geometry": {"type": "Polygon", "coordinates": [[[-72.698119, -39.060474], [-72.352002, -39.070949], [-72.339307, -38.801067], [-72.68412, -38.790692], [-72.698119, -39.060474]]]}, "properties": {"cell_id": "G30_0180_5670", "hs_mean": 0.7451, "hs_p90": 0.8331, "hs_sd": 0.0617, "coverage": 0.5903, "data_status": "value"}}, {"type": "Feature", "geometry": {"type": "Polygon", "coordinates": [[[-72.352002, -39.070949], [-72.005714, -39.080399], [-71.994326, -38.810427], [-72.339307, -38.801067], [-72.352002, -39.070949]]]}, "properties": {"cell_id": "G30_0210_5670", "hs_mean": 0.6343, "hs_p90": 0.7596, "hs_sd": 0.0943, "coverage": 0.6944, "data_status": "value"}}, {"type": "Feature", "geometry": {"type": "Polygon", "coordinates": [[[-72.005714, -39.080399], [-71.659273, -39.088821], [-71.649192, -38.818769], [-71.994326, -38.810427], [-72.005714, -39.080399]]]}, "properties": {"cell_id": "G30_0240_5670", "hs_mean": 0.6994, "hs_p90": 0.8027, "hs_sd": 0.0843, "coverage": 1.0, "data_status": "value"}}, {"type": "Feature", "geometry": {"type": "Polygon", "coordinates": [[[-71.659273, -39.088821], [-71.312695, -39.096215], [-71.303925, -38.826093], [-71.649192, -38.818769], [-71.659273, -39.088821]]]}, "properties": {"cell_id": "G30_0270_5670", "hs_mean": 0.7395, "hs_p90": 0.7764, "hs_sd": 0.031, "coverage": 1.0, "data_status": "value"}}, {"type": "Feature", "geometry": {"type": "Polygon", "coordinates": [[[-71.312695, -39.096215], [-70.965998, -39.10258], [-70.958541, -38.832396], [-71.303925, -38.826093], [-71.312695, -39.096215]]]}, "properties": {"cell_id": "G30_0300_5670", "hs_mean": 0.7619, "hs_p90": 0.7673, "hs_sd": 0.0068, "coverage": 1.0, "data_status": "value"}}, {"type": "Feature", "geometry": {"type": "Polygon", "coordinates": [[[-73.717371, -38.753486], [-73.373169, -38.766899], [-73.356791, -38.497328], [-73.699715, -38.484043], [-73.717371, -38.753486]]]}, "properties": {"cell_id": "G30_0090_5700", "hs_mean": 0.1496, "hs_p90": 0.1882, "hs_sd": 0.0253, "coverage": 1.0, "data_status": "value"}}, {"type": "Feature", "geometry": {"type": "Polygon", "coordinates": [[[-73.373169, -38.766899], [-73.028746, -38.779302], [-73.013649, -38.509612], [-73.356791, -38.497328], [-73.373169, -38.766899]]]}, "properties": {"cell_id": "G30_0120_5700", "hs_mean": 0.4234, "hs_p90": 0.5556, "hs_sd": 0.1194, "coverage": 1.0, "data_status": "value"}}, {"type": "Feature", "geometry": {"type": "Polygon", "coordinates": [[[-73.028746, -38.779302], [-72.68412, -38.790692], [-72.670307, -38.520893], [-73.013649, -38.509612], [-73.028746, -38.779302]]]}, "properties": {"cell_id": "G30_0150_5700", "hs_mean": 0.641, "hs_p90": 0.7023, "hs_sd": 0.0561, "coverage": 1.0, "data_status": "value"}}, {"type": "Feature", "geometry": {"type": "Polygon", "coordinates": [[[-72.68412, -38.790692], [-72.339307, -38.801067], [-72.326781, -38.531169], [-72.670307, -38.520893], [-72.68412, -38.790692]]]}, "properties": {"cell_id": "G30_0180_5700", "hs_mean": 0.6577, "hs_p90": 0.7098, "hs_sd": 0.0584, "coverage": 0.7014, "data_status": "value"}}, {"type": "Feature", "geometry": {"type": "Polygon", "coordinates": [[[-72.339307, -38.801067], [-71.994326, -38.810427], [-71.983089, -38.54044], [-72.326781, -38.531169], [-72.339307, -38.801067]]]}, "properties": {"cell_id": "G30_0210_5700", "hs_mean": 0.6738, "hs_p90": 0.7256, "hs_sd": 0.0687, "coverage": 0.6389, "data_status": "value"}}, {"type": "Feature", "geometry": {"type": "Polygon", "coordinates": [[[-71.994326, -38.810427], [-71.649192, -38.818769], [-71.639247, -38.548702], [-71.983089, -38.54044], [-71.994326, -38.810427]]]}, "properties": {"cell_id": "G30_0240_5700", "hs_mean": 0.6683, "hs_p90": 0.7778, "hs_sd": 0.0828, "coverage": 1.0, "data_status": "value"}}, {"type": "Feature", "geometry": {"type": "Polygon", "coordinates": [[[-71.649192, -38.818769], [-71.303925, -38.826093], [-71.295272, -38.555956], [-71.639247, -38.548702], [-71.649192, -38.818769]]]}, "properties": {"cell_id": "G30_0270_5700", "hs_mean": 0.768, "hs_p90": 0.8497, "hs_sd": 0.0621, "coverage": 1.0, "data_status": "value"}}, {"type": "Feature", "geometry": {"type": "Polygon", "coordinates": [[[-71.303925, -38.826093], [-70.958541, -38.832396], [-70.951183, -38.562199], [-71.295272, -38.555956], [-71.303925, -38.826093]]]}, "properties": {"cell_id": "G30_0300_5700", "hs_mean": 0.7142, "hs_p90": 0.7615, "hs_sd": 0.0572, "coverage": 1.0, "data_status": "value"}}, {"type": "Feature", "geometry": {"type": "Polygon", "coordinates": [[[-70.958541, -38.832396], [-70.613057, -38.837679], [-70.606996, -38.567432], [-70.951183, -38.562199], [-70.958541, -38.832396]]]}, "properties": {"cell_id": "G30_0330_5700", "hs_mean": 0.5015, "hs_p90": 0.5533, "hs_sd": 0.0557, "coverage": 1.0, "data_status": "value"}}, {"type": "Feature", "geometry": {"type": "Polygon", "coordinates": [[[-74.042405, -38.469758], [-73.699715, -38.484043], [-73.682294, -38.21458], [-74.023726, -38.200432], [-74.042405, -38.469758]]]}, "properties": {"cell_id": "G30_0060_5730", "hs_mean": 0.1582, "hs_p90": 0.1782, "hs_sd": 0.0186, "coverage": 1.0, "data_status": "value"}}, {"type": "Feature", "geometry": {"type": "Polygon", "coordinates": [[[-73.699715, -38.484043], [-73.356791, -38.497328], [-73.34063, -38.227738], [-73.682294, -38.21458], [-73.699715, -38.484043]]]}, "properties": {"cell_id": "G30_0090_5730", "hs_mean": 0.203, "hs_p90": 0.2494, "hs_sd": 0.0315, "coverage": 1.0, "data_status": "value"}}, {"type": "Feature", "geometry": {"type": "Polygon", "coordinates": [[[-73.356791, -38.497328], [-73.013649, -38.509612], [-72.998753, -38.239905], [-73.34063, -38.227738], [-73.356791, -38.497328]]]}, "properties": {"cell_id": "G30_0120_5730", "hs_mean": 0.4132, "hs_p90": 0.5737, "hs_sd": 0.1145, "coverage": 1.0, "data_status": "value"}}, {"type": "Feature", "geometry": {"type": "Polygon", "coordinates": [[[-73.013649, -38.509612], [-72.670307, -38.520893], [-72.656678, -38.251078], [-72.998753, -38.239905], [-73.013649, -38.509612]]]}, "properties": {"cell_id": "G30_0150_5730", "hs_mean": 0.7437, "hs_p90": 0.8798, "hs_sd": 0.0942, "coverage": 1.0, "data_status": "value"}}, {"type": "Feature", "geometry": {"type": "Polygon", "coordinates": [[[-72.670307, -38.520893], [-72.326781, -38.531169], [-72.314421, -38.261256], [-72.656678, -38.251078], [-72.670307, -38.520893]]]}, "properties": {"cell_id": "G30_0180_5730", "hs_mean": 0.6864, "hs_p90": 0.8095, "hs_sd": 0.108, "coverage": 0.8194, "data_status": "value"}}, {"type": "Feature", "geometry": {"type": "Polygon", "coordinates": [[[-72.326781, -38.531169], [-71.983089, -38.54044], [-71.972001, -38.270437], [-72.314421, -38.261256], [-72.326781, -38.531169]]]}, "properties": {"cell_id": "G30_0210_5730", "hs_mean": 0.466, "hs_p90": 0.6054, "hs_sd": 0.1105, "coverage": 0.5139, "data_status": "value"}}, {"type": "Feature", "geometry": {"type": "Polygon", "coordinates": [[[-71.983089, -38.54044], [-71.639247, -38.548702], [-71.629433, -38.278621], [-71.972001, -38.270437], [-71.983089, -38.54044]]]}, "properties": {"cell_id": "G30_0240_5730", "hs_mean": 0.4969, "hs_p90": 0.5465, "hs_sd": 0.0546, "coverage": 0.7153, "data_status": "value"}}, {"type": "Feature", "geometry": {"type": "Polygon", "coordinates": [[[-71.639247, -38.548702], [-71.295272, -38.555956], [-71.286735, -38.285805], [-71.629433, -38.278621], [-71.639247, -38.548702]]]}, "properties": {"cell_id": "G30_0270_5730", "hs_mean": 0.6459, "hs_p90": 0.7234, "hs_sd": 0.0924, "coverage": 0.9653, "data_status": "value"}}, {"type": "Feature", "geometry": {"type": "Polygon", "coordinates": [[[-71.295272, -38.555956], [-70.951183, -38.562199], [-70.943923, -38.291989], [-71.286735, -38.285805], [-71.295272, -38.555956]]]}, "properties": {"cell_id": "G30_0300_5730", "hs_mean": 0.7058, "hs_p90": 0.7732, "hs_sd": 0.0619, "coverage": 1.0, "data_status": "value"}}, {"type": "Feature", "geometry": {"type": "Polygon", "coordinates": [[[-70.951183, -38.562199], [-70.606996, -38.567432], [-70.601015, -38.297171], [-70.943923, -38.291989], [-70.951183, -38.562199]]]}, "properties": {"cell_id": "G30_0330_5730", "hs_mean": 0.4644, "hs_p90": 0.5492, "hs_sd": 0.0692, "coverage": 1.0, "data_status": "value"}}, {"type": "Feature", "geometry": {"type": "Polygon", "coordinates": [[[-73.682294, -38.21458], [-73.34063, -38.227738], [-73.324684, -37.95813], [-73.665103, -37.945098], [-73.682294, -38.21458]]]}, "properties": {"cell_id": "G30_0090_5760", "hs_mean": 0.1887, "hs_p90": 0.2041, "hs_sd": 0.0113, "coverage": 1.0, "data_status": "value"}}, {"type": "Feature", "geometry": {"type": "Polygon", "coordinates": [[[-73.34063, -38.227738], [-72.998753, -38.239905], [-72.984054, -37.97018], [-73.324684, -37.95813], [-73.34063, -38.227738]]]}, "properties": {"cell_id": "G30_0120_5760", "hs_mean": 0.3276, "hs_p90": 0.4354, "hs_sd": 0.0916, "coverage": 1.0, "data_status": "value"}}, {"type": "Feature", "geometry": {"type": "Polygon", "coordinates": [[[-72.998753, -38.239905], [-72.656678, -38.251078], [-72.643229, -37.981246], [-72.984054, -37.97018], [-72.998753, -38.239905]]]}, "properties": {"cell_id": "G30_0150_5760", "hs_mean": 0.6041, "hs_p90": 0.7188, "hs_sd": 0.1013, "coverage": 1.0, "data_status": "value"}}, {"type": "Feature", "geometry": {"type": "Polygon", "coordinates": [[[-72.656678, -38.251078], [-72.314421, -38.261256], [-72.302226, -37.991326], [-72.643229, -37.981246], [-72.656678, -38.251078]]]}, "properties": {"cell_id": "G30_0180_5760", "hs_mean": 0.5278, "hs_p90": 0.5782, "hs_sd": 0.0416, "coverage": 1.0, "data_status": "value"}}, {"type": "Feature", "geometry": {"type": "Polygon", "coordinates": [[[-72.314421, -38.261256], [-71.972001, -38.270437], [-71.961061, -38.00042], [-72.302226, -37.991326], [-72.314421, -38.261256]]]}, "properties": {"cell_id": "G30_0210_5760", "hs_mean": 0.5169, "hs_p90": 0.5921, "hs_sd": 0.0722, "coverage": 1.0, "data_status": "value"}}, {"type": "Feature", "geometry": {"type": "Polygon", "coordinates": [[[-71.972001, -38.270437], [-71.629433, -38.278621], [-71.61975, -38.008525], [-71.961061, -38.00042], [-71.972001, -38.270437]]]}, "properties": {"cell_id": "G30_0240_5760", "hs_mean": 0.579, "hs_p90": 0.6871, "hs_sd": 0.1248, "coverage": 0.7014, "data_status": "value"}}, {"type": "Feature", "geometry": {"type": "Polygon", "coordinates": [[[-71.629433, -38.278621], [-71.286735, -38.285805], [-71.278311, -38.01564], [-71.61975, -38.008525], [-71.629433, -38.278621]]]}, "properties": {"cell_id": "G30_0270_5760", "hs_mean": 0.7606, "hs_p90": 0.8209, "hs_sd": 0.0639, "coverage": 0.5417, "data_status": "value"}}, {"type": "Feature", "geometry": {"type": "Polygon", "coordinates": [[[-71.286735, -38.285805], [-70.943923, -38.291989], [-70.93676, -38.021764], [-71.278311, -38.01564], [-71.286735, -38.285805]]]}, "properties": {"cell_id": "G30_0300_5760", "hs_mean": 0.6418, "hs_p90": 0.8206, "hs_sd": 0.1461, "coverage": 1.0, "data_status": "value"}}, {"type": "Feature", "geometry": {"type": "Polygon", "coordinates": [[[-73.665103, -37.945098], [-73.324684, -37.95813], [-73.30895, -37.688504], [-73.64814, -37.675597], [-73.665103, -37.945098]]]}, "properties": {"cell_id": "G30_0090_5790", "hs_mean": 0.2049, "hs_p90": 0.2222, "hs_sd": 0.0118, "coverage": 1.0, "data_status": "value"}}, {"type": "Feature", "geometry": {"type": "Polygon", "coordinates": [[[-73.324684, -37.95813], [-72.984054, -37.97018], [-72.969551, -37.700438], [-73.30895, -37.688504], [-73.324684, -37.95813]]]}, "properties": {"cell_id": "G30_0120_5790", "hs_mean": 0.3214, "hs_p90": 0.4127, "hs_sd": 0.0727, "coverage": 1.0, "data_status": "value"}}, {"type": "Feature", "geometry": {"type": "Polygon", "coordinates": [[[-72.984054, -37.97018], [-72.643229, -37.981246], [-72.629959, -37.711398], [-72.969551, -37.700438], [-72.984054, -37.97018]]]}, "properties": {"cell_id": "G30_0150_5790", "hs_mean": 0.5425, "hs_p90": 0.6508, "hs_sd": 0.0886, "coverage": 1.0, "data_status": "value"}}, {"type": "Feature", "geometry": {"type": "Polygon", "coordinates": [[[-72.643229, -37.981246], [-72.302226, -37.991326], [-72.290192, -37.721381], [-72.629959, -37.711398], [-72.643229, -37.981246]]]}, "properties": {"cell_id": "G30_0180_5790", "hs_mean": 0.5805, "hs_p90": 0.6281, "hs_sd": 0.0321, "coverage": 1.0, "data_status": "value"}}, {"type": "Feature", "geometry": {"type": "Polygon", "coordinates": [[[-72.302226, -37.991326], [-71.961061, -38.00042], [-71.950266, -37.730387], [-72.290192, -37.721381], [-72.302226, -37.991326]]]}, "properties": {"cell_id": "G30_0210_5790", "hs_mean": 0.6518, "hs_p90": 0.7098, "hs_sd": 0.0539, "coverage": 1.0, "data_status": "value"}}, {"type": "Feature", "geometry": {"type": "Polygon", "coordinates": [[[-71.961061, -38.00042], [-71.61975, -38.008525], [-71.610196, -37.738414], [-71.950266, -37.730387], [-71.961061, -38.00042]]]}, "properties": {"cell_id": "G30_0240_5790", "hs_mean": 0.6692, "hs_p90": 0.7029, "hs_sd": 0.0611, "coverage": 0.4236, "data_status": "value"}}, {"type": "Feature", "geometry": {"type": "Polygon", "coordinates": [[[-71.61975, -38.008525], [-71.278311, -38.01564], [-71.269999, -37.745461], [-71.610196, -37.738414], [-71.61975, -38.008525]]]}, "properties": {"cell_id": "G30_0270_5790", "hs_mean": 0.7222, "hs_p90": 0.8252, "hs_sd": 0.1057, "coverage": 0.9583, "data_status": "value"}}, {"type": "Feature", "geometry": {"type": "Polygon", "coordinates": [[[-71.278311, -38.01564], [-70.93676, -38.021764], [-70.929692, -37.751526], [-71.269999, -37.745461], [-71.278311, -38.01564]]]}, "properties": {"cell_id": "G30_0300_5790", "hs_mean": 0.4699, "hs_p90": 0.542, "hs_sd": 0.0552, "coverage": 1.0, "data_status": "value"}}, {"type": "Feature", "geometry": {"type": "Polygon", "coordinates": [[[-73.987106, -37.661719], [-73.64814, -37.675597], [-73.631402, -37.406077], [-73.96916, -37.392333], [-73.987106, -37.661719]]]}, "properties": {"cell_id": "G30_0060_5820", "hs_mean": 0.2177, "hs_p90": 0.2218, "hs_sd": 0.0039, "coverage": 1.0, "data_status": "value"}}, {"type": "Feature", "geometry": {"type": "Polygon", "coordinates": [[[-73.64814, -37.675597], [-73.30895, -37.688504], [-73.293423, -37.41886], [-73.631402, -37.406077], [-73.64814, -37.675597]]]}, "properties": {"cell_id": "G30_0090_5820", "hs_mean": 0.267, "hs_p90": 0.3333, "hs_sd": 0.0403, "coverage": 1.0, "data_status": "value"}}, {"type": "Feature", "geometry": {"type": "Polygon", "coordinates": [[[-73.30895, -37.688504], [-72.969551, -37.700438], [-72.955239, -37.430679], [-73.293423, -37.41886], [-73.30895, -37.688504]]]}, "properties": {"cell_id": "G30_0120_5820", "hs_mean": 0.4398, "hs_p90": 0.5435, "hs_sd": 0.0715, "coverage": 1.0, "data_status": "value"}}, {"type": "Feature", "geometry": {"type": "Polygon", "coordinates": [[[-72.969551, -37.700438], [-72.629959, -37.711398], [-72.616866, -37.441533], [-72.955239, -37.430679], [-72.969551, -37.700438]]]}, "properties": {"cell_id": "G30_0150_5820", "hs_mean": 0.4942, "hs_p90": 0.6481, "hs_sd": 0.1018, "coverage": 1.0, "data_status": "value"}}, {"type": "Feature", "geometry": {"type": "Polygon", "coordinates": [[[-72.629959, -37.711398], [-72.290192, -37.721381], [-72.278318, -37.451421], [-72.616866, -37.441533], [-72.629959, -37.711398]]]}, "properties": {"cell_id": "G30_0180_5820", "hs_mean": 0.6774, "hs_p90": 0.8095, "hs_sd": 0.1159, "coverage": 1.0, "data_status": "value"}}, {"type": "Feature", "geometry": {"type": "Polygon", "coordinates": [[[-72.290192, -37.721381], [-71.950266, -37.730387], [-71.939614, -37.46034], [-72.278318, -37.451421], [-72.290192, -37.721381]]]}, "properties": {"cell_id": "G30_0210_5820", "hs_mean": 0.7197, "hs_p90": 0.7803, "hs_sd": 0.0445, "coverage": 0.9028, "data_status": "value"}}, {"type": "Feature", "geometry": {"type": "Polygon", "coordinates": [[[-71.950266, -37.730387], [-71.610196, -37.738414], [-71.600768, -37.468289], [-71.939614, -37.46034], [-71.950266, -37.730387]]]}, "properties": {"cell_id": "G30_0240_5820", "hs_mean": 0.6196, "hs_p90": 0.7082, "hs_sd": 0.1232, "coverage": 0.4028, "data_status": "value"}}, {"type": "Feature", "geometry": {"type": "Polygon", "coordinates": [[[-71.610196, -37.738414], [-71.269999, -37.745461], [-71.261798, -37.475268], [-71.600768, -37.468289], [-71.610196, -37.738414]]]}, "properties": {"cell_id": "G30_0270_5820", "hs_mean": 0.5618, "hs_p90": 0.7698, "hs_sd": 0.1658, "coverage": 1.0, "data_status": "value"}}, {"type": "Feature", "geometry": {"type": "Polygon", "coordinates": [[[-71.269999, -37.745461], [-70.929692, -37.751526], [-70.922718, -37.481275], [-71.261798, -37.475268], [-71.269999, -37.745461]]]}, "properties": {"cell_id": "G30_0300_5820", "hs_mean": 0.4309, "hs_p90": 0.5238, "hs_sd": 0.0523, "coverage": 1.0, "data_status": "value"}}, {"type": "Feature", "geometry": {"type": "Polygon", "coordinates": [[[-73.96916, -37.392333], [-73.631402, -37.406077], [-73.614885, -37.136539], [-73.95145, -37.122927], [-73.96916, -37.392333]]]}, "properties": {"cell_id": "G30_0060_5850", "hs_mean": 0.2317, "hs_p90": 0.2431, "hs_sd": 0.0103, "coverage": 1.0, "data_status": "value"}}, {"type": "Feature", "geometry": {"type": "Polygon", "coordinates": [[[-73.631402, -37.406077], [-73.293423, -37.41886], [-73.278103, -37.149198], [-73.614885, -37.136539], [-73.631402, -37.406077]]]}, "properties": {"cell_id": "G30_0090_5850", "hs_mean": 0.2726, "hs_p90": 0.3297, "hs_sd": 0.042, "coverage": 1.0, "data_status": "value"}}, {"type": "Feature", "geometry": {"type": "Polygon", "coordinates": [[[-73.293423, -37.41886], [-72.955239, -37.430679], [-72.941117, -37.160903], [-73.278103, -37.149198], [-73.293423, -37.41886]]]}, "properties": {"cell_id": "G30_0120_5850", "hs_mean": 0.4461, "hs_p90": 0.612, "hs_sd": 0.1209, "coverage": 1.0, "data_status": "value"}}, {"type": "Feature", "geometry": {"type": "Polygon", "coordinates": [[[-72.955239, -37.430679], [-72.616866, -37.441533], [-72.603945, -37.171653], [-72.941117, -37.160903], [-72.955239, -37.430679]]]}, "properties": {"cell_id": "G30_0150_5850", "hs_mean": 0.733, "hs_p90": 0.7937, "hs_sd": 0.0455, "coverage": 1.0, "data_status": "value"}}, {"type": "Feature", "geometry": {"type": "Polygon", "coordinates": [[[-72.616866, -37.441533], [-72.278318, -37.451421], [-72.266602, -37.181444], [-72.603945, -37.171653], [-72.616866, -37.441533]]]}, "properties": {"cell_id": "G30_0180_5850", "hs_mean": 0.7149, "hs_p90": 0.7937, "hs_sd": 0.0553, "coverage": 1.0, "data_status": "value"}}, {"type": "Feature", "geometry": {"type": "Polygon", "coordinates": [[[-72.278318, -37.451421], [-71.939614, -37.46034], [-71.929103, -37.190277], [-72.266602, -37.181444], [-72.278318, -37.451421]]]}, "properties": {"cell_id": "G30_0210_5850", "hs_mean": 0.6979, "hs_p90": 0.7778, "hs_sd": 0.1331, "coverage": 0.3403, "data_status": "value"}}, {"type": "Feature", "geometry": {"type": "Polygon", "coordinates": [[[-71.939614, -37.46034], [-71.600768, -37.468289], [-71.591466, -37.19815], [-71.929103, -37.190277], [-71.939614, -37.46034]]]}, "properties": {"cell_id": "G30_0240_5850", "hs_mean": 0.6145, "hs_p90": 0.6735, "hs_sd": 0.0707, "coverage": 0.9167, "data_status": "value"}}, {"type": "Feature", "geometry": {"type": "Polygon", "coordinates": [[[-71.600768, -37.468289], [-71.261798, -37.475268], [-71.253705, -37.205061], [-71.591466, -37.19815], [-71.600768, -37.468289]]]}, "properties": {"cell_id": "G30_0270_5850", "hs_mean": 0.5618, "hs_p90": 0.6971, "hs_sd": 0.1152, "coverage": 1.0, "data_status": "value"}}, {"type": "Feature", "geometry": {"type": "Polygon", "coordinates": [[[-71.261798, -37.475268], [-70.922718, -37.481275], [-70.915837, -37.21101], [-71.253705, -37.205061], [-71.261798, -37.475268]]]}, "properties": {"cell_id": "G30_0300_5850", "hs_mean": 0.4923, "hs_p90": 0.5862, "hs_sd": 0.073, "coverage": 1.0, "data_status": "value"}}, {"type": "Feature", "geometry": {"type": "Polygon", "coordinates": [[[-73.614885, -37.136539], [-73.278103, -37.149198], [-73.262984, -36.879519], [-73.598587, -36.866982], [-73.614885, -37.136539]]]}, "properties": {"cell_id": "G30_0090_5880", "hs_mean": 0.2336, "hs_p90": 0.2336, "hs_sd": 0.0, "coverage": 1.0, "data_status": "value"}}, {"type": "Feature", "geometry": {"type": "Polygon", "coordinates": [[[-73.278103, -37.149198], [-72.941117, -37.160903], [-72.927182, -36.891111], [-73.262984, -36.879519], [-73.278103, -37.149198]]]}, "properties": {"cell_id": "G30_0120_5880", "hs_mean": 0.4724, "hs_p90": 0.6213, "hs_sd": 0.1027, "coverage": 1.0, "data_status": "value"}}, {"type": "Feature", "geometry": {"type": "Polygon", "coordinates": [[[-72.941117, -37.160903], [-72.603945, -37.171653], [-72.591195, -36.901756], [-72.927182, -36.891111], [-72.941117, -37.160903]]]}, "properties": {"cell_id": "G30_0150_5880", "hs_mean": 0.7406, "hs_p90": 0.8095, "hs_sd": 0.0553, "coverage": 1.0, "data_status": "value"}}, {"type": "Feature", "geometry": {"type": "Polygon", "coordinates": [[[-72.603945, -37.171653], [-72.266602, -37.181444], [-72.25504, -36.911453], [-72.591195, -36.901756], [-72.603945, -37.171653]]]}, "properties": {"cell_id": "G30_0180_5880", "hs_mean": 0.8322, "hs_p90": 0.9048, "hs_sd": 0.0496, "coverage": 1.0, "data_status": "value"}}, {"type": "Feature", "geometry": {"type": "Polygon", "coordinates": [[[-72.266602, -37.181444], [-71.929103, -37.190277], [-71.918732, -36.9202], [-72.25504, -36.911453], [-72.266602, -37.181444]]]}, "properties": {"cell_id": "G30_0210_5880", "hs_mean": 0.6117, "hs_p90": 0.7098, "hs_sd": 0.1169, "coverage": 0.4097, "data_status": "value"}}, {"type": "Feature", "geometry": {"type": "Polygon", "coordinates": [[[-71.929103, -37.190277], [-71.591466, -37.19815], [-71.582286, -36.927996], [-71.918732, -36.9202], [-71.929103, -37.190277]]]}, "properties": {"cell_id": "G30_0240_5880", "hs_mean": 0.6713, "hs_p90": 0.7256, "hs_sd": 0.0516, "coverage": 0.9444, "data_status": "value"}}, {"type": "Feature", "geometry": {"type": "Polygon", "coordinates": [[[-71.591466, -37.19815], [-71.253705, -37.205061], [-71.245719, -36.93484], [-71.582286, -36.927996], [-71.591466, -37.19815]]]}, "properties": {"cell_id": "G30_0270_5880", "hs_mean": 0.5599, "hs_p90": 0.6485, "hs_sd": 0.0645, "coverage": 1.0, "data_status": "value"}}, {"type": "Feature", "geometry": {"type": "Polygon", "coordinates": [[[-71.253705, -37.205061], [-70.915837, -37.21101], [-70.909046, -36.940732], [-71.245719, -36.93484], [-71.253705, -37.205061]]]}, "properties": {"cell_id": "G30_0300_5880", "hs_mean": 0.6112, "hs_p90": 0.6644, "hs_sd": 0.0335, "coverage": 1.0, "data_status": "value"}}, {"type": "Feature", "geometry": {"type": "Polygon", "coordinates": [[[-73.262984, -36.879519], [-72.927182, -36.891111], [-72.913431, -36.621301], [-73.248066, -36.609822], [-73.262984, -36.879519]]]}, "properties": {"cell_id": "G30_0120_5910", "hs_mean": 0.5531, "hs_p90": 0.6567, "hs_sd": 0.0862, "coverage": 1.0, "data_status": "value"}}, {"type": "Feature", "geometry": {"type": "Polygon", "coordinates": [[[-72.927182, -36.891111], [-72.591195, -36.901756], [-72.578615, -36.631843], [-72.913431, -36.621301], [-72.927182, -36.891111]]]}, "properties": {"cell_id": "G30_0150_5910", "hs_mean": 0.7425, "hs_p90": 0.7937, "hs_sd": 0.0446, "coverage": 1.0, "data_status": "value"}}, {"type": "Feature", "geometry": {"type": "Polygon", "coordinates": [[[-72.591195, -36.901756], [-72.25504, -36.911453], [-72.243632, -36.641446], [-72.578615, -36.631843], [-72.591195, -36.901756]]]}, "properties": {"cell_id": "G30_0180_5910", "hs_mean": 0.7243, "hs_p90": 0.7937, "hs_sd": 0.0485, "coverage": 1.0, "data_status": "value"}}, {"type": "Feature", "geometry": {"type": "Polygon", "coordinates": [[[-72.25504, -36.911453], [-71.918732, -36.9202], [-71.908498, -36.650108], [-72.243632, -36.641446], [-72.25504, -36.911453]]]}, "properties": {"cell_id": "G30_0210_5910", "hs_mean": 0.6264, "hs_p90": 0.7125, "hs_sd": 0.1063, "coverage": 0.3403, "data_status": "value"}}, {"type": "Feature", "geometry": {"type": "Polygon", "coordinates": [[[-71.918732, -36.9202], [-71.582286, -36.927996], [-71.573229, -36.657828], [-71.908498, -36.650108], [-71.918732, -36.9202]]]}, "properties": {"cell_id": "G30_0240_5910", "hs_mean": 0.7724, "hs_p90": 0.8821, "hs_sd": 0.0784, "coverage": 0.9583, "data_status": "value"}}, {"type": "Feature", "geometry": {"type": "Polygon", "coordinates": [[[-71.582286, -36.927996], [-71.245719, -36.93484], [-71.237839, -36.664606], [-71.573229, -36.657828], [-71.582286, -36.927996]]]}, "properties": {"cell_id": "G30_0270_5910", "hs_mean": 0.7275, "hs_p90": 0.9156, "hs_sd": 0.1265, "coverage": 1.0, "data_status": "value"}}, {"type": "Feature", "geometry": {"type": "Polygon", "coordinates": [[[-71.245719, -36.93484], [-70.909046, -36.940732], [-70.902346, -36.67044], [-71.237839, -36.664606], [-71.245719, -36.93484]]]}, "properties": {"cell_id": "G30_0300_5910", "hs_mean": 0.8885, "hs_p90": 0.9615, "hs_sd": 0.0935, "coverage": 1.0, "data_status": "value"}}, {"type": "Feature", "geometry": {"type": "Polygon", "coordinates": [[[-73.248066, -36.609822], [-72.913431, -36.621301], [-72.899862, -36.351475], [-73.233345, -36.340108], [-73.248066, -36.609822]]]}, "properties": {"cell_id": "G30_0120_5940", "hs_mean": 0.6775, "hs_p90": 0.7011, "hs_sd": 0.0318, "coverage": 1.0, "data_status": "value"}}, {"type": "Feature", "geometry": {"type": "Polygon", "coordinates": [[[-72.913431, -36.621301], [-72.578615, -36.631843], [-72.5662, -36.361914], [-72.899862, -36.351475], [-72.913431, -36.621301]]]}, "properties": {"cell_id": "G30_0150_5940", "hs_mean": 0.7545, "hs_p90": 0.8689, "hs_sd": 0.0633, "coverage": 1.0, "data_status": "value"}}, {"type": "Feature", "geometry": {"type": "Polygon", "coordinates": [[[-72.578615, -36.631843], [-72.243632, -36.641446], [-72.232374, -36.371423], [-72.5662, -36.361914], [-72.578615, -36.631843]]]}, "properties": {"cell_id": "G30_0180_5940", "hs_mean": 0.8748, "hs_p90": 0.9365, "hs_sd": 0.064, "coverage": 1.0, "data_status": "value"}}, {"type": "Feature", "geometry": {"type": "Polygon", "coordinates": [[[-72.243632, -36.641446], [-71.908498, -36.650108], [-71.898399, -36.380001], [-72.232374, -36.371423], [-72.243632, -36.641446]]]}, "properties": {"cell_id": "G30_0210_5940", "hs_mean": 0.8405, "hs_p90": 0.9447, "hs_sd": 0.0964, "coverage": 0.1667, "data_status": "value"}}, {"type": "Feature", "geometry": {"type": "Polygon", "coordinates": [[[-71.908498, -36.650108], [-71.573229, -36.657828], [-71.564291, -36.387646], [-71.898399, -36.380001], [-71.908498, -36.650108]]]}, "properties": {"cell_id": "G30_0240_5940", "hs_mean": 0.7046, "hs_p90": 0.8322, "hs_sd": 0.0926, "coverage": 0.9583, "data_status": "value"}}, {"type": "Feature", "geometry": {"type": "Polygon", "coordinates": [[[-71.573229, -36.657828], [-71.237839, -36.664606], [-71.230064, -36.394358], [-71.564291, -36.387646], [-71.573229, -36.657828]]]}, "properties": {"cell_id": "G30_0270_5940", "hs_mean": 0.7267, "hs_p90": 0.941, "hs_sd": 0.1625, "coverage": 1.0, "data_status": "value"}}, {"type": "Feature", "geometry": {"type": "Polygon", "coordinates": [[[-71.237839, -36.664606], [-70.902346, -36.67044], [-70.895734, -36.400135], [-71.230064, -36.394358], [-71.237839, -36.664606]]]}, "properties": {"cell_id": "G30_0300_5940", "hs_mean": 0.9109, "hs_p90": 0.9546, "hs_sd": 0.0368, "coverage": 1.0, "data_status": "value"}}, {"type": "Feature", "geometry": {"type": "Polygon", "coordinates": [[[-70.902346, -36.67044], [-70.566764, -36.675329], [-70.561317, -36.404976], [-70.895734, -36.400135], [-70.902346, -36.67044]]]}, "properties": {"cell_id": "G30_0330_5940", "hs_mean": 0.8127, "hs_p90": 0.8685, "hs_sd": 0.0464, "coverage": 1.0, "data_status": "value"}}, {"type": "Feature", "geometry": {"type": "Polygon", "coordinates": [[[-72.899862, -36.351475], [-72.5662, -36.361914], [-72.55395, -36.091969], [-72.886472, -36.081632], [-72.899862, -36.351475]]]}, "properties": {"cell_id": "G30_0150_5970", "hs_mean": 0.8305, "hs_p90": 0.9002, "hs_sd": 0.064, "coverage": 1.0, "data_status": "value"}}, {"type": "Feature", "geometry": {"type": "Polygon", "coordinates": [[[-72.5662, -36.361914], [-72.232374, -36.371423], [-72.221265, -36.101385], [-72.55395, -36.091969], [-72.5662, -36.361914]]]}, "properties": {"cell_id": "G30_0180_5970", "hs_mean": 0.8945, "hs_p90": 0.9456, "hs_sd": 0.0347, "coverage": 1.0, "data_status": "value"}}, {"type": "Feature", "geometry": {"type": "Polygon", "coordinates": [[[-72.232374, -36.371423], [-71.898399, -36.380001], [-71.888434, -36.109879], [-72.221265, -36.101385], [-72.232374, -36.371423]]]}, "properties": {"cell_id": "G30_0210_5970", "hs_mean": 0.8707, "hs_p90": 0.932, "hs_sd": 0.0666, "coverage": 0.4583, "data_status": "value"}}, {"type": "Feature", "geometry": {"type": "Polygon", "coordinates": [[[-71.898399, -36.380001], [-71.564291, -36.387646], [-71.555471, -36.11745], [-71.888434, -36.109879], [-71.898399, -36.380001]]]}, "properties": {"cell_id": "G30_0240_5970", "hs_mean": 0.6862, "hs_p90": 0.7778, "hs_sd": 0.0868, "coverage": 0.7639, "data_status": "value"}}, {"type": "Feature", "geometry": {"type": "Polygon", "coordinates": [[[-71.564291, -36.387646], [-71.230064, -36.394358], [-71.222391, -36.124096], [-71.555471, -36.11745], [-71.564291, -36.387646]]]}, "properties": {"cell_id": "G30_0270_5970", "hs_mean": 0.8272, "hs_p90": 0.9229, "hs_sd": 0.0877, "coverage": 1.0, "data_status": "value"}}, {"type": "Feature", "geometry": {"type": "Polygon", "coordinates": [[[-71.230064, -36.394358], [-70.895734, -36.400135], [-70.88921, -36.129816], [-71.222391, -36.124096], [-71.230064, -36.394358]]]}, "properties": {"cell_id": "G30_0300_5970", "hs_mean": 0.9144, "hs_p90": 0.9683, "hs_sd": 0.056, "coverage": 1.0, "data_status": "value"}}, {"type": "Feature", "geometry": {"type": "Polygon", "coordinates": [[[-70.895734, -36.400135], [-70.561317, -36.404976], [-70.555943, -36.13461], [-70.88921, -36.129816], [-70.895734, -36.400135]]]}, "properties": {"cell_id": "G30_0330_5970", "hs_mean": 0.8543, "hs_p90": 0.9365, "hs_sd": 0.065, "coverage": 1.0, "data_status": "value"}}, {"type": "Feature", "geometry": {"type": "Polygon", "coordinates": [[[-70.561317, -36.404976], [-70.226828, -36.408881], [-70.222604, -36.138478], [-70.555943, -36.13461], [-70.561317, -36.404976]]]}, "properties": {"cell_id": "G30_0360_5970", "hs_mean": 0.9401, "hs_p90": 0.9456, "hs_sd": 0.0053, "coverage": 1.0, "data_status": "value"}}, {"type": "Feature", "geometry": {"type": "Polygon", "coordinates": [[[-72.886472, -36.081632], [-72.55395, -36.091969], [-72.541861, -35.822009], [-72.873259, -35.811773], [-72.886472, -36.081632]]]}, "properties": {"cell_id": "G30_0150_6000", "hs_mean": 0.8301, "hs_p90": 0.9057, "hs_sd": 0.0662, "coverage": 0.8481, "data_status": "value"}}, {"type": "Feature", "geometry": {"type": "Polygon", "coordinates": [[[-72.55395, -36.091969], [-72.221265, -36.101385], [-72.210303, -35.831333], [-72.541861, -35.822009], [-72.55395, -36.091969]]]}, "properties": {"cell_id": "G30_0180_6000", "hs_mean": 0.8539, "hs_p90": 0.9054, "hs_sd": 0.0476, "coverage": 0.75, "data_status": "value"}}, {"type": "Feature", "geometry": {"type": "Polygon", "coordinates": [[[-72.221265, -36.101385], [-71.888434, -36.109879], [-71.878601, -35.839743], [-72.210303, -35.831333], [-72.221265, -36.101385]]]}, "properties": {"cell_id": "G30_0210_6000", "hs_mean": 0.7843, "hs_p90": 0.8503, "hs_sd": 0.0412, "coverage": 0.625, "data_status": "value"}}, {"type": "Feature", "geometry": {"type": "Polygon", "coordinates": [[[-71.888434, -36.109879], [-71.555471, -36.11745], [-71.546768, -35.84724], [-71.878601, -35.839743], [-71.888434, -36.109879]]]}, "properties": {"cell_id": "G30_0240_6000", "hs_mean": 0.7774, "hs_p90": 0.8209, "hs_sd": 0.0426, "coverage": 0.2222, "data_status": "value"}}, {"type": "Feature", "geometry": {"type": "Polygon", "coordinates": [[[-71.555471, -36.11745], [-71.222391, -36.124096], [-71.21482, -35.85382], [-71.546768, -35.84724], [-71.555471, -36.11745]]]}, "properties": {"cell_id": "G30_0270_6000", "hs_mean": 0.7959, "hs_p90": 0.8297, "hs_sd": 0.0336, "coverage": 0.4306, "data_status": "value"}}, {"type": "Feature", "geometry": {"type": "Polygon", "coordinates": [[[-71.222391, -36.124096], [-70.88921, -36.129816], [-70.882772, -35.859485], [-71.21482, -35.85382], [-71.222391, -36.124096]]]}, "properties": {"cell_id": "G30_0300_6000", "hs_mean": 0.8721, "hs_p90": 0.9501, "hs_sd": 0.056, "coverage": 0.8333, "data_status": "value"}}, {"type": "Feature", "geometry": {"type": "Polygon", "coordinates": [[[-70.88921, -36.129816], [-70.555943, -36.13461], [-70.550639, -35.864232], [-70.882772, -35.859485], [-70.88921, -36.129816]]]}, "properties": {"cell_id": "G30_0330_6000", "hs_mean": 0.9105, "hs_p90": 0.9501, "hs_sd": 0.0368, "coverage": 0.9097, "data_status": "value"}}, {"type": "Feature", "geometry": {"type": "Polygon", "coordinates": [[[-70.555943, -36.13461], [-70.222604, -36.138478], [-70.218436, -35.868061], [-70.550639, -35.864232], [-70.555943, -36.13461]]]}, "properties": {"cell_id": "G30_0360_6000", "hs_mean": 0.9006, "hs_p90": 0.941, "hs_sd": 0.0391, "coverage": 0.9242, "data_status": "value"}}, {"type": "Feature", "geometry": {"type": "Polygon", "coordinates": [[[-72.873259, -35.811773], [-72.541861, -35.822009], [-72.529932, -35.552033], [-72.860221, -35.541898], [-72.873259, -35.811773]]]}, "properties": {"cell_id": "G30_0150_6030", "hs_mean": 0.6435, "hs_p90": 0.6757, "hs_sd": 0.0233, "coverage": 0.84, "data_status": "value"}}, {"type": "Feature", "geometry": {"type": "Polygon", "coordinates": [[[-72.541861, -35.822009], [-72.210303, -35.831333], [-72.199486, -35.561265], [-72.529932, -35.552033], [-72.541861, -35.822009]]]}, "properties": {"cell_id": "G30_0180_6030", "hs_mean": 0.8706, "hs_p90": 0.9751, "hs_sd": 0.1032, "coverage": 0.6667, "data_status": "value"}}, {"type": "Feature", "geometry": {"type": "Polygon", "coordinates": [[[-72.210303, -35.831333], [-71.878601, -35.839743], [-71.868897, -35.569593], [-72.199486, -35.561265], [-72.210303, -35.831333]]]}, "properties": {"cell_id": "G30_0210_6030", "hs_mean": 0.9347, "hs_p90": 0.9651, "hs_sd": 0.022, "coverage": 0.5903, "data_status": "value"}}, {"type": "Feature", "geometry": {"type": "Polygon", "coordinates": [[[-71.878601, -35.839743], [-71.546768, -35.84724], [-71.53818, -35.577015], [-71.868897, -35.569593], [-71.878601, -35.839743]]]}, "properties": {"cell_id": "G30_0240_6030", "hs_mean": 0.9337, "hs_p90": 0.9599, "hs_sd": 0.0226, "coverage": 0.6111, "data_status": "value"}}, {"type": "Feature", "geometry": {"type": "Polygon", "coordinates": [[[-71.546768, -35.84724], [-71.21482, -35.85382], [-71.207349, -35.583531], [-71.53818, -35.577015], [-71.546768, -35.84724]]]}, "properties": {"cell_id": "G30_0270_6030", "hs_mean": 0.7498, "hs_p90": 0.8417, "hs_sd": 0.0632, "coverage": 0.4722, "data_status": "value"}}, {"type": "Feature", "geometry": {"type": "Polygon", "coordinates": [[[-71.21482, -35.85382], [-70.882772, -35.859485], [-70.87642, -35.58914], [-71.207349, -35.583531], [-71.21482, -35.85382]]]}, "properties": {"cell_id": "G30_0300_6030", "hs_mean": 0.6992, "hs_p90": 0.7533, "hs_sd": 0.041, "coverage": 0.1042, "data_status": "value"}}, {"type": "Feature", "geometry": {"type": "Polygon", "coordinates": [[[-70.882772, -35.859485], [-70.550639, -35.864232], [-70.545406, -35.59384], [-70.87642, -35.58914], [-70.882772, -35.859485]]]}, "properties": {"cell_id": "G30_0330_6030", "hs_mean": 0.8092, "hs_p90": 0.8866, "hs_sd": 0.0661, "coverage": 0.5486, "data_status": "value"}}, {"type": "Feature", "geometry": {"type": "Polygon", "coordinates": [[[-70.550639, -35.864232], [-70.218436, -35.868061], [-70.214323, -35.597632], [-70.545406, -35.59384], [-70.550639, -35.864232]]]}, "properties": {"cell_id": "G30_0360_6030", "hs_mean": 0.8637, "hs_p90": 0.9048, "hs_sd": 0.0331, "coverage": 0.527, "data_status": "value"}}, {"type": "Feature", "geometry": {"type": "Polygon", "coordinates": [[[-72.860221, -35.541898], [-72.529932, -35.552033], [-72.518161, -35.282041], [-72.847355, -35.272007], [-72.860221, -35.541898]]]}, "properties": {"cell_id": "G30_0150_6060", "hs_mean": 0.6621, "hs_p90": 0.6776, "hs_sd": 0.0209, "coverage": 1.0, "data_status": "value"}}, {"type": "Feature", "geometry": {"type": "Polygon", "coordinates": [[[-72.529932, -35.552033], [-72.199486, -35.561265], [-72.188812, -35.291182], [-72.518161, -35.282041], [-72.529932, -35.552033]]]}, "properties": {"cell_id": "G30_0180_6060", "hs_mean": 0.8981, "hs_p90": 0.9717, "hs_sd": 0.0692, "coverage": 1.0, "data_status": "value"}}, {"type": "Feature", "geometry": {"type": "Polygon", "coordinates": [[[-72.199486, -35.561265], [-71.868897, -35.569593], [-71.859322, -35.299428], [-72.188812, -35.291182], [-72.199486, -35.561265]]]}, "properties": {"cell_id": "G30_0210_6060", "hs_mean": 0.9408, "hs_p90": 0.9608, "hs_sd": 0.0163, "coverage": 1.0, "data_status": "value"}}, {"type": "Feature", "geometry": {"type": "Polygon", "coordinates": [[[-71.868897, -35.569593], [-71.53818, -35.577015], [-71.529706, -35.306777], [-71.859322, -35.299428], [-71.868897, -35.569593]]]}, "properties": {"cell_id": "G30_0240_6060", "hs_mean": 0.9626, "hs_p90": 0.9773, "hs_sd": 0.013, "coverage": 1.0, "data_status": "value"}}, {"type": "Feature", "geometry": {"type": "Polygon", "coordinates": [[[-71.53818, -35.577015], [-71.207349, -35.583531], [-71.199977, -35.313229], [-71.529706, -35.306777], [-71.53818, -35.577015]]]}, "properties": {"cell_id": "G30_0270_6060", "hs_mean": 0.898, "hs_p90": 0.9585, "hs_sd": 0.058, "coverage": 1.0, "data_status": "value"}}, {"type": "Feature", "geometry": {"type": "Polygon", "coordinates": [[[-71.207349, -35.583531], [-70.87642, -35.58914], [-70.870151, -35.318782], [-71.199977, -35.313229], [-71.207349, -35.583531]]]}, "properties": {"cell_id": "G30_0300_6060", "hs_mean": 0.7935, "hs_p90": 0.8299, "hs_sd": 0.0333, "coverage": 0.4028, "data_status": "value"}}, {"type": "Feature", "geometry": {"type": "Polygon", "coordinates": [[[-70.87642, -35.58914], [-70.545406, -35.59384], [-70.540242, -35.323436], [-70.870151, -35.318782], [-70.87642, -35.58914]]]}, "properties": {"cell_id": "G30_0330_6060", "hs_mean": 0.7955, "hs_p90": 0.8299, "hs_sd": 0.0286, "coverage": 0.7986, "data_status": "value"}}, {"type": "Feature", "geometry": {"type": "Polygon", "coordinates": [[[-70.545406, -35.59384], [-70.214323, -35.597632], [-70.210265, -35.32719], [-70.540242, -35.323436], [-70.545406, -35.59384]]]}, "properties": {"cell_id": "G30_0360_6060", "hs_mean": 0.8125, "hs_p90": 0.8517, "hs_sd": 0.0288, "coverage": 1.0, "data_status": "value"}}, {"type": "Feature", "geometry": {"type": "Polygon", "coordinates": [[[-72.518161, -35.282041], [-72.188812, -35.291182], [-72.178279, -35.021085], [-72.506546, -35.012034], [-72.518161, -35.282041]]]}, "properties": {"cell_id": "G30_0180_6090", "hs_mean": 0.8285, "hs_p90": 0.9034, "hs_sd": 0.0653, "coverage": 1.0, "data_status": "value"}}, {"type": "Feature", "geometry": {"type": "Polygon", "coordinates": [[[-72.188812, -35.291182], [-71.859322, -35.299428], [-71.849874, -35.029249], [-72.178279, -35.021085], [-72.188812, -35.291182]]]}, "properties": {"cell_id": "G30_0210_6090", "hs_mean": 0.9339, "hs_p90": 0.9524, "hs_sd": 0.0199, "coverage": 1.0, "data_status": "value"}}, {"type": "Feature", "geometry": {"type": "Polygon", "coordinates": [[[-71.859322, -35.299428], [-71.529706, -35.306777], [-71.521344, -35.036525], [-71.849874, -35.029249], [-71.859322, -35.299428]]]}, "properties": {"cell_id": "G30_0240_6090", "hs_mean": 0.9515, "hs_p90": 0.9753, "hs_sd": 0.0201, "coverage": 1.0, "data_status": "value"}}, {"type": "Feature", "geometry": {"type": "Polygon", "coordinates": [[[-71.529706, -35.306777], [-71.199977, -35.313229], [-71.192703, -35.042913], [-71.521344, -35.036525], [-71.529706, -35.306777]]]}, "properties": {"cell_id": "G30_0270_6090", "hs_mean": 0.8849, "hs_p90": 0.9472, "hs_sd": 0.0675, "coverage": 1.0, "data_status": "value"}}, {"type": "Feature", "geometry": {"type": "Polygon", "coordinates": [[[-71.199977, -35.313229], [-70.870151, -35.318782], [-70.863966, -35.048411], [-71.192703, -35.042913], [-71.199977, -35.313229]]]}, "properties": {"cell_id": "G30_0300_6090", "hs_mean": 0.7457, "hs_p90": 0.8299, "hs_sd": 0.0915, "coverage": 0.3403, "data_status": "value"}}, {"type": "Feature", "geometry": {"type": "Polygon", "coordinates": [[[-70.870151, -35.318782], [-70.540242, -35.323436], [-70.535147, -35.053019], [-70.863966, -35.048411], [-70.870151, -35.318782]]]}, "properties": {"cell_id": "G30_0330_6090", "hs_mean": 0.8455, "hs_p90": 0.8866, "hs_sd": 0.0338, "coverage": 0.9568, "data_status": "value"}}, {"type": "Feature", "geometry": {"type": "Polygon", "coordinates": [[[-70.540242, -35.323436], [-70.210265, -35.32719], [-70.20626, -35.056736], [-70.535147, -35.053019], [-70.540242, -35.323436]]]}, "properties": {"cell_id": "G30_0360_6090", "hs_mean": 0.8377, "hs_p90": 0.8753, "hs_sd": 0.0281, "coverage": 1.0, "data_status": "value"}}, {"type": "Feature", "geometry": {"type": "Polygon", "coordinates": [[[-72.178279, -35.021085], [-71.849874, -35.029249], [-71.84055, -34.759055], [-72.167885, -34.750973], [-72.178279, -35.021085]]]}, "properties": {"cell_id": "G30_0210_6120", "hs_mean": 0.8809, "hs_p90": 0.9184, "hs_sd": 0.0387, "coverage": 1.0, "data_status": "value"}}, {"type": "Feature", "geometry": {"type": "Polygon", "coordinates": [[[-71.849874, -35.029249], [-71.521344, -35.036525], [-71.513092, -34.766259], [-71.84055, -34.759055], [-71.849874, -35.029249]]]}, "properties": {"cell_id": "G30_0240_6120", "hs_mean": 0.9367, "hs_p90": 0.9524, "hs_sd": 0.0164, "coverage": 1.0, "data_status": "value"}}, {"type": "Feature", "geometry": {"type": "Polygon", "coordinates": [[[-71.521344, -35.036525], [-71.192703, -35.042913], [-71.185524, -34.772584], [-71.513092, -34.766259], [-71.521344, -35.036525]]]}, "properties": {"cell_id": "G30_0270_6120", "hs_mean": 0.9113, "hs_p90": 0.9683, "hs_sd": 0.0681, "coverage": 0.7431, "data_status": "value"}}, {"type": "Feature", "geometry": {"type": "Polygon", "coordinates": [[[-71.192703, -35.042913], [-70.863966, -35.048411], [-70.857862, -34.778027], [-71.185524, -34.772584], [-71.192703, -35.042913]]]}, "properties": {"cell_id": "G30_0300_6120", "hs_mean": 0.7731, "hs_p90": 0.8209, "hs_sd": 0.0476, "coverage": 0.2569, "data_status": "value"}}, {"type": "Feature", "geometry": {"type": "Polygon", "coordinates": [[[-70.863966, -35.048411], [-70.535147, -35.053019], [-70.530118, -34.782589], [-70.857862, -34.778027], [-70.863966, -35.048411]]]}, "properties": {"cell_id": "G30_0330_6120", "hs_mean": 0.857, "hs_p90": 0.8837, "hs_sd": 0.0245, "coverage": 1.0, "data_status": "value"}}, {"type": "Feature", "geometry": {"type": "Polygon", "coordinates": [[[-70.535147, -35.053019], [-70.20626, -35.056736], [-70.202309, -34.786269], [-70.530118, -34.782589], [-70.535147, -35.053019]]]}, "properties": {"cell_id": "G30_0360_6120", "hs_mean": 0.865, "hs_p90": 0.932, "hs_sd": 0.0504, "coverage": 1.0, "data_status": "value"}}, {"type": "Feature", "geometry": {"type": "Polygon", "coordinates": [[[-72.167885, -34.750973], [-71.84055, -34.759055], [-71.83135, -34.488848], [-72.157629, -34.480846], [-72.167885, -34.750973]]]}, "properties": {"cell_id": "G30_0210_6150", "hs_mean": 0.8427, "hs_p90": 0.9093, "hs_sd": 0.0725, "coverage": 1.0, "data_status": "value"}}, {"type": "Feature", "geometry": {"type": "Polygon", "coordinates": [[[-71.84055, -34.759055], [-71.513092, -34.766259], [-71.504949, -34.49598], [-71.83135, -34.488848], [-71.84055, -34.759055]]]}, "properties": {"cell_id": "G30_0240_6150", "hs_mean": 0.9396, "hs_p90": 0.9637, "hs_sd": 0.0204, "coverage": 1.0, "data_status": "value"}}, {"type": "Feature", "geometry": {"type": "Polygon", "coordinates": [[[-71.513092, -34.766259], [-71.185524, -34.772584], [-71.178441, -34.502241], [-71.504949, -34.49598], [-71.513092, -34.766259]]]}, "properties": {"cell_id": "G30_0270_6150", "hs_mean": 0.953, "hs_p90": 0.9773, "hs_sd": 0.018, "coverage": 0.9583, "data_status": "value"}}, {"type": "Feature", "geometry": {"type": "Polygon", "coordinates": [[[-71.185524, -34.772584], [-70.857862, -34.778027], [-70.851839, -34.50763], [-71.178441, -34.502241], [-71.185524, -34.772584]]]}, "properties": {"cell_id": "G30_0300_6150", "hs_mean": 0.9479, "hs_p90": 0.9707, "hs_sd": 0.0211, "coverage": 0.3472, "data_status": "value"}}, {"type": "Feature", "geometry": {"type": "Polygon", "coordinates": [[[-70.857862, -34.778027], [-70.530118, -34.782589], [-70.525157, -34.512146], [-70.851839, -34.50763], [-70.857862, -34.778027]]]}, "properties": {"cell_id": "G30_0330_6150", "hs_mean": 0.8592, "hs_p90": 0.9229, "hs_sd": 0.0472, "coverage": 0.8958, "data_status": "value"}}, {"type": "Feature", "geometry": {"type": "Polygon", "coordinates": [[[-70.530118, -34.782589], [-70.202309, -34.786269], [-70.198409, -34.515789], [-70.525157, -34.512146], [-70.530118, -34.782589]]]}, "properties": {"cell_id": "G30_0360_6150", "hs_mean": 0.9422, "hs_p90": 0.9683, "hs_sd": 0.0258, "coverage": 1.0, "data_status": "value"}}, {"type": "Feature", "geometry": {"type": "Polygon", "coordinates": [[[-70.202309, -34.786269], [-69.874446, -34.789066], [-69.87161, -34.518559], [-70.198409, -34.515789], [-70.202309, -34.786269]]]}, "properties": {"cell_id": "G30_0390_6150", "hs_mean": 0.9084, "hs_p90": 0.9229, "hs_sd": 0.0145, "coverage": 1.0, "data_status": "value"}}, {"type": "Feature", "geometry": {"type": "Polygon", "coordinates": [[[-72.157629, -34.480846], [-71.83135, -34.488848], [-71.822271, -34.218626], [-72.147508, -34.210704], [-72.157629, -34.480846]]]}, "properties": {"cell_id": "G30_0210_6180", "hs_mean": 0.7583, "hs_p90": 0.8884, "hs_sd": 0.0927, "coverage": 1.0, "data_status": "value"}}, {"type": "Feature", "geometry": {"type": "Polygon", "coordinates": [[[-71.83135, -34.488848], [-71.504949, -34.49598], [-71.496915, -34.225687], [-71.822271, -34.218626], [-71.83135, -34.488848]]]}, "properties": {"cell_id": "G30_0240_6180", "hs_mean": 0.9475, "hs_p90": 0.966, "hs_sd": 0.0231, "coverage": 1.0, "data_status": "value"}}, {"type": "Feature", "geometry": {"type": "Polygon", "coordinates": [[[-71.504949, -34.49598], [-71.178441, -34.502241], [-71.171451, -34.231885], [-71.496915, -34.225687], [-71.504949, -34.49598]]]}, "properties": {"cell_id": "G30_0270_6180", "hs_mean": 0.9771, "hs_p90": 0.9932, "hs_sd": 0.0138, "coverage": 1.0, "data_status": "value"}}, {"type": "Feature", "geometry": {"type": "Polygon", "coordinates": [[[-71.178441, -34.502241], [-70.851839, -34.50763], [-70.845895, -34.23722], [-71.171451, -34.231885], [-71.178441, -34.502241]]]}, "properties": {"cell_id": "G30_0300_6180", "hs_mean": 0.9885, "hs_p90": 1.0, "hs_sd": 0.0106, "coverage": 0.7708, "data_status": "value"}}, {"type": "Feature", "geometry": {"type": "Polygon", "coordinates": [[[-70.851839, -34.50763], [-70.525157, -34.512146], [-70.520261, -34.241691], [-70.845895, -34.23722], [-70.851839, -34.50763]]]}, "properties": {"cell_id": "G30_0330_6180", "hs_mean": 0.9018, "hs_p90": 0.9424, "hs_sd": 0.0409, "coverage": 0.4792, "data_status": "value"}}, {"type": "Feature", "geometry": {"type": "Polygon", "coordinates": [[[-70.525157, -34.512146], [-70.198409, -34.515789], [-70.194561, -34.245298], [-70.520261, -34.241691], [-70.525157, -34.512146]]]}, "properties": {"cell_id": "G30_0360_6180", "hs_mean": 0.9521, "hs_p90": 0.9796, "hs_sd": 0.0329, "coverage": 1.0, "data_status": "value"}}, {"type": "Feature", "geometry": {"type": "Polygon", "coordinates": [[[-70.198409, -34.515789], [-69.87161, -34.518559], [-69.868811, -34.248039], [-70.194561, -34.245298], [-70.198409, -34.515789]]]}, "properties": {"cell_id": "G30_0390_6180", "hs_mean": 0.9022, "hs_p90": 0.9519, "hs_sd": 0.0475, "coverage": 1.0, "data_status": "value"}}, {"type": "Feature", "geometry": {"type": "Polygon", "coordinates": [[[-72.147508, -34.210704], [-71.822271, -34.218626], [-71.813313, -33.94839], [-72.137522, -33.940548], [-72.147508, -34.210704]]]}, "properties": {"cell_id": "G30_0210_6210", "hs_mean": 0.7581, "hs_p90": 0.805, "hs_sd": 0.0611, "coverage": 1.0, "data_status": "value"}}, {"type": "Feature", "geometry": {"type": "Polygon", "coordinates": [[[-71.822271, -34.218626], [-71.496915, -34.225687], [-71.488986, -33.95538], [-71.813313, -33.94839], [-71.822271, -34.218626]]]}, "properties": {"cell_id": "G30_0240_6210", "hs_mean": 0.9106, "hs_p90": 0.9683, "hs_sd": 0.0874, "coverage": 1.0, "data_status": "value"}}, {"type": "Feature", "geometry": {"type": "Polygon", "coordinates": [[[-71.496915, -34.225687], [-71.171451, -34.231885], [-71.164554, -33.961516], [-71.488986, -33.95538], [-71.496915, -34.225687]]]}, "properties": {"cell_id": "G30_0270_6210", "hs_mean": 0.9807, "hs_p90": 0.9909, "hs_sd": 0.0078, "coverage": 1.0, "data_status": "value"}}, {"type": "Feature", "geometry": {"type": "Polygon", "coordinates": [[[-71.171451, -34.231885], [-70.845895, -34.23722], [-70.840031, -33.966797], [-71.164554, -33.961516], [-71.171451, -34.231885]]]}, "properties": {"cell_id": "G30_0300_6210", "hs_mean": 0.9857, "hs_p90": 0.9909, "hs_sd": 0.0081, "coverage": 1.0, "data_status": "value"}}, {"type": "Feature", "geometry": {"type": "Polygon", "coordinates": [[[-70.845895, -34.23722], [-70.520261, -34.241691], [-70.51543, -33.971224], [-70.840031, -33.966797], [-70.845895, -34.23722]]]}, "properties": {"cell_id": "G30_0330_6210", "hs_mean": 0.9649, "hs_p90": 0.9864, "hs_sd": 0.0261, "coverage": 0.4236, "data_status": "value"}}, {"type": "Feature", "geometry": {"type": "Polygon", "coordinates": [[[-70.520261, -34.241691], [-70.194561, -34.245298], [-70.190765, -33.974794], [-70.51543, -33.971224], [-70.520261, -34.241691]]]}, "properties": {"cell_id": "G30_0360_6210", "hs_mean": 0.8621, "hs_p90": 0.9229, "hs_sd": 0.0534, "coverage": 0.7778, "data_status": "value"}}, {"type": "Feature", "geometry": {"type": "Polygon", "coordinates": [[[-70.194561, -34.245298], [-69.868811, -34.248039], [-69.866049, -33.977508], [-70.190765, -33.974794], [-70.194561, -34.245298]]]}, "properties": {"cell_id": "G30_0390_6210", "hs_mean": 0.8965, "hs_p90": 0.9501, "hs_sd": 0.0401, "coverage": 1.0, "data_status": "value"}}, {"type": "Feature", "geometry": {"type": "Polygon", "coordinates": [[[-69.868811, -34.248039], [-69.543024, -34.249915], [-69.541297, -33.979365], [-69.866049, -33.977508], [-69.868811, -34.248039]]]}, "properties": {"cell_id": "G30_0420_6210", "hs_mean": 0.9135, "hs_p90": 0.9683, "hs_sd": 0.0521, "coverage": 1.0, "data_status": "value"}}, {"type": "Feature", "geometry": {"type": "Polygon", "coordinates": [[[-72.137522, -33.940548], [-71.813313, -33.94839], [-71.804473, -33.67814], [-72.127667, -33.670377], [-72.137522, -33.940548]]]}, "properties": {"cell_id": "G30_0210_6240", "hs_mean": 0.6927, "hs_p90": 0.7916, "hs_sd": 0.0888, "coverage": 1.0, "data_status": "value"}}, {"type": "Feature", "geometry": {"type": "Polygon", "coordinates": [[[-71.813313, -33.94839], [-71.488986, -33.95538], [-71.481163, -33.68506], [-71.804473, -33.67814], [-71.813313, -33.94839]]]}, "properties": {"cell_id": "G30_0240_6240", "hs_mean": 0.7442, "hs_p90": 0.8966, "hs_sd": 0.1124, "coverage": 1.0, "data_status": "value"}}, {"type": "Feature", "geometry": {"type": "Polygon", "coordinates": [[[-71.488986, -33.95538], [-71.164554, -33.961516], [-71.157748, -33.691134], [-71.481163, -33.68506], [-71.488986, -33.95538]]]}, "properties": {"cell_id": "G30_0270_6240", "hs_mean": 0.8871, "hs_p90": 0.966, "hs_sd": 0.0689, "coverage": 1.0, "data_status": "value"}}, {"type": "Feature", "geometry": {"type": "Polygon", "coordinates": [[[-71.164554, -33.961516], [-70.840031, -33.966797], [-70.834244, -33.696362], [-71.157748, -33.691134], [-71.164554, -33.961516]]]}, "properties": {"cell_id": "G30_0300_6240", "hs_mean": 0.9826, "hs_p90": 0.9932, "hs_sd": 0.011, "coverage": 1.0, "data_status": "value"}}, {"type": "Feature", "geometry": {"type": "Polygon", "coordinates": [[[-70.840031, -33.966797], [-70.51543, -33.971224], [-70.510663, -33.700743], [-70.834244, -33.696362], [-70.840031, -33.966797]]]}, "properties": {"cell_id": "G30_0330_6240", "hs_mean": 0.9771, "hs_p90": 0.9864, "hs_sd": 0.0082, "coverage": 0.9583, "data_status": "value"}}, {"type": "Feature", "geometry": {"type": "Polygon", "coordinates": [[[-70.51543, -33.971224], [-70.190765, -33.974794], [-70.187018, -33.704278], [-70.510663, -33.700743], [-70.51543, -33.971224]]]}, "properties": {"cell_id": "G30_0360_6240", "hs_mean": 0.9486, "hs_p90": 0.9651, "hs_sd": 0.0174, "coverage": 0.3333, "data_status": "value"}}, {"type": "Feature", "geometry": {"type": "Polygon", "coordinates": [[[-70.190765, -33.974794], [-69.866049, -33.977508], [-69.863324, -33.706964], [-70.187018, -33.704278], [-70.190765, -33.974794]]]}, "properties": {"cell_id": "G30_0390_6240", "hs_mean": 0.8756, "hs_p90": 0.941, "hs_sd": 0.0547, "coverage": 0.6029, "data_status": "value"}}, {"type": "Feature", "geometry": {"type": "Polygon", "coordinates": [[[-71.804473, -33.67814], [-71.481163, -33.68506], [-71.473443, -33.414726], [-71.79575, -33.407877], [-71.804473, -33.67814]]]}, "properties": {"cell_id": "G30_0240_6270", "hs_mean": 0.8634, "hs_p90": 0.941, "hs_sd": 0.0717, "coverage": 1.0, "data_status": "value"}}, {"type": "Feature", "geometry": {"type": "Polygon", "coordinates": [[[-71.481163, -33.68506], [-71.157748, -33.691134], [-71.151033, -33.420738], [-71.473443, -33.414726], [-71.481163, -33.68506]]]}, "properties": {"cell_id": "G30_0270_6270", "hs_mean": 0.9521, "hs_p90": 0.9955, "hs_sd": 0.0572, "coverage": 1.0, "data_status": "value"}}, {"type": "Feature", "geometry": {"type": "Polygon", "coordinates": [[[-71.157748, -33.691134], [-70.834244, -33.696362], [-70.828534, -33.425914], [-71.151033, -33.420738], [-71.157748, -33.691134]]]}, "properties": {"cell_id": "G30_0300_6270", "hs_mean": 0.9744, "hs_p90": 0.9909, "hs_sd": 0.0176, "coverage": 1.0, "data_status": "value"}}, {"type": "Feature", "geometry": {"type": "Polygon", "coordinates": [[[-70.834244, -33.696362], [-70.510663, -33.700743], [-70.505959, -33.430251], [-70.828534, -33.425914], [-70.834244, -33.696362]]]}, "properties": {"cell_id": "G30_0330_6270", "hs_mean": 0.9747, "hs_p90": 0.9841, "hs_sd": 0.0084, "coverage": 1.0, "data_status": "value"}}, {"type": "Feature", "geometry": {"type": "Polygon", "coordinates": [[[-70.510663, -33.700743], [-70.187018, -33.704278], [-70.183321, -33.433749], [-70.505959, -33.430251], [-70.510663, -33.700743]]]}, "properties": {"cell_id": "G30_0360_6270", "hs_mean": 0.9627, "hs_p90": 0.9925, "hs_sd": 0.0178, "coverage": 0.5833, "data_status": "value"}}, {"type": "Feature", "geometry": {"type": "Polygon", "coordinates": [[[-70.187018, -33.704278], [-69.863324, -33.706964], [-69.860635, -33.436408], [-70.183321, -33.433749], [-70.187018, -33.704278]]]}, "properties": {"cell_id": "G30_0390_6270", "hs_mean": 0.9063, "hs_p90": 0.9626, "hs_sd": 0.037, "coverage": 0.6809, "data_status": "value"}}, {"type": "Feature", "geometry": {"type": "Polygon", "coordinates": [[[-69.863324, -33.706964], [-69.539594, -33.708802], [-69.537913, -33.438228], [-69.860635, -33.436408], [-69.863324, -33.706964]]]}, "properties": {"cell_id": "G30_0420_6270", "hs_mean": 0.955, "hs_p90": 0.9739, "hs_sd": 0.0234, "coverage": 1.0, "data_status": "value"}}, {"type": "Feature", "geometry": {"type": "Polygon", "coordinates": [[[-71.79575, -33.407877], [-71.473443, -33.414726], [-71.465825, -33.144379], [-71.787143, -33.1376], [-71.79575, -33.407877]]]}, "properties": {"cell_id": "G30_0240_6300", "hs_mean": 0.5624, "hs_p90": 0.6553, "hs_sd": 0.081, "coverage": 1.0, "data_status": "value"}}, {"type": "Feature", "geometry": {"type": "Polygon", "coordinates": [[[-71.473443, -33.414726], [-71.151033, -33.420738], [-71.144406, -33.15033], [-71.465825, -33.144379], [-71.473443, -33.414726]]]}, "properties": {"cell_id": "G30_0270_6300", "hs_mean": 0.857, "hs_p90": 0.9909, "hs_sd": 0.142, "coverage": 1.0, "data_status": "value"}}, {"type": "Feature", "geometry": {"type": "Polygon", "coordinates": [[[-71.151033, -33.420738], [-70.828534, -33.425914], [-70.822899, -33.155453], [-71.144406, -33.15033], [-71.151033, -33.420738]]]}, "properties": {"cell_id": "G30_0300_6300", "hs_mean": 0.9674, "hs_p90": 0.9909, "hs_sd": 0.023, "coverage": 1.0, "data_status": "value"}}, {"type": "Feature", "geometry": {"type": "Polygon", "coordinates": [[[-70.828534, -33.425914], [-70.505959, -33.430251], [-70.501317, -33.159746], [-70.822899, -33.155453], [-70.828534, -33.425914]]]}, "properties": {"cell_id": "G30_0330_6300", "hs_mean": 0.99, "hs_p90": 0.9986, "hs_sd": 0.0052, "coverage": 1.0, "data_status": "value"}}, {"type": "Feature", "geometry": {"type": "Polygon", "coordinates": [[[-70.505959, -33.430251], [-70.183321, -33.433749], [-70.179674, -33.163209], [-70.501317, -33.159746], [-70.505959, -33.430251]]]}, "properties": {"cell_id": "G30_0360_6300", "hs_mean": 0.9933, "hs_p90": 1.0, "hs_sd": 0.0049, "coverage": 0.5486, "data_status": "value"}}, {"type": "Feature", "geometry": {"type": "Polygon", "coordinates": [[[-70.183321, -33.433749], [-69.860635, -33.436408], [-69.857982, -33.165841], [-70.179674, -33.163209], [-70.183321, -33.433749]]]}, "properties": {"cell_id": "G30_0390_6300", "hs_mean": 0.9701, "hs_p90": 1.0, "hs_sd": 0.0177, "coverage": 0.7524, "data_status": "value"}}, {"type": "Feature", "geometry": {"type": "Polygon", "coordinates": [[[-69.860635, -33.436408], [-69.537913, -33.438228], [-69.536254, -33.167642], [-69.857982, -33.165841], [-69.860635, -33.436408]]]}, "properties": {"cell_id": "G30_0420_6300", "hs_mean": 0.9793, "hs_p90": 0.9939, "hs_sd": 0.011, "coverage": 1.0, "data_status": "value"}}, {"type": "Feature", "geometry": {"type": "Polygon", "coordinates": [[[-71.787143, -33.1376], [-71.465825, -33.144379], [-71.458309, -32.874019], [-71.77865, -32.867309], [-71.787143, -33.1376]]]}, "properties": {"cell_id": "G30_0240_6330", "hs_mean": 0.6018, "hs_p90": 0.7556, "hs_sd": 0.1079, "coverage": 1.0, "data_status": "value"}}, {"type": "Feature", "geometry": {"type": "Polygon", "coordinates": [[[-71.465825, -33.144379], [-71.144406, -33.15033], [-71.137868, -32.879909], [-71.458309, -32.874019], [-71.465825, -33.144379]]]}, "properties": {"cell_id": "G30_0270_6330", "hs_mean": 0.8977, "hs_p90": 0.9909, "hs_sd": 0.1218, "coverage": 1.0, "data_status": "value"}}, {"type": "Feature", "geometry": {"type": "Polygon", "coordinates": [[[-71.144406, -33.15033], [-70.822899, -33.155453], [-70.817339, -32.884979], [-71.137868, -32.879909], [-71.144406, -33.15033]]]}, "properties": {"cell_id": "G30_0300_6330", "hs_mean": 0.9824, "hs_p90": 0.9932, "hs_sd": 0.0123, "coverage": 1.0, "data_status": "value"}}, {"type": "Feature", "geometry": {"type": "Polygon", "coordinates": [[[-70.822899, -33.155453], [-70.501317, -33.159746], [-70.496737, -32.889228], [-70.817339, -32.884979], [-70.822899, -33.155453]]]}, "properties": {"cell_id": "G30_0330_6330", "hs_mean": 0.9923, "hs_p90": 0.9932, "hs_sd": 0.0024, "coverage": 0.9653, "data_status": "value"}}, {"type": "Feature", "geometry": {"type": "Polygon", "coordinates": [[[-70.501317, -33.159746], [-70.179674, -33.163209], [-70.176074, -32.892656], [-70.496737, -32.889228], [-70.501317, -33.159746]]]}, "properties": {"cell_id": "G30_0360_6330", "hs_mean": 0.9943, "hs_p90": 1.0, "hs_sd": 0.0043, "coverage": 0.5625, "data_status": "value"}}, {"type": "Feature", "geometry": {"type": "Polygon", "coordinates": [[[-70.179674, -33.163209], [-69.857982, -33.165841], [-69.855363, -32.895261], [-70.176074, -32.892656], [-70.179674, -33.163209]]]}, "properties": {"cell_id": "G30_0390_6330", "hs_mean": null, "hs_p90": null, "hs_sd": null, "coverage": 0.0, "data_status": "no_data_from_figure"}}, {"type": "Feature", "geometry": {"type": "Polygon", "coordinates": [[[-71.77865, -32.867309], [-71.458309, -32.874019], [-71.450892, -32.603645], [-71.77027, -32.597004], [-71.77865, -32.867309]]]}, "properties": {"cell_id": "G30_0240_6360", "hs_mean": 0.8526, "hs_p90": 0.9048, "hs_sd": 0.0599, "coverage": 1.0, "data_status": "value"}}, {"type": "Feature", "geometry": {"type": "Polygon", "coordinates": [[[-71.458309, -32.874019], [-71.137868, -32.879909], [-71.131416, -32.609475], [-71.450892, -32.603645], [-71.458309, -32.874019]]]}, "properties": {"cell_id": "G30_0270_6360", "hs_mean": 0.9786, "hs_p90": 0.9932, "hs_sd": 0.0206, "coverage": 1.0, "data_status": "value"}}, {"type": "Feature", "geometry": {"type": "Polygon", "coordinates": [[[-71.137868, -32.879909], [-70.817339, -32.884979], [-70.811854, -32.614493], [-71.131416, -32.609475], [-71.137868, -32.879909]]]}, "properties": {"cell_id": "G30_0300_6360", "hs_mean": 0.9897, "hs_p90": 0.9955, "hs_sd": 0.006, "coverage": 1.0, "data_status": "value"}}, {"type": "Feature", "geometry": {"type": "Polygon", "coordinates": [[[-70.817339, -32.884979], [-70.496737, -32.889228], [-70.492218, -32.618699], [-70.811854, -32.614493], [-70.817339, -32.884979]]]}, "properties": {"cell_id": "G30_0330_6360", "hs_mean": 0.9911, "hs_p90": 1.0, "hs_sd": 0.0075, "coverage": 0.6528, "data_status": "value"}}, {"type": "Feature", "geometry": {"type": "Polygon", "coordinates": [[[-70.496737, -32.889228], [-70.176074, -32.892656], [-70.172523, -32.622091], [-70.492218, -32.618699], [-70.496737, -32.889228]]]}, "properties": {"cell_id": "G30_0360_6360", "hs_mean": 0.9638, "hs_p90": 0.9698, "hs_sd": 0.0071, "coverage": 0.5139, "data_status": "value"}}, {"type": "Feature", "geometry": {"type": "Polygon", "coordinates": [[[-70.176074, -32.892656], [-69.855363, -32.895261], [-69.85278, -32.624669], [-70.172523, -32.622091], [-70.176074, -32.892656]]]}, "properties": {"cell_id": "G30_0390_6360", "hs_mean": 0.9658, "hs_p90": 0.9751, "hs_sd": 0.0113, "coverage": 0.5333, "data_status": "value"}}, {"type": "Feature", "geometry": {"type": "Polygon", "coordinates": [[[-71.77027, -32.597004], [-71.450892, -32.603645], [-71.443574, -32.333258], [-71.762002, -32.326686], [-71.77027, -32.597004]]]}, "properties": {"cell_id": "G30_0240_6390", "hs_mean": 0.8503, "hs_p90": 0.8921, "hs_sd": 0.0417, "coverage": 1.0, "data_status": "value"}}, {"type": "Feature", "geometry": {"type": "Polygon", "coordinates": [[[-71.450892, -32.603645], [-71.131416, -32.609475], [-71.12505, -32.339028], [-71.443574, -32.333258], [-71.450892, -32.603645]]]}, "properties": {"cell_id": "G30_0270_6390", "hs_mean": 0.9452, "hs_p90": 1.0, "hs_sd": 0.0611, "coverage": 1.0, "data_status": "value"}}, {"type": "Feature", "geometry": {"type": "Polygon", "coordinates": [[[-71.131416, -32.609475], [-70.811854, -32.614493], [-70.806441, -32.343995], [-71.12505, -32.339028], [-71.131416, -32.609475]]]}, "properties": {"cell_id": "G30_0300_6390", "hs_mean": 0.9921, "hs_p90": 0.9932, "hs_sd": 0.003, "coverage": 1.0, "data_status": "value"}}, {"type": "Feature", "geometry": {"type": "Polygon", "coordinates": [[[-70.811854, -32.614493], [-70.492218, -32.618699], [-70.487759, -32.348157], [-70.806441, -32.343995], [-70.811854, -32.614493]]]}, "properties": {"cell_id": "G30_0330_6390", "hs_mean": 0.993, "hs_p90": 1.0, "hs_sd": 0.0059, "coverage": 0.5278, "data_status": "value"}}, {"type": "Feature", "geometry": {"type": "Polygon", "coordinates": [[[-70.492218, -32.618699], [-70.172523, -32.622091], [-70.169019, -32.351514], [-70.487759, -32.348157], [-70.492218, -32.618699]]]}, "properties": {"cell_id": "G30_0360_6390", "hs_mean": 0.9734, "hs_p90": 0.9909, "hs_sd": 0.0139, "coverage": 0.625, "data_status": "value"}}, {"type": "Feature", "geometry": {"type": "Polygon", "coordinates": [[[-70.172523, -32.622091], [-69.85278, -32.624669], [-69.850231, -32.354066], [-70.169019, -32.351514], [-70.172523, -32.622091]]]}, "properties": {"cell_id": "G30_0390_6390", "hs_mean": 0.9683, "hs_p90": 0.9687, "hs_sd": 0.0011, "coverage": 1.0, "data_status": "value"}}, {"type": "Feature", "geometry": {"type": "Polygon", "coordinates": [[[-71.762002, -32.326686], [-71.443574, -32.333258], [-71.436354, -32.062859], [-71.753843, -32.056354], [-71.762002, -32.326686]]]}, "properties": {"cell_id": "G30_0240_6420", "hs_mean": 0.9132, "hs_p90": 0.9456, "hs_sd": 0.0287, "coverage": 1.0, "data_status": "value"}}, {"type": "Feature", "geometry": {"type": "Polygon", "coordinates": [[[-71.443574, -32.333258], [-71.12505, -32.339028], [-71.118769, -32.068569], [-71.436354, -32.062859], [-71.443574, -32.333258]]]}, "properties": {"cell_id": "G30_0270_6420", "hs_mean": 0.9856, "hs_p90": 0.9932, "hs_sd": 0.0107, "coverage": 1.0, "data_status": "value"}}, {"type": "Feature", "geometry": {"type": "Polygon", "coordinates": [[[-71.12505, -32.339028], [-70.806441, -32.343995], [-70.8011, -32.073484], [-71.118769, -32.068569], [-71.12505, -32.339028]]]}, "properties": {"cell_id": "G30_0300_6420", "hs_mean": 0.9741, "hs_p90": 0.9909, "hs_sd": 0.0137, "coverage": 0.9792, "data_status": "value"}}, {"type": "Feature", "geometry": {"type": "Polygon", "coordinates": [[[-70.806441, -32.343995], [-70.487759, -32.348157], [-70.48336, -32.077603], [-70.8011, -32.073484], [-70.806441, -32.343995]]]}, "properties": {"cell_id": "G30_0330_6420", "hs_mean": 0.9641, "hs_p90": 1.0, "hs_sd": 0.0209, "coverage": 0.2708, "data_status": "value"}}, {"type": "Feature", "geometry": {"type": "Polygon", "coordinates": [[[-70.487759, -32.348157], [-70.169019, -32.351514], [-70.165561, -32.080925], [-70.48336, -32.077603], [-70.487759, -32.348157]]]}, "properties": {"cell_id": "G30_0360_6420", "hs_mean": 0.9656, "hs_p90": 0.988, "hs_sd": 0.0144, "coverage": 1.0, "data_status": "value"}}, {"type": "Feature", "geometry": {"type": "Polygon", "coordinates": [[[-71.753843, -32.056354], [-71.436354, -32.062859], [-71.42923, -31.792446], [-71.745793, -31.786009], [-71.753843, -32.056354]]]}, "properties": {"cell_id": "G30_0240_6450", "hs_mean": 0.9739, "hs_p90": 0.9909, "hs_sd": 0.0142, "coverage": 1.0, "data_status": "value"}}, {"type": "Feature", "geometry": {"type": "Polygon", "coordinates": [[[-71.436354, -32.062859], [-71.118769, -32.068569], [-71.112572, -31.798097], [-71.42923, -31.792446], [-71.436354, -32.062859]]]}, "properties": {"cell_id": "G30_0270_6450", "hs_mean": 0.9642, "hs_p90": 0.9789, "hs_sd": 0.0149, "coverage": 1.0, "data_status": "value"}}, {"type": "Feature", "geometry": {"type": "Polygon", "coordinates": [[[-71.118769, -32.068569], [-70.8011, -32.073484], [-70.79583, -31.802961], [-71.112572, -31.798097], [-71.118769, -32.068569]]]}, "properties": {"cell_id": "G30_0300_6450", "hs_mean": 0.9388, "hs_p90": 0.9825, "hs_sd": 0.0369, "coverage": 0.4722, "data_status": "value"}}, {"type": "Feature", "geometry": {"type": "Polygon", "coordinates": [[[-70.8011, -32.073484], [-70.48336, -32.077603], [-70.479019, -31.807037], [-70.79583, -31.802961], [-70.8011, -32.073484]]]}, "properties": {"cell_id": "G30_0330_6450", "hs_mean": 0.9349, "hs_p90": 0.9841, "hs_sd": 0.0324, "coverage": 0.7083, "data_status": "value"}}, {"type": "Feature", "geometry": {"type": "Polygon", "coordinates": [[[-70.48336, -32.077603], [-70.165561, -32.080925], [-70.16215, -31.810325], [-70.479019, -31.807037], [-70.48336, -32.077603]]]}, "properties": {"cell_id": "G30_0360_6450", "hs_mean": 0.9573, "hs_p90": 0.9753, "hs_sd": 0.0126, "coverage": 1.0, "data_status": "value"}}, {"type": "Feature", "geometry": {"type": "Polygon", "coordinates": [[[-71.745793, -31.786009], [-71.42923, -31.792446], [-71.422201, -31.52202], [-71.73785, -31.515651], [-71.745793, -31.786009]]]}, "properties": {"cell_id": "G30_0240_6480", "hs_mean": 0.9797, "hs_p90": 0.9909, "hs_sd": 0.0078, "coverage": 1.0, "data_status": "value"}}, {"type": "Feature", "geometry": {"type": "Polygon", "coordinates": [[[-71.42923, -31.792446], [-71.112572, -31.798097], [-71.106457, -31.527612], [-71.422201, -31.52202], [-71.42923, -31.792446]]]}, "properties": {"cell_id": "G30_0270_6480", "hs_mean": 0.983, "hs_p90": 1.0, "hs_sd": 0.0169, "coverage": 0.9931, "data_status": "value"}}, {"type": "Feature", "geometry": {"type": "Polygon", "coordinates": [[[-71.112572, -31.798097], [-70.79583, -31.802961], [-70.790631, -31.532425], [-71.106457, -31.527612], [-71.112572, -31.798097]]]}, "properties": {"cell_id": "G30_0300_6480", "hs_mean": 0.9425, "hs_p90": 0.9673, "hs_sd": 0.0239, "coverage": 0.1597, "data_status": "value"}}, {"type": "Feature", "geometry": {"type": "Polygon", "coordinates": [[[-70.79583, -31.802961], [-70.479019, -31.807037], [-70.474736, -31.536458], [-70.790631, -31.532425], [-70.79583, -31.802961]]]}, "properties": {"cell_id": "G30_0330_6480", "hs_mean": 0.9868, "hs_p90": 1.0, "hs_sd": 0.0115, "coverage": 0.7969, "data_status": "value"}}, {"type": "Feature", "geometry": {"type": "Polygon", "coordinates": [[[-70.479019, -31.807037], [-70.16215, -31.810325], [-70.158784, -31.539712], [-70.474736, -31.536458], [-70.479019, -31.807037]]]}, "properties": {"cell_id": "G30_0360_6480", "hs_mean": 0.9917, "hs_p90": 0.9927, "hs_sd": 0.0011, "coverage": 1.0, "data_status": "value"}}, {"type": "Feature", "geometry": {"type": "Polygon", "coordinates": [[[-71.73785, -31.515651], [-71.422201, -31.52202], [-71.415265, -31.251582], [-71.730014, -31.245279], [-71.73785, -31.515651]]]}, "properties": {"cell_id": "G30_0240_6510", "hs_mean": 0.99, "hs_p90": 1.0, "hs_sd": 0.0071, "coverage": 1.0, "data_status": "value"}}, {"type": "Feature", "geometry": {"type": "Polygon", "coordinates": [[[-71.422201, -31.52202], [-71.106457, -31.527612], [-71.100424, -31.257115], [-71.415265, -31.251582], [-71.422201, -31.52202]]]}, "properties": {"cell_id": "G30_0270_6510", "hs_mean": 0.982, "hs_p90": 1.0, "hs_sd": 0.0578, "coverage": 0.3472, "data_status": "value"}}, {"type": "Feature", "geometry": {"type": "Polygon", "coordinates": [[[-71.106457, -31.527612], [-70.790631, -31.532425], [-70.785502, -31.261877], [-71.100424, -31.257115], [-71.106457, -31.527612]]]}, "properties": {"cell_id": "G30_0300_6510", "hs_mean": 0.8598, "hs_p90": 0.9238, "hs_sd": 0.0523, "coverage": 0.6944, "data_status": "value"}}, {"type": "Feature", "geometry": {"type": "Polygon", "coordinates": [[[-70.790631, -31.532425], [-70.474736, -31.536458], [-70.470511, -31.265868], [-70.785502, -31.261877], [-70.790631, -31.532425]]]}, "properties": {"cell_id": "G30_0330_6510", "hs_mean": 0.9595, "hs_p90": 0.9878, "hs_sd": 0.0197, "coverage": 0.973, "data_status": "value"}}, {"type": "Feature", "geometry": {"type": "Polygon", "coordinates": [[[-71.730014, -31.245279], [-71.415265, -31.251582], [-71.408423, -30.981131], [-71.722283, -30.974894], [-71.730014, -31.245279]]]}, "properties": {"cell_id": "G30_0240_6540", "hs_mean": 0.9632, "hs_p90": 0.9948, "hs_sd": 0.039, "coverage": 0.9369, "data_status": "value"}}, {"type": "Feature", "geometry": {"type": "Polygon", "coordinates": [[[-71.415265, -31.251582], [-71.100424, -31.257115], [-71.094472, -30.986605], [-71.408423, -30.981131], [-71.415265, -31.251582]]]}, "properties": {"cell_id": "G30_0270_6540", "hs_mean": 0.6732, "hs_p90": 0.7444, "hs_sd": 0.0694, "coverage": 0.3472, "data_status": "value"}}, {"type": "Feature", "geometry": {"type": "Polygon", "coordinates": [[[-71.100424, -31.257115], [-70.785502, -31.261877], [-70.780441, -30.991317], [-71.094472, -30.986605], [-71.100424, -31.257115]]]}, "properties": {"cell_id": "G30_0300_6540", "hs_mean": 0.8566, "hs_p90": 0.9206, "hs_sd": 0.0721, "coverage": 1.0, "data_status": "value"}}, {"type": "Feature", "geometry": {"type": "Polygon", "coordinates": [[[-70.785502, -31.261877], [-70.470511, -31.265868], [-70.466342, -30.995266], [-70.780441, -30.991317], [-70.785502, -31.261877]]]}, "properties": {"cell_id": "G30_0330_6540", "hs_mean": 0.9616, "hs_p90": 0.9909, "hs_sd": 0.0246, "coverage": 1.0, "data_status": "value"}}, {"type": "Feature", "geometry": {"type": "Polygon", "coordinates": [[[-70.470511, -31.265868], [-70.155463, -31.269088], [-70.152187, -30.998452], [-70.466342, -30.995266], [-70.470511, -31.265868]]]}, "properties": {"cell_id": "G30_0360_6540", "hs_mean": 0.9489, "hs_p90": 0.9683, "hs_sd": 0.0179, "coverage": 1.0, "data_status": "value"}}, {"type": "Feature", "geometry": {"type": "Polygon", "coordinates": [[[-71.722283, -30.974894], [-71.408423, -30.981131], [-71.401673, -30.710667], [-71.714655, -30.704497], [-71.722283, -30.974894]]]}, "properties": {"cell_id": "G30_0240_6570", "hs_mean": 0.962, "hs_p90": 0.9909, "hs_sd": 0.0361, "coverage": 1.0, "data_status": "value"}}, {"type": "Feature", "geometry": {"type": "Polygon", "coordinates": [[[-71.408423, -30.981131], [-71.094472, -30.986605], [-71.0886, -30.716083], [-71.401673, -30.710667], [-71.408423, -30.981131]]]}, "properties": {"cell_id": "G30_0270_6570", "hs_mean": 0.7365, "hs_p90": 0.9841, "hs_sd": 0.213, "coverage": 0.2639, "data_status": "value"}}, {"type": "Feature", "geometry": {"type": "Polygon", "coordinates": [[[-71.094472, -30.986605], [-70.780441, -30.991317], [-70.775448, -30.720745], [-71.0886, -30.716083], [-71.094472, -30.986605]]]}, "properties": {"cell_id": "G30_0300_6570", "hs_mean": 0.8033, "hs_p90": 0.9002, "hs_sd": 0.0796, "coverage": 0.7431, "data_status": "value"}}, {"type": "Feature", "geometry": {"type": "Polygon", "coordinates": [[[-70.780441, -30.991317], [-70.466342, -30.995266], [-70.462228, -30.724652], [-70.775448, -30.720745], [-70.780441, -30.991317]]]}, "properties": {"cell_id": "G30_0330_6570", "hs_mean": 0.8218, "hs_p90": 0.8837, "hs_sd": 0.0476, "coverage": 1.0, "data_status": "value"}}, {"type": "Feature", "geometry": {"type": "Polygon", "coordinates": [[[-70.466342, -30.995266], [-70.152187, -30.998452], [-70.148954, -30.727804], [-70.462228, -30.724652], [-70.466342, -30.995266]]]}, "properties": {"cell_id": "G30_0360_6570", "hs_mean": 0.8184, "hs_p90": 0.9229, "hs_sd": 0.0759, "coverage": 1.0, "data_status": "value"}}, {"type": "Feature", "geometry": {"type": "Polygon", "coordinates": [[[-71.714655, -30.704497], [-71.401673, -30.710667], [-71.395013, -30.44019], [-71.707129, -30.434086], [-71.714655, -30.704497]]]}, "properties": {"cell_id": "G30_0240_6600", "hs_mean": 0.9838, "hs_p90": 0.9932, "hs_sd": 0.0073, "coverage": 1.0, "data_status": "value"}}, {"type": "Feature", "geometry": {"type": "Polygon", "coordinates": [[[-71.401673, -30.710667], [-71.0886, -30.716083], [-71.082806, -30.445549], [-71.395013, -30.44019], [-71.401673, -30.710667]]]}, "properties": {"cell_id": "G30_0270_6600", "hs_mean": 0.9738, "hs_p90": 0.9932, "hs_sd": 0.0248, "coverage": 0.9236, "data_status": "value"}}, {"type": "Feature", "geometry": {"type": "Polygon", "coordinates": [[[-71.0886, -30.716083], [-70.775448, -30.720745], [-70.770522, -30.450161], [-71.082806, -30.445549], [-71.0886, -30.716083]]]}, "properties": {"cell_id": "G30_0300_6600", "hs_mean": 0.6195, "hs_p90": 0.9093, "hs_sd": 0.2147, "coverage": 0.2917, "data_status": "value"}}, {"type": "Feature", "geometry": {"type": "Polygon", "coordinates": [[[-70.775448, -30.720745], [-70.462228, -30.724652], [-70.458171, -30.454027], [-70.770522, -30.450161], [-70.775448, -30.720745]]]}, "properties": {"cell_id": "G30_0330_6600", "hs_mean": 0.7325, "hs_p90": 0.8331, "hs_sd": 0.0752, "coverage": 1.0, "data_status": "value"}}, {"type": "Feature", "geometry": {"type": "Polygon", "coordinates": [[[-70.462228, -30.724652], [-70.148954, -30.727804], [-70.145765, -30.457145], [-70.458171, -30.454027], [-70.462228, -30.724652]]]}, "properties": {"cell_id": "G30_0360_6600", "hs_mean": 0.833, "hs_p90": 0.9093, "hs_sd": 0.0523, "coverage": 1.0, "data_status": "value"}}, {"type": "Feature", "geometry": {"type": "Polygon", "coordinates": [[[-71.707129, -30.434086], [-71.395013, -30.44019], [-71.388442, -30.169701], [-71.699705, -30.163663], [-71.707129, -30.434086]]]}, "properties": {"cell_id": "G30_0240_6630", "hs_mean": 0.9884, "hs_p90": 0.9932, "hs_sd": 0.0094, "coverage": 1.0, "data_status": "value"}}, {"type": "Feature", "geometry": {"type": "Polygon", "coordinates": [[[-71.395013, -30.44019], [-71.082806, -30.445549], [-71.077091, -30.175003], [-71.388442, -30.169701], [-71.395013, -30.44019]]]}, "properties": {"cell_id": "G30_0270_6630", "hs_mean": 0.9339, "hs_p90": 0.9932, "hs_sd": 0.0548, "coverage": 1.0, "data_status": "value"}}, {"type": "Feature", "geometry": {"type": "Polygon", "coordinates": [[[-71.082806, -30.445549], [-70.770522, -30.450161], [-70.765662, -30.179565], [-71.077091, -30.175003], [-71.082806, -30.445549]]]}, "properties": {"cell_id": "G30_0300_6630", "hs_mean": 0.744, "hs_p90": 0.8231, "hs_sd": 0.1067, "coverage": 0.4514, "data_status": "value"}}, {"type": "Feature", "geometry": {"type": "Polygon", "coordinates": [[[-70.770522, -30.450161], [-70.458171, -30.454027], [-70.454168, -30.183389], [-70.765662, -30.179565], [-70.770522, -30.450161]]]}, "properties": {"cell_id": "G30_0330_6630", "hs_mean": 0.6391, "hs_p90": 0.6995, "hs_sd": 0.0649, "coverage": 0.875, "data_status": "value"}}, {"type": "Feature", "geometry": {"type": "Polygon", "coordinates": [[[-70.458171, -30.454027], [-70.145765, -30.457145], [-70.142619, -30.186474], [-70.454168, -30.183389], [-70.458171, -30.454027]]]}, "properties": {"cell_id": "G30_0360_6630", "hs_mean": 0.785, "hs_p90": 0.8912, "hs_sd": 0.0826, "coverage": 1.0, "data_status": "value"}}, {"type": "Feature", "geometry": {"type": "Polygon", "coordinates": [[[-70.145765, -30.457145], [-69.833317, -30.459515], [-69.831028, -30.188818], [-70.142619, -30.186474], [-70.145765, -30.457145]]]}, "properties": {"cell_id": "G30_0390_6630", "hs_mean": 0.851, "hs_p90": 0.917, "hs_sd": 0.0518, "coverage": 1.0, "data_status": "value"}}, {"type": "Feature", "geometry": {"type": "Polygon", "coordinates": [[[-71.699705, -30.163663], [-71.388442, -30.169701], [-71.381961, -29.8992], [-71.692381, -29.893226], [-71.699705, -30.163663]]]}, "properties": {"cell_id": "G30_0240_6660", "hs_mean": 0.9932, "hs_p90": 0.9932, "hs_sd": 0.0, "coverage": 1.0, "data_status": "value"}}, {"type": "Feature", "geometry": {"type": "Polygon", "coordinates": [[[-71.388442, -30.169701], [-71.077091, -30.175003], [-71.071453, -29.904444], [-71.381961, -29.8992], [-71.388442, -30.169701]]]}, "properties": {"cell_id": "G30_0270_6660", "hs_mean": 0.9609, "hs_p90": 0.9932, "hs_sd": 0.039, "coverage": 1.0, "data_status": "value"}}, {"type": "Feature", "geometry": {"type": "Polygon", "coordinates": [[[-71.077091, -30.175003], [-70.765662, -30.179565], [-70.760868, -29.908958], [-71.071453, -29.904444], [-71.077091, -30.175003]]]}, "properties": {"cell_id": "G30_0300_6660", "hs_mean": 0.8454, "hs_p90": 0.9524, "hs_sd": 0.071, "coverage": 0.8889, "data_status": "value"}}, {"type": "Feature", "geometry": {"type": "Polygon", "coordinates": [[[-70.765662, -30.179565], [-70.454168, -30.183389], [-70.450219, -29.91274], [-70.760868, -29.908958], [-70.765662, -30.179565]]]}, "properties": {"cell_id": "G30_0330_6660", "hs_mean": 0.7019, "hs_p90": 0.7893, "hs_sd": 0.0824, "coverage": 0.3472, "data_status": "value"}}, {"type": "Feature", "geometry": {"type": "Polygon", "coordinates": [[[-70.454168, -30.183389], [-70.142619, -30.186474], [-70.139516, -29.915791], [-70.450219, -29.91274], [-70.454168, -30.183389]]]}, "properties": {"cell_id": "G30_0360_6660", "hs_mean": 0.8345, "hs_p90": 0.9184, "hs_sd": 0.0872, "coverage": 0.5069, "data_status": "value"}}, {"type": "Feature", "geometry": {"type": "Polygon", "coordinates": [[[-70.142619, -30.186474], [-69.831028, -30.188818], [-69.828771, -29.918111], [-70.139516, -29.915791], [-70.142619, -30.186474]]]}, "properties": {"cell_id": "G30_0390_6660", "hs_mean": 0.8383, "hs_p90": 0.9401, "hs_sd": 0.0798, "coverage": 1.0, "data_status": "value"}}, {"type": "Feature", "geometry": {"type": "Polygon", "coordinates": [[[-69.831028, -30.188818], [-69.519407, -30.190423], [-69.517996, -29.919698], [-69.828771, -29.918111], [-69.831028, -30.188818]]]}, "properties": {"cell_id": "G30_0420_6660", "hs_mean": 0.9524, "hs_p90": 0.956, "hs_sd": 0.0045, "coverage": 1.0, "data_status": "value"}}, {"type": "Feature", "geometry": {"type": "Polygon", "coordinates": [[[-71.381961, -29.8992], [-71.071453, -29.904444], [-71.06589, -29.633873], [-71.375567, -29.628686], [-71.381961, -29.8992]]]}, "properties": {"cell_id": "G30_0270_6690", "hs_mean": 0.9933, "hs_p90": 0.9932, "hs_sd": 0.0006, "coverage": 1.0, "data_status": "value"}}, {"type": "Feature", "geometry": {"type": "Polygon", "coordinates": [[[-71.071453, -29.904444], [-70.760868, -29.908958], [-70.756139, -29.638338], [-71.06589, -29.633873], [-71.071453, -29.904444]]]}, "properties": {"cell_id": "G30_0300_6690", "hs_mean": 0.9584, "hs_p90": 0.9932, "hs_sd": 0.0414, "coverage": 1.0, "data_status": "value"}}, {"type": "Feature", "geometry": {"type": "Polygon", "coordinates": [[[-70.760868, -29.908958], [-70.450219, -29.91274], [-70.446323, -29.64208], [-70.756139, -29.638338], [-70.760868, -29.908958]]]}, "properties": {"cell_id": "G30_0330_6690", "hs_mean": 0.8841, "hs_p90": 0.9501, "hs_sd": 0.059, "coverage": 0.9097, "data_status": "value"}}, {"type": "Feature", "geometry": {"type": "Polygon", "coordinates": [[[-70.450219, -29.91274], [-70.139516, -29.915791], [-70.136454, -29.645098], [-70.446323, -29.64208], [-70.450219, -29.91274]]]}, "properties": {"cell_id": "G30_0360_6690", "hs_mean": 0.5994, "hs_p90": 0.9499, "hs_sd": 0.2466, "coverage": 0.2222, "data_status": "value"}}, {"type": "Feature", "geometry": {"type": "Polygon", "coordinates": [[[-70.139516, -29.915791], [-69.828771, -29.918111], [-69.826544, -29.647392], [-70.136454, -29.645098], [-70.139516, -29.915791]]]}, "properties": {"cell_id": "G30_0390_6690", "hs_mean": 0.5209, "hs_p90": 0.6871, "hs_sd": 0.1256, "coverage": 0.8909, "data_status": "value"}}, {"type": "Feature", "geometry": {"type": "Polygon", "coordinates": [[[-71.375567, -29.628686], [-71.06589, -29.633873], [-71.060404, -29.363291], [-71.36926, -29.35816], [-71.375567, -29.628686]]]}, "properties": {"cell_id": "G30_0270_6720", "hs_mean": 0.9889, "hs_p90": 1.0, "hs_sd": 0.0145, "coverage": 1.0, "data_status": "value"}}, {"type": "Feature", "geometry": {"type": "Polygon", "coordinates": [[[-71.06589, -29.633873], [-70.756139, -29.638338], [-70.751474, -29.367707], [-71.060404, -29.363291], [-71.06589, -29.633873]]]}, "properties": {"cell_id": "G30_0300_6720", "hs_mean": 0.9404, "hs_p90": 0.9955, "hs_sd": 0.0894, "coverage": 1.0, "data_status": "value"}}, {"type": "Feature", "geometry": {"type": "Polygon", "coordinates": [[[-70.756139, -29.638338], [-70.446323, -29.64208], [-70.44248, -29.371408], [-70.751474, -29.367707], [-70.756139, -29.638338]]]}, "properties": {"cell_id": "G30_0330_6720", "hs_mean": 0.7531, "hs_p90": 0.9546, "hs_sd": 0.1994, "coverage": 1.0, "data_status": "value"}}, {"type": "Feature", "geometry": {"type": "Polygon", "coordinates": [[[-70.446323, -29.64208], [-70.136454, -29.645098], [-70.133434, -29.374393], [-70.44248, -29.371408], [-70.446323, -29.64208]]]}, "properties": {"cell_id": "G30_0360_6720", "hs_mean": 0.4232, "hs_p90": 0.907, "hs_sd": 0.2307, "coverage": 0.3611, "data_status": "value"}}, {"type": "Feature", "geometry": {"type": "Polygon", "coordinates": [[[-70.136454, -29.645098], [-69.826544, -29.647392], [-69.824347, -29.376662], [-70.133434, -29.374393], [-70.136454, -29.645098]]]}, "properties": {"cell_id": "G30_0390_6720", "hs_mean": 0.3386, "hs_p90": 0.458, "hs_sd": 0.0938, "coverage": 1.0, "data_status": "value"}}, {"type": "Feature", "geometry": {"type": "Polygon", "coordinates": [[[-71.67803, -29.352315], [-71.36926, -29.35816], [-71.363038, -29.087622], [-71.670999, -29.081841], [-71.67803, -29.352315]]]}, "properties": {"cell_id": "G30_0240_6750", "hs_mean": 0.9339, "hs_p90": 0.954, "hs_sd": 0.0184, "coverage": 1.0, "data_status": "value"}}, {"type": "Feature", "geometry": {"type": "Polygon", "coordinates": [[[-71.36926, -29.35816], [-71.060404, -29.363291], [-71.054992, -29.092696], [-71.363038, -29.087622], [-71.36926, -29.35816]]]}, "properties": {"cell_id": "G30_0270_6750", "hs_mean": 0.8494, "hs_p90": 0.9478, "hs_sd": 0.0793, "coverage": 1.0, "data_status": "value"}}, {"type": "Feature", "geometry": {"type": "Polygon", "coordinates": [[[-71.060404, -29.363291], [-70.751474, -29.367707], [-70.746872, -29.097064], [-71.054992, -29.092696], [-71.060404, -29.363291]]]}, "properties": {"cell_id": "G30_0300_6750", "hs_mean": 0.7526, "hs_p90": 0.8005, "hs_sd": 0.0443, "coverage": 1.0, "data_status": "value"}}, {"type": "Feature", "geometry": {"type": "Polygon", "coordinates": [[[-70.751474, -29.367707], [-70.44248, -29.371408], [-70.438689, -29.100724], [-70.746872, -29.097064], [-70.751474, -29.367707]]]}, "properties": {"cell_id": "G30_0330_6750", "hs_mean": 0.5522, "hs_p90": 0.737, "hs_sd": 0.1411, "coverage": 0.8681, "data_status": "value"}}, {"type": "Feature", "geometry": {"type": "Polygon", "coordinates": [[[-70.44248, -29.371408], [-70.133434, -29.374393], [-70.130455, -29.103676], [-70.438689, -29.100724], [-70.44248, -29.371408]]]}, "properties": {"cell_id": "G30_0360_6750", "hs_mean": 0.2212, "hs_p90": 0.2451, "hs_sd": 0.022, "coverage": 0.5139, "data_status": "value"}}, {"type": "Feature", "geometry": {"type": "Polygon", "coordinates": [[[-70.133434, -29.374393], [-69.824347, -29.376662], [-69.82218, -29.10592], [-70.130455, -29.103676], [-70.133434, -29.374393]]]}, "properties": {"cell_id": "G30_0390_6750", "hs_mean": 0.3431, "hs_p90": 0.4467, "hs_sd": 0.1057, "coverage": 1.0, "data_status": "value"}}, {"type": "Feature", "geometry": {"type": "Polygon", "coordinates": [[[-69.824347, -29.376662], [-69.515231, -29.378214], [-69.513876, -29.107456], [-69.82218, -29.10592], [-69.824347, -29.376662]]]}, "properties": {"cell_id": "G30_0420_6750", "hs_mean": 0.6871, "hs_p90": 0.6871, "hs_sd": 0.0, "coverage": 1.0, "data_status": "value"}}, {"type": "Feature", "geometry": {"type": "Polygon", "coordinates": [[[-71.670999, -29.081841], [-71.363038, -29.087622], [-71.356901, -28.817071], [-71.664065, -28.811355], [-71.670999, -29.081841]]]}, "properties": {"cell_id": "G30_0240_6780", "hs_mean": 0.9498, "hs_p90": 0.9637, "hs_sd": 0.0136, "coverage": 1.0, "data_status": "value"}}, {"type": "Feature", "geometry": {"type": "Polygon", "coordinates": [[[-71.363038, -29.087622], [-71.054992, -29.092696], [-71.049654, -28.82209], [-71.356901, -28.817071], [-71.363038, -29.087622]]]}, "properties": {"cell_id": "G30_0270_6780", "hs_mean": 0.8604, "hs_p90": 0.9501, "hs_sd": 0.0826, "coverage": 1.0, "data_status": "value"}}, {"type": "Feature", "geometry": {"type": "Polygon", "coordinates": [[[-71.054992, -29.092696], [-70.746872, -29.097064], [-70.742333, -28.826409], [-71.049654, -28.82209], [-71.054992, -29.092696]]]}, "properties": {"cell_id": "G30_0300_6780", "hs_mean": 0.8932, "hs_p90": 0.9569, "hs_sd": 0.0558, "coverage": 1.0, "data_status": "value"}}, {"type": "Feature", "geometry": {"type": "Polygon", "coordinates": [[[-70.746872, -29.097064], [-70.438689, -29.100724], [-70.43495, -28.830029], [-70.742333, -28.826409], [-70.746872, -29.097064]]]}, "properties": {"cell_id": "G30_0330_6780", "hs_mean": 0.822, "hs_p90": 0.9229, "hs_sd": 0.0678, "coverage": 0.5833, "data_status": "value"}}, {"type": "Feature", "geometry": {"type": "Polygon", "coordinates": [[[-70.438689, -29.100724], [-70.130455, -29.103676], [-70.127517, -28.832949], [-70.43495, -28.830029], [-70.438689, -29.100724]]]}, "properties": {"cell_id": "G30_0360_6780", "hs_mean": 0.4186, "hs_p90": 0.5968, "hs_sd": 0.1265, "coverage": 0.6042, "data_status": "value"}}, {"type": "Feature", "geometry": {"type": "Polygon", "coordinates": [[[-70.130455, -29.103676], [-69.82218, -29.10592], [-69.820043, -28.835168], [-70.127517, -28.832949], [-70.130455, -29.103676]]]}, "properties": {"cell_id": "G30_0390_6780", "hs_mean": 0.5245, "hs_p90": 0.6508, "hs_sd": 0.1038, "coverage": 0.9861, "data_status": "value"}}, {"type": "Feature", "geometry": {"type": "Polygon", "coordinates": [[[-69.82218, -29.10592], [-69.513876, -29.107456], [-69.51254, -28.836687], [-69.820043, -28.835168], [-69.82218, -29.10592]]]}, "properties": {"cell_id": "G30_0420_6780", "hs_mean": 0.4275, "hs_p90": 0.615, "hs_sd": 0.1516, "coverage": 1.0, "data_status": "value"}}, {"type": "Feature", "geometry": {"type": "Polygon", "coordinates": [[[-71.664065, -28.811355], [-71.356901, -28.817071], [-71.350848, -28.546509], [-71.657225, -28.540856], [-71.664065, -28.811355]]]}, "properties": {"cell_id": "G30_0240_6810", "hs_mean": 0.8985, "hs_p90": 0.9365, "hs_sd": 0.0437, "coverage": 1.0, "data_status": "value"}}, {"type": "Feature", "geometry": {"type": "Polygon", "coordinates": [[[-71.356901, -28.817071], [-71.049654, -28.82209], [-71.044388, -28.551472], [-71.350848, -28.546509], [-71.356901, -28.817071]]]}, "properties": {"cell_id": "G30_0270_6810", "hs_mean": 0.926, "hs_p90": 0.9615, "hs_sd": 0.0379, "coverage": 1.0, "data_status": "value"}}, {"type": "Feature", "geometry": {"type": "Polygon", "coordinates": [[[-71.049654, -28.82209], [-70.742333, -28.826409], [-70.737856, -28.555743], [-71.044388, -28.551472], [-71.049654, -28.82209]]]}, "properties": {"cell_id": "G30_0300_6810", "hs_mean": 0.9634, "hs_p90": 0.9796, "hs_sd": 0.0132, "coverage": 1.0, "data_status": "value"}}, {"type": "Feature", "geometry": {"type": "Polygon", "coordinates": [[[-70.742333, -28.826409], [-70.43495, -28.830029], [-70.431263, -28.559323], [-70.737856, -28.555743], [-70.742333, -28.826409]]]}, "properties": {"cell_id": "G30_0330_6810", "hs_mean": 0.9478, "hs_p90": 0.9841, "hs_sd": 0.0488, "coverage": 1.0, "data_status": "value"}}, {"type": "Feature", "geometry": {"type": "Polygon", "coordinates": [[[-70.43495, -28.830029], [-70.127517, -28.832949], [-70.124619, -28.56221], [-70.431263, -28.559323], [-70.43495, -28.830029]]]}, "properties": {"cell_id": "G30_0360_6810", "hs_mean": 0.781, "hs_p90": 0.8821, "hs_sd": 0.1163, "coverage": 0.5833, "data_status": "value"}}, {"type": "Feature", "geometry": {"type": "Polygon", "coordinates": [[[-70.127517, -28.832949], [-69.820043, -28.835168], [-69.817935, -28.564405], [-70.124619, -28.56221], [-70.127517, -28.832949]]]}, "properties": {"cell_id": "G30_0390_6810", "hs_mean": 0.246, "hs_p90": 0.4227, "hs_sd": 0.1432, "coverage": 0.6736, "data_status": "value"}}, {"type": "Feature", "geometry": {"type": "Polygon", "coordinates": [[[-69.820043, -28.835168], [-69.51254, -28.836687], [-69.511222, -28.565907], [-69.817935, -28.564405], [-69.820043, -28.835168]]]}, "properties": {"cell_id": "G30_0420_6810", "hs_mean": 0.1106, "hs_p90": 0.1642, "hs_sd": 0.0319, "coverage": 1.0, "data_status": "value"}}, {"type": "Feature", "geometry": {"type": "Polygon", "coordinates": [[[-71.350848, -28.546509], [-71.044388, -28.551472], [-71.039195, -28.280842], [-71.344878, -28.275934], [-71.350848, -28.546509]]]}, "properties": {"cell_id": "G30_0270_6840", "hs_mean": 0.9338, "hs_p90": 0.9546, "hs_sd": 0.0171, "coverage": 0.6623, "data_status": "value"}}, {"type": "Feature", "geometry": {"type": "Polygon", "coordinates": [[[-71.044388, -28.551472], [-70.737856, -28.555743], [-70.73344, -28.285065], [-71.039195, -28.280842], [-71.044388, -28.551472]]]}, "properties": {"cell_id": "G30_0300_6840", "hs_mean": 0.9143, "hs_p90": 0.9669, "hs_sd": 0.047, "coverage": 0.5833, "data_status": "value"}}, {"type": "Feature", "geometry": {"type": "Polygon", "coordinates": [[[-70.737856, -28.555743], [-70.431263, -28.559323], [-70.427625, -28.288605], [-70.73344, -28.285065], [-70.737856, -28.555743]]]}, "properties": {"cell_id": "G30_0330_6840", "hs_mean": 0.7131, "hs_p90": 0.9002, "hs_sd": 0.1849, "coverage": 0.5972, "data_status": "value"}}, {"type": "Feature", "geometry": {"type": "Polygon", "coordinates": [[[-70.431263, -28.559323], [-70.124619, -28.56221], [-70.12176, -28.29146], [-70.427625, -28.288605], [-70.431263, -28.559323]]]}, "properties": {"cell_id": "G30_0360_6840", "hs_mean": 0.7171, "hs_p90": 0.8299, "hs_sd": 0.1197, "coverage": 0.5347, "data_status": "value"}}, {"type": "Feature", "geometry": {"type": "Polygon", "coordinates": [[[-70.124619, -28.56221], [-69.817935, -28.564405], [-69.815856, -28.29363], [-70.12176, -28.29146], [-70.124619, -28.56221]]]}, "properties": {"cell_id": "G30_0390_6840", "hs_mean": 0.1046, "hs_p90": 0.1247, "hs_sd": 0.0163, "coverage": 0.2083, "data_status": "value"}}, {"type": "Feature", "geometry": {"type": "Polygon", "coordinates": [[[-69.817935, -28.564405], [-69.511222, -28.565907], [-69.509923, -28.295116], [-69.815856, -28.29363], [-69.817935, -28.564405]]]}, "properties": {"cell_id": "G30_0420_6840", "hs_mean": 0.0806, "hs_p90": 0.09, "hs_sd": 0.0074, "coverage": 0.4783, "data_status": "value"}}, {"type": "Feature", "geometry": {"type": "Polygon", "coordinates": [[[-71.344878, -28.275934], [-71.039195, -28.280842], [-71.034073, -28.0102], [-71.33899, -28.005348], [-71.344878, -28.275934]]]}, "properties": {"cell_id": "G30_0270_6870", "hs_mean": 0.71, "hs_p90": 0.7937, "hs_sd": 0.0665, "coverage": 0.9123, "data_status": "value"}}, {"type": "Feature", "geometry": {"type": "Polygon", "coordinates": [[[-71.039195, -28.280842], [-70.73344, -28.285065], [-70.729085, -28.014377], [-71.034073, -28.0102], [-71.039195, -28.280842]]]}, "properties": {"cell_id": "G30_0300_6870", "hs_mean": 0.7441, "hs_p90": 0.7977, "hs_sd": 0.0433, "coverage": 0.9167, "data_status": "value"}}, {"type": "Feature", "geometry": {"type": "Polygon", "coordinates": [[[-70.73344, -28.285065], [-70.427625, -28.288605], [-70.424038, -28.017876], [-70.729085, -28.014377], [-70.73344, -28.285065]]]}, "properties": {"cell_id": "G30_0330_6870", "hs_mean": 0.5453, "hs_p90": 0.7098, "hs_sd": 0.1367, "coverage": 0.9167, "data_status": "value"}}, {"type": "Feature", "geometry": {"type": "Polygon", "coordinates": [[[-70.427625, -28.288605], [-70.12176, -28.29146], [-70.118941, -28.020699], [-70.424038, -28.017876], [-70.427625, -28.288605]]]}, "properties": {"cell_id": "G30_0360_6870", "hs_mean": 0.6091, "hs_p90": 0.7635, "hs_sd": 0.1369, "coverage": 0.9167, "data_status": "value"}}, {"type": "Feature", "geometry": {"type": "Polygon", "coordinates": [[[-70.12176, -28.29146], [-69.815856, -28.29363], [-69.813805, -28.022845], [-70.118941, -28.020699], [-70.12176, -28.29146]]]}, "properties": {"cell_id": "G30_0390_6870", "hs_mean": 0.655, "hs_p90": 0.9615, "hs_sd": 0.2793, "coverage": 0.3194, "data_status": "value"}}, {"type": "Feature", "geometry": {"type": "Polygon", "coordinates": [[[-69.815856, -28.29363], [-69.509923, -28.295116], [-69.508641, -28.024314], [-69.813805, -28.022845], [-69.815856, -28.29363]]]}, "properties": {"cell_id": "G30_0420_6870", "hs_mean": 0.1364, "hs_p90": 0.2336, "hs_sd": 0.0751, "coverage": 0.8403, "data_status": "value"}}, {"type": "Feature", "geometry": {"type": "Polygon", "coordinates": [[[-69.509923, -28.295116], [-69.203972, -28.295915], [-69.203459, -28.025104], [-69.508641, -28.024314], [-69.509923, -28.295116]]]}, "properties": {"cell_id": "G30_0450_6870", "hs_mean": 0.0716, "hs_p90": 0.0943, "hs_sd": 0.015, "coverage": 1.0, "data_status": "value"}}, {"type": "Feature", "geometry": {"type": "Polygon", "coordinates": [[[-71.33899, -28.005348], [-71.034073, -28.0102], [-71.029022, -27.739547], [-71.333183, -27.73475], [-71.33899, -28.005348]]]}, "properties": {"cell_id": "G30_0270_6900", "hs_mean": 0.7815, "hs_p90": 0.8231, "hs_sd": 0.0336, "coverage": 1.0, "data_status": "value"}}, {"type": "Feature", "geometry": {"type": "Polygon", "coordinates": [[[-71.034073, -28.0102], [-70.729085, -28.014377], [-70.72479, -27.743676], [-71.029022, -27.739547], [-71.034073, -28.0102]]]}, "properties": {"cell_id": "G30_0300_6900", "hs_mean": 0.6389, "hs_p90": 0.7075, "hs_sd": 0.0474, "coverage": 1.0, "data_status": "value"}}, {"type": "Feature", "geometry": {"type": "Polygon", "coordinates": [[[-70.729085, -28.014377], [-70.424038, -28.017876], [-70.4205, -27.747137], [-70.72479, -27.743676], [-70.729085, -28.014377]]]}, "properties": {"cell_id": "G30_0330_6900", "hs_mean": 0.6671, "hs_p90": 0.7778, "hs_sd": 0.071, "coverage": 1.0, "data_status": "value"}}, {"type": "Feature", "geometry": {"type": "Polygon", "coordinates": [[[-70.424038, -28.017876], [-70.118941, -28.020699], [-70.116161, -27.749928], [-70.4205, -27.747137], [-70.424038, -28.017876]]]}, "properties": {"cell_id": "G30_0360_6900", "hs_mean": 0.8167, "hs_p90": 0.9093, "hs_sd": 0.081, "coverage": 1.0, "data_status": "value"}}, {"type": "Feature", "geometry": {"type": "Polygon", "coordinates": [[[-70.118941, -28.020699], [-69.813805, -28.022845], [-69.811783, -27.752049], [-70.116161, -27.749928], [-70.118941, -28.020699]]]}, "properties": {"cell_id": "G30_0390_6900", "hs_mean": 0.7763, "hs_p90": 0.9508, "hs_sd": 0.1485, "coverage": 0.9583, "data_status": "value"}}, {"type": "Feature", "geometry": {"type": "Polygon", "coordinates": [[[-69.813805, -28.022845], [-69.508641, -28.024314], [-69.507377, -27.753501], [-69.811783, -27.752049], [-69.813805, -28.022845]]]}, "properties": {"cell_id": "G30_0420_6900", "hs_mean": 0.4166, "hs_p90": 0.7279, "hs_sd": 0.2331, "coverage": 0.5069, "data_status": "value"}}, {"type": "Feature", "geometry": {"type": "Polygon", "coordinates": [[[-69.508641, -28.024314], [-69.203459, -28.025104], [-69.202953, -27.754283], [-69.507377, -27.753501], [-69.508641, -28.024314]]]}, "properties": {"cell_id": "G30_0450_6900", "hs_mean": 0.0905, "hs_p90": 0.1088, "hs_sd": 0.0368, "coverage": 0.5755, "data_status": "value"}}, {"type": "Feature", "geometry": {"type": "Polygon", "coordinates": [[[-69.203459, -28.025104], [-68.89827, -28.025217], [-68.898523, -27.754395], [-69.202953, -27.754283], [-69.203459, -28.025104]]]}, "properties": {"cell_id": "G30_0480_6900", "hs_mean": 0.1004, "hs_p90": 0.1338, "hs_sd": 0.0215, "coverage": 1.0, "data_status": "value"}}, {"type": "Feature", "geometry": {"type": "Polygon", "coordinates": [[[-71.333183, -27.73475], [-71.029022, -27.739547], [-71.02404, -27.468883], [-71.327456, -27.46414], [-71.333183, -27.73475]]]}, "properties": {"cell_id": "G30_0270_6930", "hs_mean": 0.678, "hs_p90": 0.678, "hs_sd": 0.0, "coverage": 1.0, "data_status": "value"}}, {"type": "Feature", "geometry": {"type": "Polygon", "coordinates": [[[-71.029022, -27.739547], [-70.72479, -27.743676], [-70.720555, -27.472965], [-71.02404, -27.468883], [-71.029022, -27.739547]]]}, "properties": {"cell_id": "G30_0300_6930", "hs_mean": 0.5554, "hs_p90": 0.6054, "hs_sd": 0.0446, "coverage": 1.0, "data_status": "value"}}, {"type": "Feature", "geometry": {"type": "Polygon", "coordinates": [[[-70.72479, -27.743676], [-70.4205, -27.747137], [-70.417011, -27.476386], [-70.720555, -27.472965], [-70.72479, -27.743676]]]}, "properties": {"cell_id": "G30_0330_6930", "hs_mean": 0.6972, "hs_p90": 0.8218, "hs_sd": 0.0902, "coverage": 1.0, "data_status": "value"}}, {"type": "Feature", "geometry": {"type": "Polygon", "coordinates": [[[-70.4205, -27.747137], [-70.116161, -27.749928], [-70.113419, -27.479145], [-70.417011, -27.476386], [-70.4205, -27.747137]]]}, "properties": {"cell_id": "G30_0360_6930", "hs_mean": 0.648, "hs_p90": 0.8798, "hs_sd": 0.1931, "coverage": 1.0, "data_status": "value"}}, {"type": "Feature", "geometry": {"type": "Polygon", "coordinates": [[[-70.116161, -27.749928], [-69.811783, -27.752049], [-69.809788, -27.481243], [-70.113419, -27.479145], [-70.116161, -27.749928]]]}, "properties": {"cell_id": "G30_0390_6930", "hs_mean": 0.3784, "hs_p90": 0.5145, "hs_sd": 0.102, "coverage": 1.0, "data_status": "value"}}, {"type": "Feature", "geometry": {"type": "Polygon", "coordinates": [[[-69.811783, -27.752049], [-69.507377, -27.753501], [-69.50613, -27.482678], [-69.809788, -27.481243], [-69.811783, -27.752049]]]}, "properties": {"cell_id": "G30_0420_6930", "hs_mean": 0.2628, "hs_p90": 0.424, "hs_sd": 0.111, "coverage": 1.0, "data_status": "value"}}, {"type": "Feature", "geometry": {"type": "Polygon", "coordinates": [[[-69.507377, -27.753501], [-69.202953, -27.754283], [-69.202455, -27.483451], [-69.50613, -27.482678], [-69.507377, -27.753501]]]}, "properties": {"cell_id": "G30_0450_6930", "hs_mean": 0.3236, "hs_p90": 0.4127, "hs_sd": 0.083, "coverage": 0.7153, "data_status": "value"}}, {"type": "Feature", "geometry": {"type": "Polygon", "coordinates": [[[-69.202953, -27.754283], [-68.898523, -27.754395], [-68.898772, -27.483561], [-69.202455, -27.483451], [-69.202953, -27.754283]]]}, "properties": {"cell_id": "G30_0480_6930", "hs_mean": 0.1781, "hs_p90": 0.3084, "hs_sd": 0.0807, "coverage": 0.2414, "data_status": "value"}}, {"type": "Feature", "geometry": {"type": "Polygon", "coordinates": [[[-71.02404, -27.468883], [-70.720555, -27.472965], [-70.716378, -27.202242], [-71.019128, -27.198207], [-71.02404, -27.468883]]]}, "properties": {"cell_id": "G30_0300_6960", "hs_mean": 0.6621, "hs_p90": 0.7567, "hs_sd": 0.0683, "coverage": 1.0, "data_status": "value"}}, {"type": "Feature", "geometry": {"type": "Polygon", "coordinates": [[[-70.720555, -27.472965], [-70.417011, -27.476386], [-70.413571, -27.205624], [-70.716378, -27.202242], [-70.720555, -27.472965]]]}, "properties": {"cell_id": "G30_0330_6960", "hs_mean": 0.5596, "hs_p90": 0.6825, "hs_sd": 0.0798, "coverage": 1.0, "data_status": "value"}}, {"type": "Feature", "geometry": {"type": "Polygon", "coordinates": [[[-70.417011, -27.476386], [-70.113419, -27.479145], [-70.110715, -27.208352], [-70.413571, -27.205624], [-70.417011, -27.476386]]]}, "properties": {"cell_id": "G30_0360_6960", "hs_mean": 0.4427, "hs_p90": 0.6184, "hs_sd": 0.1035, "coverage": 1.0, "data_status": "value"}}, {"type": "Feature", "geometry": {"type": "Polygon", "coordinates": [[[-70.113419, -27.479145], [-69.809788, -27.481243], [-69.807822, -27.210425], [-70.110715, -27.208352], [-70.113419, -27.479145]]]}, "properties": {"cell_id": "G30_0390_6960", "hs_mean": 0.3996, "hs_p90": 0.5975, "hs_sd": 0.1193, "coverage": 1.0, "data_status": "value"}}, {"type": "Feature", "geometry": {"type": "Polygon", "coordinates": [[[-69.809788, -27.481243], [-69.50613, -27.482678], [-69.504901, -27.211844], [-69.807822, -27.210425], [-69.809788, -27.481243]]]}, "properties": {"cell_id": "G30_0420_6960", "hs_mean": 0.3219, "hs_p90": 0.4528, "hs_sd": 0.0978, "coverage": 1.0, "data_status": "value"}}, {"type": "Feature", "geometry": {"type": "Polygon", "coordinates": [[[-69.50613, -27.482678], [-69.202455, -27.483451], [-69.201963, -27.212608], [-69.504901, -27.211844], [-69.50613, -27.482678]]]}, "properties": {"cell_id": "G30_0450_6960", "hs_mean": 0.28, "hs_p90": 0.3921, "hs_sd": 0.0881, "coverage": 1.0, "data_status": "value"}}, {"type": "Feature", "geometry": {"type": "Polygon", "coordinates": [[[-69.202455, -27.483451], [-68.898772, -27.483561], [-68.899018, -27.212717], [-69.201963, -27.212608], [-69.202455, -27.483451]]]}, "properties": {"cell_id": "G30_0480_6960", "hs_mean": 0.1397, "hs_p90": 0.1814, "hs_sd": 0.0446, "coverage": 0.4599, "data_status": "value"}}, {"type": "Feature", "geometry": {"type": "Polygon", "coordinates": [[[-68.898772, -27.483561], [-68.595094, -27.483009], [-68.596077, -27.212171], [-68.899018, -27.212717], [-68.898772, -27.483561]]]}, "properties": {"cell_id": "G30_0510_6960", "hs_mean": null, "hs_p90": null, "hs_sd": null, "coverage": 0.0, "data_status": "no_data_from_figure"}}, {"type": "Feature", "geometry": {"type": "Polygon", "coordinates": [[[-71.019128, -27.198207], [-70.716378, -27.202242], [-70.71226, -26.931509], [-71.014284, -26.92752], [-71.019128, -27.198207]]]}, "properties": {"cell_id": "G30_0300_6990", "hs_mean": 0.5696, "hs_p90": 0.6825, "hs_sd": 0.0933, "coverage": 1.0, "data_status": "value"}}, {"type": "Feature", "geometry": {"type": "Polygon", "coordinates": [[[-70.716378, -27.202242], [-70.413571, -27.205624], [-70.410178, -26.934852], [-70.71226, -26.931509], [-70.716378, -27.202242]]]}, "properties": {"cell_id": "G30_0330_6990", "hs_mean": 0.5316, "hs_p90": 0.6147, "hs_sd": 0.0588, "coverage": 1.0, "data_status": "value"}}, {"type": "Feature", "geometry": {"type": "Polygon", "coordinates": [[[-70.413571, -27.205624], [-70.110715, -27.208352], [-70.108049, -26.937548], [-70.410178, -26.934852], [-70.413571, -27.205624]]]}, "properties": {"cell_id": "G30_0360_6990", "hs_mean": 0.5542, "hs_p90": 0.6664, "hs_sd": 0.0951, "coverage": 1.0, "data_status": "value"}}, {"type": "Feature", "geometry": {"type": "Polygon", "coordinates": [[[-70.110715, -27.208352], [-69.807822, -27.210425], [-69.805882, -26.939597], [-70.108049, -26.937548], [-70.110715, -27.208352]]]}, "properties": {"cell_id": "G30_0390_6990", "hs_mean": 0.3721, "hs_p90": 0.5465, "hs_sd": 0.1013, "coverage": 1.0, "data_status": "value"}}, {"type": "Feature", "geometry": {"type": "Polygon", "coordinates": [[[-69.807822, -27.210425], [-69.504901, -27.211844], [-69.503689, -26.941], [-69.805882, -26.939597], [-69.807822, -27.210425]]]}, "properties": {"cell_id": "G30_0420_6990", "hs_mean": 0.2687, "hs_p90": 0.4431, "hs_sd": 0.0981, "coverage": 1.0, "data_status": "value"}}, {"type": "Feature", "geometry": {"type": "Polygon", "coordinates": [[[-69.504901, -27.211844], [-69.201963, -27.212608], [-69.201478, -26.941755], [-69.503689, -26.941], [-69.504901, -27.211844]]]}, "properties": {"cell_id": "G30_0450_6990", "hs_mean": 0.2267, "hs_p90": 0.3463, "hs_sd": 0.0749, "coverage": 1.0, "data_status": "value"}}, {"type": "Feature", "geometry": {"type": "Polygon", "coordinates": [[[-69.201963, -27.212608], [-68.899018, -27.212717], [-68.899261, -26.941863], [-69.201478, -26.941755], [-69.201963, -27.212608]]]}, "properties": {"cell_id": "G30_0480_6990", "hs_mean": 0.1305, "hs_p90": 0.161, "hs_sd": 0.0227, "coverage": 0.9514, "data_status": "value"}}, {"type": "Feature", "geometry": {"type": "Polygon", "coordinates": [[[-68.899018, -27.212717], [-68.596077, -27.212171], [-68.597047, -26.941323], [-68.899261, -26.941863], [-68.899018, -27.212717]]]}, "properties": {"cell_id": "G30_0510_6990", "hs_mean": 0.1475, "hs_p90": 0.1964, "hs_sd": 0.0331, "coverage": 0.3333, "data_status": "value"}}, {"type": "Feature", "geometry": {"type": "Polygon", "coordinates": [[[-68.596077, -27.212171], [-68.293149, -27.210971], [-68.294846, -26.940137], [-68.597047, -26.941323], [-68.596077, -27.212171]]]}, "properties": {"cell_id": "G30_0540_6990", "hs_mean": 0.3127, "hs_p90": 0.5889, "hs_sd": 0.1509, "coverage": 0.8421, "data_status": "value"}}, {"type": "Feature", "geometry": {"type": "Polygon", "coordinates": [[[-71.014284, -26.92752], [-70.71226, -26.931509], [-70.708199, -26.660764], [-71.009508, -26.656822], [-71.014284, -26.92752]]]}, "properties": {"cell_id": "G30_0300_7020", "hs_mean": 0.301, "hs_p90": 0.4034, "hs_sd": 0.0756, "coverage": 1.0, "data_status": "value"}}, {"type": "Feature", "geometry": {"type": "Polygon", "coordinates": [[[-70.71226, -26.931509], [-70.410178, -26.934852], [-70.406833, -26.664068], [-70.708199, -26.660764], [-70.71226, -26.931509]]]}, "properties": {"cell_id": "G30_0330_7020", "hs_mean": 0.2644, "hs_p90": 0.4376, "hs_sd": 0.1161, "coverage": 1.0, "data_status": "value"}}, {"type": "Feature", "geometry": {"type": "Polygon", "coordinates": [[[-70.410178, -26.934852], [-70.108049, -26.937548], [-70.10542, -26.666733], [-70.406833, -26.664068], [-70.410178, -26.934852]]]}, "properties": {"cell_id": "G30_0360_7020", "hs_mean": 0.3255, "hs_p90": 0.5465, "hs_sd": 0.1394, "coverage": 1.0, "data_status": "value"}}, {"type": "Feature", "geometry": {"type": "Polygon", "coordinates": [[[-70.108049, -26.937548], [-69.805882, -26.939597], [-69.80397, -26.668759], [-70.10542, -26.666733], [-70.108049, -26.937548]]]}, "properties": {"cell_id": "G30_0390_7020", "hs_mean": 0.202, "hs_p90": 0.2782, "hs_sd": 0.0668, "coverage": 1.0, "data_status": "value"}}, {"type": "Feature", "geometry": {"type": "Polygon", "coordinates": [[[-69.805882, -26.939597], [-69.503689, -26.941], [-69.502493, -26.670145], [-69.80397, -26.668759], [-69.805882, -26.939597]]]}, "properties": {"cell_id": "G30_0420_7020", "hs_mean": 0.2257, "hs_p90": 0.3955, "hs_sd": 0.104, "coverage": 1.0, "data_status": "value"}}, {"type": "Feature", "geometry": {"type": "Polygon", "coordinates": [[[-69.503689, -26.941], [-69.201478, -26.941755], [-69.201, -26.670891], [-69.502493, -26.670145], [-69.503689, -26.941]]]}, "properties": {"cell_id": "G30_0450_7020", "hs_mean": 0.1839, "hs_p90": 0.2404, "hs_sd": 0.0444, "coverage": 1.0, "data_status": "value"}}, {"type": "Feature", "geometry": {"type": "Polygon", "coordinates": [[[-69.201478, -26.941755], [-68.899261, -26.941863], [-68.8995, -26.670998], [-69.201, -26.670891], [-69.201478, -26.941755]]]}, "properties": {"cell_id": "G30_0480_7020", "hs_mean": 0.0969, "hs_p90": 0.1315, "hs_sd": 0.0228, "coverage": 1.0, "data_status": "value"}}, {"type": "Feature", "geometry": {"type": "Polygon", "coordinates": [[[-68.899261, -26.941863], [-68.597047, -26.941323], [-68.598003, -26.670465], [-68.8995, -26.670998], [-68.899261, -26.941863]]]}, "properties": {"cell_id": "G30_0510_7020", "hs_mean": 0.2879, "hs_p90": 0.424, "hs_sd": 0.0943, "coverage": 0.8403, "data_status": "value"}}, {"type": "Feature", "geometry": {"type": "Polygon", "coordinates": [[[-68.597047, -26.941323], [-68.294846, -26.940137], [-68.29652, -26.669292], [-68.598003, -26.670465], [-68.597047, -26.941323]]]}, "properties": {"cell_id": "G30_0540_7020", "hs_mean": 0.2928, "hs_p90": 0.3662, "hs_sd": 0.062, "coverage": 0.5, "data_status": "value"}}, {"type": "Feature", "geometry": {"type": "Polygon", "coordinates": [[[-68.294846, -26.940137], [-67.99267, -26.938303], [-67.99506, -26.667479], [-68.29652, -26.669292], [-68.294846, -26.940137]]]}, "properties": {"cell_id": "G30_0570_7020", "hs_mean": null, "hs_p90": null, "hs_sd": null, "coverage": 0.0, "data_status": "no_data_from_figure"}}, {"type": "Feature", "geometry": {"type": "Polygon", "coordinates": [[[-71.009508, -26.656822], [-70.708199, -26.660764], [-70.704195, -26.390009], [-71.004799, -26.386113], [-71.009508, -26.656822]]]}, "properties": {"cell_id": "G30_0300_7050", "hs_mean": 0.1859, "hs_p90": 0.1859, "hs_sd": 0.0, "coverage": 1.0, "data_status": "value"}}, {"type": "Feature", "geometry": {"type": "Polygon", "coordinates": [[[-70.708199, -26.660764], [-70.406833, -26.664068], [-70.403535, -26.393274], [-70.704195, -26.390009], [-70.708199, -26.660764]]]}, "properties": {"cell_id": "G30_0330_7050", "hs_mean": 0.161, "hs_p90": 0.1927, "hs_sd": 0.0288, "coverage": 1.0, "data_status": "value"}}, {"type": "Feature", "geometry": {"type": "Polygon", "coordinates": [[[-70.406833, -26.664068], [-70.10542, -26.666733], [-70.102828, -26.395908], [-70.403535, -26.393274], [-70.406833, -26.664068]]]}, "properties": {"cell_id": "G30_0360_7050", "hs_mean": 0.2597, "hs_p90": 0.3447, "hs_sd": 0.0708, "coverage": 1.0, "data_status": "value"}}, {"type": "Feature", "geometry": {"type": "Polygon", "coordinates": [[[-70.10542, -26.666733], [-69.80397, -26.668759], [-69.802085, -26.39791], [-70.102828, -26.395908], [-70.10542, -26.666733]]]}, "properties": {"cell_id": "G30_0390_7050", "hs_mean": 0.211, "hs_p90": 0.3741, "hs_sd": 0.0941, "coverage": 1.0, "data_status": "value"}}, {"type": "Feature", "geometry": {"type": "Polygon", "coordinates": [[[-69.80397, -26.668759], [-69.502493, -26.670145], [-69.501315, -26.399279], [-69.802085, -26.39791], [-69.80397, -26.668759]]]}, "properties": {"cell_id": "G30_0420_7050", "hs_mean": 0.1088, "hs_p90": 0.149, "hs_sd": 0.0287, "coverage": 1.0, "data_status": "value"}}, {"type": "Feature", "geometry": {"type": "Polygon", "coordinates": [[[-69.502493, -26.670145], [-69.201, -26.670891], [-69.200529, -26.400017], [-69.501315, -26.399279], [-69.502493, -26.670145]]]}, "properties": {"cell_id": "G30_0450_7050", "hs_mean": 0.1629, "hs_p90": 0.2263, "hs_sd": 0.0455, "coverage": 1.0, "data_status": "value"}}, {"type": "Feature", "geometry": {"type": "Polygon", "coordinates": [[[-69.201, -26.670891], [-68.8995, -26.670998], [-68.899736, -26.400122], [-69.200529, -26.400017], [-69.201, -26.670891]]]}, "properties": {"cell_id": "G30_0480_7050", "hs_mean": 0.0793, "hs_p90": 0.1224, "hs_sd": 0.0318, "coverage": 1.0, "data_status": "value"}}, {"type": "Feature", "geometry": {"type": "Polygon", "coordinates": [[[-68.8995, -26.670998], [-68.598003, -26.670465], [-68.598946, -26.399596], [-68.899736, -26.400122], [-68.8995, -26.670998]]]}, "properties": {"cell_id": "G30_0510_7050", "hs_mean": 0.1498, "hs_p90": 0.2086, "hs_sd": 0.0481, "coverage": 1.0, "data_status": "value"}}, {"type": "Feature", "geometry": {"type": "Polygon", "coordinates": [[[-68.598003, -26.670465], [-68.29652, -26.669292], [-68.29817, -26.398436], [-68.598946, -26.399596], [-68.598003, -26.670465]]]}, "properties": {"cell_id": "G30_0540_7050", "hs_mean": 0.1161, "hs_p90": 0.1664, "hs_sd": 0.0323, "coverage": 1.0, "data_status": "value"}}, {"type": "Feature", "geometry": {"type": "Polygon", "coordinates": [[[-70.704195, -26.390009], [-70.403535, -26.393274], [-70.400283, -26.122469], [-70.700247, -26.119243], [-70.704195, -26.390009]]]}, "properties": {"cell_id": "G30_0330_7080", "hs_mean": 0.149, "hs_p90": 0.1791, "hs_sd": 0.0232, "coverage": 1.0, "data_status": "value"}}, {"type": "Feature", "geometry": {"type": "Polygon", "coordinates": [[[-70.403535, -26.393274], [-70.102828, -26.395908], [-70.100272, -26.125072], [-70.400283, -26.122469], [-70.403535, -26.393274]]]}, "properties": {"cell_id": "G30_0360_7080", "hs_mean": 0.2662, "hs_p90": 0.3492, "hs_sd": 0.0583, "coverage": 1.0, "data_status": "value"}}, {"type": "Feature", "geometry": {"type": "Polygon", "coordinates": [[[-70.102828, -26.395908], [-69.802085, -26.39791], [-69.800226, -26.12705], [-70.100272, -26.125072], [-70.102828, -26.395908]]]}, "properties": {"cell_id": "G30_0390_7080", "hs_mean": 0.5187, "hs_p90": 0.6984, "hs_sd": 0.1436, "coverage": 1.0, "data_status": "value"}}, {"type": "Feature", "geometry": {"type": "Polygon", "coordinates": [[[-69.802085, -26.39791], [-69.501315, -26.399279], [-69.500153, -26.128404], [-69.800226, -26.12705], [-69.802085, -26.39791]]]}, "properties": {"cell_id": "G30_0420_7080", "hs_mean": 0.246, "hs_p90": 0.4104, "hs_sd": 0.1131, "coverage": 1.0, "data_status": "value"}}, {"type": "Feature", "geometry": {"type": "Polygon", "coordinates": [[[-69.501315, -26.399279], [-69.200529, -26.400017], [-69.200064, -26.129133], [-69.500153, -26.128404], [-69.501315, -26.399279]]]}, "properties": {"cell_id": "G30_0450_7080", "hs_mean": 0.1321, "hs_p90": 0.1791, "hs_sd": 0.0408, "coverage": 1.0, "data_status": "value"}}, {"type": "Feature", "geometry": {"type": "Polygon", "coordinates": [[[-69.200529, -26.400017], [-68.899736, -26.400122], [-68.899968, -26.129237], [-69.200064, -26.129133], [-69.200529, -26.400017]]]}, "properties": {"cell_id": "G30_0480_7080", "hs_mean": 0.0497, "hs_p90": 0.0991, "hs_sd": 0.0299, "coverage": 1.0, "data_status": "value"}}, {"type": "Feature", "geometry": {"type": "Polygon", "coordinates": [[[-68.899736, -26.400122], [-68.598946, -26.399596], [-68.599875, -26.128716], [-68.899968, -26.129237], [-68.899736, -26.400122]]]}, "properties": {"cell_id": "G30_0510_7080", "hs_mean": 0.148, "hs_p90": 0.2179, "hs_sd": 0.0478, "coverage": 1.0, "data_status": "value"}}, {"type": "Feature", "geometry": {"type": "Polygon", "coordinates": [[[-68.598946, -26.399596], [-68.29817, -26.398436], [-68.299796, -26.127571], [-68.599875, -26.128716], [-68.598946, -26.399596]]]}, "properties": {"cell_id": "G30_0540_7080", "hs_mean": 0.2355, "hs_p90": 0.2889, "hs_sd": 0.0487, "coverage": 1.0, "data_status": "value"}}, {"type": "Feature", "geometry": {"type": "Polygon", "coordinates": [[[-70.700247, -26.119243], [-70.400283, -26.122469], [-70.397077, -25.851654], [-70.696355, -25.848466], [-70.700247, -26.119243]]]}, "properties": {"cell_id": "G30_0330_7110", "hs_mean": 0.082, "hs_p90": 0.1088, "hs_sd": 0.0189, "coverage": 1.0, "data_status": "value"}}, {"type": "Feature", "geometry": {"type": "Polygon", "coordinates": [[[-70.400283, -26.122469], [-70.100272, -26.125072], [-70.097753, -25.854226], [-70.397077, -25.851654], [-70.400283, -26.122469]]]}, "properties": {"cell_id": "G30_0360_7110", "hs_mean": 0.1289, "hs_p90": 0.1717, "hs_sd": 0.0381, "coverage": 1.0, "data_status": "value"}}, {"type": "Feature", "geometry": {"type": "Polygon", "coordinates": [[[-70.100272, -26.125072], [-69.800226, -26.12705], [-69.798393, -25.856181], [-70.097753, -25.854226], [-70.100272, -26.125072]]]}, "properties": {"cell_id": "G30_0390_7110", "hs_mean": 0.1675, "hs_p90": 0.217, "hs_sd": 0.0416, "coverage": 1.0, "data_status": "value"}}, {"type": "Feature", "geometry": {"type": "Polygon", "coordinates": [[[-69.800226, -26.12705], [-69.500153, -26.128404], [-69.499008, -25.857518], [-69.798393, -25.856181], [-69.800226, -26.12705]]]}, "properties": {"cell_id": "G30_0420_7110", "hs_mean": 0.1087, "hs_p90": 0.1361, "hs_sd": 0.0223, "coverage": 1.0, "data_status": "value"}}, {"type": "Feature", "geometry": {"type": "Polygon", "coordinates": [[[-69.500153, -26.128404], [-69.200064, -26.129133], [-69.199606, -25.858238], [-69.499008, -25.857518], [-69.500153, -26.128404]]]}, "properties": {"cell_id": "G30_0450_7110", "hs_mean": 0.0492, "hs_p90": 0.0839, "hs_sd": 0.0278, "coverage": 1.0, "data_status": "value"}}, {"type": "Feature", "geometry": {"type": "Polygon", "coordinates": [[[-69.200064, -26.129133], [-68.899968, -26.129237], [-68.900197, -25.858341], [-69.199606, -25.858238], [-69.200064, -26.129133]]]}, "properties": {"cell_id": "G30_0480_7110", "hs_mean": 0.0556, "hs_p90": 0.1315, "hs_sd": 0.0508, "coverage": 1.0, "data_status": "value"}}, {"type": "Feature", "geometry": {"type": "Polygon", "coordinates": [[[-68.899968, -26.129237], [-68.599875, -26.128716], [-68.600792, -25.857827], [-68.900197, -25.858341], [-68.899968, -26.129237]]]}, "properties": {"cell_id": "G30_0510_7110", "hs_mean": 0.2571, "hs_p90": 0.3492, "hs_sd": 0.0705, "coverage": 1.0, "data_status": "value"}}, {"type": "Feature", "geometry": {"type": "Polygon", "coordinates": [[[-68.599875, -26.128716], [-68.299796, -26.127571], [-68.3014, -25.856695], [-68.600792, -25.857827], [-68.599875, -26.128716]]]}, "properties": {"cell_id": "G30_0540_7110", "hs_mean": 0.1398, "hs_p90": 0.195, "hs_sd": 0.0349, "coverage": 1.0, "data_status": "value"}}, {"type": "Feature", "geometry": {"type": "Polygon", "coordinates": [[[-70.995578, -25.844662], [-70.696355, -25.848466], [-70.692519, -25.577678], [-70.991066, -25.573919], [-70.995578, -25.844662]]]}, "properties": {"cell_id": "G30_0300_7140", "hs_mean": 0.062, "hs_p90": 0.068, "hs_sd": 0.006, "coverage": 1.0, "data_status": "value"}}, {"type": "Feature", "geometry": {"type": "Polygon", "coordinates": [[[-70.696355, -25.848466], [-70.397077, -25.851654], [-70.393917, -25.580828], [-70.692519, -25.577678], [-70.696355, -25.848466]]]}, "properties": {"cell_id": "G30_0330_7140", "hs_mean": 0.0767, "hs_p90": 0.093, "hs_sd": 0.0113, "coverage": 1.0, "data_status": "value"}}, {"type": "Feature", "geometry": {"type": "Polygon", "coordinates": [[[-70.397077, -25.851654], [-70.097753, -25.854226], [-70.09527, -25.583369], [-70.393917, -25.580828], [-70.397077, -25.851654]]]}, "properties": {"cell_id": "G30_0360_7140", "hs_mean": 0.0715, "hs_p90": 0.0839, "hs_sd": 0.0078, "coverage": 1.0, "data_status": "value"}}, {"type": "Feature", "geometry": {"type": "Polygon", "coordinates": [[[-70.097753, -25.854226], [-69.798393, -25.856181], [-69.796587, -25.585301], [-70.09527, -25.583369], [-70.097753, -25.854226]]]}, "properties": {"cell_id": "G30_0390_7140", "hs_mean": 0.0723, "hs_p90": 0.0855, "hs_sd": 0.011, "coverage": 1.0, "data_status": "value"}}, {"type": "Feature", "geometry": {"type": "Polygon", "coordinates": [[[-69.798393, -25.856181], [-69.499008, -25.857518], [-69.497878, -25.586622], [-69.796587, -25.585301], [-69.798393, -25.856181]]]}, "properties": {"cell_id": "G30_0420_7140", "hs_mean": 0.1116, "hs_p90": 0.1655, "hs_sd": 0.0405, "coverage": 1.0, "data_status": "value"}}, {"type": "Feature", "geometry": {"type": "Polygon", "coordinates": [[[-69.499008, -25.857518], [-69.199606, -25.858238], [-69.199154, -25.587334], [-69.497878, -25.586622], [-69.499008, -25.857518]]]}, "properties": {"cell_id": "G30_0450_7140", "hs_mean": 0.1057, "hs_p90": 0.1202, "hs_sd": 0.013, "coverage": 1.0, "data_status": "value"}}, {"type": "Feature", "geometry": {"type": "Polygon", "coordinates": [[[-69.199606, -25.858238], [-68.900197, -25.858341], [-68.900423, -25.587436], [-69.199154, -25.587334], [-69.199606, -25.858238]]]}, "properties": {"cell_id": "G30_0480_7140", "hs_mean": 0.1165, "hs_p90": 0.1603, "hs_sd": 0.03, "coverage": 1.0, "data_status": "value"}}, {"type": "Feature", "geometry": {"type": "Polygon", "coordinates": [[[-68.900197, -25.858341], [-68.600792, -25.857827], [-68.601695, -25.586927], [-68.900423, -25.587436], [-68.900197, -25.858341]]]}, "properties": {"cell_id": "G30_0510_7140", "hs_mean": 0.2111, "hs_p90": 0.2857, "hs_sd": 0.0589, "coverage": 1.0, "data_status": "value"}}, {"type": "Feature", "geometry": {"type": "Polygon", "coordinates": [[[-68.600792, -25.857827], [-68.3014, -25.856695], [-68.30298, -25.585809], [-68.601695, -25.586927], [-68.600792, -25.857827]]]}, "properties": {"cell_id": "G30_0540_7140", "hs_mean": 0.1494, "hs_p90": 0.2172, "hs_sd": 0.0648, "coverage": 1.0, "data_status": "value"}}, {"type": "Feature", "geometry": {"type": "Polygon", "coordinates": [[[-70.692519, -25.577678], [-70.393917, -25.580828], [-70.390802, -25.309992], [-70.688737, -25.30688], [-70.692519, -25.577678]]]}, "properties": {"cell_id": "G30_0330_7170", "hs_mean": 0.0658, "hs_p90": 0.0794, "hs_sd": 0.0113, "coverage": 1.0, "data_status": "value"}}, {"type": "Feature", "geometry": {"type": "Polygon", "coordinates": [[[-70.393917, -25.580828], [-70.09527, -25.583369], [-70.092821, -25.312503], [-70.390802, -25.309992], [-70.393917, -25.580828]]]}, "properties": {"cell_id": "G30_0360_7170", "hs_mean": 0.0396, "hs_p90": 0.056, "hs_sd": 0.0117, "coverage": 1.0, "data_status": "value"}}, {"type": "Feature", "geometry": {"type": "Polygon", "coordinates": [[[-70.09527, -25.583369], [-69.796587, -25.585301], [-69.794806, -25.314411], [-70.092821, -25.312503], [-70.09527, -25.583369]]]}, "properties": {"cell_id": "G30_0390_7170", "hs_mean": 0.0456, "hs_p90": 0.0658, "hs_sd": 0.0113, "coverage": 1.0, "data_status": "value"}}, {"type": "Feature", "geometry": {"type": "Polygon", "coordinates": [[[-69.796587, -25.585301], [-69.497878, -25.586622], [-69.496765, -25.315716], [-69.794806, -25.314411], [-69.796587, -25.585301]]]}, "properties": {"cell_id": "G30_0420_7170", "hs_mean": 0.0462, "hs_p90": 0.0522, "hs_sd": 0.0085, "coverage": 1.0, "data_status": "value"}}, {"type": "Feature", "geometry": {"type": "Polygon", "coordinates": [[[-69.497878, -25.586622], [-69.199154, -25.587334], [-69.198709, -25.316419], [-69.496765, -25.315716], [-69.497878, -25.586622]]]}, "properties": {"cell_id": "G30_0450_7170", "hs_mean": 0.1007, "hs_p90": 0.1587, "hs_sd": 0.0404, "coverage": 1.0, "data_status": "value"}}, {"type": "Feature", "geometry": {"type": "Polygon", "coordinates": [[[-69.199154, -25.587334], [-68.900423, -25.587436], [-68.900645, -25.31652], [-69.198709, -25.316419], [-69.199154, -25.587334]]]}, "properties": {"cell_id": "G30_0480_7170", "hs_mean": 0.1163, "hs_p90": 0.1519, "hs_sd": 0.0249, "coverage": 1.0, "data_status": "value"}}, {"type": "Feature", "geometry": {"type": "Polygon", "coordinates": [[[-68.900423, -25.587436], [-68.601695, -25.586927], [-68.602586, -25.316018], [-68.900645, -25.31652], [-68.900423, -25.587436]]]}, "properties": {"cell_id": "G30_0510_7170", "hs_mean": 0.2169, "hs_p90": 0.3372, "hs_sd": 0.0787, "coverage": 1.0, "data_status": "value"}}, {"type": "Feature", "geometry": {"type": "Polygon", "coordinates": [[[-68.601695, -25.586927], [-68.30298, -25.585809], [-68.304538, -25.314913], [-68.602586, -25.316018], [-68.601695, -25.586927]]]}, "properties": {"cell_id": "G30_0540_7170", "hs_mean": 0.3205, "hs_p90": 0.3968, "hs_sd": 0.0732, "coverage": 1.0, "data_status": "value"}}, {"type": "Feature", "geometry": {"type": "Polygon", "coordinates": [[[-70.688737, -25.30688], [-70.390802, -25.309992], [-70.387731, -25.039146], [-70.68501, -25.036072], [-70.688737, -25.30688]]]}, "properties": {"cell_id": "G30_0330_7200", "hs_mean": 0.0469, "hs_p90": 0.0522, "hs_sd": 0.0044, "coverage": 1.0, "data_status": "value"}}, {"type": "Feature", "geometry": {"type": "Polygon", "coordinates": [[[-70.390802, -25.309992], [-70.092821, -25.312503], [-70.090408, -25.041626], [-70.387731, -25.039146], [-70.390802, -25.309992]]]}, "properties": {"cell_id": "G30_0360_7200", "hs_mean": 0.0253, "hs_p90": 0.0363, "hs_sd": 0.0083, "coverage": 1.0, "data_status": "value"}}, {"type": "Feature", "geometry": {"type": "Polygon", "coordinates": [[[-70.092821, -25.312503], [-69.794806, -25.314411], [-69.793051, -25.043511], [-70.090408, -25.041626], [-70.092821, -25.312503]]]}, "properties": {"cell_id": "G30_0390_7200", "hs_mean": 0.0252, "hs_p90": 0.034, "hs_sd": 0.0076, "coverage": 1.0, "data_status": "value"}}, {"type": "Feature", "geometry": {"type": "Polygon", "coordinates": [[[-69.794806, -25.314411], [-69.496765, -25.315716], [-69.495668, -25.0448], [-69.793051, -25.043511], [-69.794806, -25.314411]]]}, "properties": {"cell_id": "G30_0420_7200", "hs_mean": 0.0531, "hs_p90": 0.0805, "hs_sd": 0.0226, "coverage": 1.0, "data_status": "value"}}, {"type": "Feature", "geometry": {"type": "Polygon", "coordinates": [[[-69.496765, -25.315716], [-69.198709, -25.316419], [-69.19827, -25.045495], [-69.495668, -25.0448], [-69.496765, -25.315716]]]}, "properties": {"cell_id": "G30_0450_7200", "hs_mean": 0.0975, "hs_p90": 0.1655, "hs_sd": 0.0472, "coverage": 1.0, "data_status": "value"}}, {"type": "Feature", "geometry": {"type": "Polygon", "coordinates": [[[-69.198709, -25.316419], [-68.900645, -25.31652], [-68.900865, -25.045594], [-69.19827, -25.045495], [-69.198709, -25.316419]]]}, "properties": {"cell_id": "G30_0480_7200", "hs_mean": 0.0953, "hs_p90": 0.1179, "hs_sd": 0.023, "coverage": 1.0, "data_status": "value"}}, {"type": "Feature", "geometry": {"type": "Polygon", "coordinates": [[[-68.900645, -25.31652], [-68.602586, -25.316018], [-68.603463, -25.045098], [-68.900865, -25.045594], [-68.900645, -25.31652]]]}, "properties": {"cell_id": "G30_0510_7200", "hs_mean": 0.1283, "hs_p90": 0.1565, "hs_sd": 0.0251, "coverage": 1.0, "data_status": "value"}}, {"type": "Feature", "geometry": {"type": "Polygon", "coordinates": [[[-68.602586, -25.316018], [-68.304538, -25.314913], [-68.306074, -25.044007], [-68.603463, -25.045098], [-68.602586, -25.316018]]]}, "properties": {"cell_id": "G30_0540_7200", "hs_mean": 0.1889, "hs_p90": 0.2404, "hs_sd": 0.0316, "coverage": 1.0, "data_status": "value"}}, {"type": "Feature", "geometry": {"type": "Polygon", "coordinates": [[[-70.68501, -25.036072], [-70.387731, -25.039146], [-70.384705, -24.768289], [-70.681336, -24.765253], [-70.68501, -25.036072]]]}, "properties": {"cell_id": "G30_0330_7230", "hs_mean": 0.0235, "hs_p90": 0.0363, "hs_sd": 0.0069, "coverage": 1.0, "data_status": "value"}}, {"type": "Feature", "geometry": {"type": "Polygon", "coordinates": [[[-70.387731, -25.039146], [-70.090408, -25.041626], [-70.08803, -24.770739], [-70.384705, -24.768289], [-70.387731, -25.039146]]]}, "properties": {"cell_id": "G30_0360_7230", "hs_mean": 0.027, "hs_p90": 0.0363, "hs_sd": 0.0093, "coverage": 1.0, "data_status": "value"}}, {"type": "Feature", "geometry": {"type": "Polygon", "coordinates": [[[-70.090408, -25.041626], [-69.793051, -25.043511], [-69.791321, -24.7726], [-70.08803, -24.770739], [-70.090408, -25.041626]]]}, "properties": {"cell_id": "G30_0390_7230", "hs_mean": 0.0146, "hs_p90": 0.0204, "hs_sd": 0.0049, "coverage": 1.0, "data_status": "value"}}, {"type": "Feature", "geometry": {"type": "Polygon", "coordinates": [[[-69.793051, -25.043511], [-69.495668, -25.0448], [-69.494587, -24.773875], [-69.791321, -24.7726], [-69.793051, -25.043511]]]}, "properties": {"cell_id": "G30_0420_7230", "hs_mean": 0.0715, "hs_p90": 0.1719, "hs_sd": 0.0648, "coverage": 1.0, "data_status": "value"}}, {"type": "Feature", "geometry": {"type": "Polygon", "coordinates": [[[-69.495668, -25.0448], [-69.19827, -25.045495], [-69.197837, -24.77456], [-69.494587, -24.773875], [-69.495668, -25.0448]]]}, "properties": {"cell_id": "G30_0450_7230", "hs_mean": 0.3206, "hs_p90": 0.4512, "hs_sd": 0.0997, "coverage": 1.0, "data_status": "value"}}, {"type": "Feature", "geometry": {"type": "Polygon", "coordinates": [[[-69.19827, -25.045495], [-68.900865, -25.045594], [-68.901081, -24.774659], [-69.197837, -24.77456], [-69.19827, -25.045495]]]}, "properties": {"cell_id": "G30_0480_7230", "hs_mean": 0.0577, "hs_p90": 0.1111, "hs_sd": 0.043, "coverage": 1.0, "data_status": "value"}}, {"type": "Feature", "geometry": {"type": "Polygon", "coordinates": [[[-68.900865, -25.045594], [-68.603463, -25.045098], [-68.604328, -24.774168], [-68.901081, -24.774659], [-68.900865, -25.045594]]]}, "properties": {"cell_id": "G30_0510_7230", "hs_mean": 0.0526, "hs_p90": 0.102, "hs_sd": 0.0382, "coverage": 1.0, "data_status": "value"}}, {"type": "Feature", "geometry": {"type": "Polygon", "coordinates": [[[-68.603463, -25.045098], [-68.306074, -25.044007], [-68.307588, -24.77309], [-68.604328, -24.774168], [-68.603463, -25.045098]]]}, "properties": {"cell_id": "G30_0540_7230", "hs_mean": 0.1728, "hs_p90": 0.2195, "hs_sd": 0.0358, "coverage": 1.0, "data_status": "value"}}, {"type": "Feature", "geometry": {"type": "Polygon", "coordinates": [[[-70.681336, -24.765253], [-70.384705, -24.768289], [-70.381723, -24.497423], [-70.677715, -24.494423], [-70.681336, -24.765253]]]}, "properties": {"cell_id": "G30_0330_7260", "hs_mean": 0.0123, "hs_p90": 0.0159, "hs_sd": 0.0025, "coverage": 1.0, "data_status": "value"}}, {"type": "Feature", "geometry": {"type": "Polygon", "coordinates": [[[-70.384705, -24.768289], [-70.08803, -24.770739], [-70.085687, -24.499842], [-70.381723, -24.497423], [-70.384705, -24.768289]]]}, "properties": {"cell_id": "G30_0360_7260", "hs_mean": 0.0099, "hs_p90": 0.0159, "hs_sd": 0.0049, "coverage": 1.0, "data_status": "value"}}, {"type": "Feature", "geometry": {"type": "Polygon", "coordinates": [[[-70.08803, -24.770739], [-69.791321, -24.7726], [-69.789616, -24.50168], [-70.085687, -24.499842], [-70.08803, -24.770739]]]}, "properties": {"cell_id": "G30_0390_7260", "hs_mean": 0.0251, "hs_p90": 0.0408, "hs_sd": 0.012, "coverage": 1.0, "data_status": "value"}}, {"type": "Feature", "geometry": {"type": "Polygon", "coordinates": [[[-69.791321, -24.7726], [-69.494587, -24.773875], [-69.493521, -24.502939], [-69.789616, -24.50168], [-69.791321, -24.7726]]]}, "properties": {"cell_id": "G30_0420_7260", "hs_mean": 0.0403, "hs_p90": 0.0816, "hs_sd": 0.0282, "coverage": 1.0, "data_status": "value"}}, {"type": "Feature", "geometry": {"type": "Polygon", "coordinates": [[[-69.494587, -24.773875], [-69.197837, -24.77456], [-69.197411, -24.503616], [-69.493521, -24.502939], [-69.494587, -24.773875]]]}, "properties": {"cell_id": "G30_0450_7260", "hs_mean": 0.2246, "hs_p90": 0.3469, "hs_sd": 0.1082, "coverage": 1.0, "data_status": "value"}}, {"type": "Feature", "geometry": {"type": "Polygon", "coordinates": [[[-69.197837, -24.77456], [-68.901081, -24.774659], [-68.901294, -24.503713], [-69.197411, -24.503616], [-69.197837, -24.77456]]]}, "properties": {"cell_id": "G30_0480_7260", "hs_mean": 0.1636, "hs_p90": 0.2245, "hs_sd": 0.0571, "coverage": 1.0, "data_status": "value"}}, {"type": "Feature", "geometry": {"type": "Polygon", "coordinates": [[[-68.901081, -24.774659], [-68.604328, -24.774168], [-68.605181, -24.503229], [-68.901294, -24.503713], [-68.901081, -24.774659]]]}, "properties": {"cell_id": "G30_0510_7260", "hs_mean": 0.1119, "hs_p90": 0.1914, "hs_sd": 0.0501, "coverage": 1.0, "data_status": "value"}}, {"type": "Feature", "geometry": {"type": "Polygon", "coordinates": [[[-68.604328, -24.774168], [-68.307588, -24.77309], [-68.30908, -24.502164], [-68.605181, -24.503229], [-68.604328, -24.774168]]]}, "properties": {"cell_id": "G30_0540_7260", "hs_mean": 0.1888, "hs_p90": 0.2404, "hs_sd": 0.0443, "coverage": 1.0, "data_status": "value"}}, {"type": "Feature", "geometry": {"type": "Polygon", "coordinates": [[[-70.677715, -24.494423], [-70.381723, -24.497423], [-70.378784, -24.226546], [-70.674147, -24.223584], [-70.677715, -24.494423]]]}, "properties": {"cell_id": "G30_0330_7290", "hs_mean": 0.0731, "hs_p90": 0.156, "hs_sd": 0.0588, "coverage": 1.0, "data_status": "value"}}, {"type": "Feature", "geometry": {"type": "Polygon", "coordinates": [[[-70.381723, -24.497423], [-70.085687, -24.499842], [-70.083377, -24.228935], [-70.378784, -24.226546], [-70.381723, -24.497423]]]}, "properties": {"cell_id": "G30_0360_7290", "hs_mean": 0.0321, "hs_p90": 0.059, "hs_sd": 0.0188, "coverage": 1.0, "data_status": "value"}}, {"type": "Feature", "geometry": {"type": "Polygon", "coordinates": [[[-70.085687, -24.499842], [-69.789616, -24.50168], [-69.787936, -24.230751], [-70.083377, -24.228935], [-70.085687, -24.499842]]]}, "properties": {"cell_id": "G30_0390_7290", "hs_mean": 0.0227, "hs_p90": 0.0363, "hs_sd": 0.0087, "coverage": 1.0, "data_status": "value"}}, {"type": "Feature", "geometry": {"type": "Polygon", "coordinates": [[[-69.789616, -24.50168], [-69.493521, -24.502939], [-69.492471, -24.231993], [-69.787936, -24.230751], [-69.789616, -24.50168]]]}, "properties": {"cell_id": "G30_0420_7290", "hs_mean": 0.0914, "hs_p90": 0.2036, "hs_sd": 0.0671, "coverage": 1.0, "data_status": "value"}}, {"type": "Feature", "geometry": {"type": "Polygon", "coordinates": [[[-69.493521, -24.502939], [-69.197411, -24.503616], [-69.196991, -24.232662], [-69.492471, -24.231993], [-69.493521, -24.502939]]]}, "properties": {"cell_id": "G30_0450_7290", "hs_mean": 0.2684, "hs_p90": 0.3587, "hs_sd": 0.0646, "coverage": 1.0, "data_status": "value"}}, {"type": "Feature", "geometry": {"type": "Polygon", "coordinates": [[[-69.197411, -24.503616], [-68.901294, -24.503713], [-68.901504, -24.232758], [-69.196991, -24.232662], [-69.197411, -24.503616]]]}, "properties": {"cell_id": "G30_0480_7290", "hs_mean": 0.133, "hs_p90": 0.2102, "hs_sd": 0.0553, "coverage": 1.0, "data_status": "value"}}, {"type": "Feature", "geometry": {"type": "Polygon", "coordinates": [[[-68.901294, -24.503713], [-68.605181, -24.503229], [-68.606021, -24.23228], [-68.901504, -24.232758], [-68.901294, -24.503713]]]}, "properties": {"cell_id": "G30_0510_7290", "hs_mean": 0.0973, "hs_p90": 0.183, "hs_sd": 0.0512, "coverage": 1.0, "data_status": "value"}}, {"type": "Feature", "geometry": {"type": "Polygon", "coordinates": [[[-68.605181, -24.503229], [-68.30908, -24.502164], [-68.31055, -24.231229], [-68.606021, -24.23228], [-68.605181, -24.503229]]]}, "properties": {"cell_id": "G30_0540_7290", "hs_mean": 0.3252, "hs_p90": 0.5526, "hs_sd": 0.1154, "coverage": 1.0, "data_status": "value"}}, {"type": "Feature", "geometry": {"type": "Polygon", "coordinates": [[[-68.30908, -24.502164], [-68.013, -24.500519], [-68.0151, -24.229604], [-68.31055, -24.231229], [-68.30908, -24.502164]]]}, "properties": {"cell_id": "G30_0570_7290", "hs_mean": 0.4321, "hs_p90": 0.6417, "hs_sd": 0.1251, "coverage": 0.9467, "data_status": "value"}}, {"type": "Feature", "geometry": {"type": "Polygon", "coordinates": [[[-68.013, -24.500519], [-67.716952, -24.498293], [-67.719681, -24.227406], [-68.0151, -24.229604], [-68.013, -24.500519]]]}, "properties": {"cell_id": "G30_0600_7290", "hs_mean": 0.2676, "hs_p90": 0.3141, "hs_sd": 0.0442, "coverage": 0.2857, "data_status": "value"}}, {"type": "Feature", "geometry": {"type": "Polygon", "coordinates": [[[-70.674147, -24.223584], [-70.378784, -24.226546], [-70.375888, -23.955659], [-70.670632, -23.952734], [-70.674147, -24.223584]]]}, "properties": {"cell_id": "G30_0330_7320", "hs_mean": 0.0728, "hs_p90": 0.1655, "hs_sd": 0.0594, "coverage": 1.0, "data_status": "value"}}, {"type": "Feature", "geometry": {"type": "Polygon", "coordinates": [[[-70.378784, -24.226546], [-70.083377, -24.228935], [-70.081101, -23.958018], [-70.375888, -23.955659], [-70.378784, -24.226546]]]}, "properties": {"cell_id": "G30_0360_7320", "hs_mean": 0.0134, "hs_p90": 0.0204, "hs_sd": 0.0089, "coverage": 1.0, "data_status": "value"}}, {"type": "Feature", "geometry": {"type": "Polygon", "coordinates": [[[-70.083377, -24.228935], [-69.787936, -24.230751], [-69.786281, -23.959811], [-70.081101, -23.958018], [-70.083377, -24.228935]]]}, "properties": {"cell_id": "G30_0390_7320", "hs_mean": 0.045, "hs_p90": 0.0748, "hs_sd": 0.0219, "coverage": 1.0, "data_status": "value"}}, {"type": "Feature", "geometry": {"type": "Polygon", "coordinates": [[[-69.787936, -24.230751], [-69.492471, -24.231993], [-69.491437, -23.961038], [-69.786281, -23.959811], [-69.787936, -24.230751]]]}, "properties": {"cell_id": "G30_0420_7320", "hs_mean": 0.0452, "hs_p90": 0.0583, "hs_sd": 0.0116, "coverage": 1.0, "data_status": "value"}}, {"type": "Feature", "geometry": {"type": "Polygon", "coordinates": [[[-69.492471, -24.231993], [-69.196991, -24.232662], [-69.196577, -23.961699], [-69.491437, -23.961038], [-69.492471, -24.231993]]]}, "properties": {"cell_id": "G30_0450_7320", "hs_mean": 0.1501, "hs_p90": 0.2063, "hs_sd": 0.0469, "coverage": 1.0, "data_status": "value"}}, {"type": "Feature", "geometry": {"type": "Polygon", "coordinates": [[[-69.196991, -24.232662], [-68.901504, -24.232758], [-68.901711, -23.961793], [-69.196577, -23.961699], [-69.196991, -24.232662]]]}, "properties": {"cell_id": "G30_0480_7320", "hs_mean": 0.1196, "hs_p90": 0.158, "hs_sd": 0.0254, "coverage": 1.0, "data_status": "value"}}, {"type": "Feature", "geometry": {"type": "Polygon", "coordinates": [[[-68.901504, -24.232758], [-68.606021, -24.23228], [-68.606849, -23.961321], [-68.901711, -23.961793], [-68.901504, -24.232758]]]}, "properties": {"cell_id": "G30_0510_7320", "hs_mean": 0.1105, "hs_p90": 0.1551, "hs_sd": 0.0282, "coverage": 1.0, "data_status": "value"}}, {"type": "Feature", "geometry": {"type": "Polygon", "coordinates": [[[-68.606021, -24.23228], [-68.31055, -24.231229], [-68.311998, -23.960283], [-68.606849, -23.961321], [-68.606021, -24.23228]]]}, "properties": {"cell_id": "G30_0540_7320", "hs_mean": 0.2402, "hs_p90": 0.3803, "hs_sd": 0.1128, "coverage": 1.0, "data_status": "value"}}, {"type": "Feature", "geometry": {"type": "Polygon", "coordinates": [[[-68.31055, -24.231229], [-68.0151, -24.229604], [-68.017169, -23.958679], [-68.311998, -23.960283], [-68.31055, -24.231229]]]}, "properties": {"cell_id": "G30_0570_7320", "hs_mean": 0.3822, "hs_p90": 0.4499, "hs_sd": 0.0596, "coverage": 1.0, "data_status": "value"}}, {"type": "Feature", "geometry": {"type": "Polygon", "coordinates": [[[-68.0151, -24.229604], [-67.719681, -24.227406], [-67.72237, -23.956508], [-68.017169, -23.958679], [-68.0151, -24.229604]]]}, "properties": {"cell_id": "G30_0600_7320", "hs_mean": 0.4892, "hs_p90": 0.6905, "hs_sd": 0.1683, "coverage": 0.9078, "data_status": "value"}}, {"type": "Feature", "geometry": {"type": "Polygon", "coordinates": [[[-67.719681, -24.227406], [-67.424302, -24.224635], [-67.427611, -23.953772], [-67.72237, -23.956508], [-67.719681, -24.227406]]]}, "properties": {"cell_id": "G30_0630_7320", "hs_mean": 0.8237, "hs_p90": 0.9524, "hs_sd": 0.1353, "coverage": 0.7263, "data_status": "value"}}, {"type": "Feature", "geometry": {"type": "Polygon", "coordinates": [[[-67.424302, -24.224635], [-67.128972, -24.221291], [-67.132901, -23.950471], [-67.427611, -23.953772], [-67.424302, -24.224635]]]}, "properties": {"cell_id": "G30_0660_7320", "hs_mean": 0.8676, "hs_p90": 0.8986, "hs_sd": 0.0309, "coverage": 0.8571, "data_status": "value"}}, {"type": "Feature", "geometry": {"type": "Polygon", "coordinates": [[[-70.670632, -23.952734], [-70.375888, -23.955659], [-70.373034, -23.684762], [-70.667168, -23.681875], [-70.670632, -23.952734]]]}, "properties": {"cell_id": "G30_0330_7350", "hs_mean": 0.0191, "hs_p90": 0.0249, "hs_sd": 0.0049, "coverage": 1.0, "data_status": "value"}}, {"type": "Feature", "geometry": {"type": "Polygon", "coordinates": [[[-70.375888, -23.955659], [-70.081101, -23.958018], [-70.078859, -23.687091], [-70.373034, -23.684762], [-70.375888, -23.955659]]]}, "properties": {"cell_id": "G30_0360_7350", "hs_mean": 0.0179, "hs_p90": 0.0385, "hs_sd": 0.0123, "coverage": 1.0, "data_status": "value"}}, {"type": "Feature", "geometry": {"type": "Polygon", "coordinates": [[[-70.081101, -23.958018], [-69.786281, -23.959811], [-69.78465, -23.688862], [-70.078859, -23.687091], [-70.081101, -23.958018]]]}, "properties": {"cell_id": "G30_0390_7350", "hs_mean": 0.0587, "hs_p90": 0.0794, "hs_sd": 0.0136, "coverage": 1.0, "data_status": "value"}}, {"type": "Feature", "geometry": {"type": "Polygon", "coordinates": [[[-69.786281, -23.959811], [-69.491437, -23.961038], [-69.490417, -23.690073], [-69.78465, -23.688862], [-69.786281, -23.959811]]]}, "properties": {"cell_id": "G30_0420_7350", "hs_mean": 0.0681, "hs_p90": 0.1082, "hs_sd": 0.0273, "coverage": 1.0, "data_status": "value"}}, {"type": "Feature", "geometry": {"type": "Polygon", "coordinates": [[[-69.491437, -23.961038], [-69.196577, -23.961699], [-69.196169, -23.690726], [-69.490417, -23.690073], [-69.491437, -23.961038]]]}, "properties": {"cell_id": "G30_0450_7350", "hs_mean": 0.1361, "hs_p90": 0.1959, "hs_sd": 0.0373, "coverage": 1.0, "data_status": "value"}}, {"type": "Feature", "geometry": {"type": "Polygon", "coordinates": [[[-69.196577, -23.961699], [-68.901711, -23.961793], [-68.901915, -23.690819], [-69.196169, -23.690726], [-69.196577, -23.961699]]]}, "properties": {"cell_id": "G30_0480_7350", "hs_mean": 0.1502, "hs_p90": 0.2313, "hs_sd": 0.065, "coverage": 1.0, "data_status": "value"}}, {"type": "Feature", "geometry": {"type": "Polygon", "coordinates": [[[-68.901711, -23.961793], [-68.606849, -23.961321], [-68.607664, -23.690353], [-68.901915, -23.690819], [-68.901711, -23.961793]]]}, "properties": {"cell_id": "G30_0510_7350", "hs_mean": 0.3065, "hs_p90": 0.4195, "hs_sd": 0.0928, "coverage": 1.0, "data_status": "value"}}, {"type": "Feature", "geometry": {"type": "Polygon", "coordinates": [[[-68.606849, -23.961321], [-68.311998, -23.960283], [-68.313425, -23.689328], [-68.607664, -23.690353], [-68.606849, -23.961321]]]}, "properties": {"cell_id": "G30_0540_7350", "hs_mean": 0.2006, "hs_p90": 0.2789, "hs_sd": 0.0556, "coverage": 1.0, "data_status": "value"}}, {"type": "Feature", "geometry": {"type": "Polygon", "coordinates": [[[-68.311998, -23.960283], [-68.017169, -23.958679], [-68.019208, -23.687744], [-68.313425, -23.689328], [-68.311998, -23.960283]]]}, "properties": {"cell_id": "G30_0570_7350", "hs_mean": 0.3591, "hs_p90": 0.4512, "hs_sd": 0.0803, "coverage": 1.0, "data_status": "value"}}, {"type": "Feature", "geometry": {"type": "Polygon", "coordinates": [[[-68.017169, -23.958679], [-67.72237, -23.956508], [-67.72502, -23.685601], [-68.019208, -23.687744], [-68.017169, -23.958679]]]}, "properties": {"cell_id": "G30_0600_7350", "hs_mean": 0.2378, "hs_p90": 0.381, "hs_sd": 0.0814, "coverage": 1.0, "data_status": "value"}}, {"type": "Feature", "geometry": {"type": "Polygon", "coordinates": [[[-67.72237, -23.956508], [-67.427611, -23.953772], [-67.430872, -23.682899], [-67.72502, -23.685601], [-67.72237, -23.956508]]]}, "properties": {"cell_id": "G30_0630_7350", "hs_mean": 0.5477, "hs_p90": 0.9501, "hs_sd": 0.2511, "coverage": 1.0, "data_status": "value"}}, {"type": "Feature", "geometry": {"type": "Polygon", "coordinates": [[[-67.427611, -23.953772], [-67.132901, -23.950471], [-67.136771, -23.67964], [-67.430872, -23.682899], [-67.427611, -23.953772]]]}, "properties": {"cell_id": "G30_0660_7350", "hs_mean": 0.8175, "hs_p90": 0.941, "hs_sd": 0.0973, "coverage": 1.0, "data_status": "value"}}, {"type": "Feature", "geometry": {"type": "Polygon", "coordinates": [[[-70.667168, -23.681875], [-70.373034, -23.684762], [-70.370223, -23.413856], [-70.663755, -23.411005], [-70.667168, -23.681875]]]}, "properties": {"cell_id": "G30_0330_7380", "hs_mean": 0.0382, "hs_p90": 0.0522, "hs_sd": 0.0133, "coverage": 1.0, "data_status": "value"}}, {"type": "Feature", "geometry": {"type": "Polygon", "coordinates": [[[-70.373034, -23.684762], [-70.078859, -23.687091], [-70.07665, -23.416155], [-70.370223, -23.413856], [-70.373034, -23.684762]]]}, "properties": {"cell_id": "G30_0360_7380", "hs_mean": 0.0442, "hs_p90": 0.1066, "hs_sd": 0.0393, "coverage": 1.0, "data_status": "value"}}, {"type": "Feature", "geometry": {"type": "Polygon", "coordinates": [[[-70.078859, -23.687091], [-69.78465, -23.688862], [-69.783043, -23.417903], [-70.07665, -23.416155], [-70.078859, -23.687091]]]}, "properties": {"cell_id": "G30_0390_7380", "hs_mean": 0.0968, "hs_p90": 0.1315, "hs_sd": 0.0235, "coverage": 1.0, "data_status": "value"}}, {"type": "Feature", "geometry": {"type": "Polygon", "coordinates": [[[-69.78465, -23.688862], [-69.490417, -23.690073], [-69.489413, -23.419099], [-69.783043, -23.417903], [-69.78465, -23.688862]]]}, "properties": {"cell_id": "G30_0420_7380", "hs_mean": 0.0761, "hs_p90": 0.1134, "hs_sd": 0.0299, "coverage": 1.0, "data_status": "value"}}, {"type": "Feature", "geometry": {"type": "Polygon", "coordinates": [[[-69.490417, -23.690073], [-69.196169, -23.690726], [-69.195767, -23.419743], [-69.489413, -23.419099], [-69.490417, -23.690073]]]}, "properties": {"cell_id": "G30_0450_7380", "hs_mean": 0.1743, "hs_p90": 0.2329, "hs_sd": 0.0612, "coverage": 1.0, "data_status": "value"}}, {"type": "Feature", "geometry": {"type": "Polygon", "coordinates": [[[-69.196169, -23.690726], [-68.901915, -23.690819], [-68.902116, -23.419835], [-69.195767, -23.419743], [-69.196169, -23.690726]]]}, "properties": {"cell_id": "G30_0480_7380", "hs_mean": 0.1237, "hs_p90": 0.1678, "hs_sd": 0.0275, "coverage": 1.0, "data_status": "value"}}, {"type": "Feature", "geometry": {"type": "Polygon", "coordinates": [[[-68.901915, -23.690819], [-68.607664, -23.690353], [-68.608468, -23.419375], [-68.902116, -23.419835], [-68.901915, -23.690819]]]}, "properties": {"cell_id": "G30_0510_7380", "hs_mean": 0.2266, "hs_p90": 0.3243, "hs_sd": 0.0763, "coverage": 1.0, "data_status": "value"}}, {"type": "Feature", "geometry": {"type": "Polygon", "coordinates": [[[-68.607664, -23.690353], [-68.313425, -23.689328], [-68.314831, -23.418363], [-68.608468, -23.419375], [-68.607664, -23.690353]]]}, "properties": {"cell_id": "G30_0540_7380", "hs_mean": 0.3055, "hs_p90": 0.3955, "hs_sd": 0.0664, "coverage": 1.0, "data_status": "value"}}, {"type": "Feature", "geometry": {"type": "Polygon", "coordinates": [[[-68.313425, -23.689328], [-68.019208, -23.687744], [-68.021216, -23.416799], [-68.314831, -23.418363], [-68.313425, -23.689328]]]}, "properties": {"cell_id": "G30_0570_7380", "hs_mean": 0.3693, "hs_p90": 0.4603, "hs_sd": 0.0974, "coverage": 1.0, "data_status": "value"}}, {"type": "Feature", "geometry": {"type": "Polygon", "coordinates": [[[-68.019208, -23.687744], [-67.72502, -23.685601], [-67.727631, -23.414684], [-68.021216, -23.416799], [-68.019208, -23.687744]]]}, "properties": {"cell_id": "G30_0600_7380", "hs_mean": 0.3534, "hs_p90": 0.4603, "hs_sd": 0.1064, "coverage": 1.0, "data_status": "value"}}, {"type": "Feature", "geometry": {"type": "Polygon", "coordinates": [[[-67.72502, -23.685601], [-67.430872, -23.682899], [-67.434084, -23.412017], [-67.727631, -23.414684], [-67.72502, -23.685601]]]}, "properties": {"cell_id": "G30_0630_7380", "hs_mean": 0.3013, "hs_p90": 0.458, "hs_sd": 0.1299, "coverage": 1.0, "data_status": "value"}}, {"type": "Feature", "geometry": {"type": "Polygon", "coordinates": [[[-67.430872, -23.682899], [-67.136771, -23.67964], [-67.140585, -23.408799], [-67.434084, -23.412017], [-67.430872, -23.682899]]]}, "properties": {"cell_id": "G30_0660_7380", "hs_mean": 0.6458, "hs_p90": 0.7621, "hs_sd": 0.1374, "coverage": 1.0, "data_status": "value"}}, {"type": "Feature", "geometry": {"type": "Polygon", "coordinates": [[[-67.136771, -23.67964], [-66.842729, -23.675822], [-66.847143, -23.40503], [-67.140585, -23.408799], [-67.136771, -23.67964]]]}, "properties": {"cell_id": "G30_0690_7380", "hs_mean": 0.8209, "hs_p90": 0.8209, "hs_sd": 0.0, "coverage": 1.0, "data_status": "value"}}, {"type": "Feature", "geometry": {"type": "Polygon", "coordinates": [[[-70.663755, -23.411005], [-70.370223, -23.413856], [-70.367454, -23.14294], [-70.660393, -23.140126], [-70.663755, -23.411005]]]}, "properties": {"cell_id": "G30_0330_7410", "hs_mean": 0.0181, "hs_p90": 0.0317, "hs_sd": 0.0105, "coverage": 1.0, "data_status": "value"}}, {"type": "Feature", "geometry": {"type": "Polygon", "coordinates": [[[-70.370223, -23.413856], [-70.07665, -23.416155], [-70.074473, -23.145209], [-70.367454, -23.14294], [-70.370223, -23.413856]]]}, "properties": {"cell_id": "G30_0360_7410", "hs_mean": 0.0544, "hs_p90": 0.0946, "hs_sd": 0.027, "coverage": 1.0, "data_status": "value"}}, {"type": "Feature", "geometry": {"type": "Polygon", "coordinates": [[[-70.07665, -23.416155], [-69.783043, -23.417903], [-69.78146, -23.146935], [-70.074473, -23.145209], [-70.07665, -23.416155]]]}, "properties": {"cell_id": "G30_0390_7410", "hs_mean": 0.0614, "hs_p90": 0.0984, "hs_sd": 0.0243, "coverage": 1.0, "data_status": "value"}}, {"type": "Feature", "geometry": {"type": "Polygon", "coordinates": [[[-69.783043, -23.417903], [-69.489413, -23.419099], [-69.488423, -23.148115], [-69.78146, -23.146935], [-69.783043, -23.417903]]]}, "properties": {"cell_id": "G30_0420_7410", "hs_mean": 0.0418, "hs_p90": 0.0567, "hs_sd": 0.0097, "coverage": 1.0, "data_status": "value"}}, {"type": "Feature", "geometry": {"type": "Polygon", "coordinates": [[[-69.489413, -23.419099], [-69.195767, -23.419743], [-69.195372, -23.148751], [-69.488423, -23.148115], [-69.489413, -23.419099]]]}, "properties": {"cell_id": "G30_0450_7410", "hs_mean": 0.0864, "hs_p90": 0.134, "hs_sd": 0.033, "coverage": 1.0, "data_status": "value"}}, {"type": "Feature", "geometry": {"type": "Polygon", "coordinates": [[[-69.195767, -23.419743], [-68.902116, -23.419835], [-68.902314, -23.148842], [-69.195372, -23.148751], [-69.195767, -23.419743]]]}, "properties": {"cell_id": "G30_0480_7410", "hs_mean": 0.1851, "hs_p90": 0.2653, "hs_sd": 0.048, "coverage": 1.0, "data_status": "value"}}, {"type": "Feature", "geometry": {"type": "Polygon", "coordinates": [[[-68.902116, -23.419835], [-68.608468, -23.419375], [-68.609259, -23.148388], [-68.902314, -23.148842], [-68.902116, -23.419835]]]}, "properties": {"cell_id": "G30_0510_7410", "hs_mean": 0.1691, "hs_p90": 0.2313, "hs_sd": 0.0462, "coverage": 1.0, "data_status": "value"}}, {"type": "Feature", "geometry": {"type": "Polygon", "coordinates": [[[-68.608468, -23.419375], [-68.314831, -23.418363], [-68.316217, -23.147389], [-68.609259, -23.148388], [-68.608468, -23.419375]]]}, "properties": {"cell_id": "G30_0540_7410", "hs_mean": 0.2635, "hs_p90": 0.3372, "hs_sd": 0.0448, "coverage": 1.0, "data_status": "value"}}, {"type": "Feature", "geometry": {"type": "Polygon", "coordinates": [[[-68.314831, -23.418363], [-68.021216, -23.416799], [-68.023195, -23.145845], [-68.316217, -23.147389], [-68.314831, -23.418363]]]}, "properties": {"cell_id": "G30_0570_7410", "hs_mean": 0.2432, "hs_p90": 0.3878, "hs_sd": 0.1118, "coverage": 1.0, "data_status": "value"}}, {"type": "Feature", "geometry": {"type": "Polygon", "coordinates": [[[-68.021216, -23.416799], [-67.727631, -23.414684], [-67.730202, -23.143757], [-68.023195, -23.145845], [-68.021216, -23.416799]]]}, "properties": {"cell_id": "G30_0600_7410", "hs_mean": 0.0851, "hs_p90": 0.1286, "hs_sd": 0.0273, "coverage": 1.0, "data_status": "value"}}, {"type": "Feature", "geometry": {"type": "Polygon", "coordinates": [[[-67.727631, -23.414684], [-67.434084, -23.412017], [-67.437248, -23.141124], [-67.730202, -23.143757], [-67.727631, -23.414684]]]}, "properties": {"cell_id": "G30_0630_7410", "hs_mean": 0.0791, "hs_p90": 0.1052, "hs_sd": 0.0232, "coverage": 1.0, "data_status": "value"}}, {"type": "Feature", "geometry": {"type": "Polygon", "coordinates": [[[-67.434084, -23.412017], [-67.140585, -23.408799], [-67.144342, -23.137948], [-67.437248, -23.141124], [-67.434084, -23.412017]]]}, "properties": {"cell_id": "G30_0660_7410", "hs_mean": 0.464, "hs_p90": 0.8175, "hs_sd": 0.2546, "coverage": 1.0, "data_status": "value"}}, {"type": "Feature", "geometry": {"type": "Polygon", "coordinates": [[[-67.140585, -23.408799], [-66.847143, -23.40503], [-66.851492, -23.134228], [-67.144342, -23.137948], [-67.140585, -23.408799]]]}, "properties": {"cell_id": "G30_0690_7410", "hs_mean": 0.9287, "hs_p90": 0.9637, "hs_sd": 0.0308, "coverage": 1.0, "data_status": "value"}}, {"type": "Feature", "geometry": {"type": "Polygon", "coordinates": [[[-70.660393, -23.140126], [-70.367454, -23.14294], [-70.364726, -22.872014], [-70.657081, -22.869237], [-70.660393, -23.140126]]]}, "properties": {"cell_id": "G30_0330_7440", "hs_mean": 0.0114, "hs_p90": 0.0204, "hs_sd": 0.0053, "coverage": 1.0, "data_status": "value"}}, {"type": "Feature", "geometry": {"type": "Polygon", "coordinates": [[[-70.367454, -23.14294], [-70.074473, -23.145209], [-70.072329, -22.874254], [-70.364726, -22.872014], [-70.367454, -23.14294]]]}, "properties": {"cell_id": "G30_0360_7440", "hs_mean": 0.0196, "hs_p90": 0.0317, "hs_sd": 0.0067, "coverage": 1.0, "data_status": "value"}}, {"type": "Feature", "geometry": {"type": "Polygon", "coordinates": [[[-70.074473, -23.145209], [-69.78146, -23.146935], [-69.779901, -22.875957], [-70.072329, -22.874254], [-70.074473, -23.145209]]]}, "properties": {"cell_id": "G30_0390_7440", "hs_mean": 0.0277, "hs_p90": 0.0363, "hs_sd": 0.0069, "coverage": 1.0, "data_status": "value"}}, {"type": "Feature", "geometry": {"type": "Polygon", "coordinates": [[[-69.78146, -23.146935], [-69.488423, -23.148115], [-69.487449, -22.877122], [-69.779901, -22.875957], [-69.78146, -23.146935]]]}, "properties": {"cell_id": "G30_0420_7440", "hs_mean": 0.0574, "hs_p90": 0.0816, "hs_sd": 0.015, "coverage": 1.0, "data_status": "value"}}, {"type": "Feature", "geometry": {"type": "Polygon", "coordinates": [[[-69.488423, -23.148115], [-69.195372, -23.148751], [-69.194982, -22.87775], [-69.487449, -22.877122], [-69.488423, -23.148115]]]}, "properties": {"cell_id": "G30_0450_7440", "hs_mean": 0.1565, "hs_p90": 0.2329, "hs_sd": 0.0566, "coverage": 1.0, "data_status": "value"}}, {"type": "Feature", "geometry": {"type": "Polygon", "coordinates": [[[-69.195372, -23.148751], [-68.902314, -23.148842], [-68.902509, -22.877839], [-69.194982, -22.87775], [-69.195372, -23.148751]]]}, "properties": {"cell_id": "G30_0480_7440", "hs_mean": 0.2711, "hs_p90": 0.3197, "hs_sd": 0.0387, "coverage": 1.0, "data_status": "value"}}, {"type": "Feature", "geometry": {"type": "Polygon", "coordinates": [[[-68.902314, -23.148842], [-68.609259, -23.148388], [-68.610039, -22.877391], [-68.902509, -22.877839], [-68.902314, -23.148842]]]}, "properties": {"cell_id": "G30_0510_7440", "hs_mean": 0.1776, "hs_p90": 0.227, "hs_sd": 0.0354, "coverage": 1.0, "data_status": "value"}}, {"type": "Feature", "geometry": {"type": "Polygon", "coordinates": [[[-68.609259, -23.148388], [-68.316217, -23.147389], [-68.317581, -22.876405], [-68.610039, -22.877391], [-68.609259, -23.148388]]]}, "properties": {"cell_id": "G30_0540_7440", "hs_mean": 0.2988, "hs_p90": 0.4399, "hs_sd": 0.1125, "coverage": 1.0, "data_status": "value"}}, {"type": "Feature", "geometry": {"type": "Polygon", "coordinates": [[[-68.316217, -23.147389], [-68.023195, -23.145845], [-68.025144, -22.874881], [-68.317581, -22.876405], [-68.316217, -23.147389]]]}, "properties": {"cell_id": "G30_0570_7440", "hs_mean": 0.5399, "hs_p90": 0.7583, "hs_sd": 0.1879, "coverage": 1.0, "data_status": "value"}}, {"type": "Feature", "geometry": {"type": "Polygon", "coordinates": [[[-68.023195, -23.145845], [-67.730202, -23.143757], [-67.732736, -22.87282], [-68.025144, -22.874881], [-68.023195, -23.145845]]]}, "properties": {"cell_id": "G30_0600_7440", "hs_mean": 0.1679, "hs_p90": 0.3356, "hs_sd": 0.1189, "coverage": 1.0, "data_status": "value"}}, {"type": "Feature", "geometry": {"type": "Polygon", "coordinates": [[[-67.730202, -23.143757], [-67.437248, -23.141124], [-67.440365, -22.870222], [-67.732736, -22.87282], [-67.730202, -23.143757]]]}, "properties": {"cell_id": "G30_0630_7440", "hs_mean": 0.088, "hs_p90": 0.1111, "hs_sd": 0.0187, "coverage": 1.0, "data_status": "value"}}, {"type": "Feature", "geometry": {"type": "Polygon", "coordinates": [[[-67.437248, -23.141124], [-67.144342, -23.137948], [-67.148043, -22.867087], [-67.440365, -22.870222], [-67.437248, -23.141124]]]}, "properties": {"cell_id": "G30_0660_7440", "hs_mean": 0.4664, "hs_p90": 0.8272, "hs_sd": 0.2622, "coverage": 1.0, "data_status": "value"}}, {"type": "Feature", "geometry": {"type": "Polygon", "coordinates": [[[-67.144342, -23.137948], [-66.851492, -23.134228], [-66.855775, -22.863416], [-67.148043, -22.867087], [-67.144342, -23.137948]]]}, "properties": {"cell_id": "G30_0690_7440", "hs_mean": 0.9107, "hs_p90": 0.9562, "hs_sd": 0.0348, "coverage": 1.0, "data_status": "value"}}, {"type": "Feature", "geometry": {"type": "Polygon", "coordinates": [[[-70.364726, -22.872014], [-70.072329, -22.874254], [-70.070218, -22.603289], [-70.362039, -22.601079], [-70.364726, -22.872014]]]}, "properties": {"cell_id": "G30_0360_7470", "hs_mean": 0.0092, "hs_p90": 0.0113, "hs_sd": 0.0034, "coverage": 1.0, "data_status": "value"}}, {"type": "Feature", "geometry": {"type": "Polygon", "coordinates": [[[-70.072329, -22.874254], [-69.779901, -22.875957], [-69.778365, -22.60497], [-70.070218, -22.603289], [-70.072329, -22.874254]]]}, "properties": {"cell_id": "G30_0390_7470", "hs_mean": 0.0117, "hs_p90": 0.0129, "hs_sd": 0.0023, "coverage": 1.0, "data_status": "value"}}, {"type": "Feature", "geometry": {"type": "Polygon", "coordinates": [[[-69.779901, -22.875957], [-69.487449, -22.877122], [-69.486489, -22.60612], [-69.778365, -22.60497], [-69.779901, -22.875957]]]}, "properties": {"cell_id": "G30_0420_7470", "hs_mean": 0.0192, "hs_p90": 0.0431, "hs_sd": 0.0166, "coverage": 1.0, "data_status": "value"}}, {"type": "Feature", "geometry": {"type": "Polygon", "coordinates": [[[-69.487449, -22.877122], [-69.194982, -22.87775], [-69.194598, -22.606739], [-69.486489, -22.60612], [-69.487449, -22.877122]]]}, "properties": {"cell_id": "G30_0450_7470", "hs_mean": 0.1201, "hs_p90": 0.2011, "hs_sd": 0.0597, "coverage": 1.0, "data_status": "value"}}, {"type": "Feature", "geometry": {"type": "Polygon", "coordinates": [[[-69.194982, -22.87775], [-68.902509, -22.877839], [-68.902701, -22.606827], [-69.194598, -22.606739], [-69.194982, -22.87775]]]}, "properties": {"cell_id": "G30_0480_7470", "hs_mean": 0.2869, "hs_p90": 0.383, "hs_sd": 0.0641, "coverage": 1.0, "data_status": "value"}}, {"type": "Feature", "geometry": {"type": "Polygon", "coordinates": [[[-68.902509, -22.877839], [-68.610039, -22.877391], [-68.610807, -22.606385], [-68.902701, -22.606827], [-68.902509, -22.877839]]]}, "properties": {"cell_id": "G30_0510_7470", "hs_mean": 0.3114, "hs_p90": 0.3789, "hs_sd": 0.0459, "coverage": 1.0, "data_status": "value"}}, {"type": "Feature", "geometry": {"type": "Polygon", "coordinates": [[[-68.610039, -22.877391], [-68.317581, -22.876405], [-68.318925, -22.605412], [-68.610807, -22.606385], [-68.610039, -22.877391]]]}, "properties": {"cell_id": "G30_0540_7470", "hs_mean": 0.3017, "hs_p90": 0.3651, "hs_sd": 0.0495, "coverage": 1.0, "data_status": "value"}}, {"type": "Feature", "geometry": {"type": "Polygon", "coordinates": [[[-68.317581, -22.876405], [-68.025144, -22.874881], [-68.027063, -22.603908], [-68.318925, -22.605412], [-68.317581, -22.876405]]]}, "properties": {"cell_id": "G30_0570_7470", "hs_mean": 0.4273, "hs_p90": 0.6553, "hs_sd": 0.1563, "coverage": 1.0, "data_status": "value"}}, {"type": "Feature", "geometry": {"type": "Polygon", "coordinates": [[[-68.025144, -22.874881], [-67.732736, -22.87282], [-67.735231, -22.601875], [-68.027063, -22.603908], [-68.025144, -22.874881]]]}, "properties": {"cell_id": "G30_0600_7470", "hs_mean": 0.5514, "hs_p90": 0.6417, "hs_sd": 0.1119, "coverage": 1.0, "data_status": "value"}}, {"type": "Feature", "geometry": {"type": "Polygon", "coordinates": [[[-67.440365, -22.870222], [-67.148043, -22.867087], [-67.151687, -22.596217], [-67.443436, -22.599311], [-67.440365, -22.870222]]]}, "properties": {"cell_id": "G30_0660_7470", "hs_mean": 0.742, "hs_p90": 0.9215, "hs_sd": 0.1937, "coverage": 1.0, "data_status": "value"}}, {"type": "Feature", "geometry": {"type": "Polygon", "coordinates": [[[-70.362039, -22.601079], [-70.070218, -22.603289], [-70.068139, -22.332315], [-70.359393, -22.330134], [-70.362039, -22.601079]]]}, "properties": {"cell_id": "G30_0360_7500", "hs_mean": 0.0122, "hs_p90": 0.0204, "hs_sd": 0.0036, "coverage": 1.0, "data_status": "value"}}, {"type": "Feature", "geometry": {"type": "Polygon", "coordinates": [[[-70.070218, -22.603289], [-69.778365, -22.60497], [-69.776852, -22.333973], [-70.068139, -22.332315], [-70.070218, -22.603289]]]}, "properties": {"cell_id": "G30_0390_7500", "hs_mean": 0.0117, "hs_p90": 0.0159, "hs_sd": 0.0026, "coverage": 1.0, "data_status": "value"}}, {"type": "Feature", "geometry": {"type": "Polygon", "coordinates": [[[-69.778365, -22.60497], [-69.486489, -22.60612], [-69.485543, -22.335108], [-69.776852, -22.333973], [-69.778365, -22.60497]]]}, "properties": {"cell_id": "G30_0420_7500", "hs_mean": 0.0227, "hs_p90": 0.0447, "hs_sd": 0.0144, "coverage": 1.0, "data_status": "value"}}, {"type": "Feature", "geometry": {"type": "Polygon", "coordinates": [[[-69.486489, -22.60612], [-69.194598, -22.606739], [-69.19422, -22.335719], [-69.485543, -22.335108], [-69.486489, -22.60612]]]}, "properties": {"cell_id": "G30_0450_7500", "hs_mean": 0.1457, "hs_p90": 0.2463, "hs_sd": 0.0712, "coverage": 1.0, "data_status": "value"}}, {"type": "Feature", "geometry": {"type": "Polygon", "coordinates": [[[-69.194598, -22.606739], [-68.902701, -22.606827], [-68.90289, -22.335806], [-69.19422, -22.335719], [-69.194598, -22.606739]]]}, "properties": {"cell_id": "G30_0480_7500", "hs_mean": 0.4246, "hs_p90": 0.5533, "hs_sd": 0.106, "coverage": 1.0, "data_status": "value"}}, {"type": "Feature", "geometry": {"type": "Polygon", "coordinates": [[[-68.902701, -22.606827], [-68.610807, -22.606385], [-68.611564, -22.33537], [-68.90289, -22.335806], [-68.902701, -22.606827]]]}, "properties": {"cell_id": "G30_0510_7500", "hs_mean": 0.3828, "hs_p90": 0.4667, "hs_sd": 0.0794, "coverage": 1.0, "data_status": "value"}}, {"type": "Feature", "geometry": {"type": "Polygon", "coordinates": [[[-68.610807, -22.606385], [-68.318925, -22.605412], [-68.320249, -22.33441], [-68.611564, -22.33537], [-68.610807, -22.606385]]]}, "properties": {"cell_id": "G30_0540_7500", "hs_mean": 0.2013, "hs_p90": 0.2585, "hs_sd": 0.0398, "coverage": 1.0, "data_status": "value"}}, {"type": "Feature", "geometry": {"type": "Polygon", "coordinates": [[[-68.318925, -22.605412], [-68.027063, -22.603908], [-68.028954, -22.332926], [-68.320249, -22.33441], [-68.318925, -22.605412]]]}, "properties": {"cell_id": "G30_0570_7500", "hs_mean": 0.3341, "hs_p90": 0.4544, "hs_sd": 0.0881, "coverage": 1.0, "data_status": "value"}}, {"type": "Feature", "geometry": {"type": "Polygon", "coordinates": [[[-68.027063, -22.603908], [-67.735231, -22.601875], [-67.737688, -22.330919], [-68.028954, -22.332926], [-68.027063, -22.603908]]]}, "properties": {"cell_id": "G30_0600_7500", "hs_mean": 0.4675, "hs_p90": 0.5857, "hs_sd": 0.0853, "coverage": 1.0, "data_status": "value"}}, {"type": "Feature", "geometry": {"type": "Polygon", "coordinates": [[[-70.359393, -22.330134], [-70.068139, -22.332315], [-70.066091, -22.061332], [-70.356787, -22.05918], [-70.359393, -22.330134]]]}, "properties": {"cell_id": "G30_0360_7530", "hs_mean": 0.0226, "hs_p90": 0.0317, "hs_sd": 0.0048, "coverage": 1.0, "data_status": "value"}}, {"type": "Feature", "geometry": {"type": "Polygon", "coordinates": [[[-70.068139, -22.332315], [-69.776852, -22.333973], [-69.775363, -22.062968], [-70.066091, -22.061332], [-70.068139, -22.332315]]]}, "properties": {"cell_id": "G30_0390_7530", "hs_mean": 0.0202, "hs_p90": 0.0227, "hs_sd": 0.0018, "coverage": 1.0, "data_status": "value"}}, {"type": "Feature", "geometry": {"type": "Polygon", "coordinates": [[[-69.776852, -22.333973], [-69.485543, -22.335108], [-69.484612, -22.064087], [-69.775363, -22.062968], [-69.776852, -22.333973]]]}, "properties": {"cell_id": "G30_0420_7530", "hs_mean": 0.0366, "hs_p90": 0.0612, "hs_sd": 0.0192, "coverage": 1.0, "data_status": "value"}}, {"type": "Feature", "geometry": {"type": "Polygon", "coordinates": [[[-69.485543, -22.335108], [-69.19422, -22.335719], [-69.193847, -22.06469], [-69.484612, -22.064087], [-69.485543, -22.335108]]]}, "properties": {"cell_id": "G30_0450_7530", "hs_mean": 0.2049, "hs_p90": 0.3968, "hs_sd": 0.1196, "coverage": 1.0, "data_status": "value"}}, {"type": "Feature", "geometry": {"type": "Polygon", "coordinates": [[[-69.19422, -22.335719], [-68.90289, -22.335806], [-68.903076, -22.064776], [-69.193847, -22.06469], [-69.19422, -22.335719]]]}, "properties": {"cell_id": "G30_0480_7530", "hs_mean": 0.4547, "hs_p90": 0.6213, "hs_sd": 0.1437, "coverage": 1.0, "data_status": "value"}}, {"type": "Feature", "geometry": {"type": "Polygon", "coordinates": [[[-68.90289, -22.335806], [-68.611564, -22.33537], [-68.612308, -22.064346], [-68.903076, -22.064776], [-68.90289, -22.335806]]]}, "properties": {"cell_id": "G30_0510_7530", "hs_mean": 0.4069, "hs_p90": 0.5873, "hs_sd": 0.1297, "coverage": 1.0, "data_status": "value"}}, {"type": "Feature", "geometry": {"type": "Polygon", "coordinates": [[[-68.611564, -22.33537], [-68.320249, -22.33441], [-68.321552, -22.063399], [-68.612308, -22.064346], [-68.611564, -22.33537]]]}, "properties": {"cell_id": "G30_0540_7530", "hs_mean": 0.2205, "hs_p90": 0.3492, "hs_sd": 0.0794, "coverage": 1.0, "data_status": "value"}}, {"type": "Feature", "geometry": {"type": "Polygon", "coordinates": [[[-68.320249, -22.33441], [-68.028954, -22.332926], [-68.030815, -22.061935], [-68.321552, -22.063399], [-68.320249, -22.33441]]]}, "properties": {"cell_id": "G30_0570_7530", "hs_mean": 0.2582, "hs_p90": 0.4036, "hs_sd": 0.0861, "coverage": 1.0, "data_status": "value"}}, {"type": "Feature", "geometry": {"type": "Polygon", "coordinates": [[[-68.028954, -22.332926], [-67.737688, -22.330919], [-67.740108, -22.059955], [-68.030815, -22.061935], [-68.028954, -22.332926]]]}, "properties": {"cell_id": "G30_0600_7530", "hs_mean": 0.4246, "hs_p90": 0.5873, "hs_sd": 0.1061, "coverage": 1.0, "data_status": "value"}}, {"type": "Feature", "geometry": {"type": "Polygon", "coordinates": [[[-70.356787, -22.05918], [-70.066091, -22.061332], [-70.064075, -21.79034], [-70.354221, -21.788217], [-70.356787, -22.05918]]]}, "properties": {"cell_id": "G30_0360_7560", "hs_mean": 0.039, "hs_p90": 0.0476, "hs_sd": 0.01, "coverage": 1.0, "data_status": "value"}}, {"type": "Feature", "geometry": {"type": "Polygon", "coordinates": [[[-70.066091, -22.061332], [-69.775363, -22.062968], [-69.773896, -21.791954], [-70.064075, -21.79034], [-70.066091, -22.061332]]]}, "properties": {"cell_id": "G30_0390_7560", "hs_mean": 0.0279, "hs_p90": 0.0476, "hs_sd": 0.013, "coverage": 1.0, "data_status": "value"}}, {"type": "Feature", "geometry": {"type": "Polygon", "coordinates": [[[-69.775363, -22.062968], [-69.484612, -22.064087], [-69.483695, -21.793058], [-69.773896, -21.791954], [-69.775363, -22.062968]]]}, "properties": {"cell_id": "G30_0420_7560", "hs_mean": 0.0698, "hs_p90": 0.1361, "hs_sd": 0.0459, "coverage": 1.0, "data_status": "value"}}, {"type": "Feature", "geometry": {"type": "Polygon", "coordinates": [[[-69.484612, -22.064087], [-69.193847, -22.06469], [-69.19348, -21.793652], [-69.483695, -21.793058], [-69.484612, -22.064087]]]}, "properties": {"cell_id": "G30_0450_7560", "hs_mean": 0.3795, "hs_p90": 0.6857, "hs_sd": 0.1883, "coverage": 1.0, "data_status": "value"}}, {"type": "Feature", "geometry": {"type": "Polygon", "coordinates": [[[-69.193847, -22.06469], [-68.903076, -22.064776], [-68.90326, -21.793737], [-69.19348, -21.793652], [-69.193847, -22.06469]]]}, "properties": {"cell_id": "G30_0480_7560", "hs_mean": 0.6008, "hs_p90": 0.6569, "hs_sd": 0.0565, "coverage": 1.0, "data_status": "value"}}, {"type": "Feature", "geometry": {"type": "Polygon", "coordinates": [[[-68.903076, -22.064776], [-68.612308, -22.064346], [-68.613042, -21.793313], [-68.90326, -21.793737], [-68.903076, -22.064776]]]}, "properties": {"cell_id": "G30_0510_7560", "hs_mean": 0.689, "hs_p90": 0.8277, "hs_sd": 0.1093, "coverage": 1.0, "data_status": "value"}}, {"type": "Feature", "geometry": {"type": "Polygon", "coordinates": [[[-68.612308, -22.064346], [-68.321552, -22.063399], [-68.322835, -21.792378], [-68.613042, -21.793313], [-68.612308, -22.064346]]]}, "properties": {"cell_id": "G30_0540_7560", "hs_mean": 0.6952, "hs_p90": 0.8497, "hs_sd": 0.1541, "coverage": 1.0, "data_status": "value"}}, {"type": "Feature", "geometry": {"type": "Polygon", "coordinates": [[[-68.321552, -22.063399], [-68.030815, -22.061935], [-68.032648, -21.790934], [-68.322835, -21.792378], [-68.321552, -22.063399]]]}, "properties": {"cell_id": "G30_0570_7560", "hs_mean": 0.5098, "hs_p90": 0.6615, "hs_sd": 0.1183, "coverage": 1.0, "data_status": "value"}}, {"type": "Feature", "geometry": {"type": "Polygon", "coordinates": [[[-68.030815, -22.061935], [-67.740108, -22.059955], [-67.74249, -21.788981], [-68.032648, -21.790934], [-68.030815, -22.061935]]]}, "properties": {"cell_id": "G30_0600_7560", "hs_mean": 0.4157, "hs_p90": 0.4431, "hs_sd": 0.027, "coverage": 1.0, "data_status": "value"}}, {"type": "Feature", "geometry": {"type": "Polygon", "coordinates": [[[-70.354221, -21.788217], [-70.064075, -21.79034], [-70.062089, -21.519338], [-70.351696, -21.517244], [-70.354221, -21.788217]]]}, "properties": {"cell_id": "G30_0360_7590", "hs_mean": 0.0522, "hs_p90": 0.059, "hs_sd": 0.0061, "coverage": 1.0, "data_status": "value"}}, {"type": "Feature", "geometry": {"type": "Polygon", "coordinates": [[[-70.064075, -21.79034], [-69.773896, -21.791954], [-69.772452, -21.52093], [-70.062089, -21.519338], [-70.064075, -21.79034]]]}, "properties": {"cell_id": "G30_0390_7590", "hs_mean": 0.0368, "hs_p90": 0.0522, "hs_sd": 0.0133, "coverage": 1.0, "data_status": "value"}}, {"type": "Feature", "geometry": {"type": "Polygon", "coordinates": [[[-69.773896, -21.791954], [-69.483695, -21.793058], [-69.482793, -21.522019], [-69.772452, -21.52093], [-69.773896, -21.791954]]]}, "properties": {"cell_id": "G30_0420_7590", "hs_mean": 0.0514, "hs_p90": 0.102, "hs_sd": 0.0317, "coverage": 1.0, "data_status": "value"}}, {"type": "Feature", "geometry": {"type": "Polygon", "coordinates": [[[-69.483695, -21.793058], [-69.19348, -21.793652], [-69.193119, -21.522606], [-69.482793, -21.522019], [-69.483695, -21.793058]]]}, "properties": {"cell_id": "G30_0450_7590", "hs_mean": 0.6196, "hs_p90": 0.9336, "hs_sd": 0.2883, "coverage": 1.0, "data_status": "value"}}, {"type": "Feature", "geometry": {"type": "Polygon", "coordinates": [[[-69.19348, -21.793652], [-68.90326, -21.793737], [-68.90344, -21.522689], [-69.193119, -21.522606], [-69.19348, -21.793652]]]}, "properties": {"cell_id": "G30_0480_7590", "hs_mean": 0.8103, "hs_p90": 0.9184, "hs_sd": 0.0885, "coverage": 1.0, "data_status": "value"}}, {"type": "Feature", "geometry": {"type": "Polygon", "coordinates": [[[-68.90326, -21.793737], [-68.613042, -21.793313], [-68.613764, -21.522271], [-68.90344, -21.522689], [-68.90326, -21.793737]]]}, "properties": {"cell_id": "G30_0510_7590", "hs_mean": 0.7785, "hs_p90": 0.8594, "hs_sd": 0.0723, "coverage": 1.0, "data_status": "value"}}, {"type": "Feature", "geometry": {"type": "Polygon", "coordinates": [[[-68.613042, -21.793313], [-68.322835, -21.792378], [-68.324099, -21.521349], [-68.613764, -21.522271], [-68.613042, -21.793313]]]}, "properties": {"cell_id": "G30_0540_7590", "hs_mean": 0.6569, "hs_p90": 0.7569, "hs_sd": 0.0582, "coverage": 1.0, "data_status": "value"}}, {"type": "Feature", "geometry": {"type": "Polygon", "coordinates": [[[-68.322835, -21.792378], [-68.032648, -21.790934], [-68.034453, -21.519925], [-68.324099, -21.521349], [-68.322835, -21.792378]]]}, "properties": {"cell_id": "G30_0570_7590", "hs_mean": 0.6207, "hs_p90": 0.7315, "hs_sd": 0.0727, "coverage": 1.0, "data_status": "value"}}, {"type": "Feature", "geometry": {"type": "Polygon", "coordinates": [[[-70.351696, -21.517244], [-70.062089, -21.519338], [-70.060135, -21.248328], [-70.349209, -21.246263], [-70.351696, -21.517244]]]}, "properties": {"cell_id": "G30_0360_7620", "hs_mean": 0.0509, "hs_p90": 0.059, "hs_sd": 0.006, "coverage": 0.875, "data_status": "value"}}, {"type": "Feature", "geometry": {"type": "Polygon", "coordinates": [[[-70.062089, -21.519338], [-69.772452, -21.52093], [-69.771031, -21.249898], [-70.060135, -21.248328], [-70.062089, -21.519338]]]}, "properties": {"cell_id": "G30_0390_7620", "hs_mean": 0.0418, "hs_p90": 0.0633, "hs_sd": 0.0166, "coverage": 0.9167, "data_status": "value"}}, {"type": "Feature", "geometry": {"type": "Polygon", "coordinates": [[[-69.772452, -21.52093], [-69.482793, -21.522019], [-69.481904, -21.250972], [-69.771031, -21.249898], [-69.772452, -21.52093]]]}, "properties": {"cell_id": "G30_0420_7620", "hs_mean": 0.0562, "hs_p90": 0.0862, "hs_sd": 0.0224, "coverage": 0.9167, "data_status": "value"}}, {"type": "Feature", "geometry": {"type": "Polygon", "coordinates": [[[-69.482793, -21.522019], [-69.193119, -21.522606], [-69.192764, -21.25155], [-69.481904, -21.250972], [-69.482793, -21.522019]]]}, "properties": {"cell_id": "G30_0450_7620", "hs_mean": 0.3647, "hs_p90": 0.6871, "hs_sd": 0.2216, "coverage": 0.9167, "data_status": "value"}}, {"type": "Feature", "geometry": {"type": "Polygon", "coordinates": [[[-69.193119, -21.522606], [-68.90344, -21.522689], [-68.903618, -21.251633], [-69.192764, -21.25155], [-69.193119, -21.522606]]]}, "properties": {"cell_id": "G30_0480_7620", "hs_mean": 0.8972, "hs_p90": 0.9524, "hs_sd": 0.0534, "coverage": 0.9167, "data_status": "value"}}, {"type": "Feature", "geometry": {"type": "Polygon", "coordinates": [[[-68.90344, -21.522689], [-68.613764, -21.522271], [-68.614475, -21.25122], [-68.903618, -21.251633], [-68.90344, -21.522689]]]}, "properties": {"cell_id": "G30_0510_7620", "hs_mean": 0.8838, "hs_p90": 0.9501, "hs_sd": 0.0617, "coverage": 0.9167, "data_status": "value"}}, {"type": "Feature", "geometry": {"type": "Polygon", "coordinates": [[[-68.613764, -21.522271], [-68.324099, -21.521349], [-68.325342, -21.250311], [-68.614475, -21.25122], [-68.613764, -21.522271]]]}, "properties": {"cell_id": "G30_0540_7620", "hs_mean": 0.6943, "hs_p90": 0.7234, "hs_sd": 0.026, "coverage": 0.9167, "data_status": "value"}}, {"type": "Feature", "geometry": {"type": "Polygon", "coordinates": [[[-68.324099, -21.521349], [-68.034453, -21.519925], [-68.03623, -21.248906], [-68.325342, -21.250311], [-68.324099, -21.521349]]]}, "properties": {"cell_id": "G30_0570_7620", "hs_mean": 0.85, "hs_p90": 0.9615, "hs_sd": 0.1014, "coverage": 0.9155, "data_status": "value"}}, {"type": "Feature", "geometry": {"type": "Polygon", "coordinates": [[[-70.349209, -21.246263], [-70.060135, -21.248328], [-70.058212, -20.977308], [-70.346761, -20.975272], [-70.349209, -21.246263]]]}, "properties": {"cell_id": "G30_0360_7650", "hs_mean": 0.0204, "hs_p90": 0.0385, "hs_sd": 0.0139, "coverage": 0.8182, "data_status": "value"}}, {"type": "Feature", "geometry": {"type": "Polygon", "coordinates": [[[-70.060135, -21.248328], [-69.771031, -21.249898], [-69.769632, -20.978856], [-70.058212, -20.977308], [-70.060135, -21.248328]]]}, "properties": {"cell_id": "G30_0390_7650", "hs_mean": 0.0129, "hs_p90": 0.0317, "hs_sd": 0.0115, "coverage": 0.6667, "data_status": "value"}}, {"type": "Feature", "geometry": {"type": "Polygon", "coordinates": [[[-69.771031, -21.249898], [-69.481904, -21.250972], [-69.48103, -20.979916], [-69.769632, -20.978856], [-69.771031, -21.249898]]]}, "properties": {"cell_id": "G30_0420_7650", "hs_mean": 0.0711, "hs_p90": 0.1224, "hs_sd": 0.0363, "coverage": 0.6667, "data_status": "value"}}, {"type": "Feature", "geometry": {"type": "Polygon", "coordinates": [[[-69.481904, -21.250972], [-69.192764, -21.25155], [-69.192414, -20.980486], [-69.48103, -20.979916], [-69.481904, -21.250972]]]}, "properties": {"cell_id": "G30_0450_7650", "hs_mean": 0.3017, "hs_p90": 0.449, "hs_sd": 0.1133, "coverage": 0.6667, "data_status": "value"}}, {"type": "Feature", "geometry": {"type": "Polygon", "coordinates": [[[-69.192764, -21.25155], [-68.903618, -21.251633], [-68.903793, -20.980567], [-69.192414, -20.980486], [-69.192764, -21.25155]]]}, "properties": {"cell_id": "G30_0480_7650", "hs_mean": 0.782, "hs_p90": 0.9456, "hs_sd": 0.1388, "coverage": 0.6667, "data_status": "value"}}, {"type": "Feature", "geometry": {"type": "Polygon", "coordinates": [[[-68.903618, -21.251633], [-68.614475, -21.25122], [-68.615174, -20.98016], [-68.903793, -20.980567], [-68.903618, -21.251633]]]}, "properties": {"cell_id": "G30_0510_7650", "hs_mean": 0.9582, "hs_p90": 0.9796, "hs_sd": 0.0288, "coverage": 0.6667, "data_status": "value"}}, {"type": "Feature", "geometry": {"type": "Polygon", "coordinates": [[[-68.614475, -21.25122], [-68.325342, -21.250311], [-68.326567, -20.979264], [-68.615174, -20.98016], [-68.614475, -21.25122]]]}, "properties": {"cell_id": "G30_0540_7650", "hs_mean": 0.7237, "hs_p90": 0.8229, "hs_sd": 0.0711, "coverage": 0.6571, "data_status": "value"}}, {"type": "Feature", "geometry": {"type": "Polygon", "coordinates": [[[-68.325342, -21.250311], [-68.03623, -21.248906], [-68.037978, -20.977879], [-68.326567, -20.979264], [-68.325342, -21.250311]]]}, "properties": {"cell_id": "G30_0570_7650", "hs_mean": 0.8277, "hs_p90": 0.8549, "hs_sd": 0.0292, "coverage": 0.2727, "data_status": "value"}}, {"type": "Feature", "geometry": {"type": "Polygon", "coordinates": [[[-70.346761, -20.975272], [-70.058212, -20.977308], [-70.056319, -20.70628], [-70.344352, -20.704273], [-70.346761, -20.975272]]]}, "properties": {"cell_id": "G30_0360_7680", "hs_mean": 0.0287, "hs_p90": 0.034, "hs_sd": 0.0032, "coverage": 1.0, "data_status": "value"}}, {"type": "Feature", "geometry": {"type": "Polygon", "coordinates": [[[-70.058212, -20.977308], [-69.769632, -20.978856], [-69.768255, -20.707807], [-70.056319, -20.70628], [-70.058212, -20.977308]]]}, "properties": {"cell_id": "G30_0390_7680", "hs_mean": 0.0282, "hs_p90": 0.0385, "hs_sd": 0.0076, "coverage": 1.0, "data_status": "value"}}, {"type": "Feature", "geometry": {"type": "Polygon", "coordinates": [[[-69.769632, -20.978856], [-69.48103, -20.979916], [-69.480169, -20.708851], [-69.768255, -20.707807], [-69.769632, -20.978856]]]}, "properties": {"cell_id": "G30_0420_7680", "hs_mean": 0.0971, "hs_p90": 0.1785, "hs_sd": 0.0498, "coverage": 1.0, "data_status": "value"}}, {"type": "Feature", "geometry": {"type": "Polygon", "coordinates": [[[-69.48103, -20.979916], [-69.192414, -20.980486], [-69.19207, -20.709413], [-69.480169, -20.708851], [-69.48103, -20.979916]]]}, "properties": {"cell_id": "G30_0450_7680", "hs_mean": 0.3759, "hs_p90": 0.5819, "hs_sd": 0.1295, "coverage": 1.0, "data_status": "value"}}, {"type": "Feature", "geometry": {"type": "Polygon", "coordinates": [[[-69.192414, -20.980486], [-68.903793, -20.980567], [-68.903965, -20.709494], [-69.19207, -20.709413], [-69.192414, -20.980486]]]}, "properties": {"cell_id": "G30_0480_7680", "hs_mean": 0.8465, "hs_p90": 0.9683, "hs_sd": 0.111, "coverage": 1.0, "data_status": "value"}}, {"type": "Feature", "geometry": {"type": "Polygon", "coordinates": [[[-68.903793, -20.980567], [-68.615174, -20.98016], [-68.615863, -20.709092], [-68.903965, -20.709494], [-68.903793, -20.980567]]]}, "properties": {"cell_id": "G30_0510_7680", "hs_mean": 0.9513, "hs_p90": 0.9796, "hs_sd": 0.0431, "coverage": 1.0, "data_status": "value"}}, {"type": "Feature", "geometry": {"type": "Polygon", "coordinates": [[[-68.615174, -20.98016], [-68.326567, -20.979264], [-68.327771, -20.708208], [-68.615863, -20.709092], [-68.615174, -20.98016]]]}, "properties": {"cell_id": "G30_0540_7680", "hs_mean": 0.7984, "hs_p90": 0.9002, "hs_sd": 0.0779, "coverage": 1.0, "data_status": "value"}}, {"type": "Feature", "geometry": {"type": "Polygon", "coordinates": [[[-70.344352, -20.704273], [-70.056319, -20.70628], [-70.054456, -20.435244], [-70.341982, -20.433264], [-70.344352, -20.704273]]]}, "properties": {"cell_id": "G30_0360_7710", "hs_mean": 0.027, "hs_p90": 0.0317, "hs_sd": 0.0045, "coverage": 1.0, "data_status": "value"}}, {"type": "Feature", "geometry": {"type": "Polygon", "coordinates": [[[-70.056319, -20.70628], [-69.768255, -20.707807], [-69.7669, -20.436748], [-70.054456, -20.435244], [-70.056319, -20.70628]]]}, "properties": {"cell_id": "G30_0390_7710", "hs_mean": 0.0269, "hs_p90": 0.0385, "hs_sd": 0.0073, "coverage": 1.0, "data_status": "value"}}, {"type": "Feature", "geometry": {"type": "Polygon", "coordinates": [[[-69.768255, -20.707807], [-69.480169, -20.708851], [-69.479322, -20.437777], [-69.7669, -20.436748], [-69.768255, -20.707807]]]}, "properties": {"cell_id": "G30_0420_7710", "hs_mean": 0.1075, "hs_p90": 0.2041, "hs_sd": 0.0642, "coverage": 1.0, "data_status": "value"}}, {"type": "Feature", "geometry": {"type": "Polygon", "coordinates": [[[-69.480169, -20.708851], [-69.19207, -20.709413], [-69.191731, -20.438332], [-69.479322, -20.437777], [-69.480169, -20.708851]]]}, "properties": {"cell_id": "G30_0450_7710", "hs_mean": 0.5484, "hs_p90": 0.759, "hs_sd": 0.1684, "coverage": 1.0, "data_status": "value"}}, {"type": "Feature", "geometry": {"type": "Polygon", "coordinates": [[[-69.19207, -20.709413], [-68.903965, -20.709494], [-68.904134, -20.438411], [-69.191731, -20.438332], [-69.19207, -20.709413]]]}, "properties": {"cell_id": "G30_0480_7710", "hs_mean": 0.9408, "hs_p90": 0.9909, "hs_sd": 0.0567, "coverage": 1.0, "data_status": "value"}}, {"type": "Feature", "geometry": {"type": "Polygon", "coordinates": [[[-68.903965, -20.709494], [-68.615863, -20.709092], [-68.61654, -20.438015], [-68.904134, -20.438411], [-68.903965, -20.709494]]]}, "properties": {"cell_id": "G30_0510_7710", "hs_mean": 0.8617, "hs_p90": 0.9796, "hs_sd": 0.1091, "coverage": 1.0, "data_status": "value"}}, {"type": "Feature", "geometry": {"type": "Polygon", "coordinates": [[[-68.615863, -20.709092], [-68.327771, -20.708208], [-68.328957, -20.437144], [-68.61654, -20.438015], [-68.615863, -20.709092]]]}, "properties": {"cell_id": "G30_0540_7710", "hs_mean": 0.6533, "hs_p90": 0.6805, "hs_sd": 0.0197, "coverage": 1.0, "data_status": "value"}}, {"type": "Feature", "geometry": {"type": "Polygon", "coordinates": [[[-70.341982, -20.433264], [-70.054456, -20.435244], [-70.052623, -20.164198], [-70.33965, -20.162248], [-70.341982, -20.433264]]]}, "properties": {"cell_id": "G30_0360_7740", "hs_mean": 0.0812, "hs_p90": 0.3968, "hs_sd": 0.1321, "coverage": 0.551, "data_status": "value"}}, {"type": "Feature", "geometry": {"type": "Polygon", "coordinates": [[[-70.054456, -20.435244], [-69.7669, -20.436748], [-69.765567, -20.165681], [-70.052623, -20.164198], [-70.054456, -20.435244]]]}, "properties": {"cell_id": "G30_0390_7740", "hs_mean": 0.0882, "hs_p90": 0.3968, "hs_sd": 0.1386, "coverage": 0.5, "data_status": "value"}}, {"type": "Feature", "geometry": {"type": "Polygon", "coordinates": [[[-69.7669, -20.436748], [-69.479322, -20.437777], [-69.478489, -20.166696], [-69.765567, -20.165681], [-69.7669, -20.436748]]]}, "properties": {"cell_id": "G30_0420_7740", "hs_mean": 0.1752, "hs_p90": 0.3968, "hs_sd": 0.1287, "coverage": 0.5, "data_status": "value"}}, {"type": "Feature", "geometry": {"type": "Polygon", "coordinates": [[[-69.479322, -20.437777], [-69.191731, -20.438332], [-69.191398, -20.167242], [-69.478489, -20.166696], [-69.479322, -20.437777]]]}, "properties": {"cell_id": "G30_0450_7740", "hs_mean": 0.7023, "hs_p90": 0.9093, "hs_sd": 0.1929, "coverage": 0.5, "data_status": "value"}}, {"type": "Feature", "geometry": {"type": "Polygon", "coordinates": [[[-69.191731, -20.438332], [-68.904134, -20.438411], [-68.904301, -20.16732], [-69.191398, -20.167242], [-69.191731, -20.438332]]]}, "properties": {"cell_id": "G30_0480_7740", "hs_mean": 0.871, "hs_p90": 0.9773, "hs_sd": 0.2124, "coverage": 0.5, "data_status": "value"}}, {"type": "Feature", "geometry": {"type": "Polygon", "coordinates": [[[-68.904134, -20.438411], [-68.61654, -20.438015], [-68.617207, -20.16693], [-68.904301, -20.16732], [-68.904134, -20.438411]]]}, "properties": {"cell_id": "G30_0510_7740", "hs_mean": 0.7506, "hs_p90": 0.927, "hs_sd": 0.1807, "coverage": 0.48, "data_status": "value"}}, {"type": "Feature", "geometry": {"type": "Polygon", "coordinates": [[[-70.33965, -20.162248], [-70.052623, -20.164198], [-70.05082, -19.893144], [-70.337355, -19.891222], [-70.33965, -20.162248]]]}, "properties": {"cell_id": "G30_0360_7770", "hs_mean": null, "hs_p90": null, "hs_sd": null, "coverage": 0.0, "data_status": "no_data_from_figure"}}, {"type": "Feature", "geometry": {"type": "Polygon", "coordinates": [[[-70.052623, -20.164198], [-69.765567, -20.165681], [-69.764255, -19.894606], [-70.05082, -19.893144], [-70.052623, -20.164198]]]}, "properties": {"cell_id": "G30_0390_7770", "hs_mean": null, "hs_p90": null, "hs_sd": null, "coverage": 0.0, "data_status": "no_data_from_figure"}}, {"type": "Feature", "geometry": {"type": "Polygon", "coordinates": [[[-69.765567, -20.165681], [-69.478489, -20.166696], [-69.477669, -19.895605], [-69.764255, -19.894606], [-69.765567, -20.165681]]]}, "properties": {"cell_id": "G30_0420_7770", "hs_mean": null, "hs_p90": null, "hs_sd": null, "coverage": 0.0, "data_status": "no_data_from_figure"}}, {"type": "Feature", "geometry": {"type": "Polygon", "coordinates": [[[-69.478489, -20.166696], [-69.191398, -20.167242], [-69.19107, -19.896144], [-69.477669, -19.895605], [-69.478489, -20.166696]]]}, "properties": {"cell_id": "G30_0450_7770", "hs_mean": null, "hs_p90": null, "hs_sd": null, "coverage": 0.0, "data_status": "no_data_from_figure"}}, {"type": "Feature", "geometry": {"type": "Polygon", "coordinates": [[[-69.191398, -20.167242], [-68.904301, -20.16732], [-68.904465, -19.896221], [-69.19107, -19.896144], [-69.191398, -20.167242]]]}, "properties": {"cell_id": "G30_0480_7770", "hs_mean": null, "hs_p90": null, "hs_sd": null, "coverage": 0.0, "data_status": "no_data_from_figure"}}, {"type": "Feature", "geometry": {"type": "Polygon", "coordinates": [[[-68.904301, -20.16732], [-68.617207, -20.16693], [-68.617863, -19.895836], [-68.904465, -19.896221], [-68.904301, -20.16732]]]}, "properties": {"cell_id": "G30_0510_7770", "hs_mean": null, "hs_p90": null, "hs_sd": null, "coverage": 0.0, "data_status": "no_data_from_figure"}}, {"type": "Feature", "geometry": {"type": "Polygon", "coordinates": [[[-68.617207, -20.16693], [-68.330124, -20.166071], [-68.331271, -19.89499], [-68.617863, -19.895836], [-68.617207, -20.16693]]]}, "properties": {"cell_id": "G30_0540_7770", "hs_mean": null, "hs_p90": null, "hs_sd": null, "coverage": 0.0, "data_status": "no_data_from_figure"}}, {"type": "Feature", "geometry": {"type": "Polygon", "coordinates": [[[-70.337355, -19.891222], [-70.05082, -19.893144], [-70.049046, -19.622082], [-70.335098, -19.620188], [-70.337355, -19.891222]]]}, "properties": {"cell_id": "G30_0360_7800", "hs_mean": null, "hs_p90": null, "hs_sd": null, "coverage": 0.0, "data_status": "no_data_from_figure"}}, {"type": "Feature", "geometry": {"type": "Polygon", "coordinates": [[[-70.05082, -19.893144], [-69.764255, -19.894606], [-69.762965, -19.623522], [-70.049046, -19.622082], [-70.05082, -19.893144]]]}, "properties": {"cell_id": "G30_0390_7800", "hs_mean": null, "hs_p90": null, "hs_sd": null, "coverage": 0.0, "data_status": "no_data_from_figure"}}, {"type": "Feature", "geometry": {"type": "Polygon", "coordinates": [[[-69.764255, -19.894606], [-69.477669, -19.895605], [-69.476863, -19.624507], [-69.762965, -19.623522], [-69.764255, -19.894606]]]}, "properties": {"cell_id": "G30_0420_7800", "hs_mean": null, "hs_p90": null, "hs_sd": null, "coverage": 0.0, "data_status": "no_data_from_figure"}}, {"type": "Feature", "geometry": {"type": "Polygon", "coordinates": [[[-69.477669, -19.895605], [-69.19107, -19.896144], [-69.190747, -19.625037], [-69.476863, -19.624507], [-69.477669, -19.895605]]]}, "properties": {"cell_id": "G30_0450_7800", "hs_mean": null, "hs_p90": null, "hs_sd": null, "coverage": 0.0, "data_status": "no_data_from_figure"}}, {"type": "Feature", "geometry": {"type": "Polygon", "coordinates": [[[-69.19107, -19.896144], [-68.904465, -19.896221], [-68.904626, -19.625113], [-69.190747, -19.625037], [-69.19107, -19.896144]]]}, "properties": {"cell_id": "G30_0480_7800", "hs_mean": null, "hs_p90": null, "hs_sd": null, "coverage": 0.0, "data_status": "no_data_from_figure"}}, {"type": "Feature", "geometry": {"type": "Polygon", "coordinates": [[[-68.904465, -19.896221], [-68.617863, -19.895836], [-68.618508, -19.624734], [-68.904626, -19.625113], [-68.904465, -19.896221]]]}, "properties": {"cell_id": "G30_0510_7800", "hs_mean": null, "hs_p90": null, "hs_sd": null, "coverage": 0.0, "data_status": "no_data_from_figure"}}, {"type": "Feature", "geometry": {"type": "Polygon", "coordinates": [[[-68.617863, -19.895836], [-68.331271, -19.89499], [-68.3324, -19.623901], [-68.618508, -19.624734], [-68.617863, -19.895836]]]}, "properties": {"cell_id": "G30_0540_7800", "hs_mean": null, "hs_p90": null, "hs_sd": null, "coverage": 0.0, "data_status": "no_data_from_figure"}}, {"type": "Feature", "geometry": {"type": "Polygon", "coordinates": [[[-70.335098, -19.620188], [-70.049046, -19.622082], [-70.047302, -19.351012], [-70.332878, -19.349146], [-70.335098, -19.620188]]]}, "properties": {"cell_id": "G30_0360_7830", "hs_mean": null, "hs_p90": null, "hs_sd": null, "coverage": 0.0, "data_status": "no_data_from_figure"}}, {"type": "Feature", "geometry": {"type": "Polygon", "coordinates": [[[-70.049046, -19.622082], [-69.762965, -19.623522], [-69.761696, -19.35243], [-70.047302, -19.351012], [-70.049046, -19.622082]]]}, "properties": {"cell_id": "G30_0390_7830", "hs_mean": null, "hs_p90": null, "hs_sd": null, "coverage": 0.0, "data_status": "no_data_from_figure"}}, {"type": "Feature", "geometry": {"type": "Polygon", "coordinates": [[[-69.762965, -19.623522], [-69.476863, -19.624507], [-69.47607, -19.3534], [-69.761696, -19.35243], [-69.762965, -19.623522]]]}, "properties": {"cell_id": "G30_0420_7830", "hs_mean": null, "hs_p90": null, "hs_sd": null, "coverage": 0.0, "data_status": "no_data_from_figure"}}, {"type": "Feature", "geometry": {"type": "Polygon", "coordinates": [[[-69.476863, -19.624507], [-69.190747, -19.625037], [-69.19043, -19.353923], [-69.47607, -19.3534], [-69.476863, -19.624507]]]}, "properties": {"cell_id": "G30_0450_7830", "hs_mean": null, "hs_p90": null, "hs_sd": null, "coverage": 0.0, "data_status": "no_data_from_figure"}}, {"type": "Feature", "geometry": {"type": "Polygon", "coordinates": [[[-69.190747, -19.625037], [-68.904626, -19.625113], [-68.904785, -19.353997], [-69.19043, -19.353923], [-69.190747, -19.625037]]]}, "properties": {"cell_id": "G30_0480_7830", "hs_mean": null, "hs_p90": null, "hs_sd": null, "coverage": 0.0, "data_status": "no_data_from_figure"}}, {"type": "Feature", "geometry": {"type": "Polygon", "coordinates": [[[-68.904626, -19.625113], [-68.618508, -19.624734], [-68.619142, -19.353624], [-68.904785, -19.353997], [-68.904626, -19.625113]]]}, "properties": {"cell_id": "G30_0510_7830", "hs_mean": null, "hs_p90": null, "hs_sd": null, "coverage": 0.0, "data_status": "no_data_from_figure"}}, {"type": "Feature", "geometry": {"type": "Polygon", "coordinates": [[[-68.618508, -19.624734], [-68.3324, -19.623901], [-68.333511, -19.352803], [-68.619142, -19.353624], [-68.618508, -19.624734]]]}, "properties": {"cell_id": "G30_0540_7830", "hs_mean": null, "hs_p90": null, "hs_sd": null, "coverage": 0.0, "data_status": "no_data_from_figure"}}, {"type": "Feature", "geometry": {"type": "Polygon", "coordinates": [[[-70.332878, -19.349146], [-70.047302, -19.351012], [-70.045586, -19.079933], [-70.330695, -19.078095], [-70.332878, -19.349146]]]}, "properties": {"cell_id": "G30_0360_7860", "hs_mean": null, "hs_p90": null, "hs_sd": null, "coverage": 0.0, "data_status": "no_data_from_figure"}}, {"type": "Feature", "geometry": {"type": "Polygon", "coordinates": [[[-70.047302, -19.351012], [-69.761696, -19.35243], [-69.760448, -19.08133], [-70.045586, -19.079933], [-70.047302, -19.351012]]]}, "properties": {"cell_id": "G30_0390_7860", "hs_mean": null, "hs_p90": null, "hs_sd": null, "coverage": 0.0, "data_status": "no_data_from_figure"}}, {"type": "Feature", "geometry": {"type": "Polygon", "coordinates": [[[-69.761696, -19.35243], [-69.47607, -19.3534], [-69.47529, -19.082286], [-69.760448, -19.08133], [-69.761696, -19.35243]]]}, "properties": {"cell_id": "G30_0420_7860", "hs_mean": null, "hs_p90": null, "hs_sd": null, "coverage": 0.0, "data_status": "no_data_from_figure"}}, {"type": "Feature", "geometry": {"type": "Polygon", "coordinates": [[[-69.47607, -19.3534], [-69.19043, -19.353923], [-69.190118, -19.0828], [-69.47529, -19.082286], [-69.47607, -19.3534]]]}, "properties": {"cell_id": "G30_0450_7860", "hs_mean": null, "hs_p90": null, "hs_sd": null, "coverage": 0.0, "data_status": "no_data_from_figure"}}, {"type": "Feature", "geometry": {"type": "Polygon", "coordinates": [[[-69.19043, -19.353923], [-68.904785, -19.353997], [-68.904941, -19.082874], [-69.190118, -19.0828], [-69.19043, -19.353923]]]}, "properties": {"cell_id": "G30_0480_7860", "hs_mean": null, "hs_p90": null, "hs_sd": null, "coverage": 0.0, "data_status": "no_data_from_figure"}}, {"type": "Feature", "geometry": {"type": "Polygon", "coordinates": [[[-68.904785, -19.353997], [-68.619142, -19.353624], [-68.619766, -19.082506], [-68.904941, -19.082874], [-68.904785, -19.353997]]]}, "properties": {"cell_id": "G30_0510_7860", "hs_mean": null, "hs_p90": null, "hs_sd": null, "coverage": 0.0, "data_status": "no_data_from_figure"}}, {"type": "Feature", "geometry": {"type": "Polygon", "coordinates": [[[-68.619142, -19.353624], [-68.333511, -19.352803], [-68.334603, -19.081697], [-68.619766, -19.082506], [-68.619142, -19.353624]]]}, "properties": {"cell_id": "G30_0540_7860", "hs_mean": null, "hs_p90": null, "hs_sd": null, "coverage": 0.0, "data_status": "no_data_from_figure"}}, {"type": "Feature", "geometry": {"type": "Polygon", "coordinates": [[[-70.615767, -19.075817], [-70.330695, -19.078095], [-70.328549, -18.807036], [-70.613162, -18.804793], [-70.615767, -19.075817]]]}, "properties": {"cell_id": "G30_0330_7890", "hs_mean": null, "hs_p90": null, "hs_sd": null, "coverage": 0.0, "data_status": "no_data_from_figure"}}, {"type": "Feature", "geometry": {"type": "Polygon", "coordinates": [[[-70.330695, -19.078095], [-70.045586, -19.079933], [-70.043899, -18.808846], [-70.328549, -18.807036], [-70.330695, -19.078095]]]}, "properties": {"cell_id": "G30_0360_7890", "hs_mean": null, "hs_p90": null, "hs_sd": null, "coverage": 0.0, "data_status": "no_data_from_figure"}}, {"type": "Feature", "geometry": {"type": "Polygon", "coordinates": [[[-70.045586, -19.079933], [-69.760448, -19.08133], [-69.759221, -18.810222], [-70.043899, -18.808846], [-70.045586, -19.079933]]]}, "properties": {"cell_id": "G30_0390_7890", "hs_mean": null, "hs_p90": null, "hs_sd": null, "coverage": 0.0, "data_status": "no_data_from_figure"}}, {"type": "Feature", "geometry": {"type": "Polygon", "coordinates": [[[-69.760448, -19.08133], [-69.47529, -19.082286], [-69.474523, -18.811163], [-69.759221, -18.810222], [-69.760448, -19.08133]]]}, "properties": {"cell_id": "G30_0420_7890", "hs_mean": null, "hs_p90": null, "hs_sd": null, "coverage": 0.0, "data_status": "no_data_from_figure"}}, {"type": "Feature", "geometry": {"type": "Polygon", "coordinates": [[[-69.47529, -19.082286], [-69.190118, -19.0828], [-69.189811, -18.81167], [-69.474523, -18.811163], [-69.47529, -19.082286]]]}, "properties": {"cell_id": "G30_0450_7890", "hs_mean": null, "hs_p90": null, "hs_sd": null, "coverage": 0.0, "data_status": "no_data_from_figure"}}, {"type": "Feature", "geometry": {"type": "Polygon", "coordinates": [[[-69.190118, -19.0828], [-68.904941, -19.082874], [-68.905094, -18.811742], [-69.189811, -18.81167], [-69.190118, -19.0828]]]}, "properties": {"cell_id": "G30_0480_7890", "hs_mean": null, "hs_p90": null, "hs_sd": null, "coverage": 0.0, "data_status": "no_data_from_figure"}}, {"type": "Feature", "geometry": {"type": "Polygon", "coordinates": [[[-68.904941, -19.082874], [-68.619766, -19.082506], [-68.62038, -18.81138], [-68.905094, -18.811742], [-68.904941, -19.082874]]]}, "properties": {"cell_id": "G30_0510_7890", "hs_mean": null, "hs_p90": null, "hs_sd": null, "coverage": 0.0, "data_status": "no_data_from_figure"}}, {"type": "Feature", "geometry": {"type": "Polygon", "coordinates": [[[-70.613162, -18.804793], [-70.328549, -18.807036], [-70.326439, -18.535969], [-70.6106, -18.53376], [-70.613162, -18.804793]]]}, "properties": {"cell_id": "G30_0330_7920", "hs_mean": null, "hs_p90": null, "hs_sd": null, "coverage": 0.0, "data_status": "no_data_from_figure"}}, {"type": "Feature", "geometry": {"type": "Polygon", "coordinates": [[[-70.328549, -18.807036], [-70.043899, -18.808846], [-70.042241, -18.537751], [-70.326439, -18.535969], [-70.328549, -18.807036]]]}, "properties": {"cell_id": "G30_0360_7920", "hs_mean": null, "hs_p90": null, "hs_sd": null, "coverage": 0.0, "data_status": "no_data_from_figure"}}, {"type": "Feature", "geometry": {"type": "Polygon", "coordinates": [[[-70.043899, -18.808846], [-69.759221, -18.810222], [-69.758015, -18.539105], [-70.042241, -18.537751], [-70.043899, -18.808846]]]}, "properties": {"cell_id": "G30_0390_7920", "hs_mean": null, "hs_p90": null, "hs_sd": null, "coverage": 0.0, "data_status": "no_data_from_figure"}}, {"type": "Feature", "geometry": {"type": "Polygon", "coordinates": [[[-69.759221, -18.810222], [-69.474523, -18.811163], [-69.473769, -18.540032], [-69.758015, -18.539105], [-69.759221, -18.810222]]]}, "properties": {"cell_id": "G30_0420_7920", "hs_mean": null, "hs_p90": null, "hs_sd": null, "coverage": 0.0, "data_status": "no_data_from_figure"}}, {"type": "Feature", "geometry": {"type": "Polygon", "coordinates": [[[-69.474523, -18.811163], [-69.189811, -18.81167], [-69.18951, -18.540531], [-69.473769, -18.540032], [-69.474523, -18.811163]]]}, "properties": {"cell_id": "G30_0450_7920", "hs_mean": null, "hs_p90": null, "hs_sd": null, "coverage": 0.0, "data_status": "no_data_from_figure"}}, {"type": "Feature", "geometry": {"type": "Polygon", "coordinates": [[[-69.189811, -18.81167], [-68.905094, -18.811742], [-68.905245, -18.540602], [-69.18951, -18.540531], [-69.189811, -18.81167]]]}, "properties": {"cell_id": "G30_0480_7920", "hs_mean": null, "hs_p90": null, "hs_sd": null, "coverage": 0.0, "data_status": "no_data_from_figure"}}, {"type": "Feature", "geometry": {"type": "Polygon", "coordinates": [[[-70.6106, -18.53376], [-70.326439, -18.535969], [-70.324365, -18.264894], [-70.608082, -18.26272], [-70.6106, -18.53376]]]}, "properties": {"cell_id": "G30_0330_7950", "hs_mean": null, "hs_p90": null, "hs_sd": null, "coverage": 0.0, "data_status": "no_data_from_figure"}}, {"type": "Feature", "geometry": {"type": "Polygon", "coordinates": [[[-70.326439, -18.535969], [-70.042241, -18.537751], [-70.040612, -18.266648], [-70.324365, -18.264894], [-70.326439, -18.535969]]]}, "properties": {"cell_id": "G30_0360_7950", "hs_mean": null, "hs_p90": null, "hs_sd": null, "coverage": 0.0, "data_status": "no_data_from_figure"}}, {"type": "Feature", "geometry": {"type": "Polygon", "coordinates": [[[-70.042241, -18.537751], [-69.758015, -18.539105], [-69.75683, -18.267981], [-70.040612, -18.266648], [-70.042241, -18.537751]]]}, "properties": {"cell_id": "G30_0390_7950", "hs_mean": null, "hs_p90": null, "hs_sd": null, "coverage": 0.0, "data_status": "no_data_from_figure"}}, {"type": "Feature", "geometry": {"type": "Polygon", "coordinates": [[[-69.758015, -18.539105], [-69.473769, -18.540032], [-69.473028, -18.268894], [-69.75683, -18.267981], [-69.758015, -18.539105]]]}, "properties": {"cell_id": "G30_0420_7950", "hs_mean": null, "hs_p90": null, "hs_sd": null, "coverage": 0.0, "data_status": "no_data_from_figure"}}, {"type": "Feature", "geometry": {"type": "Polygon", "coordinates": [[[-69.473769, -18.540032], [-69.18951, -18.540531], [-69.189213, -18.269385], [-69.473028, -18.268894], [-69.473769, -18.540032]]]}, "properties": {"cell_id": "G30_0450_7950", "hs_mean": null, "hs_p90": null, "hs_sd": null, "coverage": 0.0, "data_status": "no_data_from_figure"}}, {"type": "Feature", "geometry": {"type": "Polygon", "coordinates": [[[-69.18951, -18.540531], [-68.905245, -18.540602], [-68.905393, -18.269455], [-69.189213, -18.269385], [-69.18951, -18.540531]]]}, "properties": {"cell_id": "G30_0480_7950", "hs_mean": null, "hs_p90": null, "hs_sd": null, "coverage": 0.0, "data_status": "no_data_from_figure"}}, {"type": "Feature", "geometry": {"type": "Polygon", "coordinates": [[[-70.040612, -18.266648], [-69.75683, -18.267981], [-69.755665, -17.99685], [-70.03901, -17.995538], [-70.040612, -18.266648]]]}, "properties": {"cell_id": "G30_0390_7980", "hs_mean": null, "hs_p90": null, "hs_sd": null, "coverage": 0.0, "data_status": "no_data_from_figure"}}, {"type": "Feature", "geometry": {"type": "Polygon", "coordinates": [[[-69.75683, -18.267981], [-69.473028, -18.268894], [-69.4723, -17.997747], [-69.755665, -17.99685], [-69.75683, -18.267981]]]}, "properties": {"cell_id": "G30_0420_7980", "hs_mean": null, "hs_p90": null, "hs_sd": null, "coverage": 0.0, "data_status": "no_data_from_figure"}}, {"type": "Feature", "geometry": {"type": "Polygon", "coordinates": [[[-69.473028, -18.268894], [-69.189213, -18.269385], [-69.188922, -17.998231], [-69.4723, -17.997747], [-69.473028, -18.268894]]]}, "properties": {"cell_id": "G30_0450_7980", "hs_mean": null, "hs_p90": null, "hs_sd": null, "coverage": 0.0, "data_status": "no_data_from_figure"}}, {"type": "Feature", "geometry": {"type": "Polygon", "coordinates": [[[-69.189213, -18.269385], [-68.905393, -18.269455], [-68.905539, -17.9983], [-69.188922, -17.998231], [-69.189213, -18.269385]]]}, "properties": {"cell_id": "G30_0480_7980", "hs_mean": null, "hs_p90": null, "hs_sd": null, "coverage": 0.0, "data_status": "no_data_from_figure"}}, {"type": "Feature", "geometry": {"type": "Polygon", "coordinates": [[[-70.03901, -17.995538], [-69.755665, -17.99685], [-69.754521, -17.72571], [-70.037436, -17.724419], [-70.03901, -17.995538]]]}, "properties": {"cell_id": "G30_0390_8010", "hs_mean": null, "hs_p90": null, "hs_sd": null, "coverage": 0.0, "data_status": "no_data_from_figure"}}, {"type": "Feature", "geometry": {"type": "Polygon", "coordinates": [[[-69.755665, -17.99685], [-69.4723, -17.997747], [-69.471585, -17.726594], [-69.754521, -17.72571], [-69.755665, -17.99685]]]}, "properties": {"cell_id": "G30_0420_8010", "hs_mean": null, "hs_p90": null, "hs_sd": null, "coverage": 0.0, "data_status": "no_data_from_figure"}}, {"type": "Feature", "geometry": {"type": "Polygon", "coordinates": [[[-69.4723, -17.997747], [-69.188922, -17.998231], [-69.188636, -17.727069], [-69.471585, -17.726594], [-69.4723, -17.997747]]]}, "properties": {"cell_id": "G30_0450_8010", "hs_mean": null, "hs_p90": null, "hs_sd": null, "coverage": 0.0, "data_status": "no_data_from_figure"}}, {"type": "Feature", "geometry": {"type": "Polygon", "coordinates": [[[-70.037436, -17.724419], [-69.754521, -17.72571], [-69.753396, -17.454563], [-70.035891, -17.453293], [-70.037436, -17.724419]]]}, "properties": {"cell_id": "G30_0390_8040", "hs_mean": null, "hs_p90": null, "hs_sd": null, "coverage": 0.0, "data_status": "no_data_from_figure"}}, {"type": "Feature", "geometry": {"type": "Polygon", "coordinates": [[[-69.754521, -17.72571], [-69.471585, -17.726594], [-69.470882, -17.455432], [-69.753396, -17.454563], [-69.754521, -17.72571]]]}, "properties": {"cell_id": "G30_0420_8040", "hs_mean": null, "hs_p90": null, "hs_sd": null, "coverage": 0.0, "data_status": "no_data_from_figure"}}, {"type": "Feature", "geometry": {"type": "Polygon", "coordinates": [[[-69.471585, -17.726594], [-69.188636, -17.727069], [-69.188355, -17.4559], [-69.470882, -17.455432], [-69.471585, -17.726594]]]}, "properties": {"cell_id": "G30_0450_8040", "hs_mean": null, "hs_p90": null, "hs_sd": null, "coverage": 0.0, "data_status": "no_data_from_figure"}}]}