{"type": "FeatureCollection", "features": [{"type": "Feature", "geometry": {"type": "Polygon", "coordinates": [[[-71.081219, -38.094382], [-71.085401, -38.088933], [-71.096002, -38.094271], [-71.10948, -38.090904], [-71.121887, -38.101214], [-71.133928, -38.100738], [-71.147278, -38.112423], [-71.147371, -38.121536], [-71.141289, -38.131082], [-71.144578, -38.139227], [-71.133209, -38.151685], [-71.135555, -38.162546], [-71.126492, -38.173776], [-71.121761, -38.190397], [-71.122321, -38.195938], [-71.115378, -38.194621], [-71.109512, -38.188063], [-71.102444, -38.184554], [-71.09754, -38.185164], [-71.090731, -38.192076], [-71.084312, -38.191419], [-71.077215, -38.175974], [-71.077318, -38.16423], [-71.070651, -38.150381], [-71.041577, -38.157107], [-71.025444, -38.149903], [-71.026261, -38.140046], [-71.031756, -38.13218], [-71.041004, -38.127016], [-71.048404, -38.1182], [-71.069022, -38.105202], [-71.081219, -38.094382]]]}, "properties": {"name": "Pelehue", "comuna": "Lonquimay", "provincia": "Malleco", "region": "De La Araucania", "sup_km2": "72.8501", "ivvp": "90.92", "n_bovino": "0", "ha_bov": "0", "r_zclima": "0-15 c", "zonaclima": "1"}}, {"type": "Feature", "geometry": {"type": "Polygon", "coordinates": [[[-70.98295, -38.366032], [-70.982245, -38.363765], [-70.985373, -38.36059], [-70.99666, -38.354759], [-71.029806, -38.365781], [-71.039884, -38.366827], [-71.048391, -38.364516], [-71.053432, -38.369583], [-71.067632, -38.36585], [-71.096874, -38.366786], [-71.10583, -38.375753], [-71.117342, -38.378222], [-71.12626, -38.386441], [-71.12877, -38.405571], [-71.132336, -38.410773], [-71.168653, -38.421707], [-71.172201, -38.427364], [-71.171695, -38.438208], [-71.168725, -38.444035], [-71.154859, -38.451517], [-71.120851, -38.459045], [-71.084943, -38.45372], [-71.07146, -38.445876], [-71.057524, -38.447938], [-71.042138, -38.459998], [-71.031073, -38.455189], [-71.022588, -38.454746], [-71.023721, -38.450243], [-71.021333, -38.4429], [-71.013012, -38.429175], [-70.983953, -38.429226], [-70.979971, -38.414004], [-70.986192, -38.396362], [-70.984098, -38.386688], [-70.986399, -38.374581], [-70.98295, -38.366032]]]}, "properties": {"name": "Mitrauquen", "comuna": "Lonquimay", "provincia": "Malleco", "region": "De La Araucania", "sup_km2": "128.35593", "ivvp": "86.36", "n_bovino": "0", "ha_bov": "0.17", "r_zclima": "> 25 c", "zonaclima": "2"}}, {"type": "Feature", "geometry": {"type": "Polygon", "coordinates": [[[-71.436432, -38.936581], [-71.433129, -38.933633], [-71.433971, -38.928886], [-71.438247, -38.921508], [-71.444626, -38.91887], [-71.44586, -38.923097], [-71.443496, -38.930751], [-71.436432, -38.936581]]]}, "properties": {"name": "La Ranfla", "comuna": "Melipeuco", "provincia": "Cautín", "region": "De La Araucania", "sup_km2": "1.23747", "ivvp": "89.11", "n_bovino": "0", "ha_bov": "0", "r_zclima": "0-15 c", "zonaclima": "1"}}, {"type": "Feature", "geometry": {"type": "Polygon", "coordinates": [[[-71.251176, -38.097181], [-71.263247, -38.097044], [-71.266508, -38.100685], [-71.254845, -38.107871], [-71.257167, -38.111088], [-71.252615, -38.117947], [-71.246858, -38.137377], [-71.246429, -38.154448], [-71.234322, -38.174589], [-71.21053, -38.171904], [-71.200253, -38.167068], [-71.193873, -38.166773], [-71.183751, -38.170593], [-71.181588, -38.168075], [-71.167111, -38.16595], [-71.15717, -38.154676], [-71.1581, -38.150779], [-71.152586, -38.140824], [-71.145546, -38.136781], [-71.141289, -38.131082], [-71.147776, -38.120218], [-71.147278, -38.112423], [-71.142173, -38.106995], [-71.163617, -38.110693], [-71.176548, -38.106445], [-71.181474, -38.099169], [-71.203975, -38.103942], [-71.209741, -38.100705], [-71.22438, -38.101939], [-71.241351, -38.096912], [-71.251176, -38.097181]]]}, "properties": {"name": "Llanquen", "comuna": "Lonquimay", "provincia": "Malleco", "region": "De La Araucania", "sup_km2": "63.62659", "ivvp": "83.07", "n_bovino": "0", "ha_bov": "0", "r_zclima": "0-15 c", "zonaclima": "1"}}, {"type": "Feature", "geometry": {"type": "Polygon", "coordinates": [[[-71.234986, -38.174374], [-71.236673, -38.16793], [-71.246429, -38.154448], [-71.246858, -38.137377], [-71.252615, -38.117947], [-71.257167, -38.111088], [-71.254845, -38.107871], [-71.266508, -38.100685], [-71.268521, -38.105263], [-71.265365, -38.112732], [-71.266408, -38.119182], [-71.262583, -38.134728], [-71.277325, -38.166265], [-71.266057, -38.173165], [-71.257272, -38.173321], [-71.247532, -38.182947], [-71.240775, -38.180647], [-71.234986, -38.174374]]]}, "properties": {"name": "Llanquen (i)", "comuna": "Lonquimay", "provincia": "Malleco", "region": "De La Araucania", "sup_km2": "15.3167", "ivvp": "81.58", "n_bovino": "0", "ha_bov": "0", "r_zclima": "0-15 c", "zonaclima": "1"}}, {"type": "Feature", "geometry": {"type": "Polygon", "coordinates": [[[-71.378884, -38.876144], [-71.385412, -38.873042], [-71.387687, -38.869369], [-71.393839, -38.876824], [-71.401766, -38.875806], [-71.415475, -38.886902], [-71.409292, -38.902378], [-71.397051, -38.912532], [-71.390196, -38.906249], [-71.383826, -38.908142], [-71.37998, -38.904586], [-71.374048, -38.905357], [-71.360278, -38.888495], [-71.366253, -38.879675], [-71.374508, -38.875791], [-71.378884, -38.876144]]]}, "properties": {"name": "El Marcial", "comuna": "Lonquimay", "provincia": "Malleco", "region": "De La Araucania", "sup_km2": "13.58383", "ivvp": "89.01", "n_bovino": "0", "ha_bov": "0.37", "r_zclima": "0-15 c", "zonaclima": "1"}}, {"type": "Feature", "geometry": {"type": "Polygon", "coordinates": [[[-70.950274, -38.603544], [-70.954543, -38.605848], [-70.957303, -38.601796], [-70.955478, -38.591825], [-70.95682, -38.581341], [-70.97979, -38.584775], [-70.993058, -38.595092], [-71.027096, -38.606415], [-71.020635, -38.610969], [-71.018236, -38.618625], [-71.008018, -38.627005], [-71.009042, -38.636944], [-71.01133, -38.638662], [-71.005456, -38.642277], [-71.005579, -38.646667], [-70.995525, -38.647718], [-70.985877, -38.636461], [-70.980156, -38.635098], [-70.955733, -38.64019], [-70.95447, -38.63494], [-70.943099, -38.628687], [-70.939924, -38.621707], [-70.950405, -38.60894], [-70.950274, -38.603544]]]}, "properties": {"name": "Aguas Enterradas", "comuna": "Lonquimay", "provincia": "Malleco", "region": "De La Araucania", "sup_km2": "31.4776", "ivvp": "90.54", "n_bovino": "0", "ha_bov": "1.63", "r_zclima": "> 25 c", "zonaclima": "2"}}, {"type": "Feature", "geometry": {"type": "Polygon", "coordinates": [[[-71.122336, -38.195735], [-71.121761, -38.190397], [-71.126492, -38.173776], [-71.135555, -38.162546], [-71.133209, -38.151685], [-71.144578, -38.139227], [-71.14183, -38.132491], [-71.152586, -38.140824], [-71.1581, -38.150779], [-71.15717, -38.154676], [-71.167111, -38.16595], [-71.181588, -38.168075], [-71.183751, -38.170593], [-71.193873, -38.166773], [-71.200253, -38.167068], [-71.21053, -38.171904], [-71.234986, -38.174374], [-71.240775, -38.180647], [-71.249593, -38.182092], [-71.258106, -38.193476], [-71.257544, -38.206075], [-71.261894, -38.223747], [-71.266701, -38.228822], [-71.278917, -38.234254], [-71.283521, -38.242914], [-71.283516, -38.259669], [-71.290627, -38.26728], [-71.312385, -38.266605], [-71.316773, -38.271601], [-71.312542, -38.278974], [-71.300761, -38.284112], [-71.280517, -38.282318], [-71.264449, -38.28495], [-71.250713, -38.284124], [-71.238364, -38.279188], [-71.228424, -38.280886], [-71.220595, -38.288965], [-71.204107, -38.290708], [-71.203089, -38.283938], [-71.197002, -38.273284], [-71.200654, -38.270435], [-71.19833, -38.264266], [-71.189569, -38.257302], [-71.183554, -38.256883], [-71.168458, -38.243727], [-71.161749, -38.241409], [-71.142971, -38.225096], [-71.131414, -38.218301], [-71.12988, -38.20041], [-71.122336, -38.195735]]]}, "properties": {"name": "Pelehue (i)", "comuna": "Lonquimay", "provincia": "Malleco", "region": "De La Araucania", "sup_km2": "137.98782", "ivvp": "91.35", "n_bovino": "0", "ha_bov": "0", "r_zclima": "0-15 c", "zonaclima": "1"}}, {"type": "Feature", "geometry": {"type": "Polygon", "coordinates": [[[-70.49801, -31.064905], [-70.500549, -31.034031], [-70.504329, -31.040374], [-70.50478, -31.050888], [-70.508002, -31.058821], [-70.506709, -31.063532], [-70.49801, -31.064905]]]}, "properties": {"name": "Los Pantanitos", "comuna": "Monte Patria", "provincia": "Limarí", "region": "Coquimbo", "sup_km2": "1.96962", "ivvp": "0", "n_bovino": "0", "ha_bov": "0"}}, {"type": "Feature", "geometry": {"type": "Polygon", "coordinates": [[[-70.89864, -38.509189], [-70.910658, -38.503452], [-70.914984, -38.504678], [-70.917606, -38.506302], [-70.918046, -38.511422], [-70.940022, -38.52751], [-70.946014, -38.535876], [-70.937482, -38.551633], [-70.947138, -38.555046], [-70.9501, -38.562251], [-70.949082, -38.57514], [-70.95682, -38.581341], [-70.955478, -38.591825], [-70.957303, -38.601796], [-70.954543, -38.605848], [-70.951124, -38.603445], [-70.945881, -38.607258], [-70.938792, -38.607376], [-70.935783, -38.606547], [-70.931499, -38.599882], [-70.914673, -38.598694], [-70.903924, -38.601506], [-70.880794, -38.60188], [-70.875129, -38.599335], [-70.858447, -38.603701], [-70.856687, -38.607829], [-70.84716, -38.615612], [-70.836851, -38.612215], [-70.834131, -38.60852], [-70.835384, -38.602845], [-70.829193, -38.598964], [-70.827469, -38.5948], [-70.829524, -38.58797], [-70.835827, -38.585511], [-70.836876, -38.577478], [-70.833249, -38.568244], [-70.837468, -38.558019], [-70.835833, -38.552899], [-70.841835, -38.538797], [-70.863905, -38.524499], [-70.863938, -38.516252], [-70.866548, -38.514238], [-70.875009, -38.511168], [-70.89864, -38.509189]]]}, "properties": {"name": "Cuchares", "comuna": "Lonquimay", "provincia": "Malleco", "region": "De La Araucania", "sup_km2": "94.14478", "ivvp": "89.43", "n_bovino": "0", "ha_bov": "1.4", "r_zclima": "> 25 c", "zonaclima": "2"}}, {"type": "Feature", "geometry": {"type": "Polygon", "coordinates": [[[-71.021553, -38.150903], [-71.025445, -38.149329], [-71.041577, -38.157107], [-71.070651, -38.150381], [-71.077541, -38.164902], [-71.077215, -38.175974], [-71.083699, -38.190836], [-71.090731, -38.192076], [-71.09754, -38.185164], [-71.102444, -38.184554], [-71.109512, -38.188063], [-71.115378, -38.194621], [-71.124384, -38.19613], [-71.12988, -38.20041], [-71.131885, -38.206398], [-71.130939, -38.217539], [-71.142239, -38.224578], [-71.141019, -38.228957], [-71.127847, -38.241686], [-71.109078, -38.252334], [-71.095019, -38.251766], [-71.090547, -38.245907], [-71.070064, -38.243995], [-71.054926, -38.235615], [-71.030891, -38.250014], [-71.016156, -38.251819], [-71.016521, -38.24722], [-71.021539, -38.243], [-71.018165, -38.238967], [-71.015399, -38.226132], [-71.019633, -38.214707], [-71.015434, -38.209799], [-71.001331, -38.210197], [-70.996938, -38.201545], [-70.995081, -38.173154], [-70.995861, -38.170434], [-71.00614, -38.163344], [-71.009106, -38.154605], [-71.021553, -38.150903]]]}, "properties": {"name": "Ranquil", "comuna": "Lonquimay", "provincia": "Malleco", "region": "De La Araucania", "sup_km2": "92.97908", "ivvp": "90.13", "n_bovino": "0", "ha_bov": "0.19", "r_zclima": "0-15 c", "zonaclima": "1"}}, {"type": "Feature", "geometry": {"type": "Polygon", "coordinates": [[[-70.991549, -38.429002], [-71.013012, -38.429175], [-71.021333, -38.4429], [-71.023721, -38.450243], [-71.022588, -38.454746], [-71.031073, -38.455189], [-71.042138, -38.459998], [-71.043171, -38.464283], [-71.048127, -38.467467], [-71.04868, -38.47499], [-71.046146, -38.481905], [-71.050623, -38.483913], [-71.050856, -38.48677], [-71.043922, -38.497353], [-71.048892, -38.503132], [-71.047609, -38.506016], [-71.054874, -38.510777], [-71.061083, -38.521116], [-71.074177, -38.52794], [-71.078392, -38.533073], [-71.076808, -38.538629], [-71.079876, -38.549505], [-71.06632, -38.565847], [-71.06455, -38.574786], [-71.047115, -38.574457], [-71.028614, -38.56739], [-71.025285, -38.556369], [-71.025911, -38.546955], [-71.021339, -38.535757], [-71.00918, -38.52127], [-71.002699, -38.514744], [-70.988828, -38.511633], [-70.9826, -38.506148], [-70.959488, -38.498269], [-70.955169, -38.492809], [-70.958286, -38.471279], [-70.947944, -38.466703], [-70.937464, -38.46684], [-70.943883, -38.462269], [-70.946355, -38.455986], [-70.957503, -38.443695], [-70.966895, -38.441299], [-70.969891, -38.443866], [-70.972932, -38.443016], [-70.979926, -38.437186], [-70.983953, -38.429226], [-70.991549, -38.429002]]]}, "properties": {"name": "Pehuenco", "comuna": "Lonquimay", "provincia": "Malleco", "region": "De La Araucania", "sup_km2": "91.86246", "ivvp": "87.58", "n_bovino": "0", "ha_bov": "0.3", "r_zclima": "> 25 c", "zonaclima": "2"}}, {"type": "Feature", "geometry": {"type": "Polygon", "coordinates": [[[-71.436934, -38.923], [-71.434508, -38.920785], [-71.440709, -38.915015], [-71.442475, -38.919393], [-71.436934, -38.923]]]}, "properties": {"name": "La Golondrina", "comuna": "Melipeuco", "provincia": "Cautín", "region": "De La Araucania", "sup_km2": "0.26739", "ivvp": "90.17", "n_bovino": "0", "ha_bov": "0", "r_zclima": "0-15 c", "zonaclima": "1"}}, {"type": "Feature", "geometry": {"type": "Polygon", "coordinates": [[[-71.111236, -38.251092], [-71.127847, -38.241686], [-71.141019, -38.228957], [-71.142239, -38.224578], [-71.161749, -38.241409], [-71.168458, -38.243727], [-71.184701, -38.257551], [-71.191809, -38.258657], [-71.199787, -38.265973], [-71.200654, -38.270435], [-71.197349, -38.274422], [-71.215104, -38.308744], [-71.222082, -38.315519], [-71.229443, -38.317068], [-71.24304, -38.325955], [-71.241035, -38.334576], [-71.243314, -38.344665], [-71.241698, -38.360204], [-71.244274, -38.364935], [-71.252032, -38.366966], [-71.252929, -38.371986], [-71.243594, -38.375382], [-71.235571, -38.384794], [-71.246755, -38.404818], [-71.240182, -38.421249], [-71.222146, -38.419038], [-71.205313, -38.428191], [-71.196783, -38.437569], [-71.187673, -38.438533], [-71.184828, -38.432472], [-71.173776, -38.428659], [-71.167807, -38.421074], [-71.132336, -38.410773], [-71.12877, -38.405571], [-71.12626, -38.386441], [-71.117342, -38.378222], [-71.10583, -38.375753], [-71.096874, -38.366786], [-71.067632, -38.36585], [-71.053432, -38.369583], [-71.048391, -38.364516], [-71.039884, -38.366827], [-71.029806, -38.365781], [-71.009359, -38.357492], [-70.996514, -38.355368], [-70.995677, -38.341686], [-71.00367, -38.320207], [-71.003229, -38.30674], [-70.997177, -38.297121], [-70.998116, -38.291857], [-71.011582, -38.281657], [-71.009129, -38.275431], [-71.009113, -38.261816], [-71.016208, -38.251446], [-71.030891, -38.250014], [-71.054926, -38.235615], [-71.070064, -38.243995], [-71.090547, -38.245907], [-71.095019, -38.251766], [-71.111236, -38.251092]]]}, "properties": {"name": "Rahue", "comuna": "Lonquimay", "provincia": "Malleco", "region": "De La Araucania", "sup_km2": "319.79073", "ivvp": "87.41", "n_bovino": "0", "ha_bov": "0.94", "r_zclima": "0-15 c", "zonaclima": "1-2"}}, {"type": "Feature", "geometry": {"type": "Polygon", "coordinates": [[[-71.24949, -37.826001], [-71.239638, -37.825202], [-71.222324, -37.831649], [-71.218587, -37.831526], [-71.213817, -37.825821], [-71.237667, -37.808613], [-71.243167, -37.809419], [-71.250781, -37.817442], [-71.265233, -37.825749], [-71.24949, -37.826001]]]}, "properties": {"name": "Cajon Quemado", "comuna": "Santa Bárbara", "provincia": "Biobío", "region": "Del Biobío", "sup_km2": "5.32426", "ivvp": "54.83", "n_bovino": "28", "ha_bov": "0.22", "r_zclima": "0-15 c", "zonaclima": "1"}}, {"type": "Feature", "geometry": {"type": "Polygon", "coordinates": [[[-71.112704, -38.712505], [-71.118439, -38.719641], [-71.137939, -38.722638], [-71.1441, -38.721484], [-71.152996, -38.732399], [-71.1636, -38.733699], [-71.170997, -38.740432], [-71.184741, -38.745104], [-71.204813, -38.759302], [-71.207096, -38.768904], [-71.198293, -38.773426], [-71.198791, -38.776683], [-71.18409, -38.802756], [-71.174291, -38.79951], [-71.145048, -38.802155], [-71.140667, -38.799871], [-71.129331, -38.781185], [-71.124481, -38.777561], [-71.113269, -38.777427], [-71.106286, -38.774519], [-71.099977, -38.76518], [-71.094297, -38.762156], [-71.098307, -38.759172], [-71.097108, -38.755342], [-71.098969, -38.751141], [-71.095421, -38.744591], [-71.09618, -38.738869], [-71.112127, -38.718552], [-71.112704, -38.712505]]]}, "properties": {"name": "Marimenuco", "comuna": "Lonquimay", "provincia": "Malleco", "region": "De La Araucania", "sup_km2": "58.29142", "ivvp": "85.12", "n_bovino": "0", "ha_bov": "0", "r_zclima": "> 25 c", "zonaclima": "2"}}, {"type": "Feature", "geometry": {"type": "Polygon", "coordinates": [[[-71.071165, -38.728007], [-71.088945, -38.727155], [-71.112704, -38.712505], [-71.112127, -38.718552], [-71.09618, -38.738869], [-71.095421, -38.744591], [-71.098969, -38.751141], [-71.097108, -38.755342], [-71.098307, -38.759172], [-71.094297, -38.762156], [-71.073912, -38.765409], [-71.057071, -38.759982], [-71.032039, -38.75794], [-71.020758, -38.759596], [-71.006163, -38.767776], [-71.006577, -38.761865], [-71.013441, -38.75571], [-71.030985, -38.747378], [-71.052713, -38.750566], [-71.058824, -38.74867], [-71.071165, -38.728007]]]}, "properties": {"name": "Fundo Liucura", "comuna": "Lonquimay", "provincia": "Malleco", "region": "De La Araucania", "sup_km2": "17.94858", "ivvp": "85.95", "n_bovino": "0", "ha_bov": "0.43", "r_zclima": "> 25 c", "zonaclima": "2"}}, {"type": "Feature", "geometry": {"type": "Polygon", "coordinates": [[[-70.963651, -38.642986], [-70.969688, -38.645228], [-70.977784, -38.654462], [-70.988399, -38.660139], [-70.998479, -38.659967], [-71.006085, -38.664815], [-71.029939, -38.662939], [-71.034095, -38.664624], [-71.040294, -38.672423], [-71.042452, -38.68264], [-71.037996, -38.696774], [-71.039731, -38.705236], [-71.054036, -38.708793], [-71.062301, -38.707052], [-71.061839, -38.721198], [-71.064731, -38.726513], [-71.071165, -38.728007], [-71.061942, -38.745935], [-71.055447, -38.750338], [-71.030985, -38.747378], [-71.021141, -38.751054], [-71.008139, -38.760212], [-71.004349, -38.768434], [-70.994382, -38.762918], [-70.974304, -38.758814], [-70.967093, -38.761924], [-70.952116, -38.760365], [-70.929139, -38.763358], [-70.924039, -38.762009], [-70.91345, -38.747269], [-70.905594, -38.727792], [-70.896888, -38.720795], [-70.890597, -38.719659], [-70.886755, -38.711351], [-70.888149, -38.70659], [-70.883616, -38.701049], [-70.884746, -38.696789], [-70.892235, -38.695089], [-70.898375, -38.690446], [-70.902291, -38.678267], [-70.906051, -38.674269], [-70.90489, -38.667181], [-70.938117, -38.651612], [-70.951524, -38.650218], [-70.957687, -38.643379], [-70.963651, -38.642986]]]}, "properties": {"name": "Fundo Pinares", "comuna": "Lonquimay", "provincia": "Malleco", "region": "De La Araucania", "sup_km2": "145.63097", "ivvp": "87.1", "n_bovino": "0", "ha_bov": "2.47", "r_zclima": "> 25 c", "zonaclima": "2"}}, {"type": "Feature", "geometry": {"type": "Polygon", "coordinates": [[[-71.215802, -38.762049], [-71.218794, -38.758199], [-71.224393, -38.758165], [-71.225426, -38.762808], [-71.22986, -38.762444], [-71.224189, -38.765895], [-71.230822, -38.770499], [-71.23056, -38.773495], [-71.241521, -38.771479], [-71.241716, -38.783409], [-71.247271, -38.787551], [-71.248111, -38.791639], [-71.252626, -38.793849], [-71.252204, -38.803043], [-71.258504, -38.814257], [-71.253029, -38.813586], [-71.234757, -38.802585], [-71.2305, -38.804348], [-71.228102, -38.810472], [-71.211875, -38.815675], [-71.185939, -38.813799], [-71.18275, -38.803455], [-71.188265, -38.798384], [-71.198791, -38.776683], [-71.198293, -38.773426], [-71.212027, -38.766437], [-71.215802, -38.762049]]]}, "properties": {"name": "Cruzaco", "comuna": "Lonquimay", "provincia": "Malleco", "region": "De La Araucania", "sup_km2": "23.97666", "ivvp": "87.07", "n_bovino": "0", "ha_bov": "0", "r_zclima": "> 25 c", "zonaclima": "2"}}, {"type": "Feature", "geometry": {"type": "Polygon", "coordinates": [[[-71.387687, -38.869369], [-71.3814, -38.865492], [-71.378933, -38.859429], [-71.368922, -38.850028], [-71.366871, -38.843411], [-71.369391, -38.836337], [-71.382746, -38.844769], [-71.395955, -38.842241], [-71.415004, -38.846593], [-71.415196, -38.852292], [-71.409498, -38.856789], [-71.411149, -38.86335], [-71.408533, -38.86885], [-71.407685, -38.881243], [-71.401766, -38.875806], [-71.393839, -38.876824], [-71.387687, -38.869369]]]}, "properties": {"name": "La Colorada", "comuna": "Lonquimay", "provincia": "Malleco", "region": "De La Araucania", "sup_km2": "10.75583", "ivvp": "91.67", "n_bovino": "0", "ha_bov": "0.02", "r_zclima": "0-15 c", "zonaclima": "1"}}, {"type": "Feature", "geometry": {"type": "Polygon", "coordinates": [[[-71.44586, -38.923097], [-71.451433, -38.923133], [-71.464017, -38.915165], [-71.461657, -38.920823], [-71.437694, -38.939471], [-71.436448, -38.936709], [-71.442887, -38.931664], [-71.44586, -38.923097]]]}, "properties": {"name": "Santa Lucrecia", "comuna": "Melipeuco", "provincia": "Cautín", "region": "De La Araucania", "sup_km2": "1.53511", "ivvp": "89.04", "n_bovino": "0", "ha_bov": "0.01", "r_zclima": "0-15 c", "zonaclima": "1"}}, {"type": "Feature", "geometry": {"type": "Polygon", "coordinates": [[[-70.610076, -31.146632], [-70.608854, -31.1416], [-70.604714, -31.13968], [-70.60603, -31.135428], [-70.611656, -31.133134], [-70.61653, -31.125004], [-70.619465, -31.125012], [-70.624812, -31.139776], [-70.629515, -31.144547], [-70.624305, -31.142795], [-70.610076, -31.146632]]]}, "properties": {"name": "Río Potrerillos", "comuna": "Monte Patria", "provincia": "Limarí", "region": "Coquimbo", "sup_km2": "2.68504", "ivvp": "0", "n_bovino": "0", "ha_bov": "0"}}, {"type": "Feature", "geometry": {"type": "Polygon", "coordinates": [[[-71.396527, -38.912759], [-71.409292, -38.902378], [-71.415475, -38.886902], [-71.419673, -38.887856], [-71.429183, -38.896763], [-71.439205, -38.893265], [-71.43877, -38.90564], [-71.424641, -38.911548], [-71.424322, -38.921131], [-71.413961, -38.921579], [-71.396527, -38.912759]]]}, "properties": {"name": "El Marcial (i)", "comuna": "Melipeuco", "provincia": "Cautín", "region": "De La Araucania", "sup_km2": "7.36706", "ivvp": "90.2", "n_bovino": "0", "ha_bov": "0.06", "r_zclima": "0-15 c", "zonaclima": "1"}}, {"type": "Feature", "geometry": {"type": "Polygon", "coordinates": [[[-71.440709, -38.915015], [-71.444207, -38.910423], [-71.456856, -38.905806], [-71.456708, -38.912666], [-71.449413, -38.92027], [-71.44558, -38.922094], [-71.440709, -38.915015]]]}, "properties": {"name": "El Pueblo", "comuna": "Melipeuco", "provincia": "Cautín", "region": "De La Araucania", "sup_km2": "1.47315", "ivvp": "89.11", "n_bovino": "0", "ha_bov": "0.04", "r_zclima": "0-15 c", "zonaclima": "1"}}, {"type": "Feature", "geometry": {"type": "Polygon", "coordinates": [[[-71.495075, -38.909122], [-71.502488, -38.909075], [-71.497057, -38.917508], [-71.497572, -38.923808], [-71.518082, -38.948864], [-71.516416, -38.954108], [-71.518874, -38.958163], [-71.497562, -38.961532], [-71.497631, -38.974765], [-71.46883, -38.971122], [-71.45714, -38.973598], [-71.448407, -38.972291], [-71.440326, -38.977825], [-71.434158, -38.976495], [-71.432359, -38.960763], [-71.43718, -38.957942], [-71.437694, -38.939471], [-71.461657, -38.920823], [-71.466154, -38.912399], [-71.471692, -38.915007], [-71.480695, -38.913221], [-71.485785, -38.909671], [-71.495075, -38.909122]]]}, "properties": {"name": "Carilafquen", "comuna": "Melipeuco", "provincia": "Cautín", "region": "De La Araucania", "sup_km2": "36.42833", "ivvp": "86.15", "n_bovino": "0", "ha_bov": "0.16", "r_zclima": "0-15 c", "zonaclima": "1"}}, {"type": "Feature", "geometry": {"type": "Polygon", "coordinates": [[[-70.806223, -36.084695], [-70.814366, -36.080267], [-70.823832, -36.083824], [-70.829456, -36.083058], [-70.834828, -36.084472], [-70.835503, -36.090893], [-70.82737, -36.098229], [-70.823452, -36.098893], [-70.801469, -36.090017], [-70.800304, -36.088971], [-70.806223, -36.084695]]]}, "properties": {"name": "El Bailon", "comuna": "Colbún", "provincia": "Linares", "region": "Del Maule", "sup_km2": "3.82142", "ivvp": "80.56", "n_bovino": "0", "ha_bov": "0", "r_zclima": "> 25 c", "zonaclima": "2"}}, {"type": "Feature", "geometry": {"type": "Polygon", "coordinates": [[[-71.20816, -36.448381], [-71.198532, -36.453566], [-71.190162, -36.473202], [-71.180231, -36.474425], [-71.17662, -36.479395], [-71.169839, -36.480203], [-71.166423, -36.474132], [-71.164943, -36.464041], [-71.159197, -36.461856], [-71.160545, -36.458194], [-71.157956, -36.448678], [-71.159799, -36.428468], [-71.162819, -36.421798], [-71.172388, -36.418127], [-71.184432, -36.40859], [-71.188365, -36.408653], [-71.197512, -36.417824], [-71.196369, -36.436184], [-71.20816, -36.448381]]]}, "properties": {"name": "La Cajuela", "comuna": "San Fabián", "provincia": "Ñuble", "region": "Del Biobío", "sup_km2": "22.09464", "ivvp": "44.69", "n_bovino": "0", "ha_bov": "0", "r_zclima": "> 25 c", "zonaclima": "2"}}, {"type": "Feature", "geometry": {"type": "Polygon", "coordinates": [[[-71.419809, -39.015652], [-71.423339, -39.012054], [-71.42643, -39.002575], [-71.456172, -39.015072], [-71.458352, -39.007728], [-71.465653, -39.018868], [-71.471042, -39.036363], [-71.470193, -39.047111], [-71.473288, -39.056938], [-71.470721, -39.062236], [-71.470079, -39.074525], [-71.477163, -39.093444], [-71.476701, -39.106445], [-71.474226, -39.1093], [-71.469245, -39.106964], [-71.458649, -39.107593], [-71.439161, -39.118044], [-71.422689, -39.120122], [-71.415362, -39.118616], [-71.418024, -39.11305], [-71.415094, -39.104705], [-71.40744, -39.095704], [-71.418023, -39.068226], [-71.409005, -39.052109], [-71.397249, -39.045297], [-71.401408, -39.035738], [-71.421605, -39.025151], [-71.419809, -39.015652]]]}, "properties": {"name": "Reigolil", "comuna": "Curarrehue", "provincia": "Cautín", "region": "De La Araucania", "sup_km2": "59.17681", "ivvp": "89.27", "n_bovino": "0", "ha_bov": "0.28", "r_zclima": "0-15 c", "zonaclima": "1"}}, {"type": "Feature", "geometry": {"type": "Polygon", "coordinates": [[[-71.382879, -39.235955], [-71.387123, -39.232007], [-71.385882, -39.229392], [-71.390122, -39.224385], [-71.391876, -39.216087], [-71.401797, -39.212105], [-71.406019, -39.223158], [-71.411274, -39.225013], [-71.417054, -39.233669], [-71.422976, -39.235131], [-71.431604, -39.232005], [-71.433781, -39.233208], [-71.41174, -39.245703], [-71.405254, -39.248148], [-71.398391, -39.247542], [-71.395267, -39.250345], [-71.392012, -39.250119], [-71.389759, -39.246], [-71.385713, -39.244401], [-71.382879, -39.235955]]]}, "properties": {"name": "Malalco", "comuna": "Curarrehue", "provincia": "Cautín", "region": "De La Araucania", "sup_km2": "8.4787", "ivvp": "88.05", "n_bovino": "0", "ha_bov": "0.07", "r_zclima": "0-15 c", "zonaclima": "1"}}, {"type": "Feature", "geometry": {"type": "Polygon", "coordinates": [[[-71.494894, -39.433373], [-71.511336, -39.425474], [-71.513797, -39.426718], [-71.514221, -39.433339], [-71.527065, -39.432651], [-71.528927, -39.437381], [-71.524024, -39.446307], [-71.518023, -39.470581], [-71.497088, -39.463803], [-71.488172, -39.463562], [-71.487391, -39.454777], [-71.473147, -39.446446], [-71.473069, -39.439893], [-71.486424, -39.439077], [-71.494894, -39.433373]]]}, "properties": {"name": "Adihuarraqui", "comuna": "Curarrehue", "provincia": "Cautín", "region": "De La Araucania", "sup_km2": "13.77529", "ivvp": "91", "n_bovino": "0", "ha_bov": "0.31", "r_zclima": "0-15 c", "zonaclima": "1"}}, {"type": "Feature", "geometry": {"type": "Polygon", "coordinates": [[[-71.468715, -39.106975], [-71.474226, -39.1093], [-71.472244, -39.110238], [-71.473088, -39.116892], [-71.481324, -39.129231], [-71.48622, -39.132757], [-71.486825, -39.137695], [-71.492019, -39.14176], [-71.490323, -39.145729], [-71.492627, -39.150329], [-71.491593, -39.155711], [-71.485898, -39.16787], [-71.482004, -39.17034], [-71.479385, -39.178617], [-71.472058, -39.185404], [-71.464971, -39.183329], [-71.459487, -39.178701], [-71.447312, -39.181345], [-71.43876, -39.178078], [-71.431969, -39.182067], [-71.431937, -39.174928], [-71.427613, -39.170901], [-71.42655, -39.162945], [-71.422453, -39.156291], [-71.416381, -39.157124], [-71.419815, -39.148116], [-71.414354, -39.142724], [-71.417799, -39.136678], [-71.419921, -39.124696], [-71.416337, -39.119885], [-71.436569, -39.118684], [-71.452692, -39.109539], [-71.468715, -39.106975]]]}, "properties": {"name": "Casilla", "comuna": "Curarrehue", "provincia": "Cautín", "region": "De La Araucania", "sup_km2": "40.66859", "ivvp": "88.68", "n_bovino": "0", "ha_bov": "0.41", "r_zclima": "0-15 c", "zonaclima": "1"}}, {"type": "Feature", "geometry": {"type": "Polygon", "coordinates": [[[-71.384339, -39.205444], [-71.38633, -39.200547], [-71.395124, -39.192979], [-71.394212, -39.187515], [-71.398652, -39.185379], [-71.396496, -39.174611], [-71.399977, -39.172152], [-71.401064, -39.165696], [-71.4118, -39.163163], [-71.416381, -39.157124], [-71.422453, -39.156291], [-71.42655, -39.162945], [-71.427613, -39.170901], [-71.431937, -39.174928], [-71.431476, -39.184109], [-71.436134, -39.194274], [-71.432579, -39.201542], [-71.437146, -39.210497], [-71.42807, -39.205857], [-71.412746, -39.205365], [-71.396506, -39.214921], [-71.38311, -39.216399], [-71.381153, -39.214334], [-71.384339, -39.205444]]]}, "properties": {"name": "Coloco", "comuna": "Curarrehue", "provincia": "Cautín", "region": "De La Araucania", "sup_km2": "17.61402", "ivvp": "89.06", "n_bovino": "0", "ha_bov": "0.06", "r_zclima": "0-15 c", "zonaclima": "1"}}, {"type": "Feature", "geometry": {"type": "Polygon", "coordinates": [[[-71.42534, -39.254367], [-71.432622, -39.249557], [-71.434904, -39.251901], [-71.43282, -39.262553], [-71.436343, -39.26689], [-71.43023, -39.289662], [-71.436853, -39.294889], [-71.437752, -39.298686], [-71.453732, -39.308242], [-71.46502, -39.310742], [-71.468879, -39.315787], [-71.476001, -39.313252], [-71.478873, -39.314394], [-71.479419, -39.333252], [-71.476077, -39.339067], [-71.452159, -39.35106], [-71.452989, -39.359362], [-71.458572, -39.367781], [-71.456799, -39.369531], [-71.448637, -39.37097], [-71.441564, -39.367745], [-71.433185, -39.371533], [-71.428222, -39.364094], [-71.42226, -39.364442], [-71.409685, -39.350913], [-71.4015, -39.35093], [-71.39463, -39.33881], [-71.395459, -39.322686], [-71.388812, -39.312982], [-71.395151, -39.30214], [-71.414607, -39.30538], [-71.412678, -39.296375], [-71.407113, -39.290341], [-71.409532, -39.282759], [-71.407835, -39.265834], [-71.412334, -39.26525], [-71.422545, -39.254551], [-71.42534, -39.254367]]]}, "properties": {"name": "Maite", "comuna": "Curarrehue", "provincia": "Cautín", "region": "De La Araucania", "sup_km2": "51.32538", "ivvp": "88.07", "n_bovino": "0", "ha_bov": "1.57", "r_zclima": "0-15 c", "zonaclima": "1"}}, {"type": "Feature", "geometry": {"type": "Polygon", "coordinates": [[[-71.458572, -39.367781], [-71.452989, -39.359362], [-71.452159, -39.35106], [-71.471021, -39.34053], [-71.475939, -39.351124], [-71.493003, -39.352827], [-71.470781, -39.366274], [-71.458572, -39.367781]]]}, "properties": {"name": "Huincapalihue", "comuna": "Curarrehue", "provincia": "Cautín", "region": "De La Araucania", "sup_km2": "5.2612", "ivvp": "82.12", "n_bovino": "0", "ha_bov": "0", "r_zclima": "0-15 c", "zonaclima": "1"}}, {"type": "Feature", "geometry": {"type": "Polygon", "coordinates": [[[-71.195636, -36.504851], [-71.214391, -36.499002], [-71.223534, -36.48606], [-71.228483, -36.483466], [-71.237282, -36.486087], [-71.238832, -36.489176], [-71.236689, -36.503047], [-71.222982, -36.500397], [-71.19421, -36.511115], [-71.190982, -36.510606], [-71.195636, -36.504851]]]}, "properties": {"name": "Los Pinos", "comuna": "San Fabián", "provincia": "Ñuble", "region": "Del Biobío", "sup_km2": "4.22177", "ivvp": "48.23", "n_bovino": "0", "ha_bov": "0", "r_zclima": "> 25 c", "zonaclima": "2"}}, {"type": "Feature", "geometry": {"type": "Polygon", "coordinates": [[[-71.592853, -39.514053], [-71.597204, -39.509068], [-71.605337, -39.507967], [-71.620076, -39.51496], [-71.627932, -39.522183], [-71.636628, -39.518103], [-71.642958, -39.519703], [-71.649969, -39.536479], [-71.667921, -39.55041], [-71.673572, -39.564063], [-71.672497, -39.567919], [-71.659238, -39.577437], [-71.656052, -39.586397], [-71.634393, -39.585275], [-71.621935, -39.580592], [-71.620114, -39.577142], [-71.603775, -39.570424], [-71.600434, -39.566526], [-71.589165, -39.56658], [-71.580834, -39.559526], [-71.567775, -39.556149], [-71.556574, -39.533595], [-71.553012, -39.53057], [-71.570126, -39.522688], [-71.583161, -39.522336], [-71.5885, -39.518123], [-71.589091, -39.514578], [-71.592853, -39.514053]]]}, "properties": {"name": "Puesco", "comuna": "Curarrehue", "provincia": "Cautín", "region": "De La Araucania", "sup_km2": "52.17709", "ivvp": "89.72", "n_bovino": "0", "ha_bov": "1.66", "r_zclima": "0-15 c", "zonaclima": "1"}}, {"type": "Feature", "geometry": {"type": "Polygon", "coordinates": [[[-71.098946, -36.369258], [-71.11416, -36.361097], [-71.130784, -36.37161], [-71.125643, -36.37555], [-71.124607, -36.380274], [-71.119399, -36.383277], [-71.118906, -36.388505], [-71.122862, -36.393911], [-71.116925, -36.401285], [-71.101542, -36.410021], [-71.093353, -36.410327], [-71.090966, -36.390742], [-71.096349, -36.381886], [-71.094885, -36.371479], [-71.098946, -36.369258]]]}, "properties": {"name": "La Despensa", "comuna": "San Fabián", "provincia": "Ñuble", "region": "Del Biobío", "sup_km2": "11.94283", "ivvp": "54.96", "n_bovino": "0", "ha_bov": "0", "r_zclima": "0-15 c", "zonaclima": "1"}}, {"type": "Feature", "geometry": {"type": "Polygon", "coordinates": [[[-71.081016, -36.368513], [-71.096814, -36.368853], [-71.094233, -36.374942], [-71.096349, -36.381886], [-71.090966, -36.390742], [-71.092535, -36.410121], [-71.101542, -36.410021], [-71.114166, -36.403304], [-71.1202, -36.409542], [-71.116655, -36.418118], [-71.120869, -36.432812], [-71.125717, -36.440063], [-71.128519, -36.458833], [-71.137563, -36.46266], [-71.146747, -36.471405], [-71.159197, -36.461856], [-71.163798, -36.463336], [-71.169839, -36.480203], [-71.17662, -36.479395], [-71.180231, -36.474425], [-71.190162, -36.473202], [-71.184389, -36.478491], [-71.178923, -36.490831], [-71.180243, -36.493236], [-71.183602, -36.490948], [-71.201796, -36.489699], [-71.198594, -36.496018], [-71.189486, -36.502828], [-71.195636, -36.504851], [-71.190996, -36.511431], [-71.167353, -36.508933], [-71.162234, -36.510707], [-71.158837, -36.519129], [-71.144886, -36.513287], [-71.13635, -36.507992], [-71.131061, -36.490222], [-71.122848, -36.491378], [-71.115771, -36.486326], [-71.106968, -36.484963], [-71.101521, -36.472589], [-71.089425, -36.465049], [-71.089608, -36.460242], [-71.084492, -36.460079], [-71.067431, -36.447929], [-71.062653, -36.440171], [-71.063995, -36.437215], [-71.060309, -36.432954], [-71.061487, -36.42752], [-71.058335, -36.421322], [-71.061461, -36.418569], [-71.064867, -36.408673], [-71.062551, -36.406142], [-71.064384, -36.396009], [-71.059236, -36.386848], [-71.06657, -36.37887], [-71.073805, -36.377568], [-71.081016, -36.368513]]]}, "properties": {"name": "La Zorra", "comuna": "San Fabián", "provincia": "Ñuble", "region": "Del Biobío", "sup_km2": "72.91423", "ivvp": "53.12", "n_bovino": "0", "ha_bov": "0", "r_zclima": "> 25 c", "zonaclima": "2"}}, {"type": "Feature", "geometry": {"type": "Polygon", "coordinates": [[[-70.678729, -31.290114], [-70.685434, -31.292692], [-70.694981, -31.302205], [-70.69633, -31.307], [-70.693719, -31.311937], [-70.676953, -31.298296], [-70.678729, -31.290114]]]}, "properties": {"name": "El Cobre", "comuna": "Combarbalá", "provincia": "Limarí", "region": "Coquimbo", "sup_km2": "2.00925", "ivvp": "0", "n_bovino": "0", "ha_bov": "0"}}, {"type": "Feature", "geometry": {"type": "Polygon", "coordinates": [[[-71.116161, -36.405269], [-71.114166, -36.403304], [-71.122685, -36.395194], [-71.118906, -36.388505], [-71.119399, -36.383277], [-71.124607, -36.380274], [-71.125643, -36.37555], [-71.130784, -36.37161], [-71.138602, -36.375908], [-71.144958, -36.383371], [-71.144376, -36.388266], [-71.155754, -36.404854], [-71.165016, -36.399918], [-71.17041, -36.403605], [-71.180531, -36.402866], [-71.184288, -36.408189], [-71.172388, -36.418127], [-71.162819, -36.421798], [-71.159799, -36.428468], [-71.157841, -36.450203], [-71.160545, -36.458194], [-71.158887, -36.462447], [-71.147582, -36.471349], [-71.137563, -36.46266], [-71.128519, -36.458833], [-71.125717, -36.440063], [-71.120869, -36.432812], [-71.116655, -36.418118], [-71.120691, -36.411589], [-71.116161, -36.405269]]]}, "properties": {"name": "Huemules", "comuna": "San Fabián", "provincia": "Ñuble", "region": "Del Biobío", "sup_km2": "33.50196", "ivvp": "53.6", "n_bovino": "0", "ha_bov": "0", "r_zclima": "> 25 c", "zonaclima": "2"}}, {"type": "Feature", "geometry": {"type": "Polygon", "coordinates": [[[-71.212821, -36.447469], [-71.223267, -36.452246], [-71.223126, -36.464436], [-71.215531, -36.470305], [-71.203997, -36.488888], [-71.179411, -36.493017], [-71.184389, -36.478491], [-71.192735, -36.469933], [-71.192271, -36.464551], [-71.198417, -36.456854], [-71.198532, -36.453566], [-71.208178, -36.447767], [-71.212821, -36.447469]]]}, "properties": {"name": "El Barco", "comuna": "San Fabián", "provincia": "Ñuble", "region": "Del Biobío", "sup_km2": "10.51927", "ivvp": "42.38", "n_bovino": "0", "ha_bov": "0", "r_zclima": "> 25 c", "zonaclima": "2"}}, {"type": "Feature", "geometry": {"type": "Polygon", "coordinates": [[[-71.260135, -36.440205], [-71.269748, -36.439727], [-71.280756, -36.446824], [-71.286295, -36.45838], [-71.294076, -36.463081], [-71.295754, -36.477557], [-71.306278, -36.481776], [-71.308452, -36.48529], [-71.309486, -36.501768], [-71.314698, -36.51225], [-71.305428, -36.510129], [-71.297671, -36.504993], [-71.294102, -36.498581], [-71.286995, -36.493941], [-71.284664, -36.486482], [-71.269213, -36.478079], [-71.265357, -36.468945], [-71.248827, -36.459537], [-71.246713, -36.456717], [-71.25497, -36.450107], [-71.257129, -36.442701], [-71.260135, -36.440205]]]}, "properties": {"name": "Perquilauquen", "comuna": "San Fabián", "provincia": "Ñuble", "region": "Del Biobío", "sup_km2": "18.02305", "ivvp": "47.14", "n_bovino": "352", "ha_bov": "4.29", "r_zclima": "0-15 c", "zonaclima": "1"}}, {"type": "Feature", "geometry": {"type": "Polygon", "coordinates": [[[-71.3359, -36.660917], [-71.348792, -36.654012], [-71.381265, -36.655755], [-71.365432, -36.657067], [-71.35584, -36.663273], [-71.358198, -36.666007], [-71.356262, -36.678618], [-71.35062, -36.685376], [-71.349968, -36.691937], [-71.341948, -36.696994], [-71.340383, -36.704135], [-71.332719, -36.712023], [-71.333431, -36.715989], [-71.320094, -36.719142], [-71.302793, -36.716585], [-71.297999, -36.688747], [-71.295529, -36.684852], [-71.287573, -36.686645], [-71.290282, -36.685142], [-71.291253, -36.679175], [-71.309599, -36.667956], [-71.32554, -36.662868], [-71.332343, -36.665047], [-71.3359, -36.660917]]]}, "properties": {"name": "Los Coihues", "comuna": "Coihueco", "provincia": "Ñuble", "region": "Del Biobío", "sup_km2": "27.38412", "ivvp": "50.93", "n_bovino": "77", "ha_bov": "1.93", "r_zclima": "15-25 c", "zonaclima": "3"}}, {"type": "Feature", "geometry": {"type": "Polygon", "coordinates": [[[-71.061113, -36.45957], [-71.060253, -36.454924], [-71.066135, -36.451646], [-71.067856, -36.447933], [-71.084492, -36.460079], [-71.089608, -36.460242], [-71.089425, -36.465049], [-71.101521, -36.472589], [-71.106968, -36.484963], [-71.115771, -36.486326], [-71.122848, -36.491378], [-71.131061, -36.490222], [-71.137159, -36.508946], [-71.159055, -36.519336], [-71.15505, -36.524163], [-71.159187, -36.527847], [-71.155802, -36.535678], [-71.155989, -36.549014], [-71.152371, -36.551468], [-71.154112, -36.558976], [-71.152637, -36.564181], [-71.144059, -36.564651], [-71.137995, -36.571056], [-71.130159, -36.571683], [-71.120326, -36.577095], [-71.104702, -36.574199], [-71.103512, -36.56577], [-71.107417, -36.556647], [-71.081764, -36.553583], [-71.0809, -36.550159], [-71.074128, -36.547875], [-71.070537, -36.544044], [-71.069242, -36.535463], [-71.072111, -36.532241], [-71.066678, -36.516737], [-71.061357, -36.513778], [-71.046463, -36.519481], [-71.043393, -36.514083], [-71.036107, -36.510629], [-71.03675, -36.502489], [-71.039261, -36.499478], [-71.035909, -36.493173], [-71.038379, -36.477405], [-71.036019, -36.472264], [-71.039023, -36.469022], [-71.060108, -36.463401], [-71.061113, -36.45957]]]}, "properties": {"name": "Gonzalez", "comuna": "San Fabián", "provincia": "Ñuble", "region": "Del Biobío", "sup_km2": "85.84078", "ivvp": "54.51", "n_bovino": "0", "ha_bov": "0", "r_zclima": "> 25 c", "zonaclima": "2"}}, {"type": "Feature", "geometry": {"type": "Polygon", "coordinates": [[[-71.293065, -36.677572], [-71.290006, -36.675477], [-71.294195, -36.670809], [-71.294508, -36.658329], [-71.30457, -36.640915], [-71.326964, -36.657685], [-71.335788, -36.661568], [-71.332343, -36.665047], [-71.320702, -36.663769], [-71.30794, -36.66879], [-71.297027, -36.677293], [-71.293065, -36.677572]]]}, "properties": {"name": "Caman", "comuna": "San Fabián", "provincia": "Ñuble", "region": "Del Biobío", "sup_km2": "6.97462", "ivvp": "50.71", "n_bovino": "27", "ha_bov": "4.42", "r_zclima": "0-15 c", "zonaclima": "1"}}, {"type": "Feature", "geometry": {"type": "Polygon", "coordinates": [[[-71.237825, -36.463112], [-71.246713, -36.456717], [-71.252085, -36.462716], [-71.265357, -36.468945], [-71.269213, -36.478079], [-71.284664, -36.486482], [-71.286995, -36.493941], [-71.294102, -36.498581], [-71.297671, -36.504993], [-71.305428, -36.510129], [-71.314359, -36.512367], [-71.311367, -36.518027], [-71.297984, -36.52272], [-71.286688, -36.520765], [-71.270803, -36.511222], [-71.263345, -36.503653], [-71.249114, -36.502052], [-71.238405, -36.495584], [-71.237282, -36.486087], [-71.230479, -36.481748], [-71.233877, -36.476542], [-71.232293, -36.463869], [-71.237825, -36.463112]]]}, "properties": {"name": "Constancia", "comuna": "San Fabián", "provincia": "Ñuble", "region": "Del Biobío", "sup_km2": "22.6638", "ivvp": "50.11", "n_bovino": "0", "ha_bov": "0", "r_zclima": "0-15 c", "zonaclima": "1"}}, {"type": "Feature", "geometry": {"type": "Polygon", "coordinates": [[[-71.191677, -36.50469], [-71.189486, -36.502828], [-71.198594, -36.496018], [-71.215531, -36.470305], [-71.224318, -36.461699], [-71.232293, -36.463869], [-71.233877, -36.476542], [-71.230627, -36.482759], [-71.222292, -36.487467], [-71.218469, -36.495821], [-71.202439, -36.503455], [-71.191677, -36.50469]]]}, "properties": {"name": "Los Bueyes", "comuna": "San Fabián", "provincia": "Ñuble", "region": "Del Biobío", "sup_km2": "7.49261", "ivvp": "42.66", "n_bovino": "0", "ha_bov": "0", "r_zclima": "> 25 c", "zonaclima": "2"}}, {"type": "Feature", "geometry": {"type": "Polygon", "coordinates": [[[-71.334832, -36.543859], [-71.33711, -36.559719], [-71.346444, -36.57196], [-71.343122, -36.576424], [-71.328513, -36.579711], [-71.322182, -36.574797], [-71.295446, -36.565171], [-71.280814, -36.56519], [-71.276129, -36.567195], [-71.265469, -36.552144], [-71.263958, -36.545877], [-71.265522, -36.540714], [-71.261438, -36.533428], [-71.25695, -36.527443], [-71.252939, -36.526446], [-71.252229, -36.522967], [-71.234086, -36.511046], [-71.238405, -36.495584], [-71.249114, -36.502052], [-71.263345, -36.503653], [-71.270803, -36.511222], [-71.29099, -36.522003], [-71.306164, -36.520687], [-71.311367, -36.518027], [-71.314698, -36.51225], [-71.315664, -36.520226], [-71.32005, -36.523384], [-71.320889, -36.531514], [-71.334832, -36.543859]]]}, "properties": {"name": "Pedernales", "comuna": "San Fabián", "provincia": "Ñuble", "region": "Del Biobío", "sup_km2": "40.36161", "ivvp": "47.41", "n_bovino": "0", "ha_bov": "0", "r_zclima": "0-15 c", "zonaclima": "1"}}, {"type": "Feature", "geometry": {"type": "Polygon", "coordinates": [[[-71.152637, -36.564181], [-71.154112, -36.558976], [-71.152371, -36.551468], [-71.155989, -36.549014], [-71.155802, -36.535678], [-71.159187, -36.527847], [-71.168361, -36.533886], [-71.178326, -36.536431], [-71.180817, -36.541483], [-71.19161, -36.546508], [-71.20769, -36.564287], [-71.215752, -36.562817], [-71.211461, -36.566858], [-71.207174, -36.567005], [-71.196855, -36.558795], [-71.18549, -36.554408], [-71.178061, -36.558361], [-71.172225, -36.557625], [-71.159765, -36.564368], [-71.152637, -36.564181]]]}, "properties": {"name": "La Puntilla", "comuna": "San Fabián", "provincia": "Ñuble", "region": "Del Biobío", "sup_km2": "9.43608", "ivvp": "53.18", "n_bovino": "0", "ha_bov": "0", "r_zclima": "> 25 c", "zonaclima": "2"}}, {"type": "Feature", "geometry": {"type": "Polygon", "coordinates": [[[-71.190982, -36.510606], [-71.197185, -36.510456], [-71.222982, -36.500397], [-71.23294, -36.50099], [-71.236689, -36.503047], [-71.234086, -36.511046], [-71.252229, -36.522967], [-71.252514, -36.525868], [-71.2372, -36.539554], [-71.235542, -36.543628], [-71.236999, -36.547057], [-71.222197, -36.548006], [-71.216804, -36.56218], [-71.212276, -36.563256], [-71.208471, -36.560816], [-71.203249, -36.547789], [-71.196182, -36.538731], [-71.195224, -36.531033], [-71.199528, -36.519944], [-71.190982, -36.510606]]]}, "properties": {"name": "El Florido", "comuna": "San Fabián", "provincia": "Ñuble", "region": "Del Biobío", "sup_km2": "21.47507", "ivvp": "48.04", "n_bovino": "146", "ha_bov": "3.49", "r_zclima": "> 25 c", "zonaclima": "2"}}, {"type": "Feature", "geometry": {"type": "Polygon", "coordinates": [[[-71.158837, -36.519129], [-71.162234, -36.510707], [-71.167353, -36.508933], [-71.193141, -36.512874], [-71.199528, -36.519944], [-71.195224, -36.531033], [-71.196182, -36.538731], [-71.203249, -36.547789], [-71.208719, -36.561158], [-71.215752, -36.562817], [-71.20769, -36.564287], [-71.19161, -36.546508], [-71.180817, -36.541483], [-71.178326, -36.536431], [-71.168361, -36.533886], [-71.159187, -36.527847], [-71.15505, -36.524163], [-71.158837, -36.519129]]]}, "properties": {"name": "Monroy", "comuna": "San Fabián", "provincia": "Ñuble", "region": "Del Biobío", "sup_km2": "11.69794", "ivvp": "50.01", "n_bovino": "100", "ha_bov": "5.3", "r_zclima": "> 25 c", "zonaclima": "2"}}, {"type": "Feature", "geometry": {"type": "Polygon", "coordinates": [[[-71.052872, -36.576327], [-71.054923, -36.575588], [-71.053734, -36.570518], [-71.055797, -36.565848], [-71.050705, -36.564143], [-71.049055, -36.558197], [-71.044086, -36.555784], [-71.040871, -36.549132], [-71.044006, -36.54562], [-71.043818, -36.539663], [-71.05082, -36.524753], [-71.046463, -36.519481], [-71.063221, -36.513714], [-71.068752, -36.519567], [-71.072111, -36.532241], [-71.069242, -36.535463], [-71.070537, -36.544044], [-71.074128, -36.547875], [-71.0809, -36.550159], [-71.081764, -36.553583], [-71.107417, -36.556647], [-71.103512, -36.56577], [-71.104961, -36.573469], [-71.089612, -36.589328], [-71.075707, -36.593388], [-71.066673, -36.592274], [-71.057495, -36.578733], [-71.052872, -36.576327]]]}, "properties": {"name": "Bueno", "comuna": "San Fabián", "provincia": "Ñuble", "region": "Del Biobío", "sup_km2": "26.50964", "ivvp": "54.81", "n_bovino": "0", "ha_bov": "0", "r_zclima": "> 25 c", "zonaclima": "2"}}, {"type": "Feature", "geometry": {"type": "Polygon", "coordinates": [[[-71.345765, -36.532149], [-71.347128, -36.519999], [-71.353463, -36.512896], [-71.357638, -36.524728], [-71.36625, -36.531799], [-71.376525, -36.526921], [-71.383132, -36.527299], [-71.395543, -36.533318], [-71.395745, -36.539858], [-71.389324, -36.557048], [-71.378675, -36.564268], [-71.375134, -36.571585], [-71.346444, -36.57196], [-71.33711, -36.559719], [-71.334563, -36.543319], [-71.341307, -36.541792], [-71.345765, -36.532149]]]}, "properties": {"name": "La Negra", "comuna": "San Fabián", "provincia": "Ñuble", "region": "Del Biobío", "sup_km2": "22.08351", "ivvp": "46.34", "n_bovino": "1", "ha_bov": "358.76", "r_zclima": "0-15 c", "zonaclima": "1"}}, {"type": "Feature", "geometry": {"type": "Polygon", "coordinates": [[[-71.215752, -36.562817], [-71.219941, -36.557124], [-71.222197, -36.548006], [-71.234946, -36.548299], [-71.236999, -36.547057], [-71.235698, -36.541773], [-71.242651, -36.536671], [-71.24394, -36.532474], [-71.252514, -36.525868], [-71.25695, -36.527443], [-71.265522, -36.540714], [-71.263958, -36.545877], [-71.265469, -36.552144], [-71.276763, -36.568463], [-71.27701, -36.577809], [-71.274669, -36.581022], [-71.282689, -36.593077], [-71.281303, -36.610845], [-71.275054, -36.615025], [-71.25792, -36.616095], [-71.245747, -36.62327], [-71.233296, -36.618136], [-71.223938, -36.617307], [-71.210985, -36.596439], [-71.191145, -36.58242], [-71.197753, -36.568991], [-71.211461, -36.566858], [-71.215752, -36.562817]]]}, "properties": {"name": "Pichirrincon", "comuna": "San Fabián", "provincia": "Ñuble", "region": "Del Biobío", "sup_km2": "51.03659", "ivvp": "49.67", "n_bovino": "0", "ha_bov": "0", "r_zclima": "15-25 c", "zonaclima": "3"}}, {"type": "Feature", "geometry": {"type": "Polygon", "coordinates": [[[-71.152637, -36.564181], [-71.159765, -36.564368], [-71.172225, -36.557625], [-71.178061, -36.558361], [-71.18549, -36.554408], [-71.204757, -36.564098], [-71.206521, -36.566697], [-71.199152, -36.567965], [-71.196077, -36.57091], [-71.191354, -36.583498], [-71.207397, -36.592693], [-71.222547, -36.612371], [-71.229288, -36.628031], [-71.230563, -36.641311], [-71.224092, -36.644118], [-71.21451, -36.636653], [-71.205534, -36.634116], [-71.197844, -36.639404], [-71.188433, -36.63704], [-71.175795, -36.638318], [-71.171753, -36.645922], [-71.149601, -36.646211], [-71.145688, -36.64968], [-71.137802, -36.642841], [-71.127852, -36.623825], [-71.121878, -36.621507], [-71.118019, -36.615014], [-71.11816, -36.601839], [-71.116047, -36.598965], [-71.127154, -36.588285], [-71.129715, -36.572056], [-71.137995, -36.571056], [-71.144059, -36.564651], [-71.152637, -36.564181]]]}, "properties": {"name": "Las Tragedias", "comuna": "San Fabián", "provincia": "Ñuble", "region": "Del Biobío", "sup_km2": "68.99403", "ivvp": "51.62", "n_bovino": "77", "ha_bov": "37.6", "r_zclima": "> 25 c", "zonaclima": "2"}}, {"type": "Feature", "geometry": {"type": "Polygon", "coordinates": [[[-71.276129, -36.567195], [-71.280814, -36.56519], [-71.295446, -36.565171], [-71.324382, -36.57589], [-71.335696, -36.587993], [-71.337495, -36.597314], [-71.334697, -36.604718], [-71.330147, -36.607723], [-71.319877, -36.608798], [-71.314941, -36.616001], [-71.308689, -36.615464], [-71.303411, -36.623809], [-71.286295, -36.612841], [-71.275054, -36.615025], [-71.281303, -36.610845], [-71.283067, -36.596508], [-71.281212, -36.589892], [-71.274669, -36.581022], [-71.27701, -36.577809], [-71.276129, -36.567195]]]}, "properties": {"name": "Quqbrada Oscura", "comuna": "San Fabián", "provincia": "Ñuble", "region": "Del Biobío", "sup_km2": "24.09205", "ivvp": "50.6", "n_bovino": "85", "ha_bov": "5.24", "r_zclima": "0-15 c", "zonaclima": "1"}}, {"type": "Feature", "geometry": {"type": "Polygon", "coordinates": [[[-71.104702, -36.574199], [-71.11949, -36.577137], [-71.129172, -36.573007], [-71.127154, -36.588285], [-71.116047, -36.598965], [-71.118831, -36.607988], [-71.117653, -36.61425], [-71.107213, -36.613606], [-71.099636, -36.618382], [-71.093486, -36.617593], [-71.081259, -36.611818], [-71.078597, -36.607863], [-71.092347, -36.599496], [-71.085844, -36.591287], [-71.104702, -36.574199]]]}, "properties": {"name": "Los Frutillares", "comuna": "San Fabián", "provincia": "Ñuble", "region": "Del Biobío", "sup_km2": "13.05102", "ivvp": "58.14", "n_bovino": "0", "ha_bov": "0", "r_zclima": "> 25 c", "zonaclima": "2"}}, {"type": "Feature", "geometry": {"type": "Polygon", "coordinates": [[[-71.303411, -36.623809], [-71.308689, -36.615464], [-71.314941, -36.616001], [-71.319877, -36.608798], [-71.330147, -36.607723], [-71.334697, -36.604718], [-71.347966, -36.610122], [-71.356054, -36.621116], [-71.347212, -36.642417], [-71.343195, -36.645903], [-71.330555, -36.647723], [-71.330341, -36.653568], [-71.335744, -36.660249], [-71.334487, -36.661927], [-71.303792, -36.640507], [-71.303411, -36.623809]]]}, "properties": {"name": "El Principal", "comuna": "San Fabián", "provincia": "Ñuble", "region": "Del Biobío", "sup_km2": "18.10367", "ivvp": "49.11", "n_bovino": "67", "ha_bov": "1.01", "r_zclima": "0-15 c", "zonaclima": "1"}}, {"type": "Feature", "geometry": {"type": "Polygon", "coordinates": [[[-71.273044, -36.817619], [-71.266549, -36.808261], [-71.266361, -36.801888], [-71.260838, -36.791953], [-71.263505, -36.785116], [-71.263109, -36.77739], [-71.260316, -36.774185], [-71.279157, -36.77671], [-71.286666, -36.788665], [-71.298216, -36.792823], [-71.301553, -36.800834], [-71.316939, -36.811332], [-71.29052, -36.82448], [-71.279998, -36.823474], [-71.273044, -36.817619]]]}, "properties": {"name": "Las Chapas", "comuna": "Coihueco", "provincia": "Ñuble", "region": "Del Biobío", "sup_km2": "15.23148", "ivvp": "54.01", "n_bovino": "73", "ha_bov": "1.26", "r_zclima": "15-25 c", "zonaclima": "3"}}, {"type": "Feature", "geometry": {"type": "Polygon", "coordinates": [[[-71.049501, -36.578863], [-71.052872, -36.576327], [-71.05635, -36.577554], [-71.066673, -36.592274], [-71.075707, -36.593388], [-71.085396, -36.5912], [-71.089071, -36.593231], [-71.092347, -36.599496], [-71.078597, -36.607863], [-71.084407, -36.61266], [-71.08121, -36.616912], [-71.064282, -36.623642], [-71.050461, -36.610456], [-71.048277, -36.607195], [-71.048969, -36.597727], [-71.046123, -36.594872], [-71.04852, -36.587542], [-71.046209, -36.582344], [-71.049501, -36.578863]]]}, "properties": {"name": "Blanco Mallin", "comuna": "San Fabián", "provincia": "Ñuble", "region": "Del Biobío", "sup_km2": "11.43395", "ivvp": "55.97", "n_bovino": "0", "ha_bov": "0", "r_zclima": "> 25 c", "zonaclima": "2"}}, {"type": "Feature", "geometry": {"type": "Polygon", "coordinates": [[[-71.07782, -36.618616], [-71.084984, -36.613961], [-71.086621, -36.631635], [-71.09137, -36.642408], [-71.083969, -36.665449], [-71.073238, -36.667687], [-71.062018, -36.684241], [-71.044999, -36.694341], [-71.035384, -36.691753], [-71.031711, -36.689089], [-71.030702, -36.68359], [-71.026783, -36.681985], [-71.027382, -36.680082], [-71.042907, -36.673228], [-71.036794, -36.666969], [-71.025142, -36.663335], [-71.028852, -36.658243], [-71.028598, -36.650519], [-71.039124, -36.649289], [-71.043427, -36.644834], [-71.04924, -36.643965], [-71.061863, -36.650557], [-71.066099, -36.63873], [-71.064282, -36.623642], [-71.070693, -36.619488], [-71.07782, -36.618616]]]}, "properties": {"name": "Salitre", "comuna": "San Fabián", "provincia": "Ñuble", "region": "Del Biobío", "sup_km2": "25.0521", "ivvp": "57.54", "n_bovino": "0", "ha_bov": "0", "r_zclima": "> 25 c", "zonaclima": "2"}}, {"type": "Feature", "geometry": {"type": "Polygon", "coordinates": [[[-71.386144, -37.023552], [-71.372205, -37.010836], [-71.365758, -36.987546], [-71.368418, -36.974065], [-71.373573, -36.968212], [-71.388698, -36.973658], [-71.39369, -36.982588], [-71.393923, -36.996161], [-71.401352, -37.002959], [-71.399445, -37.007824], [-71.403059, -37.010819], [-71.404322, -37.016926], [-71.408264, -37.020978], [-71.418982, -37.025091], [-71.386144, -37.023552]]]}, "properties": {"name": "Los Barros (R Los Peucos)", "comuna": "Pinto", "provincia": "Ñuble", "region": "Del Biobío", "sup_km2": "14.22677", "ivvp": "56.5", "n_bovino": "0", "ha_bov": "0", "r_zclima": "15-25 c", "zonaclima": "3"}}, {"type": "Feature", "geometry": {"type": "Polygon", "coordinates": [[[-70.424274, -34.945253], [-70.418721, -34.939345], [-70.415483, -34.927683], [-70.41821, -34.924306], [-70.421422, -34.909784], [-70.424699, -34.912897], [-70.424221, -34.927662], [-70.430594, -34.94384], [-70.424274, -34.945253]]]}, "properties": {"name": "Los Rios", "comuna": "San Fernando", "provincia": "Colchagua", "region": "L.G.B.O'Higgins", "sup_km2": "2.56838", "ivvp": "86.13", "n_bovino": "0", "ha_bov": "0", "r_zclima": "> 25 c", "zonaclima": "2"}}, {"type": "Feature", "geometry": {"type": "Polygon", "coordinates": [[[-71.086084, -36.616862], [-71.084861, -36.612873], [-71.099636, -36.618382], [-71.107213, -36.613606], [-71.117653, -36.61425], [-71.121878, -36.621507], [-71.127852, -36.623825], [-71.134903, -36.63885], [-71.145688, -36.64968], [-71.144066, -36.659948], [-71.137701, -36.66862], [-71.138257, -36.67432], [-71.132562, -36.679109], [-71.132329, -36.688825], [-71.116615, -36.692677], [-71.113708, -36.679676], [-71.108468, -36.676707], [-71.08576, -36.677445], [-71.086304, -36.66978], [-71.083917, -36.663503], [-71.09137, -36.642408], [-71.086621, -36.631635], [-71.086084, -36.616862]]]}, "properties": {"name": "Vallejos", "comuna": "San Fabián", "provincia": "Ñuble", "region": "Del Biobío", "sup_km2": "32.48286", "ivvp": "52.75", "n_bovino": "0", "ha_bov": "0", "r_zclima": "> 25 c", "zonaclima": "2"}}, {"type": "Feature", "geometry": {"type": "Polygon", "coordinates": [[[-71.465704, -37.696884], [-71.465196, -37.689523], [-71.451704, -37.682438], [-71.44987, -37.671865], [-71.456337, -37.663328], [-71.459627, -37.653959], [-71.465332, -37.650456], [-71.467823, -37.65418], [-71.467022, -37.659122], [-71.461553, -37.671595], [-71.468138, -37.679072], [-71.469711, -37.689145], [-71.474146, -37.691566], [-71.466747, -37.699953], [-71.465704, -37.696884]]]}, "properties": {"name": "Chichintahue", "comuna": "Santa Bárbara", "provincia": "Biobío", "region": "Del Biobío", "sup_km2": "4.76398", "ivvp": "42.67", "n_bovino": "0", "ha_bov": "0", "r_zclima": "0-15 c", "zonaclima": "1"}}, {"type": "Feature", "geometry": {"type": "Polygon", "coordinates": [[[-71.275054, -36.615025], [-71.286295, -36.612841], [-71.303411, -36.623809], [-71.302377, -36.635717], [-71.30457, -36.640915], [-71.294508, -36.658329], [-71.294195, -36.670809], [-71.290006, -36.675477], [-71.293065, -36.677572], [-71.289929, -36.681652], [-71.290282, -36.685142], [-71.281901, -36.686912], [-71.278094, -36.697341], [-71.259767, -36.699741], [-71.255712, -36.698236], [-71.244623, -36.679766], [-71.238355, -36.676347], [-71.228973, -36.675932], [-71.232111, -36.671741], [-71.2259, -36.6638], [-71.218638, -36.660803], [-71.219125, -36.654796], [-71.214522, -36.651466], [-71.230563, -36.641311], [-71.23014, -36.634554], [-71.232318, -36.634189], [-71.239831, -36.634976], [-71.24906, -36.642756], [-71.257833, -36.645957], [-71.27082, -36.646696], [-71.276116, -36.635739], [-71.275054, -36.615025]]]}, "properties": {"name": "Los Sauces", "comuna": "San Fabián", "provincia": "Ñuble", "region": "Del Biobío", "sup_km2": "40.01234", "ivvp": "52.17", "n_bovino": "150", "ha_bov": "1.49", "r_zclima": "15-25 c", "zonaclima": "3"}}, {"type": "Feature", "geometry": {"type": "Polygon", "coordinates": [[[-71.3359, -36.660917], [-71.331003, -36.655376], [-71.330555, -36.647723], [-71.343195, -36.645903], [-71.347212, -36.642417], [-71.356054, -36.621116], [-71.373824, -36.627455], [-71.380005, -36.624754], [-71.388924, -36.62686], [-71.40925, -36.624247], [-71.424515, -36.62898], [-71.437808, -36.629682], [-71.426572, -36.632575], [-71.421434, -36.6392], [-71.413124, -36.637809], [-71.401646, -36.64358], [-71.397306, -36.651382], [-71.393987, -36.65304], [-71.390211, -36.652971], [-71.389312, -36.650781], [-71.382188, -36.655809], [-71.34727, -36.654186], [-71.3359, -36.660917]]]}, "properties": {"name": "El Caracol", "comuna": "San Fabián", "provincia": "Ñuble", "region": "Del Biobío", "sup_km2": "20.24432", "ivvp": "47.65", "n_bovino": "103", "ha_bov": "0.66", "r_zclima": "0-15 c", "zonaclima": "1"}}, {"type": "Feature", "geometry": {"type": "Polygon", "coordinates": [[[-71.043498, -36.64393], [-71.042509, -36.635596], [-71.045357, -36.625669], [-71.057366, -36.617807], [-71.06576, -36.626014], [-71.064194, -36.630007], [-71.066099, -36.63873], [-71.062865, -36.649791], [-71.04924, -36.643965], [-71.043498, -36.64393]]]}, "properties": {"name": "Las Diucas", "comuna": "San Fabián", "provincia": "Ñuble", "region": "Del Biobío", "sup_km2": "5.36667", "ivvp": "58.45", "n_bovino": "0", "ha_bov": "0", "r_zclima": "> 25 c", "zonaclima": "2"}}, {"type": "Feature", "geometry": {"type": "Polygon", "coordinates": [[[-71.223938, -36.617307], [-71.233296, -36.618136], [-71.243713, -36.623371], [-71.25041, -36.62192], [-71.25792, -36.616095], [-71.275054, -36.615025], [-71.276116, -36.635739], [-71.27082, -36.646696], [-71.257833, -36.645957], [-71.24906, -36.642756], [-71.239101, -36.634643], [-71.23014, -36.634554], [-71.223938, -36.617307]]]}, "properties": {"name": "El Cipres", "comuna": "San Fabián", "provincia": "Ñuble", "region": "Del Biobío", "sup_km2": "10.7727", "ivvp": "54.78", "n_bovino": "51", "ha_bov": "0.71", "r_zclima": "15-25 c", "zonaclima": "3"}}, {"type": "Feature", "geometry": {"type": "Polygon", "coordinates": [[[-71.176421, -36.638216], [-71.188433, -36.63704], [-71.197844, -36.639404], [-71.205534, -36.634116], [-71.21451, -36.636653], [-71.224846, -36.644225], [-71.214522, -36.651466], [-71.219125, -36.654796], [-71.218489, -36.66063], [-71.2259, -36.6638], [-71.232111, -36.671741], [-71.226902, -36.678418], [-71.226532, -36.68418], [-71.231028, -36.691432], [-71.229669, -36.696766], [-71.221464, -36.696978], [-71.202933, -36.702947], [-71.197973, -36.705346], [-71.192927, -36.7121], [-71.193783, -36.716599], [-71.190711, -36.724056], [-71.192773, -36.726393], [-71.192928, -36.739175], [-71.195576, -36.7416], [-71.192383, -36.749225], [-71.193104, -36.755571], [-71.197935, -36.761637], [-71.212929, -36.767375], [-71.207289, -36.769485], [-71.186831, -36.767227], [-71.173846, -36.763125], [-71.166495, -36.750844], [-71.168804, -36.746525], [-71.16384, -36.714137], [-71.157694, -36.706809], [-71.150113, -36.703994], [-71.145213, -36.696426], [-71.148846, -36.686081], [-71.15117, -36.688855], [-71.163275, -36.692588], [-71.177671, -36.689473], [-71.185718, -36.691119], [-71.179295, -36.668073], [-71.188347, -36.659075], [-71.188239, -36.655228], [-71.186216, -36.648474], [-71.176421, -36.638216]]]}, "properties": {"name": "Las Truchas", "comuna": "San Fabián", "provincia": "Ñuble", "region": "Del Biobío", "sup_km2": "49.19188", "ivvp": "54.85", "n_bovino": "0", "ha_bov": "0", "r_zclima": "15-25 c", "zonaclima": "3"}}, {"type": "Feature", "geometry": {"type": "Polygon", "coordinates": [[[-71.537583, -37.807434], [-71.543715, -37.803328], [-71.533488, -37.81834], [-71.520804, -37.824465], [-71.516845, -37.816223], [-71.518571, -37.811451], [-71.537583, -37.807434]]]}, "properties": {"name": "Los Perales 1", "comuna": "Santa Bárbara", "provincia": "Biobío", "region": "Del Biobío", "sup_km2": "2.14746", "ivvp": "56.13", "n_bovino": "0", "ha_bov": "0", "r_zclima": "0-15 c", "zonaclima": "1"}}, {"type": "Feature", "geometry": {"type": "Polygon", "coordinates": [[[-71.381265, -36.655755], [-71.385006, -36.655392], [-71.389312, -36.650781], [-71.390211, -36.652971], [-71.395142, -36.65262], [-71.401646, -36.64358], [-71.413124, -36.637809], [-71.421434, -36.6392], [-71.426572, -36.632575], [-71.437808, -36.629682], [-71.441909, -36.633063], [-71.443031, -36.640949], [-71.447717, -36.64425], [-71.451081, -36.658601], [-71.449157, -36.662904], [-71.441417, -36.662509], [-71.421562, -36.658737], [-71.409632, -36.653391], [-71.397472, -36.660932], [-71.40326, -36.685497], [-71.391562, -36.685895], [-71.387419, -36.68838], [-71.372798, -36.683693], [-71.367369, -36.667979], [-71.358198, -36.666007], [-71.35584, -36.663273], [-71.365432, -36.657067], [-71.381265, -36.655755]]]}, "properties": {"name": "Veguillas", "comuna": "Coihueco", "provincia": "Ñuble", "region": "Del Biobío", "sup_km2": "21.09022", "ivvp": "47", "n_bovino": "458", "ha_bov": "0.59", "r_zclima": "15-25 c", "zonaclima": "3"}}, {"type": "Feature", "geometry": {"type": "Polygon", "coordinates": [[[-71.145688, -36.64968], [-71.149601, -36.646211], [-71.171753, -36.645922], [-71.175795, -36.638318], [-71.180615, -36.641492], [-71.186216, -36.648474], [-71.188239, -36.655228], [-71.188347, -36.659075], [-71.179295, -36.668073], [-71.185718, -36.691119], [-71.177671, -36.689473], [-71.167847, -36.693077], [-71.149608, -36.687333], [-71.149138, -36.683408], [-71.137737, -36.673149], [-71.139552, -36.664558], [-71.144562, -36.658497], [-71.145688, -36.64968]]]}, "properties": {"name": "Palo Seco", "comuna": "San Fabián", "provincia": "Ñuble", "region": "Del Biobío", "sup_km2": "18.25004", "ivvp": "53.38", "n_bovino": "0", "ha_bov": "0", "r_zclima": "15-25 c", "zonaclima": "3"}}, {"type": "Feature", "geometry": {"type": "Polygon", "coordinates": [[[-71.40326, -36.685497], [-71.397222, -36.665394], [-71.397472, -36.660932], [-71.401384, -36.657374], [-71.410531, -36.653098], [-71.421562, -36.658737], [-71.449157, -36.662904], [-71.458107, -36.679118], [-71.46825, -36.68345], [-71.472967, -36.697272], [-71.469919, -36.701513], [-71.473466, -36.70928], [-71.47162, -36.713784], [-71.472618, -36.72087], [-71.466789, -36.723555], [-71.450218, -36.7204], [-71.44438, -36.722809], [-71.439506, -36.726938], [-71.43905, -36.730516], [-71.435392, -36.731551], [-71.412082, -36.712645], [-71.404801, -36.698831], [-71.40326, -36.685497]]]}, "properties": {"name": "Las Damas", "comuna": "Coihueco", "provincia": "Ñuble", "region": "Del Biobío", "sup_km2": "38.32477", "ivvp": "44.76", "n_bovino": "0", "ha_bov": "0", "r_zclima": "15-25 c", "zonaclima": "3"}}, {"type": "Feature", "geometry": {"type": "Polygon", "coordinates": [[[-71.228973, -36.675932], [-71.238355, -36.676347], [-71.244623, -36.679766], [-71.256149, -36.698692], [-71.26551, -36.6996], [-71.279087, -36.696439], [-71.284089, -36.700133], [-71.28422, -36.704551], [-71.279944, -36.712713], [-71.276077, -36.71363], [-71.264294, -36.727563], [-71.241956, -36.728401], [-71.240152, -36.720652], [-71.227669, -36.704275], [-71.230113, -36.701481], [-71.231028, -36.691432], [-71.226532, -36.68418], [-71.228973, -36.675932]]]}, "properties": {"name": "Los Tabanos (Truchas)", "comuna": "San Fabián", "provincia": "Ñuble", "region": "Del Biobío", "sup_km2": "16.45954", "ivvp": "54.67", "n_bovino": "0", "ha_bov": "0", "r_zclima": "15-25 c", "zonaclima": "3"}}, {"type": "Feature", "geometry": {"type": "Polygon", "coordinates": [[[-71.145075, -37.819618], [-71.154675, -37.813531], [-71.158961, -37.815057], [-71.156751, -37.820441], [-71.150238, -37.823962], [-71.145444, -37.822063], [-71.145075, -37.819618]]]}, "properties": {"name": "Malal Chico", "comuna": "Santa Bárbara", "provincia": "Biobío", "region": "Del Biobío", "sup_km2": "0.90411", "ivvp": "54.83", "n_bovino": "0", "ha_bov": "0", "r_zclima": "0-15 c", "zonaclima": "1"}}, {"type": "Feature", "geometry": {"type": "Polygon", "coordinates": [[[-71.046003, -36.693648], [-71.062018, -36.684241], [-71.073238, -36.667687], [-71.083969, -36.665449], [-71.086104, -36.676147], [-71.078893, -36.689077], [-71.080504, -36.695058], [-71.077806, -36.704265], [-71.071381, -36.706873], [-71.066492, -36.713765], [-71.059316, -36.712365], [-71.055207, -36.706747], [-71.040258, -36.702817], [-71.04044, -36.694194], [-71.046003, -36.693648]]]}, "properties": {"name": "Pincheira", "comuna": "San Fabián", "provincia": "Ñuble", "region": "Del Biobío", "sup_km2": "11.11204", "ivvp": "52.66", "n_bovino": "0", "ha_bov": "0", "r_zclima": "> 25 c", "zonaclima": "2"}}, {"type": "Feature", "geometry": {"type": "Polygon", "coordinates": [[[-71.355824, -36.679528], [-71.358198, -36.666007], [-71.367369, -36.667979], [-71.374577, -36.68477], [-71.387419, -36.68838], [-71.391562, -36.685895], [-71.40326, -36.685497], [-71.404801, -36.698831], [-71.412082, -36.712645], [-71.420881, -36.721609], [-71.429763, -36.725308], [-71.436841, -36.732107], [-71.430368, -36.735187], [-71.425722, -36.744001], [-71.42094, -36.74404], [-71.417878, -36.740597], [-71.420078, -36.745703], [-71.433453, -36.757146], [-71.442493, -36.777085], [-71.443394, -36.781168], [-71.437376, -36.800055], [-71.442752, -36.805695], [-71.436167, -36.806961], [-71.435146, -36.811794], [-71.429506, -36.813415], [-71.425668, -36.818599], [-71.410365, -36.828657], [-71.405811, -36.824586], [-71.407712, -36.81964], [-71.404335, -36.807744], [-71.399294, -36.802673], [-71.402922, -36.795728], [-71.402153, -36.780751], [-71.407561, -36.77089], [-71.407393, -36.754107], [-71.399164, -36.744878], [-71.393156, -36.744292], [-71.381476, -36.732233], [-71.379201, -36.722171], [-71.361736, -36.69722], [-71.358324, -36.686229], [-71.36066, -36.680356], [-71.359143, -36.67729], [-71.355824, -36.679528]]]}, "properties": {"name": "Santa Gertrudis", "comuna": "Coihueco", "provincia": "Ñuble", "region": "Del Biobío", "sup_km2": "51.65439", "ivvp": "47.7", "n_bovino": "0", "ha_bov": "0", "r_zclima": "15-25 c", "zonaclima": "3"}}, {"type": "Feature", "geometry": {"type": "Polygon", "coordinates": [[[-71.443394, -36.781168], [-71.433453, -36.757146], [-71.420078, -36.745703], [-71.417878, -36.740597], [-71.42094, -36.74404], [-71.425722, -36.744001], [-71.430368, -36.735187], [-71.436841, -36.732107], [-71.455339, -36.741902], [-71.460501, -36.759239], [-71.459589, -36.769879], [-71.452607, -36.770438], [-71.443394, -36.781168]]]}, "properties": {"name": "El Baul", "comuna": "Coihueco", "provincia": "Ñuble", "region": "Del Biobío", "sup_km2": "10.26455", "ivvp": "46.24", "n_bovino": "5", "ha_bov": "25.8", "r_zclima": "15-25 c", "zonaclima": "3"}}, {"type": "Feature", "geometry": {"type": "Polygon", "coordinates": [[[-70.395673, -31.067447], [-70.401233, -31.068929], [-70.407002, -31.077243], [-70.40095, -31.07845], [-70.39534, -31.084289], [-70.379295, -31.084633], [-70.384042, -31.078971], [-70.394358, -31.075977], [-70.395673, -31.067447]]]}, "properties": {"name": "Las Trancas", "comuna": "Monte Patria", "provincia": "Limarí", "region": "Coquimbo", "sup_km2": "2.07465", "ivvp": "0", "n_bovino": "0", "ha_bov": "0"}}, {"type": "Feature", "geometry": {"type": "Polygon", "coordinates": [[[-71.011413, -36.692958], [-71.007441, -36.68229], [-71.013324, -36.673081], [-71.016444, -36.674053], [-71.024535, -36.681401], [-71.030702, -36.68359], [-71.032263, -36.689544], [-71.040561, -36.692651], [-71.040258, -36.702817], [-71.030766, -36.701862], [-71.023073, -36.697583], [-71.014857, -36.697397], [-71.011413, -36.692958]]]}, "properties": {"name": "La Luisa", "comuna": "San Fabián", "provincia": "Ñuble", "region": "Del Biobío", "sup_km2": "5.29492", "ivvp": "53.15", "n_bovino": "0", "ha_bov": "0", "r_zclima": "> 25 c", "zonaclima": "2"}}, {"type": "Feature", "geometry": {"type": "Polygon", "coordinates": [[[-71.287573, -36.686645], [-71.295529, -36.684852], [-71.297999, -36.688747], [-71.302793, -36.716585], [-71.320094, -36.719142], [-71.333431, -36.715989], [-71.331193, -36.726933], [-71.333568, -36.731127], [-71.337441, -36.732331], [-71.33265, -36.743326], [-71.30458, -36.739664], [-71.295037, -36.741737], [-71.275493, -36.726822], [-71.264757, -36.726644], [-71.276077, -36.71363], [-71.279944, -36.712713], [-71.28422, -36.704551], [-71.284089, -36.700133], [-71.279087, -36.696439], [-71.281468, -36.687443], [-71.287573, -36.686645]]]}, "properties": {"name": "El Chacallan", "comuna": "Coihueco", "provincia": "Ñuble", "region": "Del Biobío", "sup_km2": "18.74062", "ivvp": "55.3", "n_bovino": "427", "ha_bov": "0.37", "r_zclima": "15-25 c", "zonaclima": "3"}}, {"type": "Feature", "geometry": {"type": "Polygon", "coordinates": [[[-71.127817, -36.690614], [-71.133309, -36.68805], [-71.132562, -36.679109], [-71.138257, -36.67432], [-71.149138, -36.683408], [-71.14613, -36.698888], [-71.150113, -36.703994], [-71.158929, -36.707827], [-71.164614, -36.716282], [-71.164162, -36.725641], [-71.166443, -36.72861], [-71.165319, -36.733457], [-71.168536, -36.747251], [-71.166495, -36.750844], [-71.148415, -36.754642], [-71.150456, -36.761424], [-71.146136, -36.763277], [-71.143662, -36.759662], [-71.125676, -36.759333], [-71.121339, -36.75689], [-71.118217, -36.750644], [-71.120897, -36.740331], [-71.111783, -36.727444], [-71.11407, -36.717424], [-71.112368, -36.713085], [-71.11662, -36.708513], [-71.116132, -36.704799], [-71.11979, -36.699044], [-71.116615, -36.692677], [-71.121285, -36.690208], [-71.127817, -36.690614]]]}, "properties": {"name": "Rabones", "comuna": "San Fabián", "provincia": "Ñuble", "region": "Del Biobío", "sup_km2": "31.19945", "ivvp": "51.8", "n_bovino": "0", "ha_bov": "0", "r_zclima": "15-25 c", "zonaclima": "3"}}, {"type": "Feature", "geometry": {"type": "Polygon", "coordinates": [[[-71.212929, -36.767375], [-71.197935, -36.761637], [-71.193104, -36.755571], [-71.192383, -36.749225], [-71.195576, -36.7416], [-71.192928, -36.739175], [-71.192773, -36.726393], [-71.190711, -36.724056], [-71.193783, -36.716599], [-71.192927, -36.7121], [-71.197973, -36.705346], [-71.202933, -36.702947], [-71.221464, -36.696978], [-71.229669, -36.696766], [-71.228136, -36.704177], [-71.215206, -36.711106], [-71.209927, -36.724836], [-71.211148, -36.73315], [-71.21496, -36.733548], [-71.219675, -36.749201], [-71.22529, -36.754243], [-71.23585, -36.752418], [-71.236959, -36.754213], [-71.224491, -36.76638], [-71.212929, -36.767375]]]}, "properties": {"name": "Quilantro", "comuna": "San Fabián", "provincia": "Ñuble", "region": "Del Biobío", "sup_km2": "16.52848", "ivvp": "58.62", "n_bovino": "70", "ha_bov": "2.36", "r_zclima": "15-25 c", "zonaclima": "3"}}, {"type": "Feature", "geometry": {"type": "Polygon", "coordinates": [[[-70.527161, -31.063557], [-70.536892, -31.059454], [-70.544177, -31.05994], [-70.52936, -31.068204], [-70.528113, -31.070488], [-70.531081, -31.076401], [-70.509421, -31.084126], [-70.500822, -31.085085], [-70.497945, -31.081244], [-70.482712, -31.080292], [-70.476548, -31.072367], [-70.490751, -31.063852], [-70.50055, -31.065457], [-70.50739, -31.06356], [-70.514659, -31.067381], [-70.527161, -31.063557]]]}, "properties": {"name": "Cuesta Palacios", "comuna": "Monte Patria", "provincia": "Limarí", "region": "Coquimbo", "sup_km2": "8.88758", "ivvp": "0", "n_bovino": "0", "ha_bov": "0"}}, {"type": "Feature", "geometry": {"type": "Polygon", "coordinates": [[[-71.161308, -36.752209], [-71.166824, -36.750856], [-71.176634, -36.764584], [-71.203687, -36.770102], [-71.213191, -36.767289], [-71.213603, -36.769684], [-71.202801, -36.780596], [-71.188117, -36.790105], [-71.185692, -36.79535], [-71.178121, -36.80069], [-71.175872, -36.806612], [-71.17112, -36.809529], [-71.163626, -36.808755], [-71.15908, -36.803691], [-71.152866, -36.805954], [-71.156162, -36.814348], [-71.162257, -36.819177], [-71.157522, -36.824788], [-71.151707, -36.825288], [-71.144563, -36.823593], [-71.142134, -36.817829], [-71.132311, -36.81351], [-71.133448, -36.807944], [-71.128263, -36.790866], [-71.129961, -36.777931], [-71.128469, -36.763225], [-71.125676, -36.759333], [-71.143662, -36.759662], [-71.146136, -36.763277], [-71.150456, -36.761424], [-71.148415, -36.754642], [-71.161308, -36.752209]]]}, "properties": {"name": "Chureo", "comuna": "San Fabián", "provincia": "Ñuble", "region": "Del Biobío", "sup_km2": "33.5739", "ivvp": "56.79", "n_bovino": "0", "ha_bov": "0", "r_zclima": "15-25 c", "zonaclima": "3"}}, {"type": "Feature", "geometry": {"type": "Polygon", "coordinates": [[[-71.355824, -36.679528], [-71.359143, -36.67729], [-71.36066, -36.680356], [-71.358324, -36.686229], [-71.361736, -36.69722], [-71.379201, -36.722171], [-71.381476, -36.732233], [-71.393156, -36.744292], [-71.399164, -36.744878], [-71.407393, -36.754107], [-71.407561, -36.77089], [-71.402153, -36.780751], [-71.402922, -36.795728], [-71.399294, -36.802673], [-71.379519, -36.797253], [-71.369516, -36.78479], [-71.360127, -36.77961], [-71.344886, -36.764283], [-71.340393, -36.764435], [-71.332696, -36.749706], [-71.333486, -36.739957], [-71.337441, -36.732331], [-71.333568, -36.731127], [-71.331193, -36.726933], [-71.333763, -36.717086], [-71.332719, -36.712023], [-71.340383, -36.704135], [-71.341948, -36.696994], [-71.349968, -36.691937], [-71.35062, -36.685376], [-71.355824, -36.679528]]]}, "properties": {"name": "Las Corrientes", "comuna": "Coihueco", "provincia": "Ñuble", "region": "Del Biobío", "sup_km2": "49.26189", "ivvp": "48.84", "n_bovino": "100", "ha_bov": "7", "r_zclima": "15-25 c", "zonaclima": "3"}}, {"type": "Feature", "geometry": {"type": "Polygon", "coordinates": [[[-71.23585, -36.752418], [-71.224071, -36.753747], [-71.217802, -36.745356], [-71.21496, -36.733548], [-71.211148, -36.73315], [-71.209927, -36.724836], [-71.215206, -36.711106], [-71.225728, -36.704294], [-71.233211, -36.71099], [-71.242051, -36.726209], [-71.241708, -36.729365], [-71.231482, -36.736434], [-71.229621, -36.742183], [-71.23585, -36.752418]]]}, "properties": {"name": "Las Bateas", "comuna": "San Fabián", "provincia": "Ñuble", "region": "Del Biobío", "sup_km2": "9.39119", "ivvp": "61.09", "n_bovino": "35", "ha_bov": "4.42", "r_zclima": "15-25 c", "zonaclima": "3"}}, {"type": "Feature", "geometry": {"type": "Polygon", "coordinates": [[[-71.223682, -36.822996], [-71.235637, -36.819342], [-71.232349, -36.80743], [-71.236194, -36.806651], [-71.252845, -36.812402], [-71.260384, -36.819613], [-71.263314, -36.828196], [-71.253969, -36.861112], [-71.265225, -36.880713], [-71.264798, -36.88347], [-71.248933, -36.878643], [-71.224802, -36.883378], [-71.199522, -36.899554], [-71.202247, -36.90488], [-71.218198, -36.917237], [-71.211657, -36.921369], [-71.204612, -36.922212], [-71.178035, -36.914379], [-71.182719, -36.924036], [-71.182306, -36.938581], [-71.173399, -36.938159], [-71.16425, -36.942819], [-71.148912, -36.939281], [-71.143673, -36.928729], [-71.144387, -36.91901], [-71.148882, -36.914503], [-71.150015, -36.900641], [-71.155744, -36.897094], [-71.177151, -36.893982], [-71.190436, -36.884869], [-71.193254, -36.880441], [-71.203302, -36.878556], [-71.193445, -36.871686], [-71.188406, -36.854988], [-71.176353, -36.846877], [-71.177706, -36.844276], [-71.180165, -36.841557], [-71.201259, -36.837059], [-71.201155, -36.832523], [-71.210481, -36.824306], [-71.223682, -36.822996]]]}, "properties": {"name": "Valle Hermoso (R Ñuble)", "comuna": "San Fabián", "provincia": "Ñuble", "region": "Del Biobío", "sup_km2": "66.98603", "ivvp": "56.63", "n_bovino": "0", "ha_bov": "0", "r_zclima": "15-25 c", "zonaclima": "3"}}, {"type": "Feature", "geometry": {"type": "Polygon", "coordinates": [[[-71.2137, -37.780671], [-71.224415, -37.770385], [-71.227513, -37.760495], [-71.239487, -37.763692], [-71.252506, -37.762728], [-71.251151, -37.766007], [-71.253484, -37.774676], [-71.24872, -37.779971], [-71.246279, -37.794905], [-71.234556, -37.802238], [-71.225171, -37.802776], [-71.222196, -37.79912], [-71.220849, -37.788426], [-71.2137, -37.780671]]]}, "properties": {"name": "La Engorda", "comuna": "Santa Bárbara", "provincia": "Biobío", "region": "Del Biobío", "sup_km2": "10.61589", "ivvp": "58.1", "n_bovino": "139", "ha_bov": "0.42", "r_zclima": "0-15 c", "zonaclima": "1"}}, {"type": "Feature", "geometry": {"type": "Polygon", "coordinates": [[[-71.279157, -36.77671], [-71.27436, -36.746257], [-71.275813, -36.734031], [-71.273921, -36.729597], [-71.264757, -36.726644], [-71.275493, -36.726822], [-71.295037, -36.741737], [-71.30458, -36.739664], [-71.333134, -36.742614], [-71.332696, -36.749706], [-71.338211, -36.758142], [-71.319821, -36.767938], [-71.313411, -36.777522], [-71.332613, -36.787173], [-71.353081, -36.793421], [-71.368513, -36.803588], [-71.370932, -36.809141], [-71.390837, -36.81542], [-71.405811, -36.824586], [-71.410365, -36.828657], [-71.403392, -36.836653], [-71.40377, -36.843098], [-71.398785, -36.850071], [-71.390683, -36.853285], [-71.385296, -36.862077], [-71.379132, -36.86709], [-71.372694, -36.858215], [-71.371748, -36.8428], [-71.354331, -36.827307], [-71.353918, -36.823282], [-71.347522, -36.81604], [-71.340169, -36.812229], [-71.316939, -36.811332], [-71.301553, -36.800834], [-71.298216, -36.792823], [-71.286666, -36.788665], [-71.279157, -36.77671]]]}, "properties": {"name": "El Gato", "comuna": "Coihueco", "provincia": "Ñuble", "region": "Del Biobío", "sup_km2": "55.9247", "ivvp": "52.88", "n_bovino": "0", "ha_bov": "0", "r_zclima": "15-25 c", "zonaclima": "3"}}, {"type": "Feature", "geometry": {"type": "Polygon", "coordinates": [[[-70.542474, -31.088897], [-70.546159, -31.085664], [-70.547666, -31.08869], [-70.557767, -31.090779], [-70.563596, -31.095544], [-70.552186, -31.111036], [-70.532384, -31.119965], [-70.536958, -31.111011], [-70.53907, -31.092929], [-70.542474, -31.088897]]]}, "properties": {"name": "El Maitén", "comuna": "Monte Patria", "provincia": "Limarí", "region": "Coquimbo", "sup_km2": "5.34535", "ivvp": "0", "n_bovino": "0", "ha_bov": "0"}}, {"type": "Feature", "geometry": {"type": "Polygon", "coordinates": [[[-71.241956, -36.728401], [-71.264757, -36.726644], [-71.273921, -36.729597], [-71.275813, -36.734031], [-71.27436, -36.746257], [-71.279157, -36.77671], [-71.260316, -36.774185], [-71.263109, -36.77739], [-71.263505, -36.785116], [-71.260838, -36.791953], [-71.266361, -36.801888], [-71.266549, -36.808261], [-71.273044, -36.817619], [-71.25974, -36.815601], [-71.239889, -36.806712], [-71.232349, -36.80743], [-71.228104, -36.797961], [-71.229204, -36.785169], [-71.218085, -36.771777], [-71.218561, -36.768104], [-71.226055, -36.765512], [-71.236959, -36.754213], [-71.229621, -36.742183], [-71.231482, -36.736434], [-71.241956, -36.728401]]]}, "properties": {"name": "El Roble Huacho", "comuna": "San Fabián", "provincia": "Ñuble", "region": "Del Biobío", "sup_km2": "34.27227", "ivvp": "58.86", "n_bovino": "231", "ha_bov": "3.43", "r_zclima": "15-25 c", "zonaclima": "3"}}, {"type": "Feature", "geometry": {"type": "Polygon", "coordinates": [[[-71.405811, -36.824586], [-71.390837, -36.81542], [-71.370932, -36.809141], [-71.368513, -36.803588], [-71.353081, -36.793421], [-71.316919, -36.780568], [-71.313513, -36.775118], [-71.319821, -36.767938], [-71.338211, -36.758142], [-71.340393, -36.764435], [-71.344886, -36.764283], [-71.360127, -36.77961], [-71.369516, -36.78479], [-71.379519, -36.797253], [-71.399648, -36.802702], [-71.407034, -36.814746], [-71.405811, -36.824586]]]}, "properties": {"name": "Cajon Nuevo", "comuna": "Coihueco", "provincia": "Ñuble", "region": "Del Biobío", "sup_km2": "17.52538", "ivvp": "53.37", "n_bovino": "0", "ha_bov": "0", "r_zclima": "15-25 c", "zonaclima": "3"}}, {"type": "Feature", "geometry": {"type": "Polygon", "coordinates": [[[-71.418982, -37.025091], [-71.423383, -37.024393], [-71.427004, -37.017938], [-71.427955, -37.00933], [-71.431641, -37.00496], [-71.445138, -37.001177], [-71.454008, -37.012836], [-71.452768, -37.017683], [-71.446656, -37.02213], [-71.446714, -37.032935], [-71.442009, -37.039282], [-71.431233, -37.042437], [-71.427778, -37.05512], [-71.418498, -37.068895], [-71.397112, -37.073254], [-71.386119, -37.056592], [-71.390335, -37.043128], [-71.384538, -37.031385], [-71.386144, -37.023552], [-71.418982, -37.025091]]]}, "properties": {"name": "Los Peucos", "comuna": "Pinto", "provincia": "Ñuble", "region": "Del Biobío", "sup_km2": "25.14255", "ivvp": "56.32", "n_bovino": "0", "ha_bov": "0", "r_zclima": "15-25 c", "zonaclima": "3"}}, {"type": "Feature", "geometry": {"type": "Polygon", "coordinates": [[[-71.213458, -36.768073], [-71.218561, -36.768104], [-71.218085, -36.771777], [-71.229204, -36.785169], [-71.228104, -36.797961], [-71.235637, -36.819342], [-71.210481, -36.824306], [-71.201155, -36.832523], [-71.201259, -36.837059], [-71.179893, -36.841729], [-71.169334, -36.829746], [-71.166751, -36.821176], [-71.156162, -36.814348], [-71.152866, -36.805954], [-71.15908, -36.803691], [-71.167304, -36.810049], [-71.175872, -36.806612], [-71.178121, -36.80069], [-71.185692, -36.79535], [-71.188117, -36.790105], [-71.202801, -36.780596], [-71.213046, -36.771456], [-71.213458, -36.768073]]]}, "properties": {"name": "Lon (Leon)", "comuna": "San Fabián", "provincia": "Ñuble", "region": "Del Biobío", "sup_km2": "29.67869", "ivvp": "53.08", "n_bovino": "0", "ha_bov": "0", "r_zclima": "15-25 c", "zonaclima": "3"}}, {"type": "Feature", "geometry": {"type": "Polygon", "coordinates": [[[-71.29052, -36.82448], [-71.316939, -36.811332], [-71.344256, -36.813388], [-71.353918, -36.823282], [-71.354331, -36.827307], [-71.371748, -36.8428], [-71.372694, -36.858215], [-71.379132, -36.86709], [-71.3725, -36.874126], [-71.368441, -36.875131], [-71.356311, -36.863903], [-71.340835, -36.860631], [-71.31696, -36.84763], [-71.303534, -36.845327], [-71.292297, -36.83586], [-71.284369, -36.834724], [-71.281883, -36.831437], [-71.29052, -36.82448]]]}, "properties": {"name": "Lagunillas", "comuna": "Coihueco", "provincia": "Ñuble", "region": "Del Biobío", "sup_km2": "29.84327", "ivvp": "53.27", "n_bovino": "317", "ha_bov": "1.1", "r_zclima": "15-25 c", "zonaclima": "3"}}, {"type": "Feature", "geometry": {"type": "Polygon", "coordinates": [[[-71.254813, -36.813784], [-71.273044, -36.817619], [-71.282725, -36.824373], [-71.29052, -36.82448], [-71.281883, -36.831437], [-71.284369, -36.834724], [-71.292297, -36.83586], [-71.303534, -36.845327], [-71.31696, -36.84763], [-71.340835, -36.860631], [-71.356311, -36.863903], [-71.366767, -36.87328], [-71.368441, -36.875131], [-71.361408, -36.87925], [-71.360667, -36.884091], [-71.354546, -36.891391], [-71.35047, -36.894603], [-71.340139, -36.896821], [-71.33932, -36.900587], [-71.344937, -36.907389], [-71.344473, -36.911503], [-71.334266, -36.913835], [-71.329501, -36.920616], [-71.296804, -36.923655], [-71.288696, -36.920022], [-71.296245, -36.908894], [-71.295737, -36.895128], [-71.301591, -36.889094], [-71.304003, -36.88012], [-71.301787, -36.868505], [-71.299583, -36.862086], [-71.276762, -36.846555], [-71.269763, -36.834463], [-71.262003, -36.832137], [-71.263002, -36.825066], [-71.254813, -36.813784]]]}, "properties": {"name": "Las Minas", "comuna": "Coihueco", "provincia": "Ñuble", "region": "Del Biobío", "sup_km2": "43.46349", "ivvp": "53.4", "n_bovino": "128", "ha_bov": "2.06", "r_zclima": "15-25 c", "zonaclima": "3"}}, {"type": "Feature", "geometry": {"type": "Polygon", "coordinates": [[[-71.264798, -36.88347], [-71.265225, -36.880713], [-71.253969, -36.861112], [-71.257304, -36.854046], [-71.261288, -36.830754], [-71.269763, -36.834463], [-71.276762, -36.846555], [-71.299583, -36.862086], [-71.303966, -36.878891], [-71.301591, -36.889094], [-71.295737, -36.895128], [-71.296245, -36.908894], [-71.288696, -36.920022], [-71.279984, -36.914138], [-71.271658, -36.913725], [-71.276808, -36.904181], [-71.272428, -36.892891], [-71.266134, -36.888361], [-71.264798, -36.88347]]]}, "properties": {"name": "Urrutia", "comuna": "Coihueco", "provincia": "Ñuble", "region": "Del Biobío", "sup_km2": "23.5848", "ivvp": "53.76", "n_bovino": "101", "ha_bov": "4.84", "r_zclima": "15-25 c", "zonaclima": "3"}}, {"type": "Feature", "geometry": {"type": "Polygon", "coordinates": [[[-71.368441, -36.875131], [-71.372833, -36.874372], [-71.381956, -36.889488], [-71.38526, -36.891296], [-71.38339, -36.893812], [-71.386242, -36.898031], [-71.384839, -36.906161], [-71.404666, -36.922948], [-71.411296, -36.92307], [-71.422995, -36.928911], [-71.44917, -36.925458], [-71.459543, -36.926321], [-71.459456, -36.934452], [-71.442458, -36.954125], [-71.444215, -36.965345], [-71.437663, -36.976588], [-71.423162, -36.977394], [-71.409254, -36.966763], [-71.401561, -36.966761], [-71.386619, -36.971772], [-71.373573, -36.968212], [-71.368212, -36.959676], [-71.358119, -36.953551], [-71.356723, -36.944971], [-71.352935, -36.942888], [-71.350722, -36.933442], [-71.33083, -36.919117], [-71.334266, -36.913835], [-71.345286, -36.910117], [-71.33932, -36.900587], [-71.340944, -36.895778], [-71.35047, -36.894603], [-71.360667, -36.884091], [-71.361408, -36.87925], [-71.368441, -36.875131]]]}, "properties": {"name": "Coihueria", "comuna": "Pinto", "provincia": "Ñuble", "region": "Del Biobío", "sup_km2": "61.05267", "ivvp": "52.67", "n_bovino": "0", "ha_bov": "0", "r_zclima": "15-25 c", "zonaclima": "3"}}, {"type": "Feature", "geometry": {"type": "Polygon", "coordinates": [[[-71.205297, -36.89494], [-71.227614, -36.882073], [-71.253268, -36.879151], [-71.264798, -36.88347], [-71.266134, -36.888361], [-71.272428, -36.892891], [-71.276892, -36.906982], [-71.271658, -36.913725], [-71.260187, -36.915845], [-71.248519, -36.902133], [-71.223754, -36.901122], [-71.205297, -36.89494]]]}, "properties": {"name": "El Feo", "comuna": "Coihueco", "provincia": "Ñuble", "region": "Del Biobío", "sup_km2": "13.71915", "ivvp": "53.76", "n_bovino": "0", "ha_bov": "0", "r_zclima": "15-25 c", "zonaclima": "3"}}, {"type": "Feature", "geometry": {"type": "Polygon", "coordinates": [[[-71.260187, -36.915845], [-71.279984, -36.914138], [-71.296804, -36.923655], [-71.325477, -36.920695], [-71.318147, -36.933776], [-71.318826, -36.940319], [-71.336988, -36.965275], [-71.317851, -36.973171], [-71.319159, -36.981829], [-71.322014, -36.983584], [-71.320484, -36.98803], [-71.303325, -36.989703], [-71.294578, -37.005428], [-71.303462, -37.032419], [-71.308023, -37.035963], [-71.311338, -37.044316], [-71.318293, -37.045455], [-71.319445, -37.049322], [-71.303411, -37.054059], [-71.298549, -37.03981], [-71.290848, -37.036751], [-71.295655, -37.031183], [-71.288003, -37.019993], [-71.285717, -37.012061], [-71.271641, -37.010921], [-71.26683, -37.015204], [-71.254484, -37.006084], [-71.253318, -36.99736], [-71.264041, -36.997088], [-71.276804, -36.987921], [-71.286885, -36.987471], [-71.268162, -36.980624], [-71.261827, -36.962576], [-71.250145, -36.962541], [-71.246544, -36.967071], [-71.231268, -36.971825], [-71.225598, -36.978754], [-71.221372, -36.978966], [-71.220472, -36.974465], [-71.217876, -36.973065], [-71.217955, -36.969659], [-71.244506, -36.955388], [-71.253745, -36.947692], [-71.264578, -36.95621], [-71.274161, -36.955198], [-71.275429, -36.969193], [-71.285113, -36.972075], [-71.292699, -36.983916], [-71.296227, -36.984929], [-71.299697, -36.982694], [-71.301015, -36.978974], [-71.296323, -36.97358], [-71.296567, -36.963184], [-71.286829, -36.952404], [-71.280032, -36.934938], [-71.257589, -36.934037], [-71.25492, -36.93069], [-71.256385, -36.919928], [-71.260187, -36.915845]]]}, "properties": {"name": "Las Aguilas", "comuna": "Pinto", "provincia": "Ñuble", "region": "Del Biobío", "sup_km2": "51.06967", "ivvp": "53.57", "n_bovino": "263", "ha_bov": "0", "r_zclima": "15-25 c", "zonaclima": "3"}}, {"type": "Feature", "geometry": {"type": "Polygon", "coordinates": [[[-71.228241, -37.117456], [-71.245452, -37.111823], [-71.250043, -37.113191], [-71.250746, -37.121114], [-71.246176, -37.125206], [-71.227107, -37.127279], [-71.221754, -37.124247], [-71.228241, -37.117456]]]}, "properties": {"name": "Pacos", "comuna": "Antuco", "provincia": "Biobío", "region": "Del Biobío", "sup_km2": "2.97234", "ivvp": "63.18", "n_bovino": "0", "ha_bov": "0", "r_zclima": "15-25 c", "zonaclima": "3"}}, {"type": "Feature", "geometry": {"type": "Polygon", "coordinates": [[[-71.166033, -36.858611], [-71.176656, -36.847002], [-71.188406, -36.854988], [-71.193445, -36.871686], [-71.203302, -36.878556], [-71.193254, -36.880441], [-71.190436, -36.884869], [-71.177151, -36.893982], [-71.155744, -36.897094], [-71.150015, -36.900641], [-71.140705, -36.896166], [-71.13005, -36.873068], [-71.120568, -36.868245], [-71.124092, -36.859699], [-71.138719, -36.852807], [-71.162714, -36.860778], [-71.166033, -36.858611]]]}, "properties": {"name": "Los Tabanos (Ñuble)", "comuna": "San Fabián", "provincia": "Ñuble", "region": "Del Biobío", "sup_km2": "24.69878", "ivvp": "52.93", "n_bovino": "0", "ha_bov": "0", "r_zclima": "15-25 c", "zonaclima": "3"}}, {"type": "Feature", "geometry": {"type": "Polygon", "coordinates": [[[-71.218198, -36.917237], [-71.199782, -36.90114], [-71.205297, -36.89494], [-71.223754, -36.901122], [-71.248519, -36.902133], [-71.260187, -36.915845], [-71.256229, -36.921076], [-71.218198, -36.917237]]]}, "properties": {"name": "El Chico", "comuna": "Coihueco", "provincia": "Ñuble", "region": "Del Biobío", "sup_km2": "8.56071", "ivvp": "52.85", "n_bovino": "49", "ha_bov": "5.94", "r_zclima": "15-25 c", "zonaclima": "3"}}, {"type": "Feature", "geometry": {"type": "Polygon", "coordinates": [[[-71.182306, -36.938581], [-71.182719, -36.924036], [-71.178035, -36.914379], [-71.204612, -36.922212], [-71.221246, -36.916815], [-71.256229, -36.921076], [-71.25492, -36.93069], [-71.257448, -36.933323], [-71.257671, -36.940831], [-71.25539, -36.946598], [-71.244506, -36.955388], [-71.21618, -36.970715], [-71.207695, -36.9678], [-71.199295, -36.957551], [-71.1987, -36.95224], [-71.192261, -36.94349], [-71.186947, -36.943115], [-71.182306, -36.938581]]]}, "properties": {"name": "Las Aguilas", "comuna": "Coihueco", "provincia": "Ñuble", "region": "Del Biobío", "sup_km2": "27.97794", "ivvp": "55.56", "n_bovino": "15", "ha_bov": "0", "r_zclima": "15-25 c", "zonaclima": "3"}}, {"type": "Feature", "geometry": {"type": "Polygon", "coordinates": [[[-71.325477, -36.920695], [-71.332318, -36.919376], [-71.349032, -36.931623], [-71.352935, -36.942888], [-71.356723, -36.944971], [-71.358119, -36.953551], [-71.368212, -36.959676], [-71.373573, -36.968212], [-71.368418, -36.974065], [-71.365758, -36.987546], [-71.372205, -37.010836], [-71.38611, -37.023175], [-71.385751, -37.036299], [-71.376713, -37.052126], [-71.365181, -37.048661], [-71.361085, -37.050338], [-71.359675, -37.05617], [-71.361863, -37.06317], [-71.368005, -37.069018], [-71.35799, -37.067681], [-71.345256, -37.052847], [-71.337086, -37.050156], [-71.33055, -37.030025], [-71.318435, -37.019344], [-71.316259, -37.011054], [-71.318517, -37.006224], [-71.318178, -36.99346], [-71.322014, -36.983584], [-71.319159, -36.981829], [-71.317851, -36.973171], [-71.336988, -36.965275], [-71.318826, -36.940319], [-71.318147, -36.933776], [-71.325477, -36.920695]]]}, "properties": {"name": "Las Perdices", "comuna": "Pinto", "provincia": "Ñuble", "region": "Del Biobío", "sup_km2": "57.81081", "ivvp": "52.86", "n_bovino": "0", "ha_bov": "0", "r_zclima": "15-25 c", "zonaclima": "3"}}, {"type": "Feature", "geometry": {"type": "Polygon", "coordinates": [[[-71.154169, -36.940979], [-71.16425, -36.942819], [-71.173399, -36.938159], [-71.182306, -36.938581], [-71.186947, -36.943115], [-71.192261, -36.94349], [-71.20313, -36.962801], [-71.212635, -36.97043], [-71.217962, -36.969884], [-71.217876, -36.973065], [-71.198112, -36.971669], [-71.180832, -36.967353], [-71.173261, -36.971059], [-71.158681, -36.959477], [-71.154176, -36.95128], [-71.155967, -36.946872], [-71.154169, -36.940979]]]}, "properties": {"name": "Renegado", "comuna": "Coihueco", "provincia": "Ñuble", "region": "Del Biobío", "sup_km2": "11.84709", "ivvp": "50.71", "n_bovino": "0", "ha_bov": "0", "r_zclima": "15-25 c", "zonaclima": "3"}}, {"type": "Feature", "geometry": {"type": "Polygon", "coordinates": [[[-71.283937, -37.828807], [-71.292857, -37.826376], [-71.295429, -37.817702], [-71.301148, -37.813729], [-71.317644, -37.811779], [-71.326909, -37.815278], [-71.318924, -37.822951], [-71.312231, -37.824912], [-71.305596, -37.834058], [-71.294668, -37.840313], [-71.277949, -37.843017], [-71.273246, -37.840535], [-71.273556, -37.835803], [-71.283937, -37.828807]]]}, "properties": {"name": "Liay", "comuna": "Santa Bárbara", "provincia": "Biobío", "region": "Del Biobío", "sup_km2": "7.28141", "ivvp": "56.63", "n_bovino": "0", "ha_bov": "0", "r_zclima": "0-15 c", "zonaclima": "1"}}, {"type": "Feature", "geometry": {"type": "Polygon", "coordinates": [[[-71.445047, -36.992833], [-71.452894, -36.98926], [-71.480308, -36.995274], [-71.495293, -36.995482], [-71.504387, -36.992123], [-71.507899, -36.998438], [-71.518392, -37.000527], [-71.526213, -36.996148], [-71.55019, -37.007112], [-71.553648, -37.015964], [-71.548897, -37.023267], [-71.548571, -37.032741], [-71.540889, -37.040741], [-71.540985, -37.048188], [-71.545308, -37.057936], [-71.544287, -37.061563], [-71.528176, -37.068022], [-71.520406, -37.065678], [-71.515503, -37.06566], [-71.512512, -37.068323], [-71.508846, -37.06558], [-71.492315, -37.065929], [-71.481459, -37.069626], [-71.475448, -37.074957], [-71.460513, -37.081707], [-71.445317, -37.080412], [-71.437559, -37.088485], [-71.423849, -37.086058], [-71.417254, -37.087801], [-71.414274, -37.091332], [-71.409293, -37.09032], [-71.407627, -37.08168], [-71.409182, -37.077065], [-71.418095, -37.07044], [-71.427778, -37.05512], [-71.431233, -37.042437], [-71.442009, -37.039282], [-71.446076, -37.034029], [-71.446656, -37.02213], [-71.45406, -37.015962], [-71.452873, -37.010466], [-71.44861, -37.007918], [-71.445281, -37.001751], [-71.445047, -36.992833]]]}, "properties": {"name": "Valle Hermoso (R Blanquillo)", "comuna": "Antuco", "provincia": "Biobío", "region": "Del Biobío", "sup_km2": "85.48644", "ivvp": "57.79", "n_bovino": "203", "ha_bov": "10.3", "r_zclima": "15-25 c", "zonaclima": "3"}}, {"type": "Feature", "geometry": {"type": "Polygon", "coordinates": [[[-71.079656, -37.965771], [-71.091985, -37.964372], [-71.088001, -37.973283], [-71.079497, -37.979413], [-71.078026, -37.975938], [-71.081366, -37.971472], [-71.079656, -37.965771]]]}, "properties": {"name": "Corralito (H)", "comuna": "Santa Bárbara", "provincia": "Biobío", "region": "Del Biobío", "sup_km2": "0.9649", "ivvp": "62.42", "n_bovino": "0", "ha_bov": "0", "r_zclima": "0-15 c", "zonaclima": "1"}}, {"type": "Feature", "geometry": {"type": "Polygon", "coordinates": [[[-71.095764, -36.924365], [-71.105078, -36.928473], [-71.113106, -36.924281], [-71.121353, -36.931244], [-71.127847, -36.927768], [-71.134692, -36.92991], [-71.143673, -36.928729], [-71.148912, -36.939281], [-71.155504, -36.942951], [-71.154176, -36.95128], [-71.160675, -36.962279], [-71.173429, -36.969608], [-71.169729, -36.976539], [-71.159607, -36.979396], [-71.141547, -36.97931], [-71.132863, -36.977212], [-71.125027, -36.970006], [-71.103288, -36.967992], [-71.097028, -36.949346], [-71.088127, -36.938698], [-71.088214, -36.928048], [-71.095764, -36.924365]]]}, "properties": {"name": "Nacimiento Del Rio Ñuble", "comuna": "San Fabián", "provincia": "Ñuble", "region": "Del Biobío", "sup_km2": "28.64671", "ivvp": "55.98", "n_bovino": "0", "ha_bov": "0", "r_zclima": "15-25 c", "zonaclima": "3"}}, {"type": "Feature", "geometry": {"type": "Polygon", "coordinates": [[[-71.38601, -36.971784], [-71.401561, -36.966761], [-71.409254, -36.966763], [-71.423162, -36.977394], [-71.431769, -36.977948], [-71.436183, -36.975383], [-71.438798, -36.987032], [-71.445387, -36.993029], [-71.445138, -37.001177], [-71.437522, -37.002262], [-71.430158, -37.006459], [-71.423383, -37.024393], [-71.419587, -37.025331], [-71.408264, -37.020978], [-71.399445, -37.007824], [-71.401352, -37.002959], [-71.393923, -36.996161], [-71.39369, -36.982588], [-71.38601, -36.971784]]]}, "properties": {"name": "Los Barros (R Los Peucos)", "comuna": "Pinto", "provincia": "Ñuble", "region": "Del Biobío", "sup_km2": "19.34035", "ivvp": "50.06", "n_bovino": "0", "ha_bov": "0", "r_zclima": "15-25 c", "zonaclima": "3"}}, {"type": "Feature", "geometry": {"type": "Polygon", "coordinates": [[[-71.437663, -36.976588], [-71.444215, -36.965345], [-71.442458, -36.954125], [-71.459456, -36.934452], [-71.459543, -36.926321], [-71.469436, -36.927612], [-71.476408, -36.929517], [-71.477077, -36.937947], [-71.485779, -36.941226], [-71.48814, -36.949301], [-71.493508, -36.953284], [-71.502175, -36.967409], [-71.515589, -36.97219], [-71.51938, -36.977733], [-71.532579, -36.980061], [-71.540587, -36.9954], [-71.538003, -37.000321], [-71.526213, -36.996148], [-71.518392, -37.000527], [-71.507899, -36.998438], [-71.504387, -36.992123], [-71.495293, -36.995482], [-71.480308, -36.995274], [-71.452894, -36.98926], [-71.445047, -36.992833], [-71.438798, -36.987032], [-71.437663, -36.976588]]]}, "properties": {"name": "San Jose de Trumao", "comuna": "Pinto", "provincia": "Ñuble", "region": "Del Biobío", "sup_km2": "38.8863", "ivvp": "55.25", "n_bovino": "0", "ha_bov": "0", "r_zclima": "15-25 c", "zonaclima": "3"}}, {"type": "Feature", "geometry": {"type": "Polygon", "coordinates": [[[-71.19588, -37.059799], [-71.196137, -37.042517], [-71.192888, -37.030041], [-71.194416, -37.020454], [-71.20223, -37.006885], [-71.214966, -37.007649], [-71.218356, -37.010163], [-71.214929, -37.031465], [-71.211866, -37.044072], [-71.206618, -37.045161], [-71.204628, -37.058627], [-71.204972, -37.06228], [-71.20994, -37.061957], [-71.213749, -37.083507], [-71.208543, -37.084578], [-71.208832, -37.093031], [-71.200655, -37.084351], [-71.195854, -37.07262], [-71.19588, -37.059799]]]}, "properties": {"name": "Calabacillos", "comuna": "Pinto", "provincia": "Ñuble", "region": "Del Biobío", "sup_km2": "12.25672", "ivvp": "50.04", "n_bovino": "0", "ha_bov": "0", "r_zclima": "15-25 c", "zonaclima": "3"}}, {"type": "Feature", "geometry": {"type": "Polygon", "coordinates": [[[-71.143328, -37.033288], [-71.148743, -37.023904], [-71.155006, -37.018892], [-71.153115, -37.026159], [-71.157189, -37.03211], [-71.166704, -37.033618], [-71.170284, -37.02362], [-71.177563, -37.025235], [-71.178182, -37.036503], [-71.18201, -37.045572], [-71.186522, -37.047395], [-71.185034, -37.040433], [-71.189085, -37.043454], [-71.18856, -37.049344], [-71.19588, -37.059799], [-71.196429, -37.075092], [-71.200655, -37.084351], [-71.208944, -37.093389], [-71.195067, -37.092155], [-71.187382, -37.087025], [-71.176599, -37.076674], [-71.173563, -37.06427], [-71.169162, -37.056785], [-71.159054, -37.049728], [-71.156518, -37.045213], [-71.142971, -37.040286], [-71.143328, -37.033288]]]}, "properties": {"name": "Mallines del Sol", "comuna": "Pinto", "provincia": "Ñuble", "region": "Del Biobío", "sup_km2": "16.30082", "ivvp": "53.61", "n_bovino": "0", "ha_bov": "0", "r_zclima": "15-25 c", "zonaclima": "3"}}, {"type": "Feature", "geometry": {"type": "Polygon", "coordinates": [[[-71.221087, -37.085641], [-71.226408, -37.071171], [-71.233295, -37.064967], [-71.233492, -37.052026], [-71.238079, -37.03583], [-71.244486, -37.02721], [-71.239046, -37.012496], [-71.245703, -37.010982], [-71.24785, -37.017196], [-71.25161, -37.019302], [-71.254606, -37.017068], [-71.253302, -37.012041], [-71.257553, -37.011221], [-71.263031, -37.022559], [-71.258275, -37.025844], [-71.262011, -37.031009], [-71.25597, -37.031913], [-71.255444, -37.037574], [-71.264778, -37.04206], [-71.266115, -37.048879], [-71.252174, -37.051988], [-71.238141, -37.064529], [-71.228624, -37.083598], [-71.228973, -37.086088], [-71.235811, -37.086883], [-71.229725, -37.098187], [-71.224534, -37.095919], [-71.223695, -37.087841], [-71.221087, -37.085641]]]}, "properties": {"name": "Quemazones", "comuna": "Pinto", "provincia": "Ñuble", "region": "Del Biobío", "sup_km2": "11.91121", "ivvp": "53.31", "n_bovino": "0", "ha_bov": "0", "r_zclima": "15-25 c", "zonaclima": "3"}}, {"type": "Feature", "geometry": {"type": "Polygon", "coordinates": [[[-71.26598, -37.039419], [-71.264134, -37.029459], [-71.268138, -37.016643], [-71.276385, -37.024232], [-71.278495, -37.030171], [-71.287039, -37.04006], [-71.303411, -37.054059], [-71.290539, -37.054804], [-71.275588, -37.043281], [-71.26598, -37.039419]]]}, "properties": {"name": "El Jardin", "comuna": "Pinto", "provincia": "Ñuble", "region": "Del Biobío", "sup_km2": "5.17307", "ivvp": "50.28", "n_bovino": "0", "ha_bov": "0", "r_zclima": "15-25 c", "zonaclima": "3"}}, {"type": "Feature", "geometry": {"type": "Polygon", "coordinates": [[[-71.142697, -37.059148], [-71.1384, -37.053139], [-71.142357, -37.038445], [-71.156518, -37.045213], [-71.159054, -37.049728], [-71.169162, -37.056785], [-71.173563, -37.06427], [-71.176599, -37.076674], [-71.192837, -37.091318], [-71.192464, -37.097899], [-71.168174, -37.092448], [-71.156563, -37.07819], [-71.146422, -37.071912], [-71.147244, -37.068107], [-71.142697, -37.059148]]]}, "properties": {"name": "Meseta Sentada", "comuna": "Pinto", "provincia": "Ñuble", "region": "Del Biobío", "sup_km2": "12.97714", "ivvp": "49.45", "n_bovino": "0", "ha_bov": "0", "r_zclima": "15-25 c", "zonaclima": "3"}}, {"type": "Feature", "geometry": {"type": "Polygon", "coordinates": [[[-71.264778, -37.04206], [-71.26598, -37.039419], [-71.275588, -37.043281], [-71.284531, -37.050855], [-71.284357, -37.057695], [-71.295408, -37.072217], [-71.297981, -37.072072], [-71.297069, -37.08112], [-71.285024, -37.077068], [-71.280286, -37.064077], [-71.267883, -37.057186], [-71.264778, -37.04206]]]}, "properties": {"name": "Laguna del Lobo", "comuna": "Pinto", "provincia": "Ñuble", "region": "Del Biobío", "sup_km2": "5.0905", "ivvp": "55.39", "n_bovino": "0", "ha_bov": "0", "r_zclima": "15-25 c", "zonaclima": "3"}}, {"type": "Feature", "geometry": {"type": "Polygon", "coordinates": [[[-71.20994, -37.061957], [-71.204972, -37.06228], [-71.205526, -37.050179], [-71.206618, -37.045161], [-71.211866, -37.044072], [-71.20994, -37.061957]]]}, "properties": {"name": "El Huemul", "comuna": "Pinto", "provincia": "Ñuble", "region": "Del Biobío", "sup_km2": "0.9813", "ivvp": "51.51", "n_bovino": "0", "ha_bov": "0", "r_zclima": "15-25 c", "zonaclima": "3"}}, {"type": "Feature", "geometry": {"type": "Polygon", "coordinates": [[[-71.368005, -37.069018], [-71.362927, -37.065771], [-71.359675, -37.05617], [-71.361085, -37.050338], [-71.365181, -37.048661], [-71.376713, -37.052126], [-71.368005, -37.069018]]]}, "properties": {"name": "Chapa Verde", "comuna": "Pinto", "provincia": "Ñuble", "region": "Del Biobío", "sup_km2": "2.10539", "ivvp": "49.28", "n_bovino": "0", "ha_bov": "0", "r_zclima": "15-25 c", "zonaclima": "3"}}, {"type": "Feature", "geometry": {"type": "Polygon", "coordinates": [[[-71.297069, -37.08112], [-71.297981, -37.072072], [-71.295408, -37.072217], [-71.284357, -37.057695], [-71.284531, -37.050855], [-71.292754, -37.05523], [-71.313732, -37.05078], [-71.310232, -37.055048], [-71.311236, -37.056687], [-71.325581, -37.065333], [-71.362147, -37.071956], [-71.354718, -37.075929], [-71.333138, -37.076878], [-71.322371, -37.081172], [-71.319045, -37.087551], [-71.303234, -37.101792], [-71.29635, -37.092661], [-71.295147, -37.086835], [-71.297069, -37.08112]]]}, "properties": {"name": "Las Chiguas", "comuna": "Antuco", "provincia": "Biobío", "region": "Del Biobío", "sup_km2": "13.79319", "ivvp": "50.05", "n_bovino": "0", "ha_bov": "0", "r_zclima": "15-25 c", "zonaclima": "3"}}, {"type": "Feature", "geometry": {"type": "Polygon", "coordinates": [[[-71.168682, -37.102424], [-71.147492, -37.10436], [-71.150977, -37.10176], [-71.151384, -37.096498], [-71.149, -37.0908], [-71.140309, -37.082098], [-71.140972, -37.078035], [-71.146422, -37.071912], [-71.156563, -37.07819], [-71.168174, -37.092448], [-71.179446, -37.098897], [-71.168682, -37.102424]]]}, "properties": {"name": "Lagunillas", "comuna": "Pinto", "provincia": "Ñuble", "region": "Del Biobío", "sup_km2": "5.6644", "ivvp": "46", "n_bovino": "0", "ha_bov": "0", "r_zclima": "15-25 c", "zonaclima": "3"}}, {"type": "Feature", "geometry": {"type": "Polygon", "coordinates": [[[-71.437559, -37.088485], [-71.445317, -37.080412], [-71.460513, -37.081707], [-71.487867, -37.067014], [-71.508846, -37.06558], [-71.512512, -37.068323], [-71.511658, -37.075375], [-71.514182, -37.08446], [-71.505018, -37.087006], [-71.493688, -37.100934], [-71.481708, -37.1063], [-71.481444, -37.110172], [-71.474137, -37.110113], [-71.453273, -37.103112], [-71.441681, -37.104779], [-71.429072, -37.111527], [-71.424588, -37.111042], [-71.427442, -37.108208], [-71.4285, -37.096966], [-71.433822, -37.094347], [-71.437559, -37.088485]]]}, "properties": {"name": "El Blanquito", "comuna": "Antuco", "provincia": "Biobío", "region": "Del Biobío", "sup_km2": "22.37746", "ivvp": "58.51", "n_bovino": "0", "ha_bov": "0", "r_zclima": "15-25 c", "zonaclima": "3"}}, {"type": "Feature", "geometry": {"type": "Polygon", "coordinates": [[[-71.362147, -37.071956], [-71.357444, -37.067291], [-71.371539, -37.0691], [-71.387904, -37.067046], [-71.374926, -37.079059], [-71.373736, -37.085522], [-71.367673, -37.092619], [-71.371694, -37.098567], [-71.364805, -37.099521], [-71.3536, -37.09526], [-71.350335, -37.101349], [-71.343703, -37.102517], [-71.33976, -37.105979], [-71.333172, -37.116829], [-71.318191, -37.122553], [-71.313213, -37.1143], [-71.311775, -37.106195], [-71.304716, -37.100961], [-71.310319, -37.094201], [-71.319045, -37.087551], [-71.322371, -37.081172], [-71.329145, -37.077948], [-71.354718, -37.075929], [-71.362147, -37.071956]]]}, "properties": {"name": "Las Tiranas", "comuna": "Antuco", "provincia": "Biobío", "region": "Del Biobío", "sup_km2": "19.30278", "ivvp": "53.47", "n_bovino": "0", "ha_bov": "0", "r_zclima": "15-25 c", "zonaclima": "3"}}, {"type": "Feature", "geometry": {"type": "Polygon", "coordinates": [[[-71.371694, -37.098567], [-71.367673, -37.092619], [-71.373736, -37.085522], [-71.374926, -37.079059], [-71.387904, -37.067046], [-71.393481, -37.068448], [-71.397112, -37.073254], [-71.395826, -37.078728], [-71.405039, -37.084377], [-71.407053, -37.088027], [-71.390977, -37.094931], [-71.384303, -37.101198], [-71.371694, -37.098567]]]}, "properties": {"name": "Las Mariposas", "comuna": "Antuco", "provincia": "Biobío", "region": "Del Biobío", "sup_km2": "6.93676", "ivvp": "59.69", "n_bovino": "0", "ha_bov": "0", "r_zclima": "15-25 c", "zonaclima": "3"}}, {"type": "Feature", "geometry": {"type": "Polygon", "coordinates": [[[-71.257712, -37.101785], [-71.260685, -37.100894], [-71.265545, -37.092889], [-71.262484, -37.073688], [-71.279713, -37.078139], [-71.287984, -37.07697], [-71.292036, -37.080488], [-71.297069, -37.08112], [-71.295147, -37.086835], [-71.29635, -37.092661], [-71.302591, -37.101485], [-71.282841, -37.102574], [-71.269098, -37.111233], [-71.25959, -37.109171], [-71.250345, -37.110622], [-71.256981, -37.105453], [-71.257712, -37.101785]]]}, "properties": {"name": "El Purgatorio", "comuna": "Pinto", "provincia": "Ñuble", "region": "Del Biobío", "sup_km2": "9.94395", "ivvp": "51.46", "n_bovino": "0", "ha_bov": "0", "r_zclima": "15-25 c", "zonaclima": "3"}}, {"type": "Feature", "geometry": {"type": "Polygon", "coordinates": [[[-71.208832, -37.093031], [-71.208543, -37.084578], [-71.213749, -37.083507], [-71.223376, -37.087036], [-71.224534, -37.095919], [-71.208832, -37.093031]]]}, "properties": {"name": "Los Chiflones", "comuna": "Pinto", "provincia": "Ñuble", "region": "Del Biobío", "sup_km2": "1.48713", "ivvp": "48.33", "n_bovino": "0", "ha_bov": "0", "r_zclima": "15-25 c", "zonaclima": "3"}}, {"type": "Feature", "geometry": {"type": "Polygon", "coordinates": [[[-71.173479, -37.094509], [-71.192464, -37.097899], [-71.192837, -37.091318], [-71.225952, -37.096207], [-71.234573, -37.101691], [-71.248195, -37.105151], [-71.257712, -37.101785], [-71.257798, -37.10373], [-71.25085, -37.109287], [-71.250043, -37.113191], [-71.243401, -37.111947], [-71.228241, -37.117456], [-71.224585, -37.114159], [-71.220748, -37.102699], [-71.198215, -37.099438], [-71.1916, -37.107333], [-71.186669, -37.107947], [-71.183262, -37.103598], [-71.169477, -37.113103], [-71.161737, -37.107711], [-71.16986, -37.101772], [-71.179849, -37.099777], [-71.173479, -37.094509]]]}, "properties": {"name": "Cerrillos", "comuna": "Pinto", "provincia": "Ñuble", "region": "Del Biobío", "sup_km2": "8.77207", "ivvp": "53.64", "n_bovino": "0", "ha_bov": "0", "r_zclima": "15-25 c", "zonaclima": "3"}}, {"type": "Feature", "geometry": {"type": "Polygon", "coordinates": [[[-71.407053, -37.088027], [-71.421084, -37.103737], [-71.428213, -37.105164], [-71.424588, -37.111042], [-71.39565, -37.111013], [-71.384303, -37.101198], [-71.390977, -37.094931], [-71.407053, -37.088027]]]}, "properties": {"name": "El Candado", "comuna": "Antuco", "provincia": "Biobío", "region": "Del Biobío", "sup_km2": "5.86594", "ivvp": "60.16", "n_bovino": "0", "ha_bov": "0", "r_zclima": "15-25 c", "zonaclima": "3"}}, {"type": "Feature", "geometry": {"type": "Polygon", "coordinates": [[[-71.169477, -37.113103], [-71.162141, -37.118978], [-71.157275, -37.118693], [-71.142726, -37.127293], [-71.133522, -37.125972], [-71.125801, -37.129049], [-71.120426, -37.121115], [-71.115113, -37.123324], [-71.113373, -37.120516], [-71.114584, -37.115276], [-71.120754, -37.112795], [-71.116638, -37.104888], [-71.120987, -37.10212], [-71.124128, -37.095714], [-71.129126, -37.095589], [-71.130664, -37.101518], [-71.13336, -37.098207], [-71.136674, -37.099603], [-71.137647, -37.102704], [-71.135032, -37.107325], [-71.138217, -37.110792], [-71.154712, -37.11202], [-71.161737, -37.107711], [-71.169477, -37.113103]]]}, "properties": {"name": "Laguna Bejar", "comuna": "Pinto", "provincia": "Ñuble", "region": "Del Biobío", "sup_km2": "8.92573", "ivvp": "52.97", "n_bovino": "0", "ha_bov": "0", "r_zclima": "15-25 c", "zonaclima": "3"}}, {"type": "Feature", "geometry": {"type": "Polygon", "coordinates": [[[-71.298986, -37.48163], [-71.307393, -37.476591], [-71.300092, -37.474268], [-71.292612, -37.468033], [-71.291638, -37.465615], [-71.298768, -37.460452], [-71.316481, -37.458601], [-71.327134, -37.462695], [-71.339935, -37.462014], [-71.350608, -37.458071], [-71.36357, -37.44684], [-71.37436, -37.446696], [-71.380314, -37.44312], [-71.409235, -37.456588], [-71.417034, -37.465544], [-71.410176, -37.469915], [-71.401759, -37.49144], [-71.394527, -37.4962], [-71.380418, -37.491642], [-71.342037, -37.49582], [-71.334783, -37.494346], [-71.331031, -37.489577], [-71.321406, -37.484201], [-71.298986, -37.48163]]]}, "properties": {"name": "La Cueva", "comuna": "Antuco", "provincia": "Biobío", "region": "Del Biobío", "sup_km2": "39.78889", "ivvp": "53.64", "n_bovino": "0", "ha_bov": "0", "r_zclima": "15-25 c", "zonaclima": "3"}}, {"type": "Feature", "geometry": {"type": "Polygon", "coordinates": [[[-71.1916, -37.107333], [-71.198215, -37.099438], [-71.220128, -37.102341], [-71.224585, -37.114159], [-71.228241, -37.117456], [-71.222151, -37.123532], [-71.222474, -37.125694], [-71.230705, -37.127292], [-71.246433, -37.12508], [-71.252286, -37.130678], [-71.247651, -37.142122], [-71.241113, -37.149762], [-71.240052, -37.158357], [-71.219698, -37.169605], [-71.212129, -37.163018], [-71.19502, -37.162638], [-71.190088, -37.156678], [-71.18016, -37.15618], [-71.165262, -37.142687], [-71.157709, -37.140955], [-71.162806, -37.12787], [-71.175958, -37.121068], [-71.180527, -37.116028], [-71.187579, -37.117299], [-71.1916, -37.107333]]]}, "properties": {"name": "Vega Larga (R Los Pacos)", "comuna": "Antuco", "provincia": "Biobío", "region": "Del Biobío", "sup_km2": "36.88567", "ivvp": "53.72", "n_bovino": "0", "ha_bov": "0", "r_zclima": "15-25 c", "zonaclima": "3"}}, {"type": "Feature", "geometry": {"type": "Polygon", "coordinates": [[[-71.250345, -37.110622], [-71.25959, -37.109171], [-71.269098, -37.111233], [-71.282841, -37.102574], [-71.302591, -37.101485], [-71.301387, -37.106852], [-71.290669, -37.105091], [-71.286713, -37.111178], [-71.270506, -37.120597], [-71.255622, -37.115595], [-71.250065, -37.117093], [-71.250345, -37.110622]]]}, "properties": {"name": "Las Lastimas", "comuna": "Antuco", "provincia": "Biobío", "region": "Del Biobío", "sup_km2": "3.96769", "ivvp": "58.45", "n_bovino": "0", "ha_bov": "0", "r_zclima": "15-25 c", "zonaclima": "3"}}, {"type": "Feature", "geometry": {"type": "Polygon", "coordinates": [[[-71.126685, -37.184481], [-71.12992, -37.171493], [-71.135923, -37.162131], [-71.135477, -37.146136], [-71.133547, -37.143051], [-71.138265, -37.139135], [-71.151754, -37.143104], [-71.157339, -37.14052], [-71.165262, -37.142687], [-71.18016, -37.15618], [-71.190088, -37.156678], [-71.19502, -37.162638], [-71.213065, -37.163564], [-71.198816, -37.165826], [-71.192836, -37.172403], [-71.181967, -37.176822], [-71.178735, -37.183438], [-71.181405, -37.188237], [-71.176043, -37.189571], [-71.149553, -37.190293], [-71.126685, -37.184481]]]}, "properties": {"name": "Vallecitos", "comuna": "Antuco", "provincia": "Biobío", "region": "Del Biobío", "sup_km2": "24.16756", "ivvp": "51.29", "n_bovino": "0", "ha_bov": "0", "r_zclima": "15-25 c", "zonaclima": "3"}}, {"type": "Feature", "geometry": {"type": "Polygon", "coordinates": [[[-71.199352, -37.183309], [-71.208743, -37.181444], [-71.222915, -37.182743], [-71.226708, -37.183875], [-71.230668, -37.190717], [-71.237696, -37.193144], [-71.253259, -37.191795], [-71.260578, -37.194895], [-71.256678, -37.199489], [-71.257, -37.214858], [-71.243605, -37.218983], [-71.243154, -37.222664], [-71.234432, -37.223248], [-71.232289, -37.215457], [-71.221163, -37.207059], [-71.208084, -37.209503], [-71.191954, -37.205693], [-71.169122, -37.207344], [-71.169992, -37.202786], [-71.18323, -37.201096], [-71.19484, -37.192995], [-71.199352, -37.183309]]]}, "properties": {"name": "Cajon Colorado", "comuna": "Antuco", "provincia": "Biobío", "region": "Del Biobío", "sup_km2": "17.61856", "ivvp": "55.8", "n_bovino": "0", "ha_bov": "0", "r_zclima": "15-25 c", "zonaclima": "3"}}, {"type": "Feature", "geometry": {"type": "Polygon", "coordinates": [[[-71.124455, -37.191262], [-71.127066, -37.189402], [-71.126685, -37.184481], [-71.144739, -37.189542], [-71.164097, -37.190866], [-71.188868, -37.187658], [-71.199352, -37.183309], [-71.195145, -37.192737], [-71.184937, -37.200208], [-71.170396, -37.202607], [-71.169122, -37.207344], [-71.156956, -37.209319], [-71.148232, -37.215264], [-71.147315, -37.218493], [-71.152975, -37.220557], [-71.132265, -37.215948], [-71.115807, -37.206995], [-71.114275, -37.204355], [-71.116158, -37.199832], [-71.124455, -37.191262]]]}, "properties": {"name": "Laguna del Treile", "comuna": "Antuco", "provincia": "Biobío", "region": "Del Biobío", "sup_km2": "15.35389", "ivvp": "51.92", "n_bovino": "0", "ha_bov": "0", "r_zclima": "15-25 c", "zonaclima": "3"}}, {"type": "Feature", "geometry": {"type": "Polygon", "coordinates": [[[-71.250505, -37.503278], [-71.260031, -37.499437], [-71.275423, -37.504945], [-71.253023, -37.521582], [-71.253191, -37.514649], [-71.258725, -37.511232], [-71.250505, -37.503278]]]}, "properties": {"name": "Mallin del Bordo", "comuna": "Antuco", "provincia": "Biobío", "region": "Del Biobío", "sup_km2": "2.23075", "ivvp": "60.72", "n_bovino": "0", "ha_bov": "0", "r_zclima": "15-25 c", "zonaclima": "3"}}, {"type": "Feature", "geometry": {"type": "Polygon", "coordinates": [[[-71.195978, -37.243858], [-71.202277, -37.239848], [-71.199972, -37.230013], [-71.202293, -37.228163], [-71.208147, -37.229289], [-71.206842, -37.241565], [-71.20986, -37.243221], [-71.233361, -37.246484], [-71.237586, -37.24069], [-71.244858, -37.241824], [-71.248977, -37.239772], [-71.251534, -37.247041], [-71.247689, -37.249719], [-71.249912, -37.251682], [-71.248964, -37.256161], [-71.229767, -37.257569], [-71.188452, -37.269631], [-71.18507, -37.267677], [-71.184461, -37.258429], [-71.172295, -37.259243], [-71.171011, -37.250193], [-71.161686, -37.245359], [-71.157098, -37.231644], [-71.162353, -37.235456], [-71.171787, -37.23718], [-71.175235, -37.233129], [-71.178255, -37.233172], [-71.179217, -37.239418], [-71.183121, -37.242956], [-71.195978, -37.243858]]]}, "properties": {"name": "El Fuerte", "comuna": "Antuco", "provincia": "Biobío", "region": "Del Biobío", "sup_km2": "16.71221", "ivvp": "54.6", "n_bovino": "0", "ha_bov": "0", "r_zclima": "15-25 c", "zonaclima": "3"}}, {"type": "Feature", "geometry": {"type": "Polygon", "coordinates": [[[-71.531579, -37.775339], [-71.525551, -37.768332], [-71.521703, -37.758885], [-71.528404, -37.758561], [-71.533061, -37.765742], [-71.531626, -37.767976], [-71.537483, -37.786183], [-71.534471, -37.789636], [-71.530455, -37.788682], [-71.531579, -37.775339]]]}, "properties": {"name": "Pitril", "comuna": "Santa Bárbara", "provincia": "Biobío", "region": "Del Biobío", "sup_km2": "1.72479", "ivvp": "58.4", "n_bovino": "0", "ha_bov": "0", "r_zclima": "0-15 c", "zonaclima": "1"}}, {"type": "Feature", "geometry": {"type": "Polygon", "coordinates": [[[-71.238006, -37.358336], [-71.233838, -37.353157], [-71.225319, -37.352195], [-71.21298, -37.344325], [-71.20739, -37.338776], [-71.205823, -37.332539], [-71.206873, -37.31856], [-71.210654, -37.31619], [-71.21091, -37.309069], [-71.216693, -37.302173], [-71.214893, -37.282315], [-71.220214, -37.275458], [-71.22597, -37.277788], [-71.221914, -37.289535], [-71.231358, -37.295341], [-71.229025, -37.300896], [-71.230298, -37.311795], [-71.224749, -37.321209], [-71.223748, -37.329735], [-71.239733, -37.353216], [-71.239213, -37.361116], [-71.238006, -37.358336]]]}, "properties": {"name": "Los Timones", "comuna": "Antuco", "provincia": "Biobío", "region": "Del Biobío", "sup_km2": "11.58792", "ivvp": "47.65", "n_bovino": "0", "ha_bov": "0", "r_zclima": "15-25 c", "zonaclima": "3"}}, {"type": "Feature", "geometry": {"type": "Polygon", "coordinates": [[[-71.20168, -37.940314], [-71.205179, -37.937951], [-71.206084, -37.934018], [-71.209787, -37.935841], [-71.228986, -37.935479], [-71.241134, -37.94106], [-71.238061, -37.944863], [-71.241545, -37.951258], [-71.224808, -37.945376], [-71.219152, -37.94683], [-71.207345, -37.944569], [-71.20168, -37.940314]]]}, "properties": {"name": "El Alambrado (H)", "comuna": "Santa Bárbara", "provincia": "Biobío", "region": "Del Biobío", "sup_km2": "3.69743", "ivvp": "49.45", "n_bovino": "232", "ha_bov": "0.91", "r_zclima": "0-15 c", "zonaclima": "1"}}, {"type": "Feature", "geometry": {"type": "Polygon", "coordinates": [[[-71.208957, -37.536951], [-71.215047, -37.53171], [-71.227951, -37.539492], [-71.255671, -37.536419], [-71.269747, -37.540836], [-71.289164, -37.534806], [-71.317511, -37.535357], [-71.324556, -37.531559], [-71.332266, -37.545709], [-71.332029, -37.547908], [-71.321839, -37.554259], [-71.319881, -37.560088], [-71.315758, -37.561615], [-71.312079, -37.567135], [-71.298585, -37.573531], [-71.292289, -37.580971], [-71.276394, -37.587709], [-71.272834, -37.579689], [-71.261461, -37.575055], [-71.258764, -37.572511], [-71.258291, -37.567496], [-71.249826, -37.5634], [-71.252904, -37.555357], [-71.224384, -37.549535], [-71.212913, -37.542136], [-71.213499, -37.536596], [-71.208957, -37.536951]]]}, "properties": {"name": "Campamento", "comuna": "Antuco", "provincia": "Biobío", "region": "Del Biobío", "sup_km2": "32.3877", "ivvp": "53.27", "n_bovino": "0", "ha_bov": "0", "r_zclima": "15-25 c", "zonaclima": "3"}}, {"type": "Feature", "geometry": {"type": "Polygon", "coordinates": [[[-71.326893, -37.815589], [-71.331633, -37.816175], [-71.329718, -37.821422], [-71.320871, -37.838092], [-71.315057, -37.840022], [-71.313292, -37.830248], [-71.309354, -37.830447], [-71.312231, -37.824912], [-71.316167, -37.824713], [-71.326893, -37.815589]]]}, "properties": {"name": "Maya-Maya", "comuna": "Santa Bárbara", "provincia": "Biobío", "region": "Del Biobío", "sup_km2": "2.30003", "ivvp": "57.79", "n_bovino": "0", "ha_bov": "0", "r_zclima": "0-15 c", "zonaclima": "1"}}, {"type": "Feature", "geometry": {"type": "Polygon", "coordinates": [[[-71.207722, -37.539665], [-71.19499, -37.531773], [-71.19689, -37.529422], [-71.193482, -37.525083], [-71.188241, -37.525401], [-71.18122, -37.532177], [-71.179039, -37.528113], [-71.172892, -37.526284], [-71.173379, -37.520449], [-71.161553, -37.516709], [-71.15169, -37.519278], [-71.150504, -37.508999], [-71.145941, -37.506765], [-71.137036, -37.490277], [-71.137549, -37.478692], [-71.141216, -37.474223], [-71.13769, -37.462265], [-71.145249, -37.448163], [-71.15674, -37.432498], [-71.162792, -37.428057], [-71.167024, -37.419518], [-71.170522, -37.41989], [-71.171588, -37.424332], [-71.163337, -37.437231], [-71.161002, -37.447205], [-71.168514, -37.447887], [-71.185613, -37.440106], [-71.199271, -37.44284], [-71.195628, -37.446341], [-71.183878, -37.448055], [-71.16259, -37.45681], [-71.158429, -37.46196], [-71.157155, -37.469751], [-71.161727, -37.475638], [-71.177028, -37.470207], [-71.181695, -37.46639], [-71.190389, -37.468991], [-71.175605, -37.476059], [-71.172541, -37.480221], [-71.175933, -37.490518], [-71.182582, -37.492621], [-71.195003, -37.485848], [-71.182964, -37.501243], [-71.206643, -37.517763], [-71.216459, -37.515164], [-71.233287, -37.525851], [-71.246168, -37.522366], [-71.247174, -37.517377], [-71.254125, -37.519565], [-71.241283, -37.530097], [-71.226176, -37.531694], [-71.217564, -37.529517], [-71.210696, -37.534247], [-71.207722, -37.539665]]]}, "properties": {"name": "Pichicollahue", "comuna": "Antuco", "provincia": "Biobío", "region": "Del Biobío", "sup_km2": "38.07189", "ivvp": "54.49", "n_bovino": "0", "ha_bov": "1.58", "r_zclima": "15-25 c", "zonaclima": "3"}}, {"type": "Feature", "geometry": {"type": "Polygon", "coordinates": [[[-71.223357, -37.517968], [-71.224973, -37.499553], [-71.220313, -37.494116], [-71.224472, -37.485824], [-71.224168, -37.475601], [-71.22206, -37.472464], [-71.226063, -37.469676], [-71.229655, -37.470289], [-71.232193, -37.475531], [-71.23885, -37.476216], [-71.239449, -37.479187], [-71.245183, -37.483147], [-71.236589, -37.491719], [-71.237107, -37.508958], [-71.24033, -37.504116], [-71.250505, -37.503278], [-71.258725, -37.511232], [-71.253191, -37.514649], [-71.25338, -37.517849], [-71.246584, -37.517758], [-71.246168, -37.522366], [-71.234857, -37.525821], [-71.231075, -37.52514], [-71.223357, -37.517968]]]}, "properties": {"name": "Cajon de las Yeguas", "comuna": "Antuco", "provincia": "Biobío", "region": "Del Biobío", "sup_km2": "10.0745", "ivvp": "58.87", "n_bovino": "0", "ha_bov": "0", "r_zclima": "15-25 c", "zonaclima": "3"}}, {"type": "Feature", "geometry": {"type": "Polygon", "coordinates": [[[-71.260302, -37.499463], [-71.251914, -37.495118], [-71.249378, -37.48647], [-71.266068, -37.470555], [-71.276258, -37.479263], [-71.307868, -37.483782], [-71.299095, -37.486404], [-71.301553, -37.489686], [-71.321769, -37.493693], [-71.336798, -37.503832], [-71.363159, -37.50219], [-71.369419, -37.493517], [-71.375242, -37.491746], [-71.396777, -37.49551], [-71.392945, -37.503433], [-71.392975, -37.515427], [-71.386918, -37.515968], [-71.384223, -37.521177], [-71.378847, -37.523809], [-71.377934, -37.528315], [-71.368395, -37.53573], [-71.360708, -37.537709], [-71.359879, -37.542146], [-71.354543, -37.546109], [-71.351903, -37.555016], [-71.346063, -37.554627], [-71.332447, -37.548296], [-71.325202, -37.531718], [-71.317511, -37.535357], [-71.293631, -37.535377], [-71.293906, -37.529271], [-71.283538, -37.518757], [-71.282158, -37.506987], [-71.260302, -37.499463]]]}, "properties": {"name": "Petroquines", "comuna": "Antuco", "provincia": "Biobío", "region": "Del Biobío", "sup_km2": "51.95313", "ivvp": "56.07", "n_bovino": "0", "ha_bov": "0", "r_zclima": "15-25 c", "zonaclima": "3"}}, {"type": "Feature", "geometry": {"type": "Polygon", "coordinates": [[[-71.46213, -37.519731], [-71.466669, -37.500208], [-71.460659, -37.483378], [-71.465475, -37.482782], [-71.474218, -37.486123], [-71.477758, -37.492929], [-71.479247, -37.505559], [-71.475295, -37.511418], [-71.473106, -37.52253], [-71.464642, -37.528871], [-71.466881, -37.5444], [-71.472115, -37.543795], [-71.479218, -37.532855], [-71.481614, -37.540514], [-71.47943, -37.548648], [-71.483835, -37.552245], [-71.489321, -37.548827], [-71.489806, -37.555089], [-71.487236, -37.560978], [-71.50388, -37.55936], [-71.506285, -37.550667], [-71.50948, -37.549058], [-71.513545, -37.558933], [-71.519456, -37.553801], [-71.527391, -37.553357], [-71.536417, -37.549419], [-71.545074, -37.537676], [-71.55477, -37.534217], [-71.555524, -37.532002], [-71.552524, -37.529148], [-71.557459, -37.523922], [-71.559329, -37.515956], [-71.563025, -37.516922], [-71.567353, -37.530313], [-71.585045, -37.526295], [-71.586353, -37.522139], [-71.580285, -37.509503], [-71.57949, -37.494436], [-71.585548, -37.485828], [-71.587298, -37.512486], [-71.59091, -37.521048], [-71.592745, -37.524144], [-71.599231, -37.525979], [-71.597421, -37.527911], [-71.599312, -37.531596], [-71.608279, -37.536003], [-71.611383, -37.541688], [-71.596808, -37.542658], [-71.58967, -37.550132], [-71.589959, -37.554474], [-71.597844, -37.562559], [-71.596749, -37.570838], [-71.59377, -37.570682], [-71.590965, -37.55957], [-71.58036, -37.553751], [-71.571998, -37.559877], [-71.555925, -37.557915], [-71.543387, -37.559231], [-71.528063, -37.569139], [-71.526796, -37.574614], [-71.529522, -37.579566], [-71.521987, -37.581705], [-71.516716, -37.589468], [-71.527538, -37.596559], [-71.51855, -37.604897], [-71.529865, -37.603993], [-71.531341, -37.606714], [-71.528486, -37.608208], [-71.517787, -37.608932], [-71.510715, -37.602311], [-71.510238, -37.587074], [-71.522113, -37.574164], [-71.522056, -37.568385], [-71.51362, -37.567353], [-71.50546, -37.575565], [-71.498475, -37.577637], [-71.495816, -37.574611], [-71.491388, -37.576633], [-71.482888, -37.586171], [-71.480945, -37.607839], [-71.484435, -37.612938], [-71.503315, -37.614742], [-71.507062, -37.61714], [-71.506813, -37.620007], [-71.496565, -37.621873], [-71.501349, -37.628323], [-71.501136, -37.63642], [-71.50585, -37.640776], [-71.499874, -37.642443], [-71.491986, -37.639691], [-71.483885, -37.644886], [-71.478903, -37.640079], [-71.476548, -37.633798], [-71.478415, -37.629578], [-71.484367, -37.625433], [-71.484173, -37.622743], [-71.475773, -37.611471], [-71.466468, -37.612544], [-71.449342, -37.621985], [-71.437883, -37.622826], [-71.420689, -37.618611], [-71.407699, -37.623446], [-71.404588, -37.621419], [-71.40055, -37.60989], [-71.402997, -37.590244], [-71.407052, -37.587301], [-71.408955, -37.588415], [-71.408341, -37.607969], [-71.411132, -37.614076], [-71.424096, -37.614856], [-71.425835, -37.613004], [-71.424408, -37.605275], [-71.426972, -37.603293], [-71.430432, -37.61181], [-71.435661, -37.615167], [-71.450805, -37.615957], [-71.473507, -37.59842], [-71.472677, -37.590071], [-71.475337, -37.582693], [-71.47371, -37.577388], [-71.469874, -37.574332], [-71.45271, -37.564399], [-71.431157, -37.569247], [-71.414169, -37.567834], [-71.398409, -37.562596], [-71.388614, -37.554652], [-71.38147, -37.556117], [-71.373268, -37.564537], [-71.361545, -37.563339], [-71.359865, -37.558313], [-71.37343, -37.558753], [-71.383404, -37.550626], [-71.383114, -37.548045], [-71.376018, -37.544449], [-71.376633, -37.542066], [-71.386441, -37.546162], [-71.395314, -37.536133], [-71.397861, -37.537951], [-71.391078, -37.548493], [-71.395785, -37.555165], [-71.421126, -37.563785], [-71.438304, -37.563653], [-71.450568, -37.558113], [-71.429234, -37.550521], [-71.427136, -37.547644], [-71.438083, -37.54841], [-71.452476, -37.555158], [-71.454013, -37.551436], [-71.451023, -37.530858], [-71.437329, -37.528447], [-71.426827, -37.521066], [-71.434471, -37.518102], [-71.453536, -37.520018], [-71.453701, -37.514514], [-71.446754, -37.507007], [-71.453973, -37.502784], [-71.46063, -37.511945], [-71.459236, -37.520013], [-71.46213, -37.519731]]]}, "properties": {"name": "San Lorenso", "comuna": "Santa Bárbara", "provincia": "Biobío", "region": "Del Biobío", "sup_km2": "76.18604", "ivvp": "49.12", "n_bovino": "0", "ha_bov": "0", "r_zclima": "15-25 c", "zonaclima": "3"}}, {"type": "Feature", "geometry": {"type": "Polygon", "coordinates": [[[-71.253023, -37.521582], [-71.277328, -37.504908], [-71.282158, -37.506987], [-71.283538, -37.518757], [-71.293906, -37.529271], [-71.293631, -37.535377], [-71.289164, -37.534806], [-71.271259, -37.540757], [-71.255671, -37.536419], [-71.227951, -37.539492], [-71.215047, -37.53171], [-71.217564, -37.529517], [-71.226176, -37.531694], [-71.241283, -37.530097], [-71.253023, -37.521582]]]}, "properties": {"name": "Las Lengas", "comuna": "Antuco", "provincia": "Biobío", "region": "Del Biobío", "sup_km2": "12.55641", "ivvp": "54.94", "n_bovino": "0", "ha_bov": "0", "r_zclima": "15-25 c", "zonaclima": "3"}}, {"type": "Feature", "geometry": {"type": "Polygon", "coordinates": [[[-71.208957, -37.536951], [-71.213499, -37.536596], [-71.212913, -37.542136], [-71.210791, -37.542527], [-71.216483, -37.556853], [-71.212309, -37.562496], [-71.214076, -37.57603], [-71.220376, -37.579688], [-71.220249, -37.583529], [-71.223595, -37.585192], [-71.225169, -37.589452], [-71.22576, -37.595776], [-71.221033, -37.603129], [-71.221756, -37.610198], [-71.217979, -37.604123], [-71.213654, -37.606489], [-71.19569, -37.602053], [-71.19529, -37.597081], [-71.202089, -37.589759], [-71.197824, -37.585535], [-71.182733, -37.586689], [-71.171721, -37.591601], [-71.168997, -37.599654], [-71.157337, -37.610905], [-71.146775, -37.608282], [-71.137243, -37.598201], [-71.133822, -37.590999], [-71.127825, -37.586492], [-71.135928, -37.579881], [-71.138308, -37.574102], [-71.148195, -37.574788], [-71.186457, -37.5646], [-71.187417, -37.548969], [-71.194747, -37.54895], [-71.206145, -37.543019], [-71.208957, -37.536951]]]}, "properties": {"name": "Los Corralitos", "comuna": "Antuco", "provincia": "Biobío", "region": "Del Biobío", "sup_km2": "31.61389", "ivvp": "49.58", "n_bovino": "0", "ha_bov": "0", "r_zclima": "0-15 c", "zonaclima": "1"}}, {"type": "Feature", "geometry": {"type": "Polygon", "coordinates": [[[-70.424819, -34.91647], [-70.435789, -34.914051], [-70.456187, -34.941994], [-70.467878, -34.944013], [-70.455446, -34.946398], [-70.445634, -34.940127], [-70.430594, -34.94384], [-70.424221, -34.927662], [-70.424819, -34.91647]]]}, "properties": {"name": "Garces", "comuna": "San Fernando", "provincia": "Colchagua", "region": "L.G.B.O'Higgins", "sup_km2": "6.15464", "ivvp": "84.85", "n_bovino": "0", "ha_bov": "0", "r_zclima": "> 25 c", "zonaclima": "2"}}, {"type": "Feature", "geometry": {"type": "Polygon", "coordinates": [[[-71.182327, -38.041543], [-71.195207, -38.040975], [-71.213902, -38.046148], [-71.235061, -38.043359], [-71.230893, -38.046421], [-71.199477, -38.052393], [-71.182932, -38.050787], [-71.182327, -38.041543]]]}, "properties": {"name": "Cauquenes (G)", "comuna": "Santa Bárbara", "provincia": "Biobío", "region": "Del Biobío", "sup_km2": "3.05848", "ivvp": "58.72", "n_bovino": "171", "ha_bov": "0.08", "r_zclima": "0-15 c", "zonaclima": "1"}}, {"type": "Feature", "geometry": {"type": "Polygon", "coordinates": [[[-71.210969, -37.542799], [-71.224384, -37.549535], [-71.252904, -37.555357], [-71.249826, -37.5634], [-71.258291, -37.567496], [-71.258764, -37.572511], [-71.261461, -37.575055], [-71.272834, -37.579689], [-71.274431, -37.586471], [-71.279551, -37.587251], [-71.280934, -37.591564], [-71.278184, -37.597163], [-71.27827, -37.607354], [-71.267941, -37.607733], [-71.259123, -37.613445], [-71.261218, -37.619307], [-71.256357, -37.623082], [-71.25462, -37.635524], [-71.250168, -37.637042], [-71.250948, -37.640596], [-71.246701, -37.641398], [-71.24345, -37.649962], [-71.234517, -37.647915], [-71.233575, -37.641773], [-71.245658, -37.62384], [-71.24765, -37.605567], [-71.227388, -37.555404], [-71.216635, -37.550456], [-71.210969, -37.542799]]]}, "properties": {"name": "Vega Larga (R Trapa-Trapa)", "comuna": "Antuco", "provincia": "Biobío", "region": "Del Biobío", "sup_km2": "22.49331", "ivvp": "50.3", "n_bovino": "0", "ha_bov": "0", "r_zclima": "0-15 c", "zonaclima": "1"}}, {"type": "Feature", "geometry": {"type": "Polygon", "coordinates": [[[-71.24345, -37.649962], [-71.242684, -37.657123], [-71.231341, -37.653107], [-71.225473, -37.657535], [-71.209542, -37.655798], [-71.220847, -37.652372], [-71.223603, -37.647238], [-71.203533, -37.642235], [-71.204253, -37.63453], [-71.209518, -37.632922], [-71.207827, -37.627069], [-71.210778, -37.62636], [-71.224036, -37.632045], [-71.228919, -37.630394], [-71.229507, -37.622587], [-71.24015, -37.621178], [-71.245658, -37.62384], [-71.233575, -37.641773], [-71.234517, -37.647915], [-71.24345, -37.649962]]]}, "properties": {"name": "Las Bayas", "comuna": "Antuco", "provincia": "Biobío", "region": "Del Biobío", "sup_km2": "7.74009", "ivvp": "56.16", "n_bovino": "151", "ha_bov": "2.36", "r_zclima": "0-15 c", "zonaclima": "1"}}, {"type": "Feature", "geometry": {"type": "Polygon", "coordinates": [[[-71.303934, -37.676439], [-71.306176, -37.674647], [-71.30942, -37.656916], [-71.317524, -37.648106], [-71.328208, -37.642092], [-71.349321, -37.63509], [-71.360138, -37.628296], [-71.363466, -37.623264], [-71.364626, -37.613824], [-71.373253, -37.602039], [-71.377994, -37.58543], [-71.376659, -37.579135], [-71.386742, -37.572939], [-71.389043, -37.574821], [-71.391412, -37.579725], [-71.388388, -37.582399], [-71.390223, -37.593951], [-71.386207, -37.61333], [-71.388927, -37.617939], [-71.380398, -37.626249], [-71.384381, -37.633986], [-71.377512, -37.639193], [-71.367203, -37.640293], [-71.361719, -37.644854], [-71.353882, -37.645746], [-71.351214, -37.655036], [-71.333638, -37.655241], [-71.331565, -37.662635], [-71.332954, -37.668745], [-71.324706, -37.671097], [-71.322531, -37.675294], [-71.311053, -37.678512], [-71.303934, -37.676439]]]}, "properties": {"name": "Ceniciento", "comuna": "Santa Bárbara", "provincia": "Biobío", "region": "Del Biobío", "sup_km2": "22.22446", "ivvp": "52.34", "n_bovino": "0", "ha_bov": "0", "r_zclima": "0-15 c", "zonaclima": "1"}}, {"type": "Feature", "geometry": {"type": "Polygon", "coordinates": [[[-71.349573, -37.584958], [-71.347019, -37.576754], [-71.351412, -37.575468], [-71.359755, -37.578956], [-71.359056, -37.584391], [-71.363979, -37.589834], [-71.353803, -37.59357], [-71.354511, -37.595949], [-71.362857, -37.596917], [-71.361397, -37.600853], [-71.355307, -37.601101], [-71.352606, -37.598316], [-71.349247, -37.599771], [-71.346831, -37.611097], [-71.351238, -37.615231], [-71.351331, -37.61819], [-71.338384, -37.622457], [-71.337373, -37.614056], [-71.325614, -37.616496], [-71.325718, -37.612209], [-71.333354, -37.612522], [-71.335195, -37.608809], [-71.332489, -37.605835], [-71.325959, -37.607225], [-71.326724, -37.60129], [-71.337409, -37.596036], [-71.345292, -37.597394], [-71.343301, -37.592013], [-71.347357, -37.59004], [-71.349573, -37.584958]]]}, "properties": {"name": "Las Tinajas", "comuna": "Santa Bárbara", "provincia": "Biobío", "region": "Del Biobío", "sup_km2": "6.89163", "ivvp": "61.59", "n_bovino": "0", "ha_bov": "0", "r_zclima": "15-25 c", "zonaclima": "3"}}, {"type": "Feature", "geometry": {"type": "Polygon", "coordinates": [[[-71.344064, -37.793734], [-71.352449, -37.787921], [-71.362008, -37.774866], [-71.36996, -37.748442], [-71.37388, -37.748751], [-71.363475, -37.78861], [-71.346869, -37.802139], [-71.345406, -37.808468], [-71.34081, -37.803621], [-71.344064, -37.793734]]]}, "properties": {"name": "Mirador", "comuna": "Santa Bárbara", "provincia": "Biobío", "region": "Del Biobío", "sup_km2": "3.91573", "ivvp": "42.34", "n_bovino": "0", "ha_bov": "0", "r_zclima": "0-15 c", "zonaclima": "1"}}, {"type": "Feature", "geometry": {"type": "Polygon", "coordinates": [[[-71.303934, -37.676439], [-71.297114, -37.665051], [-71.298141, -37.648314], [-71.295461, -37.644113], [-71.29347, -37.62953], [-71.308205, -37.604578], [-71.306872, -37.588739], [-71.321382, -37.577199], [-71.330199, -37.580679], [-71.321553, -37.587779], [-71.322751, -37.590653], [-71.330142, -37.588998], [-71.338358, -37.583352], [-71.34585, -37.582383], [-71.349588, -37.585463], [-71.347357, -37.59004], [-71.343301, -37.592013], [-71.345292, -37.597394], [-71.335836, -37.596383], [-71.326045, -37.602371], [-71.32733, -37.608018], [-71.33513, -37.606729], [-71.334658, -37.611897], [-71.325718, -37.612209], [-71.325521, -37.616228], [-71.3206, -37.620474], [-71.323029, -37.623995], [-71.31163, -37.627846], [-71.30819, -37.632672], [-71.305307, -37.642276], [-71.306352, -37.647014], [-71.302937, -37.650293], [-71.301319, -37.658476], [-71.303934, -37.676439]]]}, "properties": {"name": "Infiernillo o Curama", "comuna": "Santa Bárbara", "provincia": "Biobío", "region": "Del Biobío", "sup_km2": "15.85801", "ivvp": "48.27", "n_bovino": "0", "ha_bov": "0", "r_zclima": "0-15 c", "zonaclima": "1"}}, {"type": "Feature", "geometry": {"type": "Polygon", "coordinates": [[[-71.272271, -37.670245], [-71.275094, -37.66774], [-71.264919, -37.655094], [-71.284899, -37.650509], [-71.286582, -37.653504], [-71.283039, -37.663017], [-71.285315, -37.668975], [-71.29706, -37.680903], [-71.289406, -37.692213], [-71.291534, -37.695645], [-71.276597, -37.689275], [-71.272821, -37.681977], [-71.267908, -37.680805], [-71.265428, -37.672796], [-71.272271, -37.670245]]]}, "properties": {"name": "Curamallin", "comuna": "Santa Bárbara", "provincia": "Biobío", "region": "Del Biobío", "sup_km2": "7.32843", "ivvp": "52.34", "n_bovino": "52", "ha_bov": "0.15", "r_zclima": "0-15 c", "zonaclima": "1"}}, {"type": "Feature", "geometry": {"type": "Polygon", "coordinates": [[[-71.525306, -37.683574], [-71.52243, -37.668803], [-71.530101, -37.67018], [-71.539259, -37.662868], [-71.553094, -37.661484], [-71.563207, -37.648117], [-71.560181, -37.641339], [-71.557313, -37.640459], [-71.534854, -37.642494], [-71.529893, -37.645894], [-71.531814, -37.654725], [-71.528291, -37.659856], [-71.522695, -37.663355], [-71.513638, -37.661584], [-71.515712, -37.649735], [-71.521875, -37.65045], [-71.529, -37.640601], [-71.541402, -37.632499], [-71.544974, -37.632679], [-71.546718, -37.628672], [-71.553803, -37.633763], [-71.563799, -37.629487], [-71.564195, -37.636926], [-71.574532, -37.64441], [-71.581064, -37.64301], [-71.578302, -37.636389], [-71.581299, -37.632124], [-71.589477, -37.631895], [-71.598275, -37.634982], [-71.599158, -37.637409], [-71.590096, -37.642681], [-71.593795, -37.648322], [-71.595628, -37.658131], [-71.60239, -37.658604], [-71.59911, -37.663109], [-71.601494, -37.666359], [-71.611658, -37.666563], [-71.611323, -37.669832], [-71.605454, -37.675684], [-71.596649, -37.68124], [-71.588552, -37.676647], [-71.576986, -37.674269], [-71.577436, -37.670393], [-71.581256, -37.6683], [-71.590426, -37.672686], [-71.596158, -37.671478], [-71.591095, -37.663957], [-71.58916, -37.65411], [-71.580668, -37.649624], [-71.568146, -37.657093], [-71.568101, -37.664974], [-71.556099, -37.666501], [-71.55455, -37.670842], [-71.557139, -37.674444], [-71.544544, -37.673275], [-71.543839, -37.675403], [-71.549206, -37.678689], [-71.547935, -37.683258], [-71.542331, -37.68255], [-71.539588, -37.676319], [-71.537434, -37.675956], [-71.534827, -37.677503], [-71.534338, -37.681857], [-71.525306, -37.683574]]]}, "properties": {"name": "S/N", "comuna": "Santa Bárbara", "provincia": "Biobío", "region": "Del Biobío", "sup_km2": "18.83105", "ivvp": "45.47", "n_bovino": "0", "ha_bov": "0", "r_zclima": "0-15 c", "zonaclima": "1"}}, {"type": "Feature", "geometry": {"type": "Polygon", "coordinates": [[[-71.40905, -37.71151], [-71.392811, -37.714188], [-71.387688, -37.708232], [-71.378183, -37.705238], [-71.380519, -37.700924], [-71.378437, -37.694798], [-71.379697, -37.682048], [-71.383245, -37.676363], [-71.389194, -37.654507], [-71.394888, -37.676735], [-71.389321, -37.691293], [-71.39328, -37.696566], [-71.392445, -37.707748], [-71.396822, -37.711696], [-71.409382, -37.709399], [-71.417784, -37.699323], [-71.430536, -37.696321], [-71.436404, -37.689428], [-71.440656, -37.689228], [-71.444833, -37.693457], [-71.465704, -37.696884], [-71.465279, -37.700718], [-71.450408, -37.697775], [-71.443398, -37.701187], [-71.443868, -37.706544], [-71.430228, -37.711611], [-71.40905, -37.71151]]]}, "properties": {"name": "Mundo Nuevo", "comuna": "Santa Bárbara", "provincia": "Biobío", "region": "Del Biobío", "sup_km2": "11.26527", "ivvp": "45.1", "n_bovino": "0", "ha_bov": "0", "r_zclima": "0-15 c", "zonaclima": "1"}}, {"type": "Feature", "geometry": {"type": "Polygon", "coordinates": [[[-71.243823, -37.710847], [-71.238757, -37.708825], [-71.236664, -37.700746], [-71.225314, -37.698653], [-71.219628, -37.684675], [-71.212477, -37.682066], [-71.213411, -37.671004], [-71.205916, -37.665256], [-71.206013, -37.662848], [-71.217749, -37.661154], [-71.219994, -37.665861], [-71.22366, -37.667401], [-71.223218, -37.675173], [-71.229574, -37.684956], [-71.246039, -37.685982], [-71.252358, -37.702722], [-71.24932, -37.707119], [-71.250301, -37.71167], [-71.243823, -37.710847]]]}, "properties": {"name": "Quebrada Honda", "comuna": "Santa Bárbara", "provincia": "Biobío", "region": "Del Biobío", "sup_km2": "7.74915", "ivvp": "53.14", "n_bovino": "221", "ha_bov": "0.07", "r_zclima": "0-15 c", "zonaclima": "1"}}, {"type": "Feature", "geometry": {"type": "Polygon", "coordinates": [[[-71.474146, -37.691566], [-71.480471, -37.685531], [-71.479257, -37.676266], [-71.486622, -37.674403], [-71.488477, -37.670624], [-71.495486, -37.670476], [-71.501374, -37.666418], [-71.505174, -37.666535], [-71.504023, -37.674035], [-71.491117, -37.680476], [-71.4963, -37.682466], [-71.506145, -37.692927], [-71.501785, -37.700692], [-71.480226, -37.695394], [-71.470403, -37.703927], [-71.471912, -37.693681], [-71.474146, -37.691566]]]}, "properties": {"name": "Tricauco", "comuna": "Santa Bárbara", "provincia": "Biobío", "region": "Del Biobío", "sup_km2": "6.32712", "ivvp": "46.84", "n_bovino": "0", "ha_bov": "0", "r_zclima": "0-15 c", "zonaclima": "1"}}, {"type": "Feature", "geometry": {"type": "Polygon", "coordinates": [[[-71.525306, -37.683574], [-71.535022, -37.68187], [-71.535959, -37.684075], [-71.530889, -37.690411], [-71.531247, -37.705731], [-71.523863, -37.720177], [-71.525881, -37.738665], [-71.521547, -37.743016], [-71.52016, -37.721346], [-71.516566, -37.715124], [-71.522267, -37.714444], [-71.524247, -37.709157], [-71.524953, -37.703658], [-71.52125, -37.696245], [-71.520861, -37.687715], [-71.525306, -37.683574]]]}, "properties": {"name": "Los Chenques", "comuna": "Santa Bárbara", "provincia": "Biobío", "region": "Del Biobío", "sup_km2": "3.72972", "ivvp": "42.37", "n_bovino": "0", "ha_bov": "0", "r_zclima": "0-15 c", "zonaclima": "1"}}, {"type": "Feature", "geometry": {"type": "Polygon", "coordinates": [[[-71.302454, -37.691459], [-71.307063, -37.69085], [-71.317504, -37.695264], [-71.337083, -37.708295], [-71.357017, -37.716491], [-71.353553, -37.719187], [-71.340486, -37.720321], [-71.321629, -37.728183], [-71.311527, -37.727147], [-71.307146, -37.719613], [-71.308665, -37.713258], [-71.299821, -37.695313], [-71.300047, -37.691483], [-71.302454, -37.691459]]]}, "properties": {"name": "Malla-Malla", "comuna": "Santa Bárbara", "provincia": "Biobío", "region": "Del Biobío", "sup_km2": "10.05959", "ivvp": "52.29", "n_bovino": "0", "ha_bov": "0", "r_zclima": "0-15 c", "zonaclima": "1"}}, {"type": "Feature", "geometry": {"type": "Polygon", "coordinates": [[[-71.533061, -37.765742], [-71.538358, -37.754738], [-71.546816, -37.748491], [-71.545892, -37.759802], [-71.550633, -37.755451], [-71.571665, -37.74655], [-71.573496, -37.717526], [-71.567113, -37.707262], [-71.555791, -37.703426], [-71.553061, -37.6993], [-71.5551, -37.697588], [-71.562514, -37.70037], [-71.564963, -37.695036], [-71.564183, -37.687925], [-71.575761, -37.687245], [-71.574081, -37.698027], [-71.576705, -37.71186], [-71.58043, -37.71459], [-71.588764, -37.705527], [-71.591279, -37.709761], [-71.588146, -37.717705], [-71.594852, -37.720793], [-71.593124, -37.722836], [-71.583703, -37.720664], [-71.580507, -37.723451], [-71.57676, -37.755378], [-71.587566, -37.762607], [-71.597268, -37.763555], [-71.603308, -37.761273], [-71.606244, -37.76406], [-71.595128, -37.767054], [-71.592155, -37.770814], [-71.589711, -37.766889], [-71.575261, -37.760763], [-71.571573, -37.755424], [-71.561019, -37.758645], [-71.559596, -37.762407], [-71.548815, -37.762924], [-71.545621, -37.77022], [-71.53425, -37.768339], [-71.533061, -37.765742]]]}, "properties": {"name": "El Azul", "comuna": "Santa Bárbara", "provincia": "Biobío", "region": "Del Biobío", "sup_km2": "11.77218", "ivvp": "50.23", "n_bovino": "0", "ha_bov": "0", "r_zclima": "0-15 c", "zonaclima": "1"}}, {"type": "Feature", "geometry": {"type": "Polygon", "coordinates": [[[-71.249762, -37.705737], [-71.260024, -37.708622], [-71.276548, -37.697918], [-71.28665, -37.69957], [-71.280136, -37.706942], [-71.279144, -37.720758], [-71.27087, -37.71656], [-71.252824, -37.725026], [-71.256214, -37.740668], [-71.251803, -37.749562], [-71.247508, -37.748247], [-71.24117, -37.7395], [-71.224756, -37.732823], [-71.217483, -37.733708], [-71.22506, -37.722895], [-71.230747, -37.719102], [-71.231474, -37.711099], [-71.248782, -37.712325], [-71.250772, -37.71039], [-71.249762, -37.705737]]]}, "properties": {"name": "Trapa-Trapa", "comuna": "Santa Bárbara", "provincia": "Biobío", "region": "Del Biobío", "sup_km2": "12.69669", "ivvp": "55.25", "n_bovino": "87", "ha_bov": "1.05", "r_zclima": "0-15 c", "zonaclima": "1"}}, {"type": "Feature", "geometry": {"type": "Polygon", "coordinates": [[[-71.40905, -37.71151], [-71.426732, -37.712499], [-71.438587, -37.708987], [-71.444298, -37.706247], [-71.443398, -37.701187], [-71.450408, -37.697775], [-71.465279, -37.700718], [-71.453025, -37.705889], [-71.448468, -37.712459], [-71.443897, -37.711914], [-71.441911, -37.716272], [-71.428825, -37.726022], [-71.414595, -37.71861], [-71.40905, -37.71151]]]}, "properties": {"name": "Queuco", "comuna": "Santa Bárbara", "provincia": "Biobío", "region": "Del Biobío", "sup_km2": "4.72726", "ivvp": "49.83", "n_bovino": "0", "ha_bov": "0", "r_zclima": "0-15 c", "zonaclima": "1"}}, {"type": "Feature", "geometry": {"type": "Polygon", "coordinates": [[[-71.343834, -37.792414], [-71.355045, -37.77346], [-71.353041, -37.763975], [-71.360471, -37.763051], [-71.362821, -37.760431], [-71.363177, -37.748705], [-71.36996, -37.748442], [-71.36821, -37.75739], [-71.364708, -37.760808], [-71.365675, -37.766092], [-71.362723, -37.769219], [-71.362403, -37.774223], [-71.352449, -37.787921], [-71.345213, -37.793621], [-71.343834, -37.792414]]]}, "properties": {"name": "Los Corrales", "comuna": "Santa Bárbara", "provincia": "Biobío", "region": "Del Biobío", "sup_km2": "2.7279", "ivvp": "52.52", "n_bovino": "0", "ha_bov": "0", "r_zclima": "0-15 c", "zonaclima": "1"}}, {"type": "Feature", "geometry": {"type": "Polygon", "coordinates": [[[-71.252361, -37.728401], [-71.252824, -37.725026], [-71.25803, -37.720993], [-71.27087, -37.71656], [-71.279144, -37.720758], [-71.279841, -37.73049], [-71.288728, -37.737356], [-71.289921, -37.769026], [-71.285807, -37.783651], [-71.287076, -37.793687], [-71.291046, -37.799796], [-71.291449, -37.813103], [-71.281663, -37.830356], [-71.248913, -37.834023], [-71.223303, -37.846522], [-71.21883, -37.844894], [-71.217914, -37.841546], [-71.224135, -37.837409], [-71.249691, -37.82866], [-71.24949, -37.826001], [-71.265233, -37.825749], [-71.267559, -37.803283], [-71.263071, -37.786343], [-71.273022, -37.780298], [-71.275324, -37.77641], [-71.276404, -37.765751], [-71.283054, -37.749492], [-71.282836, -37.743328], [-71.274085, -37.731385], [-71.271182, -37.731221], [-71.264183, -37.739709], [-71.260857, -37.737673], [-71.259393, -37.73024], [-71.252361, -37.728401]]]}, "properties": {"name": "Cochico", "comuna": "Santa Bárbara", "provincia": "Biobío", "region": "Del Biobío", "sup_km2": "21.86729", "ivvp": "58.39", "n_bovino": "718", "ha_bov": "0.61", "r_zclima": "0-15 c", "zonaclima": "1"}}, {"type": "Feature", "geometry": {"type": "Polygon", "coordinates": [[[-71.163348, -37.810732], [-71.169572, -37.80353], [-71.182812, -37.801249], [-71.182071, -37.815465], [-71.174168, -37.816845], [-71.169128, -37.821372], [-71.157577, -37.819521], [-71.158152, -37.817104], [-71.162641, -37.815638], [-71.163348, -37.810732]]]}, "properties": {"name": "Colhue", "comuna": "Santa Bárbara", "provincia": "Biobío", "region": "Del Biobío", "sup_km2": "2.77854", "ivvp": "54.28", "n_bovino": "17", "ha_bov": "1.46", "r_zclima": "0-15 c", "zonaclima": "1"}}, {"type": "Feature", "geometry": {"type": "Polygon", "coordinates": [[[-71.377422, -37.824235], [-71.381842, -37.813476], [-71.395429, -37.805181], [-71.40085, -37.798316], [-71.39475, -37.780202], [-71.3971, -37.76798], [-71.40623, -37.763319], [-71.41428, -37.754603], [-71.430314, -37.74947], [-71.433019, -37.743634], [-71.451341, -37.731044], [-71.450713, -37.726006], [-71.45331, -37.72237], [-71.458416, -37.721817], [-71.456627, -37.726617], [-71.460513, -37.732519], [-71.460532, -37.743918], [-71.45078, -37.74591], [-71.444516, -37.753412], [-71.44787, -37.774726], [-71.433786, -37.784907], [-71.422315, -37.779832], [-71.416558, -37.780135], [-71.418333, -37.785041], [-71.415935, -37.79466], [-71.411249, -37.796036], [-71.410901, -37.799521], [-71.397233, -37.812164], [-71.388932, -37.815991], [-71.387693, -37.820504], [-71.377422, -37.824235]]]}, "properties": {"name": "Cauñicu", "comuna": "Santa Bárbara", "provincia": "Biobío", "region": "Del Biobío", "sup_km2": "22.51069", "ivvp": "50.08", "n_bovino": "0", "ha_bov": "0", "r_zclima": "0-15 c", "zonaclima": "1"}}, {"type": "Feature", "geometry": {"type": "Polygon", "coordinates": [[[-71.217483, -37.733708], [-71.224756, -37.732823], [-71.235478, -37.737423], [-71.227742, -37.742832], [-71.226317, -37.746613], [-71.225996, -37.768026], [-71.214565, -37.778438], [-71.211996, -37.7846], [-71.203868, -37.788979], [-71.201033, -37.793709], [-71.18638, -37.798637], [-71.18812, -37.794675], [-71.18664, -37.793153], [-71.207076, -37.779407], [-71.207946, -37.774556], [-71.20489, -37.767346], [-71.209823, -37.759557], [-71.21197, -37.746878], [-71.217483, -37.733708]]]}, "properties": {"name": "Butalelbun", "comuna": "Santa Bárbara", "provincia": "Biobío", "region": "Del Biobío", "sup_km2": "8.97895", "ivvp": "55.29", "n_bovino": "54", "ha_bov": "6.08", "r_zclima": "0-15 c", "zonaclima": "1"}}, {"type": "Feature", "geometry": {"type": "Polygon", "coordinates": [[[-71.53025, -37.778864], [-71.521168, -37.78365], [-71.515446, -37.782434], [-71.49465, -37.785341], [-71.48761, -37.795641], [-71.482278, -37.796376], [-71.480445, -37.800749], [-71.476891, -37.80058], [-71.472186, -37.796101], [-71.453925, -37.800516], [-71.448469, -37.79443], [-71.443375, -37.792535], [-71.45423, -37.790656], [-71.460948, -37.795715], [-71.478506, -37.793261], [-71.493779, -37.779214], [-71.510896, -37.779526], [-71.526948, -37.775092], [-71.531579, -37.775339], [-71.532484, -37.777302], [-71.53025, -37.778864]]]}, "properties": {"name": "Los Perales 2", "comuna": "Santa Bárbara", "provincia": "Biobío", "region": "Del Biobío", "sup_km2": "4.81503", "ivvp": "57.96", "n_bovino": "0", "ha_bov": "0", "r_zclima": "0-15 c", "zonaclima": "1"}}, {"type": "Feature", "geometry": {"type": "Polygon", "coordinates": [[[-71.163348, -37.810732], [-71.160757, -37.802106], [-71.16433, -37.797742], [-71.187949, -37.793615], [-71.184287, -37.800365], [-71.17905, -37.803166], [-71.169572, -37.80353], [-71.163348, -37.810732]]]}, "properties": {"name": "Malal Grande", "comuna": "Santa Bárbara", "provincia": "Biobío", "region": "Del Biobío", "sup_km2": "2.08721", "ivvp": "51.85", "n_bovino": "0", "ha_bov": "0", "r_zclima": "0-15 c", "zonaclima": "1"}}, {"type": "Feature", "geometry": {"type": "Polygon", "coordinates": [[[-71.317644, -37.811779], [-71.328215, -37.808944], [-71.343834, -37.792414], [-71.34156, -37.804692], [-71.331633, -37.816175], [-71.317644, -37.811779]]]}, "properties": {"name": "Los Barros (R Niremetun)", "comuna": "Santa Bárbara", "provincia": "Biobío", "region": "Del Biobío", "sup_km2": "1.74979", "ivvp": "54.06", "n_bovino": "0", "ha_bov": "0", "r_zclima": "0-15 c", "zonaclima": "1"}}, {"type": "Feature", "geometry": {"type": "Polygon", "coordinates": [[[-71.381049, -37.85694], [-71.380044, -37.844174], [-71.382611, -37.839828], [-71.379537, -37.836858], [-71.348904, -37.832652], [-71.336602, -37.823475], [-71.335529, -37.818716], [-71.34156, -37.804692], [-71.345789, -37.809037], [-71.347772, -37.816778], [-71.34187, -37.820766], [-71.344569, -37.826034], [-71.369122, -37.826488], [-71.386464, -37.821205], [-71.394972, -37.838599], [-71.393189, -37.845957], [-71.395424, -37.852553], [-71.390832, -37.856341], [-71.381049, -37.85694]]]}, "properties": {"name": "Huanquizorra", "comuna": "Santa Bárbara", "provincia": "Biobío", "region": "Del Biobío", "sup_km2": "8.60976", "ivvp": "53.82", "n_bovino": "0", "ha_bov": "0", "r_zclima": "0-15 c", "zonaclima": "1"}}, {"type": "Feature", "geometry": {"type": "Polygon", "coordinates": [[[-71.112746, -37.926414], [-71.114712, -37.919571], [-71.106976, -37.908082], [-71.108554, -37.89632], [-71.123778, -37.879771], [-71.129676, -37.876526], [-71.13545, -37.87786], [-71.139618, -37.8858], [-71.137177, -37.892211], [-71.136727, -37.908679], [-71.130549, -37.915085], [-71.119955, -37.919079], [-71.112746, -37.926414]]]}, "properties": {"name": "El Atravesado (B)", "comuna": "Santa Bárbara", "provincia": "Biobío", "region": "Del Biobío", "sup_km2": "9.89564", "ivvp": "57.73", "n_bovino": "0", "ha_bov": "0", "r_zclima": "0-15 c", "zonaclima": "1"}}, {"type": "Feature", "geometry": {"type": "Polygon", "coordinates": [[[-71.331633, -37.816175], [-71.34156, -37.804692], [-71.335529, -37.818716], [-71.336602, -37.823475], [-71.348904, -37.832652], [-71.379537, -37.836858], [-71.382611, -37.839828], [-71.380044, -37.844174], [-71.381049, -37.85694], [-71.373308, -37.852406], [-71.371821, -37.842298], [-71.346229, -37.83635], [-71.336647, -37.831612], [-71.330253, -37.832725], [-71.329606, -37.821613], [-71.331633, -37.816175]]]}, "properties": {"name": "Nonorquine", "comuna": "Santa Bárbara", "provincia": "Biobío", "region": "Del Biobío", "sup_km2": "4.70857", "ivvp": "50.33", "n_bovino": "0", "ha_bov": "0", "r_zclima": "0-15 c", "zonaclima": "1"}}, {"type": "Feature", "geometry": {"type": "Polygon", "coordinates": [[[-71.145075, -37.819618], [-71.148556, -37.824146], [-71.157241, -37.819333], [-71.169128, -37.821372], [-71.156604, -37.827608], [-71.139168, -37.8309], [-71.130033, -37.829467], [-71.127286, -37.824588], [-71.145075, -37.819618]]]}, "properties": {"name": "Chanchoco", "comuna": "Santa Bárbara", "provincia": "Biobío", "region": "Del Biobío", "sup_km2": "2.63734", "ivvp": "54.59", "n_bovino": "0", "ha_bov": "0", "r_zclima": "0-15 c", "zonaclima": "1"}}, {"type": "Feature", "geometry": {"type": "Polygon", "coordinates": [[[-71.393554, -37.854736], [-71.403065, -37.850415], [-71.413594, -37.83292], [-71.422774, -37.82277], [-71.437526, -37.81436], [-71.442336, -37.81426], [-71.45809, -37.825575], [-71.464256, -37.827401], [-71.479187, -37.826204], [-71.486904, -37.829502], [-71.495135, -37.827805], [-71.501923, -37.83113], [-71.510952, -37.83124], [-71.511345, -37.839679], [-71.515091, -37.842767], [-71.515426, -37.852514], [-71.509729, -37.858227], [-71.508018, -37.870257], [-71.495894, -37.865523], [-71.471223, -37.869026], [-71.460808, -37.86673], [-71.447774, -37.859829], [-71.43797, -37.863524], [-71.428226, -37.863726], [-71.405149, -37.883484], [-71.402581, -37.875291], [-71.3982, -37.870631], [-71.393554, -37.854736]]]}, "properties": {"name": "Las Salinas", "comuna": "Santa Bárbara", "provincia": "Biobío", "region": "Del Biobío", "sup_km2": "44.99598", "ivvp": "50.34", "n_bovino": "0", "ha_bov": "0", "r_zclima": "0-15 c", "zonaclima": "1"}}, {"type": "Feature", "geometry": {"type": "Polygon", "coordinates": [[[-70.343211, -30.962826], [-70.363066, -30.958301], [-70.370533, -30.948722], [-70.370454, -30.944293], [-70.377584, -30.932137], [-70.388337, -30.929902], [-70.394434, -30.938186], [-70.388849, -30.94937], [-70.389609, -30.972548], [-70.377812, -30.986406], [-70.355642, -30.986375], [-70.346621, -30.972756], [-70.343211, -30.962826]]]}, "properties": {"name": "Las Tolas", "comuna": "Monte Patria", "provincia": "Limarí", "region": "Coquimbo", "sup_km2": "16.95186", "ivvp": "0", "n_bovino": "0", "ha_bov": "0"}}, {"type": "Feature", "geometry": {"type": "Polygon", "coordinates": [[[-71.130549, -37.915085], [-71.137563, -37.905545], [-71.138851, -37.882371], [-71.146775, -37.890319], [-71.158679, -37.890714], [-71.170524, -37.896985], [-71.169967, -37.90839], [-71.156834, -37.912169], [-71.130549, -37.915085]]]}, "properties": {"name": "Pucon Mahuida (B)", "comuna": "Santa Bárbara", "provincia": "Biobío", "region": "Del Biobío", "sup_km2": "6.91789", "ivvp": "59.26", "n_bovino": "0", "ha_bov": "0", "r_zclima": "0-15 c", "zonaclima": "1"}}, {"type": "Feature", "geometry": {"type": "Polygon", "coordinates": [[[-71.515091, -37.842767], [-71.526347, -37.842246], [-71.532257, -37.846773], [-71.534991, -37.864876], [-71.539618, -37.86962], [-71.535624, -37.873058], [-71.535552, -37.877808], [-71.544325, -37.895451], [-71.543553, -37.903758], [-71.534955, -37.914978], [-71.535688, -37.919436], [-71.53266, -37.923691], [-71.531639, -37.931629], [-71.50837, -37.942373], [-71.498783, -37.944231], [-71.475744, -37.933179], [-71.461904, -37.931852], [-71.444183, -37.92386], [-71.432871, -37.91375], [-71.415323, -37.906501], [-71.403613, -37.888958], [-71.405149, -37.883484], [-71.428226, -37.863726], [-71.43797, -37.863524], [-71.447774, -37.859829], [-71.460808, -37.86673], [-71.471223, -37.869026], [-71.495894, -37.865523], [-71.508018, -37.870257], [-71.509729, -37.858227], [-71.515426, -37.852514], [-71.515091, -37.842767]]]}, "properties": {"name": "El Manzano", "comuna": "Santa Bárbara", "provincia": "Biobío", "region": "Del Biobío", "sup_km2": "83.55816", "ivvp": "54.14", "n_bovino": "0", "ha_bov": "0", "r_zclima": "0-15 c", "zonaclima": "1"}}, {"type": "Feature", "geometry": {"type": "Polygon", "coordinates": [[[-71.11444, -37.925631], [-71.12543, -37.923586], [-71.129202, -37.924874], [-71.131989, -37.929752], [-71.14447, -37.93618], [-71.1636, -37.941007], [-71.187077, -37.934905], [-71.185046, -37.955651], [-71.182393, -37.957696], [-71.150493, -37.959807], [-71.118242, -37.955111], [-71.113082, -37.951847], [-71.113879, -37.948526], [-71.108214, -37.933601], [-71.112128, -37.923557], [-71.112758, -37.926873], [-71.11444, -37.925631]]]}, "properties": {"name": "Ulloa (H)", "comuna": "Santa Bárbara", "provincia": "Biobío", "region": "Del Biobío", "sup_km2": "17.79612", "ivvp": "50.54", "n_bovino": "163", "ha_bov": "1.5", "r_zclima": "0-15 c", "zonaclima": "1"}}, {"type": "Feature", "geometry": {"type": "Polygon", "coordinates": [[[-71.197622, -37.864113], [-71.21423, -37.860873], [-71.220527, -37.855816], [-71.236552, -37.85344], [-71.255486, -37.86072], [-71.260093, -37.866129], [-71.273572, -37.871078], [-71.280638, -37.887004], [-71.292621, -37.89475], [-71.29557, -37.90014], [-71.30638, -37.892017], [-71.318007, -37.894163], [-71.315475, -37.898065], [-71.315498, -37.9136], [-71.312891, -37.924329], [-71.303029, -37.931025], [-71.289912, -37.935273], [-71.287387, -37.937944], [-71.291249, -37.945281], [-71.265068, -37.945035], [-71.255957, -37.939732], [-71.241221, -37.921418], [-71.223171, -37.885373], [-71.203006, -37.873848], [-71.197622, -37.864113]]]}, "properties": {"name": "Melilafquen (B)", "comuna": "Santa Bárbara", "provincia": "Biobío", "region": "Del Biobío", "sup_km2": "54.93162", "ivvp": "50.81", "n_bovino": "303", "ha_bov": "2.18", "r_zclima": "0-15 c", "zonaclima": "1"}}, {"type": "Feature", "geometry": {"type": "Polygon", "coordinates": [[[-71.172001, -37.903874], [-71.187237, -37.891534], [-71.193794, -37.869199], [-71.197622, -37.864113], [-71.203006, -37.873848], [-71.223171, -37.885373], [-71.243189, -37.924156], [-71.238066, -37.927304], [-71.237445, -37.938013], [-71.226789, -37.935151], [-71.209787, -37.935841], [-71.190461, -37.915553], [-71.172001, -37.903874]]]}, "properties": {"name": "Chalcupe (B)", "comuna": "Santa Bárbara", "provincia": "Biobío", "region": "Del Biobío", "sup_km2": "25.11978", "ivvp": "52.12", "n_bovino": "512", "ha_bov": "0.26", "r_zclima": "0-15 c", "zonaclima": "1"}}, {"type": "Feature", "geometry": {"type": "Polygon", "coordinates": [[[-70.422672, -30.928988], [-70.42887, -30.925464], [-70.438287, -30.940462], [-70.426305, -30.947889], [-70.410426, -30.948974], [-70.404506, -30.958926], [-70.392789, -30.935827], [-70.407854, -30.934373], [-70.422672, -30.928988]]]}, "properties": {"name": "Chacayes", "comuna": "Monte Patria", "provincia": "Limarí", "region": "Coquimbo", "sup_km2": "7.13494", "ivvp": "0", "n_bovino": "0", "ha_bov": "0"}}, {"type": "Feature", "geometry": {"type": "Polygon", "coordinates": [[[-71.169967, -37.90839], [-71.172001, -37.903874], [-71.190461, -37.915553], [-71.205962, -37.933701], [-71.205179, -37.937951], [-71.202066, -37.940262], [-71.195293, -37.939663], [-71.185204, -37.934692], [-71.164215, -37.940933], [-71.164537, -37.93516], [-71.177017, -37.931257], [-71.173685, -37.927002], [-71.169967, -37.90839]]]}, "properties": {"name": "Las Bayas Huallali (H)", "comuna": "Santa Bárbara", "provincia": "Biobío", "region": "Del Biobío", "sup_km2": "7.32226", "ivvp": "50.15", "n_bovino": "0", "ha_bov": "0", "r_zclima": "0-15 c", "zonaclima": "1"}}, {"type": "Feature", "geometry": {"type": "Polygon", "coordinates": [[[-71.237445, -37.938013], [-71.238066, -37.927304], [-71.243189, -37.924156], [-71.255957, -37.939732], [-71.26343, -37.94294], [-71.265068, -37.945035], [-71.259102, -37.950287], [-71.259251, -37.960831], [-71.255181, -37.961365], [-71.250776, -37.956939], [-71.244195, -37.955826], [-71.238061, -37.944863], [-71.241434, -37.941505], [-71.237445, -37.938013]]]}, "properties": {"name": "Treputreo (B)", "comuna": "Santa Bárbara", "provincia": "Biobío", "region": "Del Biobío", "sup_km2": "5.33767", "ivvp": "54.74", "n_bovino": "69", "ha_bov": "0.97", "r_zclima": "0-15 c", "zonaclima": "1"}}, {"type": "Feature", "geometry": {"type": "Polygon", "coordinates": [[[-71.269999, -37.94658], [-71.277388, -37.943959], [-71.284251, -37.946259], [-71.291951, -37.944406], [-71.292581, -37.948179], [-71.286444, -37.957994], [-71.292669, -37.998027], [-71.282899, -38.006512], [-71.283479, -37.992331], [-71.268774, -37.963437], [-71.269999, -37.94658]]]}, "properties": {"name": "Perlahuenco (B)", "comuna": "Santa Bárbara", "provincia": "Biobío", "region": "Del Biobío", "sup_km2": "8.13609", "ivvp": "49.36", "n_bovino": "0", "ha_bov": "0", "r_zclima": "0-15 c", "zonaclima": "1"}}, {"type": "Feature", "geometry": {"type": "Polygon", "coordinates": [[[-71.119019, -37.975116], [-71.116407, -37.961542], [-71.123213, -37.95604], [-71.150493, -37.959807], [-71.173175, -37.957164], [-71.169458, -37.960157], [-71.168436, -37.968966], [-71.163796, -37.97691], [-71.15282, -37.978684], [-71.13694, -37.993937], [-71.136511, -37.999978], [-71.147363, -38.006435], [-71.14121, -38.010904], [-71.146675, -38.01691], [-71.135753, -38.017041], [-71.126679, -38.009492], [-71.124772, -37.999452], [-71.119226, -37.989319], [-71.120855, -37.982734], [-71.119019, -37.975116]]]}, "properties": {"name": "Mortandad (H)", "comuna": "Santa Bárbara", "provincia": "Biobío", "region": "Del Biobío", "sup_km2": "16.7162", "ivvp": "56.06", "n_bovino": "148", "ha_bov": "0", "r_zclima": "0-15 c", "zonaclima": "1"}}, {"type": "Feature", "geometry": {"type": "Polygon", "coordinates": [[[-71.091985, -37.964372], [-71.101401, -37.957991], [-71.103407, -37.961226], [-71.110487, -37.963465], [-71.106617, -37.974519], [-71.099235, -37.975404], [-71.091142, -37.984613], [-71.087787, -37.975968], [-71.088828, -37.967816], [-71.091985, -37.964372]]]}, "properties": {"name": "El Toro (H)", "comuna": "Santa Bárbara", "provincia": "Biobío", "region": "Del Biobío", "sup_km2": "3.10934", "ivvp": "46.02", "n_bovino": "0", "ha_bov": "0", "r_zclima": "0-15 c", "zonaclima": "1"}}, {"type": "Feature", "geometry": {"type": "Polygon", "coordinates": [[[-71.088385, -38.053857], [-71.090087, -38.044626], [-71.104655, -38.040874], [-71.109987, -38.041756], [-71.11836, -38.052135], [-71.128131, -38.05578], [-71.129099, -38.062295], [-71.12263, -38.070423], [-71.123821, -38.073853], [-71.115448, -38.080907], [-71.11069, -38.091401], [-71.094372, -38.094068], [-71.08641, -38.088944], [-71.084207, -38.090522], [-71.077722, -38.086883], [-71.076861, -38.078514], [-71.088385, -38.053857]]]}, "properties": {"name": "Infiernillo (G) (R C", "comuna": "Santa Bárbara", "provincia": "Biobío", "region": "Del Biobío", "sup_km2": "17.92764", "ivvp": "53.29", "n_bovino": "266", "ha_bov": "1.9", "r_zclima": "0-15 c", "zonaclima": "1"}}, {"type": "Feature", "geometry": {"type": "Polygon", "coordinates": [[[-71.163796, -37.97691], [-71.159885, -37.992905], [-71.168242, -38.002087], [-71.17296, -38.003586], [-71.18228, -37.979429], [-71.179832, -37.970837], [-71.174623, -37.964387], [-71.176208, -37.957414], [-71.204133, -37.963608], [-71.210512, -37.977645], [-71.20042, -37.98471], [-71.199755, -37.989521], [-71.210752, -37.999069], [-71.217109, -38.001022], [-71.211739, -38.005282], [-71.200534, -38.026759], [-71.191245, -38.026752], [-71.167473, -38.020101], [-71.149372, -38.018113], [-71.142214, -38.013337], [-71.141655, -38.009995], [-71.147363, -38.006435], [-71.136511, -37.999978], [-71.137921, -37.991878], [-71.15282, -37.978684], [-71.163796, -37.97691]]]}, "properties": {"name": "Llinquillin (H)", "comuna": "Santa Bárbara", "provincia": "Biobío", "region": "Del Biobío", "sup_km2": "28.66972", "ivvp": "60.49", "n_bovino": "372", "ha_bov": "1.12", "r_zclima": "0-15 c", "zonaclima": "1"}}, {"type": "Feature", "geometry": {"type": "Polygon", "coordinates": [[[-71.20452, -37.964137], [-71.21767, -37.958501], [-71.225151, -37.959923], [-71.237305, -37.958291], [-71.244543, -37.960906], [-71.251425, -37.967465], [-71.256352, -37.96802], [-71.262145, -37.976816], [-71.260793, -37.979433], [-71.248795, -37.981821], [-71.232233, -37.975392], [-71.222131, -37.979629], [-71.210512, -37.977645], [-71.20452, -37.964137]]]}, "properties": {"name": "Buena Vista (H)", "comuna": "Santa Bárbara", "provincia": "Biobío", "region": "Del Biobío", "sup_km2": "8.57619", "ivvp": "54.99", "n_bovino": "108", "ha_bov": "2.93", "r_zclima": "0-15 c", "zonaclima": "1"}}, {"type": "Feature", "geometry": {"type": "Polygon", "coordinates": [[[-71.066588, -37.975422], [-71.074131, -37.965391], [-71.080902, -37.967421], [-71.081366, -37.971472], [-71.078026, -37.975938], [-71.079302, -37.979529], [-71.068075, -37.981374], [-71.066588, -37.975422]]]}, "properties": {"name": "Los Coliqueos (G)", "comuna": "Santa Bárbara", "provincia": "Biobío", "region": "Del Biobío", "sup_km2": "1.60664", "ivvp": "51.31", "n_bovino": "0", "ha_bov": "0", "r_zclima": "0-15 c", "zonaclima": "1"}}, {"type": "Feature", "geometry": {"type": "Polygon", "coordinates": [[[-71.079497, -37.979413], [-71.088001, -37.973283], [-71.090776, -37.981304], [-71.090995, -37.994037], [-71.093437, -37.995576], [-71.077025, -37.998566], [-71.070563, -37.996652], [-71.065425, -37.991845], [-71.0683, -37.986772], [-71.068075, -37.981374], [-71.079497, -37.979413]]]}, "properties": {"name": "Mallin Redondo (G)", "comuna": "Santa Bárbara", "provincia": "Biobío", "region": "Del Biobío", "sup_km2": "4.17277", "ivvp": "47.57", "n_bovino": "0", "ha_bov": "0", "r_zclima": "0-15 c", "zonaclima": "1"}}, {"type": "Feature", "geometry": {"type": "Polygon", "coordinates": [[[-71.091142, -37.984613], [-71.099235, -37.975404], [-71.105621, -37.976628], [-71.10723, -37.981141], [-71.109759, -37.981735], [-71.110835, -37.97703], [-71.119019, -37.975116], [-71.120855, -37.982734], [-71.119226, -37.989319], [-71.124772, -37.999452], [-71.12559, -38.006795], [-71.134079, -38.016369], [-71.13665, -38.023035], [-71.128456, -38.018944], [-71.118328, -38.017595], [-71.120622, -38.014093], [-71.103133, -38.009339], [-71.097391, -38.005562], [-71.093437, -37.994783], [-71.090995, -37.994037], [-71.091142, -37.984613]]]}, "properties": {"name": "Puesto Farias (G)", "comuna": "Santa Bárbara", "provincia": "Biobío", "region": "Del Biobío", "sup_km2": "10.29396", "ivvp": "46.26", "n_bovino": "0", "ha_bov": "0", "r_zclima": "0-15 c", "zonaclima": "1"}}, {"type": "Feature", "geometry": {"type": "Polygon", "coordinates": [[[-71.217109, -38.001022], [-71.226939, -37.999723], [-71.243449, -38.020915], [-71.254304, -38.025506], [-71.257742, -38.032157], [-71.255938, -38.03923], [-71.258184, -38.04654], [-71.263249, -38.053412], [-71.255888, -38.051882], [-71.243392, -38.053487], [-71.223424, -38.070226], [-71.21239, -38.071358], [-71.222705, -38.063689], [-71.226107, -38.053586], [-71.235061, -38.043359], [-71.212719, -38.038046], [-71.200534, -38.026759], [-71.211739, -38.005282], [-71.217109, -38.001022]]]}, "properties": {"name": "Los Barros (H) (R Trananahue)", "comuna": "Santa Bárbara", "provincia": "Biobío", "region": "Del Biobío", "sup_km2": "19.92037", "ivvp": "62.26", "n_bovino": "0", "ha_bov": "0", "r_zclima": "0-15 c", "zonaclima": "1"}}, {"type": "Feature", "geometry": {"type": "Polygon", "coordinates": [[[-71.084207, -38.036142], [-71.077743, -38.032242], [-71.07788, -38.018322], [-71.112551, -38.015739], [-71.128456, -38.018944], [-71.13665, -38.023035], [-71.097653, -38.036097], [-71.084207, -38.036142]]]}, "properties": {"name": "La Gloria (G)", "comuna": "Santa Bárbara", "provincia": "Biobío", "region": "Del Biobío", "sup_km2": "8.05801", "ivvp": "49.18", "n_bovino": "0", "ha_bov": "0", "r_zclima": "0-15 c", "zonaclima": "1"}}, {"type": "Feature", "geometry": {"type": "Polygon", "coordinates": [[[-71.13665, -38.023035], [-71.151048, -38.01815], [-71.158118, -38.018602], [-71.154868, -38.020689], [-71.15374, -38.027171], [-71.149019, -38.031997], [-71.146695, -38.040771], [-71.135468, -38.04636], [-71.133958, -38.053268], [-71.129186, -38.058216], [-71.128131, -38.05578], [-71.11836, -38.052135], [-71.110224, -38.041955], [-71.112025, -38.036069], [-71.110009, -38.032154], [-71.13665, -38.023035]]]}, "properties": {"name": "Llinquillinqui (G)", "comuna": "Santa Bárbara", "provincia": "Biobío", "region": "Del Biobío", "sup_km2": "9.27367", "ivvp": "56.19", "n_bovino": "418", "ha_bov": "0.87", "r_zclima": "0-15 c", "zonaclima": "1"}}, {"type": "Feature", "geometry": {"type": "Polygon", "coordinates": [[[-71.140959, -38.04389], [-71.146695, -38.040771], [-71.149019, -38.031997], [-71.15374, -38.027171], [-71.154868, -38.020689], [-71.158118, -38.018602], [-71.189922, -38.026502], [-71.200534, -38.026759], [-71.212719, -38.038046], [-71.234099, -38.043031], [-71.213902, -38.046148], [-71.195207, -38.040975], [-71.174398, -38.041361], [-71.164931, -38.044352], [-71.163344, -38.048554], [-71.160082, -38.049182], [-71.148941, -38.043745], [-71.140959, -38.04389]]]}, "properties": {"name": "Trananahue (G) 1", "comuna": "Santa Bárbara", "provincia": "Biobío", "region": "Del Biobío", "sup_km2": "12.66877", "ivvp": "56.12", "n_bovino": "91", "ha_bov": "2.29", "r_zclima": "0-15 c", "zonaclima": "1"}}, {"type": "Feature", "geometry": {"type": "Polygon", "coordinates": [[[-71.084207, -38.036142], [-71.097653, -38.036097], [-71.110009, -38.032154], [-71.112025, -38.036069], [-71.110224, -38.041955], [-71.100719, -38.040845], [-71.090087, -38.044626], [-71.088385, -38.053857], [-71.077268, -38.049386], [-71.084207, -38.036142]]]}, "properties": {"name": "Las Lengas (G)", "comuna": "Santa Bárbara", "provincia": "Biobío", "region": "Del Biobío", "sup_km2": "3.09461", "ivvp": "58.9", "n_bovino": "74", "ha_bov": "1.31", "r_zclima": "0-15 c", "zonaclima": "1"}}, {"type": "Feature", "geometry": {"type": "Polygon", "coordinates": [[[-70.741615, -36.077367], [-70.729135, -36.077922], [-70.724576, -36.07435], [-70.716964, -36.05131], [-70.726832, -36.058732], [-70.769257, -36.066194], [-70.773864, -36.072653], [-70.783983, -36.074382], [-70.789907, -36.070665], [-70.790461, -36.073195], [-70.785076, -36.076583], [-70.779638, -36.075492], [-70.761562, -36.079298], [-70.751475, -36.079932], [-70.741615, -36.077367]]]}, "properties": {"name": "Hidalgo", "comuna": "Colbún", "provincia": "Linares", "region": "Del Maule", "sup_km2": "8.60403", "ivvp": "80.52", "n_bovino": "0", "ha_bov": "5.39", "r_zclima": "> 25 c", "zonaclima": "2"}}, {"type": "Feature", "geometry": {"type": "Polygon", "coordinates": [[[-70.936408, -35.309385], [-70.953505, -35.306775], [-70.959557, -35.307989], [-70.97705, -35.302205], [-70.982525, -35.298486], [-70.985668, -35.28987], [-71.005503, -35.282214], [-71.015948, -35.273455], [-71.018571, -35.277971], [-71.017064, -35.281715], [-70.997945, -35.287924], [-70.996506, -35.290954], [-70.989707, -35.293095], [-70.988663, -35.306896], [-70.982832, -35.305707], [-70.973598, -35.309027], [-70.967324, -35.315499], [-70.960297, -35.315541], [-70.94664, -35.322203], [-70.950063, -35.329234], [-70.93795, -35.335771], [-70.927595, -35.347724], [-70.916938, -35.354425], [-70.906438, -35.356141], [-70.892902, -35.374962], [-70.874253, -35.384601], [-70.864258, -35.39411], [-70.858671, -35.394389], [-70.850332, -35.399426], [-70.830037, -35.391865], [-70.830863, -35.377627], [-70.826576, -35.372737], [-70.836354, -35.366544], [-70.84472, -35.366061], [-70.850463, -35.362403], [-70.85133, -35.352829], [-70.870264, -35.348241], [-70.877531, -35.343585], [-70.894024, -35.327984], [-70.890082, -35.325115], [-70.912007, -35.330671], [-70.917501, -35.326009], [-70.918236, -35.321598], [-70.927969, -35.31483], [-70.928172, -35.31109], [-70.936408, -35.309385]]]}, "properties": {"name": "El Baúl", "comuna": "Molina", "provincia": "Curicó", "region": "Del Maule", "sup_km2": "47.32276", "ivvp": "92.62", "n_bovino": "0", "ha_bov": "0", "r_zclima": "> 25 c", "zonaclima": "2"}}, {"type": "Feature", "geometry": {"type": "Polygon", "coordinates": [[[-71.163344, -38.048554], [-71.164931, -38.044352], [-71.170848, -38.041878], [-71.182327, -38.041543], [-71.182932, -38.050787], [-71.15762, -38.063388], [-71.166765, -38.072474], [-71.178645, -38.073178], [-71.180558, -38.080721], [-71.176325, -38.091965], [-71.184579, -38.095984], [-71.183018, -38.099327], [-71.179513, -38.100146], [-71.179483, -38.104203], [-71.172769, -38.108726], [-71.163617, -38.110693], [-71.145175, -38.108652], [-71.133928, -38.100738], [-71.121887, -38.101214], [-71.11069, -38.091401], [-71.115448, -38.080907], [-71.123821, -38.073853], [-71.12263, -38.070423], [-71.133958, -38.053268], [-71.135468, -38.04636], [-71.14608, -38.043459], [-71.155931, -38.04869], [-71.163344, -38.048554]]]}, "properties": {"name": "Trananahue (G) 2", "comuna": "Santa Bárbara", "provincia": "Biobío", "region": "Del Biobío", "sup_km2": "31.3512", "ivvp": "59.33", "n_bovino": "0", "ha_bov": "0", "r_zclima": "0-15 c", "zonaclima": "1"}}, {"type": "Feature", "geometry": {"type": "Polygon", "coordinates": [[[-70.42139, -30.947483], [-70.43068, -30.948224], [-70.438763, -30.954865], [-70.440416, -30.963805], [-70.427003, -30.962745], [-70.420731, -30.972305], [-70.412203, -30.974735], [-70.404505, -30.958927], [-70.410426, -30.948974], [-70.42139, -30.947483]]]}, "properties": {"name": "La Lunca", "comuna": "Monte Patria", "provincia": "Limarí", "region": "Coquimbo", "sup_km2": "6.43236", "ivvp": "0", "n_bovino": "0", "ha_bov": "0"}}, {"type": "Feature", "geometry": {"type": "Polygon", "coordinates": [[[-71.048678, -38.053042], [-71.052518, -38.047083], [-71.059527, -38.052127], [-71.066936, -38.053357], [-71.077268, -38.049386], [-71.088385, -38.053857], [-71.076297, -38.080619], [-71.077722, -38.086883], [-71.083848, -38.091425], [-71.059956, -38.110817], [-71.050514, -38.094868], [-71.054832, -38.081739], [-71.053313, -38.073367], [-71.036356, -38.067607], [-71.037041, -38.058108], [-71.048678, -38.053042]]]}, "properties": {"name": "Moncol (G)", "comuna": "Santa Bárbara", "provincia": "Biobío", "region": "Del Biobío", "sup_km2": "17.36442", "ivvp": "57.16", "n_bovino": "0", "ha_bov": "0", "r_zclima": "0-15 c", "zonaclima": "1"}}, {"type": "Feature", "geometry": {"type": "Polygon", "coordinates": [[[-70.386515, -30.757032], [-70.40259, -30.757477], [-70.404482, -30.766064], [-70.416347, -30.778214], [-70.416116, -30.782213], [-70.408388, -30.784756], [-70.395145, -30.776585], [-70.394427, -30.769064], [-70.382012, -30.759196], [-70.386515, -30.757032]]]}, "properties": {"name": "El Resbalón", "comuna": "Monte Patria", "provincia": "Limarí", "region": "Coquimbo", "sup_km2": "4.51968", "ivvp": "0", "n_bovino": "0", "ha_bov": "0"}}, {"type": "Feature", "geometry": {"type": "Polygon", "coordinates": [[[-70.867512, -35.392004], [-70.874253, -35.384601], [-70.892902, -35.374962], [-70.906438, -35.356141], [-70.916938, -35.354425], [-70.927595, -35.347724], [-70.93795, -35.335771], [-70.950063, -35.329234], [-70.94664, -35.322203], [-70.960297, -35.315541], [-70.967324, -35.315499], [-70.973598, -35.309027], [-70.982832, -35.305707], [-70.988663, -35.306896], [-70.989707, -35.293095], [-70.996506, -35.290954], [-70.997945, -35.287924], [-71.017064, -35.281715], [-71.018571, -35.277971], [-71.01675, -35.273919], [-71.028993, -35.280934], [-71.028389, -35.29444], [-71.033939, -35.303213], [-71.034725, -35.315798], [-71.039868, -35.327021], [-71.033089, -35.331891], [-71.018813, -35.331742], [-71.015425, -35.334242], [-71.015403, -35.339642], [-71.023126, -35.36316], [-71.03495, -35.369655], [-71.046545, -35.386637], [-71.051956, -35.390886], [-71.058136, -35.412515], [-71.045156, -35.41847], [-71.035938, -35.408411], [-71.036324, -35.404447], [-71.027265, -35.396739], [-71.004941, -35.388691], [-70.998004, -35.389884], [-70.989022, -35.38506], [-70.976302, -35.383849], [-70.972311, -35.386903], [-70.970853, -35.395176], [-70.964601, -35.39873], [-70.96253, -35.406427], [-70.954252, -35.413466], [-70.913891, -35.429732], [-70.905174, -35.435549], [-70.886714, -35.430304], [-70.875176, -35.431764], [-70.859693, -35.450376], [-70.844801, -35.463321], [-70.844118, -35.46783], [-70.832722, -35.473503], [-70.816828, -35.476241], [-70.810162, -35.473316], [-70.806775, -35.465244], [-70.807757, -35.4568], [-70.813436, -35.451995], [-70.812255, -35.438323], [-70.823791, -35.425375], [-70.842453, -35.414336], [-70.860792, -35.41291], [-70.867519, -35.401402], [-70.867512, -35.392004]]]}, "properties": {"name": "Los Chacayes", "comuna": "Molina", "provincia": "Curicó", "region": "Del Maule", "sup_km2": "167.73569", "ivvp": "91.39", "n_bovino": "0", "ha_bov": "0", "r_zclima": "> 25 c", "zonaclima": "2"}}, {"type": "Feature", "geometry": {"type": "Polygon", "coordinates": [[[-71.151584, -36.097401], [-71.15765, -36.097436], [-71.160927, -36.103844], [-71.174221, -36.116949], [-71.176101, -36.124414], [-71.168555, -36.128481], [-71.155111, -36.131054], [-71.154188, -36.126518], [-71.156489, -36.12169], [-71.152521, -36.114456], [-71.151584, -36.097401]]]}, "properties": {"name": "Chapas verdes", "comuna": "Longaví", "provincia": "Linares", "region": "Del Maule", "sup_km2": "4.92643", "ivvp": "89.58", "n_bovino": "0", "ha_bov": "0", "r_zclima": "0-15 c", "zonaclima": "1"}}, {"type": "Feature", "geometry": {"type": "Polygon", "coordinates": [[[-70.946456, -35.995975], [-70.942369, -35.987433], [-70.940853, -35.976897], [-70.952762, -35.974297], [-70.961434, -35.967007], [-70.971845, -35.966593], [-70.979855, -35.97104], [-70.958965, -35.987397], [-70.958115, -35.996033], [-70.946456, -35.995975]]]}, "properties": {"name": "El Malli", "comuna": "Colbún", "provincia": "Linares", "region": "Del Maule", "sup_km2": "6.18931", "ivvp": "79.67", "n_bovino": "0", "ha_bov": "21.25", "r_zclima": "> 25 c", "zonaclima": "2"}}, {"type": "Feature", "geometry": {"type": "Polygon", "coordinates": [[[-71.015447, -38.073765], [-71.028522, -38.06036], [-71.037041, -38.058108], [-71.037181, -38.068543], [-71.053313, -38.073367], [-71.054832, -38.081739], [-71.050514, -38.094868], [-71.059956, -38.110817], [-71.044548, -38.121876], [-71.022869, -38.112847], [-70.985397, -38.106396], [-70.992245, -38.084018], [-71.010775, -38.081794], [-71.015447, -38.073765]]]}, "properties": {"name": "Moncol (G)", "comuna": "Santa Bárbara", "provincia": "Biobío", "region": "Del Biobío", "sup_km2": "25.71647", "ivvp": "56.37", "n_bovino": "0", "ha_bov": "0", "r_zclima": "0-15 c", "zonaclima": "1"}}, {"type": "Feature", "geometry": {"type": "Polygon", "coordinates": [[[-70.806775, -35.465244], [-70.810162, -35.473316], [-70.816828, -35.476241], [-70.838518, -35.471129], [-70.844118, -35.46783], [-70.844801, -35.463321], [-70.859693, -35.450376], [-70.875176, -35.431764], [-70.886714, -35.430304], [-70.905174, -35.435549], [-70.913891, -35.429732], [-70.954252, -35.413466], [-70.96253, -35.406427], [-70.964601, -35.39873], [-70.970853, -35.395176], [-70.972311, -35.386903], [-70.976302, -35.383849], [-70.989022, -35.38506], [-70.998004, -35.389884], [-71.004941, -35.388691], [-71.027265, -35.396739], [-71.036324, -35.404447], [-71.035938, -35.408411], [-71.045156, -35.41847], [-71.057279, -35.412824], [-71.049565, -35.422019], [-71.033241, -35.433866], [-71.024135, -35.450088], [-71.018661, -35.454606], [-71.010398, -35.455816], [-70.998213, -35.451949], [-70.975127, -35.4574], [-70.941407, -35.454589], [-70.93389, -35.457851], [-70.933526, -35.460859], [-70.927289, -35.459246], [-70.92232, -35.463179], [-70.901925, -35.466504], [-70.897786, -35.472425], [-70.880719, -35.481906], [-70.848991, -35.488256], [-70.822397, -35.486231], [-70.820357, -35.492724], [-70.803126, -35.486602], [-70.804218, -35.479085], [-70.795572, -35.471253], [-70.796693, -35.466959], [-70.802827, -35.468026], [-70.806775, -35.465244]]]}, "properties": {"name": "El Toro", "comuna": "Molina", "provincia": "Curicó", "region": "Del Maule", "sup_km2": "100.55435", "ivvp": "89.45", "n_bovino": "0", "ha_bov": "0", "r_zclima": "> 25 c", "zonaclima": "2"}}, {"type": "Feature", "geometry": {"type": "Polygon", "coordinates": [[[-70.68386, -35.348188], [-70.69334, -35.339495], [-70.69954, -35.34077], [-70.727952, -35.334953], [-70.732654, -35.337072], [-70.728283, -35.343553], [-70.728032, -35.348863], [-70.736217, -35.363562], [-70.734831, -35.373495], [-70.739234, -35.378625], [-70.746138, -35.380761], [-70.7522, -35.387939], [-70.754592, -35.388008], [-70.750012, -35.394359], [-70.749626, -35.403866], [-70.755042, -35.407511], [-70.765245, -35.42172], [-70.759885, -35.425683], [-70.753281, -35.426185], [-70.723588, -35.41748], [-70.719845, -35.411353], [-70.699407, -35.409353], [-70.674882, -35.421051], [-70.65813, -35.424766], [-70.634406, -35.424815], [-70.617927, -35.414935], [-70.609397, -35.413142], [-70.609034, -35.410307], [-70.613876, -35.405599], [-70.664532, -35.38075], [-70.667783, -35.375553], [-70.666461, -35.361809], [-70.671972, -35.362206], [-70.676638, -35.359274], [-70.68386, -35.348188]]]}, "properties": {"name": "San Pedro alto", "comuna": "Molina", "provincia": "Curicó", "region": "Del Maule", "sup_km2": "72.69145", "ivvp": "81.92", "n_bovino": "811", "ha_bov": "2.82", "r_zclima": "> 25 c", "zonaclima": "2"}}, {"type": "Feature", "geometry": {"type": "Polygon", "coordinates": [[[-70.861754, -35.689338], [-70.864173, -35.681985], [-70.870381, -35.680685], [-70.873156, -35.677144], [-70.875155, -35.666931], [-70.88214, -35.664298], [-70.892309, -35.669029], [-70.901034, -35.667927], [-70.913999, -35.675451], [-70.925334, -35.687549], [-70.94037, -35.69158], [-70.941973, -35.694764], [-70.939454, -35.703449], [-70.942256, -35.713474], [-70.934255, -35.72246], [-70.928943, -35.73618], [-70.927667, -35.7341], [-70.915789, -35.731328], [-70.879155, -35.735003], [-70.875742, -35.709823], [-70.88021, -35.701244], [-70.861754, -35.689338]]]}, "properties": {"name": "Bacho Hernandez", "comuna": "San Clemente", "provincia": "Talca", "region": "Del Maule", "sup_km2": "37.47573", "ivvp": "89.54", "n_bovino": "0", "ha_bov": "0", "r_zclima": "> 25 c", "zonaclima": "2"}}, {"type": "Feature", "geometry": {"type": "Polygon", "coordinates": [[[-70.513376, -34.913217], [-70.526872, -34.904803], [-70.530492, -34.897689], [-70.532128, -34.903551], [-70.535885, -34.906272], [-70.537101, -34.913528], [-70.531792, -34.913861], [-70.519099, -34.922519], [-70.512737, -34.930735], [-70.510312, -34.916236], [-70.513376, -34.913217]]]}, "properties": {"name": "Los Arenales", "comuna": "San Fernando", "provincia": "Colchagua", "region": "L.G.B.O'Higgins", "sup_km2": "3.3711", "ivvp": "85.63", "n_bovino": "0", "ha_bov": "0", "r_zclima": "> 25 c", "zonaclima": "2"}}, {"type": "Feature", "geometry": {"type": "Polygon", "coordinates": [[[-70.554749, -35.380649], [-70.562688, -35.377161], [-70.561322, -35.379928], [-70.555046, -35.381384], [-70.552207, -35.385843], [-70.540975, -35.391022], [-70.535565, -35.401008], [-70.515255, -35.419955], [-70.514698, -35.424758], [-70.509956, -35.430804], [-70.509032, -35.438384], [-70.501954, -35.445829], [-70.502351, -35.45081], [-70.498231, -35.461739], [-70.489937, -35.469442], [-70.485173, -35.469316], [-70.483133, -35.472334], [-70.472679, -35.476668], [-70.463374, -35.483543], [-70.463095, -35.487067], [-70.453557, -35.4927], [-70.448289, -35.493227], [-70.435416, -35.507532], [-70.431468, -35.520201], [-70.433868, -35.524378], [-70.428632, -35.53332], [-70.430276, -35.537881], [-70.425522, -35.540683], [-70.430527, -35.544487], [-70.427896, -35.553119], [-70.420768, -35.555448], [-70.40887, -35.552043], [-70.410531, -35.548033], [-70.405219, -35.545281], [-70.409373, -35.533029], [-70.413201, -35.5304], [-70.411337, -35.526425], [-70.39487, -35.522193], [-70.36796, -35.520688], [-70.368859, -35.517701], [-70.384245, -35.510321], [-70.394078, -35.494679], [-70.420666, -35.487294], [-70.424153, -35.478712], [-70.435788, -35.471673], [-70.446893, -35.46895], [-70.443319, -35.451913], [-70.432617, -35.444491], [-70.435361, -35.435742], [-70.452145, -35.426698], [-70.450276, -35.419476], [-70.438604, -35.415085], [-70.438202, -35.413147], [-70.448736, -35.402624], [-70.451025, -35.391489], [-70.466424, -35.396751], [-70.48092, -35.397688], [-70.486452, -35.394022], [-70.499802, -35.391576], [-70.508028, -35.396442], [-70.526291, -35.400265], [-70.537334, -35.388774], [-70.548012, -35.386072], [-70.554749, -35.380649]]]}, "properties": {"name": "Cerro negro", "comuna": "Curicó", "provincia": "Curicó", "region": "Del Maule", "sup_km2": "85.03464", "ivvp": "79.49", "n_bovino": "37", "ha_bov": "5.4", "r_zclima": "> 25 c", "zonaclima": "2"}}, {"type": "Feature", "geometry": {"type": "Polygon", "coordinates": [[[-71.318191, -37.122553], [-71.333172, -37.116829], [-71.337492, -37.131222], [-71.348569, -37.134973], [-71.348665, -37.142285], [-71.344198, -37.156112], [-71.348659, -37.169501], [-71.345488, -37.171916], [-71.344806, -37.176842], [-71.349542, -37.179041], [-71.352652, -37.185843], [-71.358167, -37.189072], [-71.371006, -37.191805], [-71.368503, -37.198634], [-71.372111, -37.211842], [-71.356525, -37.216603], [-71.343992, -37.214766], [-71.336215, -37.218396], [-71.328573, -37.223623], [-71.327977, -37.231109], [-71.322031, -37.242072], [-71.310747, -37.248481], [-71.303387, -37.249563], [-71.301474, -37.238163], [-71.292377, -37.231386], [-71.290444, -37.224992], [-71.289047, -37.216884], [-71.293367, -37.203069], [-71.292402, -37.199954], [-71.286811, -37.199263], [-71.2784, -37.202173], [-71.253259, -37.191795], [-71.237696, -37.193144], [-71.230668, -37.190717], [-71.226708, -37.183875], [-71.207078, -37.181083], [-71.205422, -37.175851], [-71.240052, -37.158357], [-71.241113, -37.149762], [-71.247651, -37.142122], [-71.252286, -37.130678], [-71.26768, -37.132601], [-71.272929, -37.13702], [-71.279668, -37.132371], [-71.286958, -37.133155], [-71.291778, -37.139987], [-71.302864, -37.144207], [-71.307613, -37.141063], [-71.30986, -37.131512], [-71.318191, -37.122553]]]}, "properties": {"name": "Laguna del Laja", "comuna": "Antuco", "provincia": "Biobío", "region": "Del Biobío", "sup_km2": "100.21401", "ivvp": "53.34", "n_bovino": "0", "ha_bov": "0", "r_zclima": "15-25 c", "zonaclima": "3"}}, {"type": "Feature", "geometry": {"type": "Polygon", "coordinates": [[[-70.552207, -35.385843], [-70.554434, -35.38187], [-70.570304, -35.389964], [-70.583087, -35.401391], [-70.581757, -35.406385], [-70.586261, -35.414742], [-70.60284, -35.423129], [-70.609213, -35.420028], [-70.611373, -35.416578], [-70.609397, -35.413142], [-70.612413, -35.413431], [-70.633889, -35.424646], [-70.638735, -35.42486], [-70.648023, -35.432487], [-70.665786, -35.431031], [-70.678101, -35.436427], [-70.7017, -35.441258], [-70.703791, -35.447625], [-70.713174, -35.452342], [-70.714607, -35.456622], [-70.709994, -35.460623], [-70.715343, -35.464942], [-70.713281, -35.473207], [-70.718155, -35.486683], [-70.726367, -35.495176], [-70.728193, -35.50096], [-70.731605, -35.524653], [-70.730709, -35.53424], [-70.735445, -35.54023], [-70.734515, -35.543909], [-70.719895, -35.542365], [-70.711083, -35.533299], [-70.697236, -35.528847], [-70.686141, -35.521885], [-70.67706, -35.521886], [-70.669157, -35.528748], [-70.663936, -35.524429], [-70.654155, -35.523572], [-70.641692, -35.515246], [-70.633606, -35.513521], [-70.618748, -35.514641], [-70.618577, -35.50652], [-70.604024, -35.495174], [-70.599688, -35.483313], [-70.593417, -35.477131], [-70.58758, -35.474773], [-70.572311, -35.483029], [-70.560344, -35.48272], [-70.557506, -35.480205], [-70.556234, -35.470539], [-70.541568, -35.465056], [-70.539465, -35.472431], [-70.531176, -35.484973], [-70.529975, -35.491876], [-70.509574, -35.500004], [-70.495065, -35.515633], [-70.496215, -35.524468], [-70.49217, -35.53361], [-70.497376, -35.540691], [-70.492303, -35.556756], [-70.498157, -35.563603], [-70.495649, -35.568449], [-70.489888, -35.570936], [-70.48542, -35.580877], [-70.468812, -35.595239], [-70.461064, -35.598651], [-70.453876, -35.599856], [-70.434462, -35.594882], [-70.428199, -35.599947], [-70.429041, -35.611464], [-70.418064, -35.626365], [-70.406503, -35.627324], [-70.401485, -35.625263], [-70.392276, -35.609649], [-70.386098, -35.607602], [-70.390172, -35.592631], [-70.397626, -35.584743], [-70.39675, -35.580535], [-70.39996, -35.56966], [-70.410287, -35.559521], [-70.407968, -35.55578], [-70.40887, -35.552043], [-70.420768, -35.555448], [-70.429456, -35.550761], [-70.430386, -35.544083], [-70.425522, -35.540683], [-70.430276, -35.537881], [-70.428632, -35.53332], [-70.433868, -35.524378], [-70.431468, -35.520201], [-70.435416, -35.507532], [-70.448289, -35.493227], [-70.453557, -35.4927], [-70.463095, -35.487067], [-70.463374, -35.483543], [-70.472679, -35.476668], [-70.483133, -35.472334], [-70.485173, -35.469316], [-70.489937, -35.469442], [-70.498231, -35.461739], [-70.502351, -35.45081], [-70.501954, -35.445829], [-70.509032, -35.438384], [-70.509956, -35.430804], [-70.514698, -35.424758], [-70.515255, -35.419955], [-70.535565, -35.401008], [-70.540975, -35.391022], [-70.552207, -35.385843]]]}, "properties": {"name": "Tierras Bayas (I)", "comuna": "Molina", "provincia": "Curicó", "region": "Del Maule", "sup_km2": "280.85379", "ivvp": "78.88", "n_bovino": "345", "ha_bov": "12.11", "r_zclima": "> 25 c", "zonaclima": "2"}}, {"type": "Feature", "geometry": {"type": "Polygon", "coordinates": [[[-70.850761, -35.399447], [-70.867512, -35.392004], [-70.867519, -35.401402], [-70.860389, -35.413155], [-70.842453, -35.414336], [-70.823791, -35.425375], [-70.815205, -35.436859], [-70.810284, -35.439043], [-70.799246, -35.442165], [-70.785445, -35.44205], [-70.771693, -35.438313], [-70.759703, -35.449018], [-70.756116, -35.449751], [-70.748115, -35.447708], [-70.733697, -35.449935], [-70.725495, -35.444414], [-70.679709, -35.43681], [-70.665786, -35.431031], [-70.648023, -35.432487], [-70.638735, -35.42486], [-70.65813, -35.424766], [-70.674882, -35.421051], [-70.694124, -35.410311], [-70.700688, -35.409335], [-70.719845, -35.411353], [-70.723588, -35.41748], [-70.753281, -35.426185], [-70.759393, -35.425857], [-70.769562, -35.420818], [-70.787572, -35.42776], [-70.797941, -35.428179], [-70.805795, -35.4262], [-70.820116, -35.417659], [-70.826425, -35.4106], [-70.839762, -35.408324], [-70.850761, -35.399447]]]}, "properties": {"name": "Los Robles", "comuna": "Molina", "provincia": "Curicó", "region": "Del Maule", "sup_km2": "41.10066", "ivvp": "80.75", "n_bovino": "0", "ha_bov": "0", "r_zclima": "> 25 c", "zonaclima": "2"}}, {"type": "Feature", "geometry": {"type": "Polygon", "coordinates": [[[-70.639409, -35.837725], [-70.647396, -35.838458], [-70.662262, -35.834981], [-70.666612, -35.833718], [-70.668177, -35.830631], [-70.675878, -35.830231], [-70.688683, -35.834072], [-70.715036, -35.830052], [-70.710291, -35.834393], [-70.705341, -35.844704], [-70.698177, -35.848285], [-70.686246, -35.849981], [-70.680993, -35.854572], [-70.681574, -35.869447], [-70.674326, -35.876093], [-70.663035, -35.880915], [-70.664527, -35.879799], [-70.662669, -35.877765], [-70.661977, -35.861764], [-70.650967, -35.85218], [-70.643561, -35.853115], [-70.636899, -35.844795], [-70.639409, -35.837725]]]}, "properties": {"name": "El Rancho", "comuna": "San Clemente", "provincia": "Talca", "region": "Del Maule", "sup_km2": "17.19404", "ivvp": "81.6", "n_bovino": "21", "ha_bov": "42.66", "r_zclima": "> 25 c", "zonaclima": "2"}}, {"type": "Feature", "geometry": {"type": "Polygon", "coordinates": [[[-71.063837, -36.312226], [-71.078152, -36.303947], [-71.084751, -36.307284], [-71.079798, -36.317795], [-71.079528, -36.325709], [-71.062641, -36.329851], [-71.053679, -36.336283], [-71.042836, -36.349737], [-71.019303, -36.357547], [-71.014601, -36.356148], [-71.011503, -36.347912], [-71.006275, -36.342227], [-71.020364, -36.340637], [-71.028197, -36.336791], [-71.039251, -36.337707], [-71.042692, -36.318854], [-71.063837, -36.312226]]]}, "properties": {"name": "Loma Blanca", "comuna": "Colbún", "provincia": "Linares", "region": "Del Maule", "sup_km2": "13.37827", "ivvp": "83.45", "n_bovino": "0", "ha_bov": "1.13", "r_zclima": "0-15 c", "zonaclima": "1"}}, {"type": "Feature", "geometry": {"type": "Polygon", "coordinates": [[[-70.746503, -34.884435], [-70.749979, -34.882761], [-70.747151, -34.884871], [-70.74957, -34.894998], [-70.766444, -34.91481], [-70.766992, -34.927456], [-70.773316, -34.935158], [-70.773577, -34.940857], [-70.783242, -34.957413], [-70.787908, -34.964612], [-70.801269, -34.970292], [-70.796024, -34.976821], [-70.794411, -34.986294], [-70.80947, -34.997547], [-70.806288, -34.999804], [-70.766938, -35.001163], [-70.723742, -34.992484], [-70.709303, -34.997151], [-70.704626, -34.989774], [-70.691282, -34.984055], [-70.681247, -34.971671], [-70.666368, -34.962482], [-70.668954, -34.945525], [-70.685973, -34.923368], [-70.695912, -34.924982], [-70.702391, -34.917852], [-70.711567, -34.914474], [-70.714291, -34.903202], [-70.723303, -34.895137], [-70.738482, -34.890501], [-70.742772, -34.885242], [-70.746503, -34.884435]]]}, "properties": {"name": "La Palma", "comuna": "Romeral", "provincia": "Curicó", "region": "Del Maule", "sup_km2": "94.36915", "ivvp": "86.91", "n_bovino": "0", "ha_bov": "0", "r_zclima": "> 25 c", "zonaclima": "2"}}, {"type": "Feature", "geometry": {"type": "Polygon", "coordinates": [[[-70.421829, -35.05357], [-70.433933, -35.04556], [-70.453664, -35.049027], [-70.470572, -35.04771], [-70.474329, -35.042894], [-70.485105, -35.052645], [-70.494365, -35.053455], [-70.510332, -35.060218], [-70.5019, -35.070119], [-70.498472, -35.082766], [-70.491766, -35.08957], [-70.488559, -35.100312], [-70.468419, -35.108645], [-70.443378, -35.110952], [-70.431695, -35.106073], [-70.421363, -35.091331], [-70.423643, -35.085043], [-70.422599, -35.076985], [-70.428211, -35.072993], [-70.421792, -35.062199], [-70.421829, -35.05357]]]}, "properties": {"name": "Tierras Bayas", "comuna": "Romeral", "provincia": "Curicó", "region": "Del Maule", "sup_km2": "43.33974", "ivvp": "80.28", "n_bovino": "523", "ha_bov": "1.24", "r_zclima": "> 25 c", "zonaclima": "2"}}, {"type": "Feature", "geometry": {"type": "Polygon", "coordinates": [[[-70.541492, -34.933375], [-70.554532, -34.938925], [-70.568492, -34.93918], [-70.571056, -34.944255], [-70.5683, -34.952027], [-70.583625, -34.956878], [-70.58629, -34.961155], [-70.598489, -34.956324], [-70.615058, -34.960253], [-70.618647, -34.984948], [-70.621379, -34.987218], [-70.666386, -34.961954], [-70.681247, -34.971671], [-70.691282, -34.984055], [-70.704626, -34.989774], [-70.709303, -34.997151], [-70.723742, -34.992484], [-70.766938, -35.001163], [-70.74475, -35.006483], [-70.737874, -35.012276], [-70.724471, -35.017948], [-70.713981, -35.026748], [-70.704683, -35.027587], [-70.69864, -35.033473], [-70.688728, -35.034261], [-70.67109, -35.043025], [-70.655692, -35.043615], [-70.640202, -35.050047], [-70.633693, -35.047975], [-70.623433, -35.050493], [-70.619058, -35.047644], [-70.608286, -35.046174], [-70.601686, -35.047825], [-70.599029, -35.045092], [-70.59524, -35.045845], [-70.594462, -35.039882], [-70.596575, -35.03518], [-70.593694, -35.00628], [-70.584007, -34.986585], [-70.581869, -34.974873], [-70.56474, -34.964217], [-70.555107, -34.946687], [-70.542109, -34.93643], [-70.541492, -34.933375]]]}, "properties": {"name": "Huemulina", "comuna": "Romeral", "provincia": "Curicó", "region": "Del Maule", "sup_km2": "100.36919", "ivvp": "85.47", "n_bovino": "0", "ha_bov": "0", "r_zclima": "> 25 c", "zonaclima": "2"}}, {"type": "Feature", "geometry": {"type": "Polygon", "coordinates": [[[-70.497376, -35.540691], [-70.520826, -35.539455], [-70.542582, -35.558341], [-70.553988, -35.56277], [-70.567261, -35.563639], [-70.582218, -35.575196], [-70.590304, -35.597033], [-70.596715, -35.602565], [-70.588472, -35.605248], [-70.582264, -35.611505], [-70.578951, -35.603331], [-70.574279, -35.598875], [-70.536021, -35.581703], [-70.521787, -35.571867], [-70.497466, -35.562417], [-70.492278, -35.555386], [-70.497376, -35.540691]]]}, "properties": {"name": "Cerro del medio", "comuna": "San Clemente", "provincia": "Talca", "region": "Del Maule", "sup_km2": "27.15352", "ivvp": "78.79", "n_bovino": "0", "ha_bov": "0", "r_zclima": "> 25 c", "zonaclima": "2"}}, {"type": "Feature", "geometry": {"type": "Polygon", "coordinates": [[[-70.536372, -34.950202], [-70.539757, -34.947336], [-70.540913, -34.934339], [-70.555107, -34.946687], [-70.56474, -34.964217], [-70.581869, -34.974873], [-70.584007, -34.986585], [-70.593694, -35.00628], [-70.596575, -35.03518], [-70.594462, -35.039882], [-70.59524, -35.045845], [-70.585463, -35.041245], [-70.568138, -35.046005], [-70.546346, -35.045212], [-70.539739, -35.049524], [-70.525674, -35.048219], [-70.515069, -35.051562], [-70.510332, -35.060218], [-70.494365, -35.053455], [-70.485105, -35.052645], [-70.472243, -35.040665], [-70.461726, -35.022846], [-70.459383, -34.998363], [-70.454608, -34.989031], [-70.463577, -34.991263], [-70.48246, -34.977146], [-70.50033, -34.970434], [-70.511558, -34.971112], [-70.516236, -34.966934], [-70.526207, -34.964411], [-70.523461, -34.95133], [-70.536372, -34.950202]]]}, "properties": {"name": "Los Maitenes", "comuna": "Romeral", "provincia": "Curicó", "region": "Del Maule", "sup_km2": "107.0531", "ivvp": "81.1", "n_bovino": "0", "ha_bov": "0", "r_zclima": "> 25 c", "zonaclima": "2"}}, {"type": "Feature", "geometry": {"type": "Polygon", "coordinates": [[[-70.645677, -35.680402], [-70.637143, -35.678075], [-70.628905, -35.679765], [-70.634183, -35.668158], [-70.628216, -35.657421], [-70.616753, -35.645941], [-70.595348, -35.638617], [-70.587978, -35.627752], [-70.580488, -35.625507], [-70.575074, -35.60504], [-70.567126, -35.595579], [-70.575885, -35.600098], [-70.582264, -35.611505], [-70.590274, -35.604507], [-70.591556, -35.610039], [-70.598682, -35.617608], [-70.620688, -35.63172], [-70.635391, -35.638224], [-70.644027, -35.650458], [-70.659487, -35.657809], [-70.662965, -35.664316], [-70.660355, -35.668566], [-70.663234, -35.677285], [-70.645677, -35.680402]]]}, "properties": {"name": "Loma Seca", "comuna": "San Clemente", "provincia": "Talca", "region": "Del Maule", "sup_km2": "19.97052", "ivvp": "78.85", "n_bovino": "0", "ha_bov": "0", "r_zclima": "> 25 c", "zonaclima": "2"}}, {"type": "Feature", "geometry": {"type": "Polygon", "coordinates": [[[-71.046487, -36.044712], [-71.053871, -36.04446], [-71.061937, -36.052713], [-71.06214, -36.058023], [-71.066308, -36.062256], [-71.063877, -36.066868], [-71.072745, -36.077734], [-71.077893, -36.095709], [-71.086568, -36.107511], [-71.086601, -36.111355], [-71.073688, -36.108753], [-71.057279, -36.11517], [-71.051461, -36.102209], [-71.045383, -36.097387], [-71.036471, -36.079105], [-71.031633, -36.075036], [-71.036675, -36.065386], [-71.035988, -36.058723], [-71.046487, -36.044712]]]}, "properties": {"name": "Castillo", "comuna": "Linares", "provincia": "Linares", "region": "Del Maule", "sup_km2": "20.32407", "ivvp": "84.3", "n_bovino": "0", "ha_bov": "4.41", "r_zclima": "0-15 c", "zonaclima": "1"}}, {"type": "Feature", "geometry": {"type": "Polygon", "coordinates": [[[-70.413622, -34.984005], [-70.417407, -34.983193], [-70.42925, -34.988122], [-70.454608, -34.989031], [-70.459383, -34.998363], [-70.461726, -35.022846], [-70.474329, -35.042894], [-70.471415, -35.047285], [-70.449731, -35.049096], [-70.44686, -35.046908], [-70.442572, -35.048253], [-70.433933, -35.04556], [-70.421829, -35.05357], [-70.408255, -35.044761], [-70.404959, -35.037568], [-70.373548, -35.041805], [-70.36018, -35.034337], [-70.361073, -35.021968], [-70.365253, -35.01916], [-70.366249, -35.012993], [-70.360133, -35.00821], [-70.360099, -35.005025], [-70.372177, -35.001146], [-70.379941, -34.994844], [-70.392346, -34.994641], [-70.395155, -34.991028], [-70.413622, -34.984005]]]}, "properties": {"name": "Colorado", "comuna": "Romeral", "provincia": "Curicó", "region": "Del Maule", "sup_km2": "54.69213", "ivvp": "80.06", "n_bovino": "152", "ha_bov": "6.8", "r_zclima": "> 25 c", "zonaclima": "2"}}, {"type": "Feature", "geometry": {"type": "Polygon", "coordinates": [[[-70.740364, -35.450335], [-70.748115, -35.447708], [-70.759703, -35.449018], [-70.771693, -35.438313], [-70.785445, -35.44205], [-70.796663, -35.442203], [-70.812255, -35.438323], [-70.813436, -35.451995], [-70.807757, -35.4568], [-70.804544, -35.467594], [-70.785667, -35.46824], [-70.78079, -35.465058], [-70.770235, -35.464893], [-70.76285, -35.477334], [-70.756687, -35.479277], [-70.750668, -35.47473], [-70.745931, -35.45955], [-70.740364, -35.450335]]]}, "properties": {"name": "Laguna Mondaca", "comuna": "Molina", "provincia": "Curicó", "region": "Del Maule", "sup_km2": "17.59176", "ivvp": "79.15", "n_bovino": "0", "ha_bov": "0", "r_zclima": "> 25 c", "zonaclima": "2"}}, {"type": "Feature", "geometry": {"type": "Polygon", "coordinates": [[[-70.80947, -34.997547], [-70.818731, -34.996416], [-70.808637, -35.004944], [-70.80988, -35.009934], [-70.807576, -35.02506], [-70.809733, -35.028418], [-70.806513, -35.032519], [-70.81045, -35.043121], [-70.80799, -35.051227], [-70.814017, -35.062064], [-70.810684, -35.07049], [-70.814443, -35.087586], [-70.807926, -35.102546], [-70.794396, -35.116961], [-70.795291, -35.121798], [-70.782942, -35.126524], [-70.778608, -35.119664], [-70.779328, -35.108843], [-70.770077, -35.099133], [-70.767157, -35.090872], [-70.772907, -35.08816], [-70.768857, -35.074619], [-70.772162, -35.059613], [-70.769661, -35.055841], [-70.772818, -35.051039], [-70.76966, -35.046068], [-70.77045, -35.02971], [-70.764976, -35.013349], [-70.765563, -35.008296], [-70.768979, -35.000574], [-70.803144, -35.000418], [-70.80947, -34.997547]]]}, "properties": {"name": "Frutillar", "comuna": "Romeral", "provincia": "Curicó", "region": "Del Maule", "sup_km2": "47.11167", "ivvp": "86.77", "n_bovino": "0", "ha_bov": "0", "r_zclima": "> 25 c", "zonaclima": "2"}}, {"type": "Feature", "geometry": {"type": "Polygon", "coordinates": [[[-70.478633, -34.794031], [-70.479742, -34.78808], [-70.494715, -34.784015], [-70.498217, -34.777647], [-70.503176, -34.774425], [-70.505676, -34.775941], [-70.501411, -34.788599], [-70.504244, -34.799131], [-70.502904, -34.808724], [-70.488176, -34.805055], [-70.478633, -34.794031]]]}, "properties": {"name": "Los Cahillayes", "comuna": "San Fernando", "provincia": "Colchagua", "region": "L.G.B.O'Higgins", "sup_km2": "5.05979", "ivvp": "86.63", "n_bovino": "0", "ha_bov": "0", "r_zclima": "> 25 c", "zonaclima": "2"}}, {"type": "Feature", "geometry": {"type": "Polygon", "coordinates": [[[-70.766938, -35.001163], [-70.768665, -35.000664], [-70.764976, -35.013349], [-70.77045, -35.02971], [-70.76966, -35.046068], [-70.772818, -35.051039], [-70.769661, -35.055841], [-70.772162, -35.059613], [-70.768857, -35.074619], [-70.772907, -35.08816], [-70.768462, -35.090452], [-70.747654, -35.091619], [-70.734, -35.097784], [-70.710675, -35.099499], [-70.69402, -35.093075], [-70.692556, -35.088574], [-70.681386, -35.084726], [-70.670381, -35.09023], [-70.662881, -35.090576], [-70.65395, -35.07639], [-70.641417, -35.064104], [-70.640549, -35.059892], [-70.64364, -35.051501], [-70.649782, -35.045585], [-70.67109, -35.043025], [-70.688728, -35.034261], [-70.69864, -35.033473], [-70.703943, -35.027989], [-70.713981, -35.026748], [-70.724471, -35.017948], [-70.737874, -35.012276], [-70.74376, -35.006939], [-70.766938, -35.001163]]]}, "properties": {"name": "La Jaula", "comuna": "Romeral", "provincia": "Curicó", "region": "Del Maule", "sup_km2": "82.51919", "ivvp": "85.82", "n_bovino": "0", "ha_bov": "0", "r_zclima": "> 25 c", "zonaclima": "2"}}, {"type": "Feature", "geometry": {"type": "Polygon", "coordinates": [[[-70.391872, -30.904512], [-70.395716, -30.896207], [-70.402528, -30.889917], [-70.403852, -30.883073], [-70.411051, -30.878655], [-70.416413, -30.897227], [-70.41048, -30.910622], [-70.390747, -30.920426], [-70.391872, -30.904512]]]}, "properties": {"name": "Coloradito", "comuna": "Monte Patria", "provincia": "Limarí", "region": "Coquimbo", "sup_km2": "6.14502", "ivvp": "0", "n_bovino": "0", "ha_bov": "0"}}, {"type": "Feature", "geometry": {"type": "Polygon", "coordinates": [[[-70.377812, -30.986406], [-70.389609, -30.972548], [-70.388849, -30.94937], [-70.394434, -30.938186], [-70.412203, -30.974735], [-70.408066, -30.977054], [-70.403245, -30.984829], [-70.404117, -30.987129], [-70.39921, -30.989329], [-70.394293, -30.988128], [-70.387133, -30.991652], [-70.377812, -30.986406]]]}, "properties": {"name": "Cortadera", "comuna": "Monte Patria", "provincia": "Limarí", "region": "Coquimbo", "sup_km2": "8.91345", "ivvp": "0", "n_bovino": "0", "ha_bov": "0"}}, {"type": "Feature", "geometry": {"type": "Polygon", "coordinates": [[[-70.56252, -35.142573], [-70.565331, -35.144705], [-70.572943, -35.144606], [-70.58012, -35.139861], [-70.589002, -35.140597], [-70.598853, -35.136631], [-70.601706, -35.134352], [-70.606113, -35.121965], [-70.618974, -35.12467], [-70.633984, -35.10622], [-70.662057, -35.089415], [-70.670381, -35.09023], [-70.675061, -35.100926], [-70.66339, -35.121449], [-70.660339, -35.134393], [-70.654147, -35.144386], [-70.6414, -35.144483], [-70.6313, -35.160054], [-70.597381, -35.167512], [-70.594851, -35.165183], [-70.590499, -35.168382], [-70.588815, -35.174878], [-70.584757, -35.177293], [-70.580335, -35.175692], [-70.571491, -35.181271], [-70.570051, -35.184815], [-70.563376, -35.187534], [-70.555664, -35.180844], [-70.558907, -35.172715], [-70.557099, -35.16668], [-70.545073, -35.168218], [-70.548518, -35.164035], [-70.547713, -35.156738], [-70.557429, -35.15293], [-70.567058, -35.153509], [-70.565854, -35.149062], [-70.561547, -35.145633], [-70.56252, -35.142573]]]}, "properties": {"name": "Alto de Beiza", "comuna": "Romeral", "provincia": "Curicó", "region": "Del Maule", "sup_km2": "46.17521", "ivvp": "79.96", "n_bovino": "0", "ha_bov": "0", "r_zclima": "> 25 c", "zonaclima": "2"}}, {"type": "Feature", "geometry": {"type": "Polygon", "coordinates": [[[-70.371273, -35.040905], [-70.404959, -35.037568], [-70.408255, -35.044761], [-70.421829, -35.05357], [-70.421792, -35.062199], [-70.428211, -35.072993], [-70.422599, -35.076985], [-70.423643, -35.085043], [-70.421363, -35.091331], [-70.432677, -35.106805], [-70.443378, -35.110952], [-70.456839, -35.110431], [-70.469256, -35.108374], [-70.489618, -35.099334], [-70.484497, -35.121604], [-70.477048, -35.13677], [-70.455726, -35.144611], [-70.44733, -35.154323], [-70.44171, -35.148593], [-70.44324, -35.131344], [-70.438617, -35.131264], [-70.426067, -35.120295], [-70.411059, -35.120768], [-70.405426, -35.118309], [-70.380277, -35.084444], [-70.377799, -35.082683], [-70.37336, -35.084187], [-70.37093, -35.065826], [-70.37616, -35.048566], [-70.371273, -35.040905]]]}, "properties": {"name": "Pallejo", "comuna": "Romeral", "provincia": "Curicó", "region": "Del Maule", "sup_km2": "50.98781", "ivvp": "82.05", "n_bovino": "66", "ha_bov": "5.23", "r_zclima": "> 25 c", "zonaclima": "2"}}, {"type": "Feature", "geometry": {"type": "Polygon", "coordinates": [[[-70.510332, -35.060218], [-70.515069, -35.051562], [-70.51863, -35.049439], [-70.539739, -35.049524], [-70.546346, -35.045212], [-70.568138, -35.046005], [-70.585463, -35.041245], [-70.594455, -35.045729], [-70.599029, -35.045092], [-70.601686, -35.047825], [-70.608286, -35.046174], [-70.623971, -35.050522], [-70.633693, -35.047975], [-70.640202, -35.050047], [-70.645923, -35.048932], [-70.641305, -35.05697], [-70.641417, -35.064104], [-70.65395, -35.07639], [-70.662057, -35.089415], [-70.633984, -35.10622], [-70.618974, -35.12467], [-70.606113, -35.121965], [-70.601706, -35.134352], [-70.598853, -35.136631], [-70.589002, -35.140597], [-70.58012, -35.139861], [-70.572943, -35.144606], [-70.565331, -35.144705], [-70.56252, -35.142573], [-70.56032, -35.124398], [-70.552961, -35.102213], [-70.547635, -35.099879], [-70.510172, -35.097881], [-70.501261, -35.094678], [-70.496573, -35.089389], [-70.495414, -35.086978], [-70.5019, -35.070119], [-70.510332, -35.060218]]]}, "properties": {"name": "Los Cipreses", "comuna": "Romeral", "provincia": "Curicó", "region": "Del Maule", "sup_km2": "102.63046", "ivvp": "80.55", "n_bovino": "0", "ha_bov": "0", "r_zclima": "> 25 c", "zonaclima": "2"}}, {"type": "Feature", "geometry": {"type": "Polygon", "coordinates": [[[-70.3681, -35.120602], [-70.368661, -35.110765], [-70.358373, -35.097162], [-70.371957, -35.091509], [-70.37336, -35.084187], [-70.377799, -35.082683], [-70.405426, -35.118309], [-70.411059, -35.120768], [-70.426067, -35.120295], [-70.438617, -35.131264], [-70.44324, -35.131344], [-70.44171, -35.148593], [-70.44733, -35.154323], [-70.455726, -35.144611], [-70.474624, -35.139257], [-70.478103, -35.148542], [-70.489719, -35.161184], [-70.496253, -35.164237], [-70.512307, -35.179369], [-70.522453, -35.205705], [-70.509764, -35.201521], [-70.500853, -35.204828], [-70.489904, -35.200732], [-70.471645, -35.201152], [-70.455706, -35.189106], [-70.450402, -35.195189], [-70.436691, -35.192731], [-70.421583, -35.182788], [-70.4025, -35.179109], [-70.389364, -35.171263], [-70.377528, -35.170744], [-70.370606, -35.154122], [-70.371642, -35.148848], [-70.363873, -35.137152], [-70.3681, -35.120602]]]}, "properties": {"name": "Los Nacimientos", "comuna": "Romeral", "provincia": "Curicó", "region": "Del Maule", "sup_km2": "84.94299", "ivvp": "81.54", "n_bovino": "321", "ha_bov": "7.17", "r_zclima": "> 25 c", "zonaclima": "2"}}, {"type": "Feature", "geometry": {"type": "Polygon", "coordinates": [[[-70.725605, -35.494123], [-70.718853, -35.487954], [-70.713764, -35.474846], [-70.715343, -35.464942], [-70.709994, -35.460623], [-70.714607, -35.456622], [-70.713174, -35.452342], [-70.703791, -35.447625], [-70.7017, -35.441258], [-70.725495, -35.444414], [-70.733697, -35.449935], [-70.740364, -35.450335], [-70.745931, -35.45955], [-70.750668, -35.47473], [-70.757529, -35.479292], [-70.754894, -35.482882], [-70.745164, -35.486643], [-70.7389, -35.495834], [-70.725605, -35.494123]]]}, "properties": {"name": "San Jose", "comuna": "Molina", "provincia": "Curicó", "region": "Del Maule", "sup_km2": "15.97006", "ivvp": "78.85", "n_bovino": "0", "ha_bov": "0", "r_zclima": "> 25 c", "zonaclima": "2"}}, {"type": "Feature", "geometry": {"type": "Polygon", "coordinates": [[[-70.7037, -35.154712], [-70.69748, -35.153519], [-70.691562, -35.147494], [-70.688556, -35.138677], [-70.688573, -35.114798], [-70.6819, -35.095827], [-70.685997, -35.085663], [-70.692556, -35.088574], [-70.69402, -35.093075], [-70.710675, -35.099499], [-70.734, -35.097784], [-70.747654, -35.091619], [-70.767157, -35.090872], [-70.770077, -35.099133], [-70.779328, -35.108843], [-70.778608, -35.119664], [-70.783, -35.126888], [-70.764655, -35.136529], [-70.722652, -35.14417], [-70.7037, -35.154712]]]}, "properties": {"name": "Manantiales", "comuna": "Romeral", "provincia": "Curicó", "region": "Del Maule", "sup_km2": "44.32557", "ivvp": "85.55", "n_bovino": "0", "ha_bov": "0", "r_zclima": "> 25 c", "zonaclima": "2"}}, {"type": "Feature", "geometry": {"type": "Polygon", "coordinates": [[[-70.497376, -35.540691], [-70.49217, -35.53361], [-70.496215, -35.524468], [-70.495065, -35.515633], [-70.509574, -35.500004], [-70.530634, -35.491151], [-70.531176, -35.484973], [-70.539885, -35.4716], [-70.540597, -35.465497], [-70.555478, -35.469877], [-70.557506, -35.480205], [-70.561333, -35.482941], [-70.576075, -35.481916], [-70.58758, -35.474773], [-70.593417, -35.477131], [-70.599688, -35.483313], [-70.604024, -35.495174], [-70.618577, -35.50652], [-70.618541, -35.517718], [-70.62612, -35.531603], [-70.625432, -35.539046], [-70.627669, -35.543127], [-70.640823, -35.548425], [-70.647918, -35.555861], [-70.654174, -35.574852], [-70.65258, -35.58759], [-70.656814, -35.607095], [-70.663447, -35.623731], [-70.673154, -35.635335], [-70.673754, -35.641101], [-70.669055, -35.64996], [-70.668271, -35.645062], [-70.661035, -35.644689], [-70.654425, -35.635341], [-70.64973, -35.634747], [-70.647699, -35.628735], [-70.626508, -35.622838], [-70.615813, -35.6084], [-70.604436, -35.60591], [-70.591679, -35.599377], [-70.582218, -35.575196], [-70.567261, -35.563639], [-70.553988, -35.56277], [-70.542582, -35.558341], [-70.520826, -35.539455], [-70.497376, -35.540691]]]}, "properties": {"name": "Calabozos (Talca)", "comuna": "San Clemente", "provincia": "Talca", "region": "Del Maule", "sup_km2": "133.12928", "ivvp": "78.5", "n_bovino": "34", "ha_bov": "10.39", "r_zclima": "> 25 c", "zonaclima": "2"}}, {"type": "Feature", "geometry": {"type": "Polygon", "coordinates": [[[-70.489618, -35.099334], [-70.491766, -35.08957], [-70.495414, -35.086978], [-70.501261, -35.094678], [-70.510172, -35.097881], [-70.551491, -35.101132], [-70.56032, -35.124398], [-70.560405, -35.134414], [-70.563384, -35.140515], [-70.561547, -35.145633], [-70.565854, -35.149062], [-70.567058, -35.153509], [-70.557429, -35.15293], [-70.547713, -35.156738], [-70.548518, -35.164035], [-70.544585, -35.170338], [-70.539919, -35.167657], [-70.540002, -35.163589], [-70.530314, -35.148854], [-70.529265, -35.143998], [-70.532013, -35.14189], [-70.528617, -35.127998], [-70.517352, -35.126494], [-70.508952, -35.119756], [-70.488576, -35.115306], [-70.486178, -35.11025], [-70.489618, -35.099334]]]}, "properties": {"name": "Pichuante", "comuna": "Romeral", "provincia": "Curicó", "region": "Del Maule", "sup_km2": "28.64936", "ivvp": "78.55", "n_bovino": "0", "ha_bov": "10.05", "r_zclima": "> 25 c", "zonaclima": "2"}}, {"type": "Feature", "geometry": {"type": "Polygon", "coordinates": [[[-71.125508, -36.115128], [-71.128248, -36.112226], [-71.133572, -36.111834], [-71.148343, -36.097693], [-71.151359, -36.097914], [-71.152521, -36.114456], [-71.156489, -36.12169], [-71.154163, -36.129061], [-71.142252, -36.131794], [-71.131809, -36.125869], [-71.125508, -36.115128]]]}, "properties": {"name": "Los Pangues", "comuna": "Longaví", "provincia": "Linares", "region": "Del Maule", "sup_km2": "5.97599", "ivvp": "90.78", "n_bovino": "0", "ha_bov": "14.5", "r_zclima": "0-15 c", "zonaclima": "1"}}, {"type": "Feature", "geometry": {"type": "Polygon", "coordinates": [[[-70.670381, -35.09023], [-70.679201, -35.085365], [-70.685997, -35.085663], [-70.6819, -35.095827], [-70.688573, -35.114798], [-70.688556, -35.138677], [-70.691562, -35.147494], [-70.69748, -35.153519], [-70.7037, -35.154712], [-70.700668, -35.160966], [-70.695384, -35.163853], [-70.679377, -35.189244], [-70.670374, -35.195144], [-70.664796, -35.203781], [-70.653488, -35.205176], [-70.645564, -35.210003], [-70.646364, -35.21221], [-70.641188, -35.216433], [-70.640423, -35.220311], [-70.628041, -35.224769], [-70.627918, -35.231691], [-70.631188, -35.238206], [-70.627249, -35.254956], [-70.620341, -35.260837], [-70.603217, -35.259158], [-70.589089, -35.260526], [-70.586111, -35.26212], [-70.586289, -35.266008], [-70.581677, -35.272748], [-70.563401, -35.237988], [-70.56766, -35.223691], [-70.546124, -35.207285], [-70.541139, -35.205358], [-70.522453, -35.205705], [-70.511324, -35.17807], [-70.496253, -35.164237], [-70.489719, -35.161184], [-70.477744, -35.147973], [-70.474624, -35.139257], [-70.484165, -35.122487], [-70.485873, -35.113635], [-70.498213, -35.11676], [-70.500992, -35.119494], [-70.508952, -35.119756], [-70.517352, -35.126494], [-70.528617, -35.127998], [-70.532013, -35.14189], [-70.529265, -35.143998], [-70.530314, -35.148854], [-70.540002, -35.163589], [-70.539168, -35.167035], [-70.544585, -35.170338], [-70.545073, -35.168218], [-70.557099, -35.16668], [-70.558907, -35.172715], [-70.555664, -35.180844], [-70.563376, -35.187534], [-70.570051, -35.184815], [-70.571491, -35.181271], [-70.580335, -35.175692], [-70.584757, -35.177293], [-70.588815, -35.174878], [-70.590499, -35.168382], [-70.594851, -35.165183], [-70.597381, -35.167512], [-70.6313, -35.160054], [-70.6414, -35.144483], [-70.654147, -35.144386], [-70.660339, -35.134393], [-70.66339, -35.121449], [-70.675026, -35.10245], [-70.670381, -35.09023]]]}, "properties": {"name": "Carrizales", "comuna": "Romeral", "provincia": "Curicó", "region": "Del Maule", "sup_km2": "149.28978", "ivvp": "80.16", "n_bovino": "559", "ha_bov": "2.34", "r_zclima": "> 25 c", "zonaclima": "2"}}, {"type": "Feature", "geometry": {"type": "Polygon", "coordinates": [[[-70.316739, -34.264741], [-70.333485, -34.261435], [-70.340024, -34.256485], [-70.345622, -34.257254], [-70.337238, -34.27722], [-70.326285, -34.275396], [-70.314669, -34.287925], [-70.313968, -34.274469], [-70.316739, -34.264741]]]}, "properties": {"name": "Rincon de Maitenes", "comuna": "Machalí", "provincia": "Cachapoal", "region": "L.G.B.O'Higgins", "sup_km2": "4.38782", "ivvp": "86.72", "n_bovino": "0", "ha_bov": "0", "r_zclima": "0-15 c", "zonaclima": "1"}}, {"type": "Feature", "geometry": {"type": "Polygon", "coordinates": [[[-70.795291, -35.121798], [-70.794396, -35.116961], [-70.796945, -35.112726], [-70.806179, -35.104934], [-70.809254, -35.099353], [-70.82545, -35.113702], [-70.832271, -35.132744], [-70.833253, -35.152351], [-70.8301, -35.161204], [-70.823166, -35.167014], [-70.816764, -35.167674], [-70.80156, -35.175776], [-70.804984, -35.159727], [-70.8026, -35.15585], [-70.804612, -35.154797], [-70.801173, -35.151936], [-70.801822, -35.14662], [-70.794284, -35.132496], [-70.795291, -35.121798]]]}, "properties": {"name": "Maitenes", "comuna": "Romeral", "provincia": "Curicó", "region": "Del Maule", "sup_km2": "19.63239", "ivvp": "89.98", "n_bovino": "0", "ha_bov": "0", "r_zclima": "> 25 c", "zonaclima": "2"}}, {"type": "Feature", "geometry": {"type": "Polygon", "coordinates": [[[-70.327027, -34.090655], [-70.335074, -34.09073], [-70.336698, -34.099924], [-70.335137, -34.102989], [-70.340128, -34.10513], [-70.342486, -34.1118], [-70.335884, -34.117707], [-70.33584, -34.128069], [-70.315882, -34.13457], [-70.296443, -34.135588], [-70.304079, -34.123469], [-70.304323, -34.117834], [-70.311712, -34.104648], [-70.314092, -34.093089], [-70.327027, -34.090655]]]}, "properties": {"name": "La Matancilla", "comuna": "Machalí", "provincia": "Cachapoal", "region": "L.G.B.O'Higgins", "sup_km2": "13.09304", "ivvp": "85.52", "n_bovino": "0", "ha_bov": "0", "r_zclima": "0-15 c", "zonaclima": "1"}}, {"type": "Feature", "geometry": {"type": "Polygon", "coordinates": [[[-70.782942, -35.126524], [-70.788574, -35.122871], [-70.795908, -35.12233], [-70.794284, -35.132496], [-70.801822, -35.14662], [-70.801173, -35.151936], [-70.804612, -35.154797], [-70.8026, -35.15585], [-70.804984, -35.159727], [-70.801558, -35.175776], [-70.778615, -35.179515], [-70.772524, -35.176768], [-70.765675, -35.180484], [-70.761769, -35.16575], [-70.763988, -35.158961], [-70.762234, -35.15162], [-70.758836, -35.148352], [-70.761395, -35.142031], [-70.756029, -35.139332], [-70.782942, -35.126524]]]}, "properties": {"name": "Polanco", "comuna": "Romeral", "provincia": "Curicó", "region": "Del Maule", "sup_km2": "19.29445", "ivvp": "86.71", "n_bovino": "0", "ha_bov": "0", "r_zclima": "> 25 c", "zonaclima": "2"}}, {"type": "Feature", "geometry": {"type": "Polygon", "coordinates": [[[-70.534463, -31.122814], [-70.552215, -31.124757], [-70.552352, -31.12859], [-70.557605, -31.133502], [-70.577912, -31.131545], [-70.580469, -31.132425], [-70.579845, -31.137552], [-70.574367, -31.144547], [-70.56421, -31.145907], [-70.553725, -31.143472], [-70.546141, -31.135859], [-70.535115, -31.129924], [-70.534463, -31.122814]]]}, "properties": {"name": "Corral Armado", "comuna": "Monte Patria", "provincia": "Limarí", "region": "Coquimbo", "sup_km2": "5.51728", "ivvp": "0", "n_bovino": "0", "ha_bov": "0"}}, {"type": "Feature", "geometry": {"type": "Polygon", "coordinates": [[[-70.724196, -35.14436], [-70.741795, -35.141715], [-70.74375, -35.13941], [-70.756525, -35.138387], [-70.757493, -35.140915], [-70.761214, -35.141267], [-70.758836, -35.148352], [-70.762234, -35.15162], [-70.763988, -35.158961], [-70.761769, -35.16575], [-70.764103, -35.178298], [-70.765675, -35.180484], [-70.773702, -35.176999], [-70.782967, -35.188098], [-70.789785, -35.191523], [-70.802886, -35.205219], [-70.802704, -35.212827], [-70.805764, -35.220107], [-70.80413, -35.22468], [-70.810952, -35.22969], [-70.811591, -35.241044], [-70.816703, -35.251579], [-70.822991, -35.260676], [-70.83968, -35.2691], [-70.834128, -35.280585], [-70.827382, -35.279591], [-70.81955, -35.272898], [-70.807147, -35.274162], [-70.80137, -35.266138], [-70.797429, -35.265426], [-70.789178, -35.271192], [-70.769836, -35.262907], [-70.761959, -35.270708], [-70.746556, -35.279641], [-70.734104, -35.263831], [-70.725493, -35.263003], [-70.726473, -35.252661], [-70.732828, -35.245425], [-70.735198, -35.235826], [-70.73381, -35.228845], [-70.736255, -35.222932], [-70.733807, -35.21515], [-70.725256, -35.206473], [-70.724649, -35.195784], [-70.735969, -35.189415], [-70.750682, -35.188487], [-70.736689, -35.185907], [-70.734093, -35.183221], [-70.728721, -35.173557], [-70.72743, -35.164568], [-70.720691, -35.158132], [-70.71952, -35.153952], [-70.724196, -35.14436]]]}, "properties": {"name": "Vacas Gordas", "comuna": "Curicó", "provincia": "Curicó", "region": "Del Maule", "sup_km2": "85.44213", "ivvp": "84.63", "n_bovino": "0", "ha_bov": "0", "r_zclima": "> 25 c", "zonaclima": "2"}}, {"type": "Feature", "geometry": {"type": "Polygon", "coordinates": [[[-70.190292, -34.169642], [-70.19562, -34.155549], [-70.191923, -34.141319], [-70.185398, -34.13745], [-70.19677, -34.13408], [-70.205628, -34.136496], [-70.207715, -34.142026], [-70.21973, -34.152061], [-70.217242, -34.161613], [-70.217301, -34.179788], [-70.224289, -34.180445], [-70.227506, -34.187095], [-70.24209, -34.20341], [-70.241672, -34.207653], [-70.236413, -34.205213], [-70.223532, -34.190327], [-70.211046, -34.180455], [-70.190292, -34.169642]]]}, "properties": {"name": "Q. Flores", "comuna": "Machalí", "provincia": "Cachapoal", "region": "L.G.B.O'Higgins", "sup_km2": "11.77316", "ivvp": "82.39", "n_bovino": "0", "ha_bov": "0", "r_zclima": "0-15 c", "zonaclima": "1"}}, {"type": "Feature", "geometry": {"type": "Polygon", "coordinates": [[[-70.503715, -35.850737], [-70.524436, -35.838819], [-70.550939, -35.835591], [-70.556375, -35.836494], [-70.557751, -35.845244], [-70.568363, -35.852241], [-70.570547, -35.858239], [-70.555139, -35.865259], [-70.551162, -35.875029], [-70.536481, -35.874808], [-70.51603, -35.866634], [-70.511188, -35.850414], [-70.503715, -35.850737]]]}, "properties": {"name": "Puesto tablas", "comuna": "San Clemente", "provincia": "Talca", "region": "Del Maule", "sup_km2": "16.45614", "ivvp": "79.89", "n_bovino": "0", "ha_bov": "7.15", "r_zclima": "> 25 c", "zonaclima": "2"}}, {"type": "Feature", "geometry": {"type": "Polygon", "coordinates": [[[-70.7037, -35.154712], [-70.724196, -35.14436], [-70.71952, -35.153952], [-70.720691, -35.158132], [-70.72743, -35.164568], [-70.728721, -35.173557], [-70.734093, -35.183221], [-70.736689, -35.185907], [-70.750682, -35.188487], [-70.734998, -35.189745], [-70.725635, -35.194188], [-70.724294, -35.200234], [-70.721196, -35.201861], [-70.693637, -35.208511], [-70.683365, -35.216358], [-70.668123, -35.210132], [-70.664261, -35.204627], [-70.667115, -35.199241], [-70.679377, -35.189244], [-70.682558, -35.181474], [-70.7037, -35.154712]]]}, "properties": {"name": "Paulo", "comuna": "Romeral", "provincia": "Curicó", "region": "Del Maule", "sup_km2": "25.67052", "ivvp": "82.2", "n_bovino": "0", "ha_bov": "0", "r_zclima": "> 25 c", "zonaclima": "2"}}, {"type": "Feature", "geometry": {"type": "Polygon", "coordinates": [[[-70.70409, -35.206624], [-70.724294, -35.200234], [-70.727438, -35.210612], [-70.73522, -35.217618], [-70.735198, -35.235826], [-70.732828, -35.245425], [-70.725644, -35.255215], [-70.725493, -35.263003], [-70.721633, -35.271722], [-70.72354, -35.277667], [-70.716579, -35.28245], [-70.723174, -35.299301], [-70.735685, -35.308891], [-70.737603, -35.313231], [-70.743665, -35.31419], [-70.730457, -35.317044], [-70.711433, -35.315998], [-70.684639, -35.324809], [-70.677627, -35.330023], [-70.667846, -35.331118], [-70.660603, -35.330366], [-70.648571, -35.322755], [-70.635408, -35.326819], [-70.621269, -35.321672], [-70.601208, -35.325465], [-70.595722, -35.322995], [-70.588969, -35.323602], [-70.576304, -35.316051], [-70.573147, -35.301531], [-70.578147, -35.286824], [-70.574136, -35.288612], [-70.583392, -35.279111], [-70.580561, -35.274188], [-70.586289, -35.266008], [-70.586111, -35.26212], [-70.603217, -35.259158], [-70.620341, -35.260837], [-70.627249, -35.254956], [-70.631188, -35.238206], [-70.627918, -35.231691], [-70.62844, -35.224358], [-70.640423, -35.220311], [-70.641188, -35.216433], [-70.646364, -35.21221], [-70.645564, -35.210003], [-70.653488, -35.205176], [-70.664324, -35.204026], [-70.668123, -35.210132], [-70.683365, -35.216358], [-70.692832, -35.208883], [-70.70409, -35.206624]]]}, "properties": {"name": "Ladera de Vásquez", "comuna": "Curicó", "provincia": "Curicó", "region": "Del Maule", "sup_km2": "145.7359", "ivvp": "80.54", "n_bovino": "168", "ha_bov": "7.96", "r_zclima": "> 25 c", "zonaclima": "2"}}, {"type": "Feature", "geometry": {"type": "Polygon", "coordinates": [[[-70.743848, -35.313894], [-70.737603, -35.313231], [-70.735685, -35.308891], [-70.723174, -35.299301], [-70.716882, -35.284501], [-70.717161, -35.281067], [-70.72354, -35.277667], [-70.721633, -35.271722], [-70.725493, -35.263003], [-70.734104, -35.263831], [-70.746556, -35.279641], [-70.761959, -35.270708], [-70.768681, -35.263195], [-70.789178, -35.271192], [-70.79809, -35.26534], [-70.802141, -35.26688], [-70.807147, -35.274162], [-70.81955, -35.272898], [-70.828522, -35.279962], [-70.86232, -35.289981], [-70.871998, -35.289002], [-70.8796, -35.291426], [-70.908682, -35.308686], [-70.928447, -35.307069], [-70.936408, -35.309385], [-70.928172, -35.31109], [-70.927969, -35.31483], [-70.918236, -35.321598], [-70.917501, -35.326009], [-70.912007, -35.330671], [-70.890082, -35.325115], [-70.87965, -35.312183], [-70.85713, -35.306694], [-70.843691, -35.305556], [-70.809655, -35.313923], [-70.771077, -35.315766], [-70.743848, -35.313894]]]}, "properties": {"name": "Los Retamos", "comuna": "Curicó", "provincia": "Curicó", "region": "Del Maule", "sup_km2": "66.92357", "ivvp": "88.9", "n_bovino": "0", "ha_bov": "0", "r_zclima": "> 25 c", "zonaclima": "2"}}, {"type": "Feature", "geometry": {"type": "Polygon", "coordinates": [[[-70.565399, -35.299534], [-70.571104, -35.291136], [-70.578147, -35.286824], [-70.573147, -35.301531], [-70.57315, -35.308216], [-70.579196, -35.318447], [-70.588969, -35.323602], [-70.595722, -35.322995], [-70.601208, -35.325465], [-70.625324, -35.322082], [-70.635408, -35.326819], [-70.639036, -35.325823], [-70.637759, -35.329289], [-70.619777, -35.330992], [-70.616062, -35.341496], [-70.601017, -35.344518], [-70.577445, -35.33423], [-70.573509, -35.34588], [-70.563598, -35.350052], [-70.556205, -35.349124], [-70.552221, -35.351335], [-70.540111, -35.368714], [-70.530976, -35.372838], [-70.531217, -35.379164], [-70.52528, -35.375132], [-70.521145, -35.367327], [-70.515975, -35.3648], [-70.511669, -35.355834], [-70.50691, -35.354036], [-70.496548, -35.332793], [-70.489395, -35.327715], [-70.476722, -35.328294], [-70.471447, -35.316719], [-70.473973, -35.312763], [-70.481644, -35.314915], [-70.489704, -35.321072], [-70.49896, -35.322075], [-70.504805, -35.319374], [-70.514088, -35.309118], [-70.53853, -35.306137], [-70.552036, -35.299664], [-70.565399, -35.299534]]]}, "properties": {"name": "Valle Grande", "comuna": "Curicó", "provincia": "Curicó", "region": "Del Maule", "sup_km2": "52.71412", "ivvp": "79.36", "n_bovino": "204", "ha_bov": "2.12", "r_zclima": "> 25 c", "zonaclima": "2"}}, {"type": "Feature", "geometry": {"type": "Polygon", "coordinates": [[[-70.494907, -34.64753], [-70.489305, -34.638893], [-70.489579, -34.630847], [-70.493979, -34.634066], [-70.50737, -34.632941], [-70.512687, -34.635346], [-70.529109, -34.636006], [-70.545482, -34.646855], [-70.552622, -34.647769], [-70.556781, -34.652509], [-70.549943, -34.659232], [-70.550781, -34.665953], [-70.546704, -34.671523], [-70.526433, -34.678992], [-70.51512, -34.664949], [-70.494907, -34.64753]]]}, "properties": {"name": "Las Launas", "comuna": "San Fernando", "provincia": "Colchagua", "region": "L.G.B.O'Higgins", "sup_km2": "17.79325", "ivvp": "88.28", "n_bovino": "0", "ha_bov": "0", "r_zclima": "> 25 c", "zonaclima": "2"}}, {"type": "Feature", "geometry": {"type": "Polygon", "coordinates": [[[-70.765548, -35.315184], [-70.809655, -35.313923], [-70.843691, -35.305556], [-70.85713, -35.306694], [-70.87965, -35.312183], [-70.894024, -35.327984], [-70.870264, -35.348241], [-70.85133, -35.352829], [-70.850463, -35.362403], [-70.848115, -35.364089], [-70.836354, -35.366544], [-70.826576, -35.372737], [-70.830863, -35.377627], [-70.830037, -35.391865], [-70.850761, -35.399447], [-70.849934, -35.401488], [-70.839013, -35.408714], [-70.826425, -35.4106], [-70.820116, -35.417659], [-70.802707, -35.427558], [-70.788186, -35.427869], [-70.773636, -35.421524], [-70.763605, -35.420788], [-70.755042, -35.407511], [-70.749626, -35.403866], [-70.750012, -35.394359], [-70.754592, -35.388008], [-70.735082, -35.373892], [-70.736217, -35.363562], [-70.728451, -35.351476], [-70.728283, -35.343553], [-70.732654, -35.337072], [-70.756141, -35.330575], [-70.765548, -35.315184]]]}, "properties": {"name": "Los Carrizales", "comuna": "Molina", "provincia": "Curicó", "region": "Del Maule", "sup_km2": "120.08316", "ivvp": "87.67", "n_bovino": "0", "ha_bov": "0", "r_zclima": "> 25 c", "zonaclima": "2"}}, {"type": "Feature", "geometry": {"type": "Polygon", "coordinates": [[[-70.461934, -35.318857], [-70.465817, -35.312863], [-70.473397, -35.312731], [-70.471447, -35.316719], [-70.476252, -35.327962], [-70.489395, -35.327715], [-70.496548, -35.332793], [-70.50691, -35.354036], [-70.511669, -35.355834], [-70.515975, -35.3648], [-70.521451, -35.367616], [-70.525963, -35.375863], [-70.538265, -35.384096], [-70.545295, -35.385909], [-70.555391, -35.378734], [-70.562205, -35.377388], [-70.548012, -35.386072], [-70.537334, -35.388774], [-70.528774, -35.399823], [-70.508028, -35.396442], [-70.499802, -35.391576], [-70.486452, -35.394022], [-70.48092, -35.397688], [-70.466424, -35.396751], [-70.451025, -35.391489], [-70.449637, -35.397496], [-70.44791, -35.387321], [-70.438445, -35.382388], [-70.425212, -35.370682], [-70.41827, -35.352256], [-70.426537, -35.346292], [-70.433584, -35.335336], [-70.436168, -35.329656], [-70.435152, -35.318322], [-70.436993, -35.315325], [-70.44835, -35.314668], [-70.461934, -35.318857]]]}, "properties": {"name": "Las Bayas", "comuna": "Curicó", "provincia": "Curicó", "region": "Del Maule", "sup_km2": "63.07095", "ivvp": "79.78", "n_bovino": "82", "ha_bov": "2.32", "r_zclima": "> 25 c", "zonaclima": "2"}}, {"type": "Feature", "geometry": {"type": "Polygon", "coordinates": [[[-70.506709, -31.063532], [-70.507861, -31.056711], [-70.50478, -31.050888], [-70.504329, -31.040374], [-70.515369, -31.045464], [-70.521335, -31.058177], [-70.527161, -31.063557], [-70.514659, -31.067381], [-70.506709, -31.063532]]]}, "properties": {"name": "Cordillera Carrizal", "comuna": "Monte Patria", "provincia": "Limarí", "region": "Coquimbo", "sup_km2": "3.30853", "ivvp": "0", "n_bovino": "0", "ha_bov": "0"}}, {"type": "Feature", "geometry": {"type": "Polygon", "coordinates": [[[-70.743848, -35.313894], [-70.765548, -35.315184], [-70.756141, -35.330575], [-70.740301, -35.336326], [-70.732654, -35.337072], [-70.727952, -35.334953], [-70.69954, -35.34077], [-70.69334, -35.339495], [-70.68386, -35.348188], [-70.678504, -35.346933], [-70.671397, -35.349362], [-70.670041, -35.347753], [-70.668732, -35.337061], [-70.671969, -35.330308], [-70.677627, -35.330023], [-70.684639, -35.324809], [-70.711433, -35.315998], [-70.730457, -35.317044], [-70.743848, -35.313894]]]}, "properties": {"name": "San Pedro Bajo", "comuna": "Molina", "provincia": "Curicó", "region": "Del Maule", "sup_km2": "18.18681", "ivvp": "84.31", "n_bovino": "0", "ha_bov": "0", "r_zclima": "> 25 c", "zonaclima": "2"}}, {"type": "Feature", "geometry": {"type": "Polygon", "coordinates": [[[-70.653212, -36.143858], [-70.655335, -36.132899], [-70.67178, -36.119482], [-70.683452, -36.116042], [-70.688758, -36.118099], [-70.699518, -36.115968], [-70.703517, -36.118426], [-70.703412, -36.126586], [-70.71446, -36.132391], [-70.712049, -36.136992], [-70.719516, -36.144687], [-70.722692, -36.145011], [-70.721983, -36.150741], [-70.707679, -36.157111], [-70.700695, -36.156566], [-70.701223, -36.154814], [-70.697476, -36.153164], [-70.686791, -36.156826], [-70.661976, -36.151341], [-70.653212, -36.143858]]]}, "properties": {"name": "El Hoyo", "comuna": "Colbún", "provincia": "Linares", "region": "Del Maule", "sup_km2": "19.59931", "ivvp": "79.81", "n_bovino": "0", "ha_bov": "0", "r_zclima": "> 25 c", "zonaclima": "2"}}, {"type": "Feature", "geometry": {"type": "Polygon", "coordinates": [[[-70.639036, -35.325823], [-70.646611, -35.322727], [-70.652381, -35.323532], [-70.661331, -35.330581], [-70.659083, -35.335999], [-70.642928, -35.348035], [-70.638092, -35.347965], [-70.62638, -35.355038], [-70.602781, -35.377239], [-70.576105, -35.378889], [-70.571769, -35.373685], [-70.556988, -35.377974], [-70.545295, -35.385909], [-70.531247, -35.379479], [-70.530976, -35.372838], [-70.540111, -35.368714], [-70.552221, -35.351335], [-70.556205, -35.349124], [-70.563598, -35.350052], [-70.573509, -35.34588], [-70.577445, -35.33423], [-70.601017, -35.344518], [-70.616062, -35.341496], [-70.619777, -35.330992], [-70.63499, -35.330593], [-70.639036, -35.325823]]]}, "properties": {"name": "Las Yeguas", "comuna": "Curicó", "provincia": "Curicó", "region": "Del Maule", "sup_km2": "34.79773", "ivvp": "80.1", "n_bovino": "0", "ha_bov": "0", "r_zclima": "> 25 c", "zonaclima": "2"}}, {"type": "Feature", "geometry": {"type": "Polygon", "coordinates": [[[-70.202398, -34.358195], [-70.197807, -34.35424], [-70.194716, -34.342647], [-70.18802, -34.335399], [-70.184187, -34.313487], [-70.18402, -34.302311], [-70.196751, -34.296898], [-70.198109, -34.311863], [-70.214962, -34.336509], [-70.201706, -34.349824], [-70.201205, -34.355077], [-70.204109, -34.357357], [-70.202398, -34.358195]]]}, "properties": {"name": "Q. de Reyes", "comuna": "Machalí", "provincia": "Cachapoal", "region": "L.G.B.O'Higgins", "sup_km2": "8.90392", "ivvp": "85.55", "n_bovino": "0", "ha_bov": "0", "r_zclima": "0-15 c", "zonaclima": "1"}}, {"type": "Feature", "geometry": {"type": "Polygon", "coordinates": [[[-70.661331, -35.330581], [-70.671969, -35.330308], [-70.668354, -35.341403], [-70.670689, -35.34902], [-70.680992, -35.346804], [-70.68386, -35.348188], [-70.683637, -35.350761], [-70.672481, -35.362005], [-70.666461, -35.361809], [-70.667783, -35.375553], [-70.664532, -35.38075], [-70.613876, -35.405599], [-70.609034, -35.410307], [-70.611373, -35.416578], [-70.607315, -35.421762], [-70.60284, -35.423129], [-70.593847, -35.417167], [-70.588059, -35.416165], [-70.582303, -35.408014], [-70.583087, -35.401391], [-70.570304, -35.389964], [-70.554434, -35.38187], [-70.571769, -35.373685], [-70.576105, -35.378889], [-70.602781, -35.377239], [-70.62638, -35.355038], [-70.638092, -35.347965], [-70.642928, -35.348035], [-70.654202, -35.340362], [-70.661331, -35.330581]]]}, "properties": {"name": "Los Llolles", "comuna": "Molina", "provincia": "Curicó", "region": "Del Maule", "sup_km2": "42.95059", "ivvp": "79.38", "n_bovino": "0", "ha_bov": "0", "r_zclima": "> 25 c", "zonaclima": "2"}}, {"type": "Feature", "geometry": {"type": "Polygon", "coordinates": [[[-70.757529, -35.479292], [-70.76285, -35.477334], [-70.770235, -35.464893], [-70.78079, -35.465058], [-70.785667, -35.46824], [-70.796693, -35.466959], [-70.795572, -35.471253], [-70.804218, -35.479085], [-70.803639, -35.487626], [-70.810141, -35.490279], [-70.816011, -35.489731], [-70.820357, -35.492724], [-70.81756, -35.498303], [-70.820776, -35.507369], [-70.81615, -35.509553], [-70.80304, -35.50512], [-70.787055, -35.505543], [-70.78924, -35.51687], [-70.776858, -35.520096], [-70.774465, -35.529169], [-70.760777, -35.539539], [-70.761628, -35.542416], [-70.766635, -35.544416], [-70.76985, -35.554799], [-70.765857, -35.560064], [-70.75866, -35.561815], [-70.749234, -35.572306], [-70.747163, -35.571376], [-70.746156, -35.565269], [-70.749992, -35.557699], [-70.73853, -35.552077], [-70.734515, -35.543909], [-70.735445, -35.54023], [-70.730709, -35.53424], [-70.731605, -35.524653], [-70.725605, -35.494123], [-70.7389, -35.495834], [-70.745164, -35.486643], [-70.754894, -35.482882], [-70.757529, -35.479292]]]}, "properties": {"name": "El Volcán", "comuna": "Molina", "provincia": "Curicó", "region": "Del Maule", "sup_km2": "46.71995", "ivvp": "78.82", "n_bovino": "0", "ha_bov": "0", "r_zclima": "> 25 c", "zonaclima": "2"}}, {"type": "Feature", "geometry": {"type": "Polygon", "coordinates": [[[-70.400944, -34.361534], [-70.405437, -34.351284], [-70.409335, -34.352118], [-70.411299, -34.356987], [-70.409172, -34.360371], [-70.400944, -34.361534]]]}, "properties": {"name": "Torno", "comuna": "Machalí", "provincia": "Cachapoal", "region": "L.G.B.O'Higgins", "sup_km2": "0.7432", "ivvp": "89.88", "n_bovino": "0", "ha_bov": "0", "r_zclima": "> 25 c", "zonaclima": "2"}}, {"type": "Feature", "geometry": {"type": "Polygon", "coordinates": [[[-70.541696, -34.882855], [-70.551119, -34.890115], [-70.551878, -34.898819], [-70.546208, -34.906254], [-70.535995, -34.909066], [-70.530492, -34.897689], [-70.532632, -34.891215], [-70.541696, -34.882855]]]}, "properties": {"name": "El Quillay", "comuna": "San Fernando", "provincia": "Colchagua", "region": "L.G.B.O'Higgins", "sup_km2": "3.8908", "ivvp": "91.05", "n_bovino": "0", "ha_bov": "0", "r_zclima": "> 25 c", "zonaclima": "2"}}, {"type": "Feature", "geometry": {"type": "Polygon", "coordinates": [[[-70.750023, -35.572146], [-70.75866, -35.561815], [-70.765857, -35.560064], [-70.76985, -35.554799], [-70.766635, -35.544416], [-70.761628, -35.542416], [-70.760777, -35.539539], [-70.774465, -35.529169], [-70.776858, -35.520096], [-70.78924, -35.51687], [-70.787055, -35.505543], [-70.80304, -35.50512], [-70.81615, -35.509553], [-70.820776, -35.507369], [-70.825614, -35.510965], [-70.826821, -35.51939], [-70.816538, -35.527068], [-70.827837, -35.53346], [-70.834376, -35.545076], [-70.849681, -35.555697], [-70.856823, -35.556912], [-70.858245, -35.567825], [-70.874707, -35.575409], [-70.867694, -35.589617], [-70.87331, -35.598369], [-70.873439, -35.603916], [-70.878939, -35.60987], [-70.885339, -35.614332], [-70.892738, -35.615816], [-70.909315, -35.613567], [-70.919113, -35.61598], [-70.927476, -35.612804], [-70.927841, -35.614658], [-70.922275, -35.619509], [-70.908639, -35.617679], [-70.896165, -35.61958], [-70.887798, -35.626734], [-70.877888, -35.62661], [-70.864666, -35.617786], [-70.852674, -35.617219], [-70.842735, -35.625836], [-70.830216, -35.632514], [-70.770997, -35.637632], [-70.759408, -35.641818], [-70.755089, -35.626221], [-70.748014, -35.615087], [-70.747193, -35.599552], [-70.752705, -35.592747], [-70.749967, -35.588112], [-70.751579, -35.582847], [-70.750023, -35.572146]]]}, "properties": {"name": "El Blanquillo", "comuna": "San Clemente", "provincia": "Talca", "region": "Del Maule", "sup_km2": "120.17533", "ivvp": "78.94", "n_bovino": "0", "ha_bov": "0", "r_zclima": "> 25 c", "zonaclima": "2"}}, {"type": "Feature", "geometry": {"type": "Polygon", "coordinates": [[[-70.459298, -31.048397], [-70.472293, -31.040937], [-70.48177, -31.056148], [-70.461787, -31.063769], [-70.459298, -31.048397]]]}, "properties": {"name": "Chacayes", "comuna": "Monte Patria", "provincia": "Limarí", "region": "Coquimbo", "sup_km2": "3.21077", "ivvp": "0", "n_bovino": "0", "ha_bov": "0"}}, {"type": "Feature", "geometry": {"type": "Polygon", "coordinates": [[[-70.618748, -35.514641], [-70.633606, -35.513521], [-70.641692, -35.515246], [-70.654155, -35.523572], [-70.663936, -35.524429], [-70.669157, -35.528748], [-70.67706, -35.521886], [-70.686141, -35.521885], [-70.697236, -35.528847], [-70.711083, -35.533299], [-70.719895, -35.542365], [-70.734515, -35.543909], [-70.73853, -35.552077], [-70.749992, -35.557699], [-70.746176, -35.567333], [-70.747163, -35.571376], [-70.750023, -35.572146], [-70.751579, -35.582847], [-70.749967, -35.588112], [-70.752705, -35.592747], [-70.749126, -35.596071], [-70.72904, -35.603384], [-70.714842, -35.602695], [-70.710836, -35.604852], [-70.696714, -35.639779], [-70.689303, -35.646919], [-70.675026, -35.647434], [-70.669055, -35.64996], [-70.673754, -35.641101], [-70.673154, -35.635335], [-70.663447, -35.623731], [-70.656814, -35.607095], [-70.65258, -35.58759], [-70.652966, -35.568508], [-70.645806, -35.552076], [-70.627669, -35.543127], [-70.625432, -35.539046], [-70.62612, -35.531603], [-70.618748, -35.514641]]]}, "properties": {"name": "Meneses Barroso", "comuna": "San Clemente", "provincia": "Talca", "region": "Del Maule", "sup_km2": "92.45536", "ivvp": "78.49", "n_bovino": "0", "ha_bov": "0", "r_zclima": "> 25 c", "zonaclima": "2"}}, {"type": "Feature", "geometry": {"type": "Polygon", "coordinates": [[[-70.402803, -34.433088], [-70.397424, -34.41819], [-70.408904, -34.407823], [-70.415103, -34.413122], [-70.41356, -34.423915], [-70.417408, -34.431788], [-70.411198, -34.435701], [-70.402803, -34.433088]]]}, "properties": {"name": "Placeta Nogales", "comuna": "Machalí", "provincia": "Cachapoal", "region": "L.G.B.O'Higgins", "sup_km2": "3.67995", "ivvp": "87.55", "n_bovino": "0", "ha_bov": "0", "r_zclima": "> 25 c", "zonaclima": "2"}}, {"type": "Feature", "geometry": {"type": "Polygon", "coordinates": [[[-70.498157, -35.563603], [-70.521787, -35.571867], [-70.536021, -35.581703], [-70.566504, -35.594942], [-70.575074, -35.60504], [-70.579529, -35.624415], [-70.587978, -35.627752], [-70.595348, -35.638617], [-70.618599, -35.647354], [-70.628216, -35.657421], [-70.634183, -35.668158], [-70.628905, -35.679765], [-70.637143, -35.678075], [-70.645677, -35.680402], [-70.645375, -35.69099], [-70.641448, -35.691413], [-70.632414, -35.686871], [-70.621666, -35.688147], [-70.603874, -35.700935], [-70.594318, -35.714418], [-70.588476, -35.710457], [-70.582029, -35.696248], [-70.570633, -35.687228], [-70.567832, -35.672421], [-70.558961, -35.669917], [-70.555952, -35.665106], [-70.552339, -35.652162], [-70.530742, -35.648142], [-70.523211, -35.638172], [-70.510327, -35.632389], [-70.509786, -35.627455], [-70.512411, -35.624037], [-70.51135, -35.615269], [-70.518685, -35.612156], [-70.519076, -35.609136], [-70.505256, -35.592017], [-70.498157, -35.563603]]]}, "properties": {"name": "Monsalve", "comuna": "San Clemente", "provincia": "Talca", "region": "Del Maule", "sup_km2": "82.56867", "ivvp": "78.54", "n_bovino": "25", "ha_bov": "34.76", "r_zclima": "> 25 c", "zonaclima": "2"}}, {"type": "Feature", "geometry": {"type": "Polygon", "coordinates": [[[-70.418064, -35.626365], [-70.428707, -35.612333], [-70.42787, -35.60083], [-70.432752, -35.59603], [-70.441829, -35.59548], [-70.455016, -35.599919], [-70.467903, -35.595733], [-70.48542, -35.580877], [-70.489888, -35.570936], [-70.495649, -35.568449], [-70.498157, -35.563603], [-70.505256, -35.592017], [-70.519076, -35.609136], [-70.518685, -35.612156], [-70.51135, -35.615269], [-70.512411, -35.624037], [-70.509786, -35.627455], [-70.510327, -35.632389], [-70.523211, -35.638172], [-70.530742, -35.648142], [-70.552339, -35.652162], [-70.558961, -35.669917], [-70.567832, -35.672421], [-70.570633, -35.687228], [-70.582029, -35.696248], [-70.585449, -35.706669], [-70.592237, -35.711863], [-70.59335, -35.716365], [-70.589208, -35.717646], [-70.58104, -35.728783], [-70.56912, -35.73012], [-70.564887, -35.72963], [-70.563146, -35.725848], [-70.557217, -35.726624], [-70.540315, -35.734725], [-70.529392, -35.744718], [-70.522298, -35.742816], [-70.519162, -35.732754], [-70.523542, -35.723958], [-70.503992, -35.713571], [-70.492721, -35.710713], [-70.49039, -35.70788], [-70.489045, -35.679489], [-70.476436, -35.67346], [-70.460652, -35.672512], [-70.437395, -35.658917], [-70.434559, -35.653365], [-70.429582, -35.650522], [-70.429459, -35.643599], [-70.42323, -35.640195], [-70.418064, -35.626365]]]}, "properties": {"name": "El Grande", "comuna": "San Clemente", "provincia": "Talca", "region": "Del Maule", "sup_km2": "130.51512", "ivvp": "79.35", "n_bovino": "251", "ha_bov": "9.15", "r_zclima": "> 25 c", "zonaclima": "2"}}, {"type": "Feature", "geometry": {"type": "Polygon", "coordinates": [[[-70.329808, -34.457308], [-70.350688, -34.450578], [-70.356813, -34.451718], [-70.355359, -34.460314], [-70.349576, -34.465541], [-70.340749, -34.46245], [-70.336756, -34.45849], [-70.329808, -34.457308]]]}, "properties": {"name": "Los Cipresillos", "comuna": "Machalí", "provincia": "Cachapoal", "region": "L.G.B.O'Higgins", "sup_km2": "2.12684", "ivvp": "85.03", "n_bovino": "0", "ha_bov": "0", "r_zclima": "> 25 c", "zonaclima": "2"}}, {"type": "Feature", "geometry": {"type": "Polygon", "coordinates": [[[-70.503715, -35.850737], [-70.511188, -35.850414], [-70.514116, -35.864373], [-70.518359, -35.868011], [-70.536481, -35.874808], [-70.551162, -35.875029], [-70.552472, -35.89238], [-70.5336, -35.896657], [-70.528037, -35.888564], [-70.51136, -35.892061], [-70.501427, -35.887043], [-70.493737, -35.886927], [-70.491496, -35.883186], [-70.495951, -35.877799], [-70.493903, -35.872099], [-70.503715, -35.850737]]]}, "properties": {"name": "Campo Espina", "comuna": "San Clemente", "provincia": "Talca", "region": "Del Maule", "sup_km2": "14.04941", "ivvp": "80.26", "n_bovino": "175", "ha_bov": "4.32", "r_zclima": "> 25 c", "zonaclima": "2"}}, {"type": "Feature", "geometry": {"type": "Polygon", "coordinates": [[[-70.669055, -35.64996], [-70.675026, -35.647434], [-70.689303, -35.646919], [-70.696714, -35.639779], [-70.710836, -35.604852], [-70.714842, -35.602695], [-70.72904, -35.603384], [-70.749126, -35.596071], [-70.746964, -35.600867], [-70.748373, -35.616817], [-70.755089, -35.626221], [-70.763535, -35.654297], [-70.751403, -35.676084], [-70.752138, -35.686107], [-70.747663, -35.692054], [-70.746154, -35.69959], [-70.748009, -35.704918], [-70.755101, -35.706298], [-70.757754, -35.724447], [-70.747359, -35.734069], [-70.73972, -35.734819], [-70.715957, -35.728179], [-70.698312, -35.727505], [-70.690177, -35.730887], [-70.686223, -35.728549], [-70.669949, -35.727199], [-70.658025, -35.718651], [-70.643005, -35.718906], [-70.62874, -35.727151], [-70.628878, -35.73698], [-70.612543, -35.746576], [-70.608666, -35.752691], [-70.612776, -35.759667], [-70.603337, -35.768371], [-70.594435, -35.771938], [-70.585784, -35.769709], [-70.566303, -35.77893], [-70.558709, -35.77833], [-70.542618, -35.788562], [-70.538964, -35.786427], [-70.538232, -35.782858], [-70.5415, -35.776131], [-70.540396, -35.77047], [-70.545626, -35.766689], [-70.548727, -35.755713], [-70.528845, -35.747051], [-70.531564, -35.742018], [-70.540315, -35.734725], [-70.557217, -35.726624], [-70.563146, -35.725848], [-70.564887, -35.72963], [-70.56912, -35.73012], [-70.58104, -35.728783], [-70.589208, -35.717646], [-70.59335, -35.716365], [-70.603874, -35.700935], [-70.620179, -35.688758], [-70.632414, -35.686871], [-70.644117, -35.691557], [-70.645677, -35.680402], [-70.663625, -35.676324], [-70.660355, -35.668566], [-70.662965, -35.664316], [-70.659487, -35.657809], [-70.644027, -35.650458], [-70.635391, -35.638224], [-70.620688, -35.63172], [-70.598682, -35.617608], [-70.591556, -35.610039], [-70.590274, -35.604507], [-70.596715, -35.602565], [-70.615813, -35.6084], [-70.626508, -35.622838], [-70.647699, -35.628735], [-70.64973, -35.634747], [-70.654425, -35.635341], [-70.661035, -35.644689], [-70.668271, -35.645062], [-70.669055, -35.64996]]]}, "properties": {"name": "Invernada Los Je", "comuna": "San Clemente", "provincia": "Talca", "region": "Del Maule", "sup_km2": "170.51371", "ivvp": "78.55", "n_bovino": "0", "ha_bov": "0", "r_zclima": "> 25 c", "zonaclima": "2"}}, {"type": "Feature", "geometry": {"type": "Polygon", "coordinates": [[[-70.759408, -35.641818], [-70.770997, -35.637632], [-70.830216, -35.632514], [-70.855313, -35.6168], [-70.868036, -35.61905], [-70.877888, -35.62661], [-70.887798, -35.626734], [-70.896165, -35.61958], [-70.908639, -35.617679], [-70.922275, -35.619509], [-70.927841, -35.614658], [-70.929815, -35.615557], [-70.920412, -35.630744], [-70.922803, -35.645576], [-70.920396, -35.651343], [-70.923504, -35.662093], [-70.91834, -35.66749], [-70.91611, -35.677195], [-70.901034, -35.667927], [-70.892309, -35.669029], [-70.88043, -35.664478], [-70.875155, -35.666931], [-70.873156, -35.677144], [-70.870381, -35.680685], [-70.864173, -35.681985], [-70.861754, -35.689338], [-70.850072, -35.686327], [-70.84375, -35.686893], [-70.838633, -35.690816], [-70.826895, -35.687627], [-70.811524, -35.697573], [-70.810084, -35.685822], [-70.804408, -35.681183], [-70.786935, -35.674299], [-70.774316, -35.661193], [-70.764948, -35.656711], [-70.759408, -35.641818]]]}, "properties": {"name": "Los Quillayes", "comuna": "San Clemente", "provincia": "Talca", "region": "Del Maule", "sup_km2": "79.71995", "ivvp": "81.17", "n_bovino": "0", "ha_bov": "0", "r_zclima": "> 25 c", "zonaclima": "2"}}, {"type": "Feature", "geometry": {"type": "Polygon", "coordinates": [[[-70.412776, -35.644069], [-70.425026, -35.640523], [-70.429459, -35.643599], [-70.429582, -35.650522], [-70.434559, -35.653365], [-70.437395, -35.658917], [-70.454269, -35.669609], [-70.486491, -35.677199], [-70.490068, -35.681158], [-70.49039, -35.70788], [-70.492721, -35.710713], [-70.503992, -35.713571], [-70.52197, -35.722581], [-70.524137, -35.725578], [-70.519162, -35.732754], [-70.521277, -35.741698], [-70.548727, -35.755713], [-70.545626, -35.766689], [-70.540011, -35.771962], [-70.5415, -35.776131], [-70.538261, -35.78434], [-70.542618, -35.788562], [-70.526194, -35.79529], [-70.521334, -35.809311], [-70.51841, -35.810164], [-70.503256, -35.804292], [-70.491808, -35.804128], [-70.492776, -35.795709], [-70.486349, -35.788094], [-70.486828, -35.783608], [-70.481145, -35.775578], [-70.468644, -35.768952], [-70.449388, -35.768883], [-70.45284, -35.773119], [-70.445268, -35.776452], [-70.439356, -35.793133], [-70.414695, -35.797366], [-70.406999, -35.786557], [-70.401462, -35.784584], [-70.392172, -35.775365], [-70.384053, -35.772299], [-70.378345, -35.774078], [-70.378975, -35.768966], [-70.373988, -35.759439], [-70.360415, -35.750863], [-70.359921, -35.744967], [-70.369048, -35.737515], [-70.36798, -35.724986], [-70.373519, -35.718621], [-70.378898, -35.699171], [-70.384396, -35.695761], [-70.38754, -35.68842], [-70.398884, -35.68568], [-70.405314, -35.675474], [-70.404431, -35.668293], [-70.397753, -35.663228], [-70.408992, -35.65543], [-70.408671, -35.648884], [-70.412776, -35.644069]]]}, "properties": {"name": "San Francisco", "comuna": "San Clemente", "provincia": "Talca", "region": "Del Maule", "sup_km2": "171.33216", "ivvp": "81.61", "n_bovino": "227", "ha_bov": "26.55", "r_zclima": "> 25 c", "zonaclima": "2"}}, {"type": "Feature", "geometry": {"type": "Polygon", "coordinates": [[[-70.747359, -35.734069], [-70.757754, -35.724447], [-70.758465, -35.720411], [-70.755101, -35.706298], [-70.748009, -35.704918], [-70.746469, -35.696327], [-70.752138, -35.686107], [-70.751403, -35.676084], [-70.763535, -35.654297], [-70.781296, -35.666819], [-70.786935, -35.674299], [-70.806762, -35.682775], [-70.810481, -35.687001], [-70.812741, -35.705281], [-70.808638, -35.709332], [-70.810386, -35.729179], [-70.81327, -35.733043], [-70.821364, -35.736662], [-70.817847, -35.747074], [-70.830521, -35.757537], [-70.833715, -35.766138], [-70.832052, -35.772095], [-70.837701, -35.779771], [-70.837907, -35.791135], [-70.840953, -35.800112], [-70.83723, -35.81142], [-70.832765, -35.811988], [-70.827739, -35.818033], [-70.824458, -35.81696], [-70.803725, -35.823741], [-70.794702, -35.823047], [-70.798067, -35.814266], [-70.787591, -35.797429], [-70.783087, -35.795423], [-70.778167, -35.786629], [-70.771517, -35.785993], [-70.757645, -35.779043], [-70.760739, -35.773517], [-70.760088, -35.767978], [-70.755073, -35.762286], [-70.753189, -35.748886], [-70.749338, -35.746151], [-70.752114, -35.743078], [-70.747359, -35.734069]]]}, "properties": {"name": "Endesa", "comuna": "San Clemente", "provincia": "Talca", "region": "Del Maule", "sup_km2": "91.93714", "ivvp": "79.93", "n_bovino": "0", "ha_bov": "0", "r_zclima": "> 25 c", "zonaclima": "2"}}, {"type": "Feature", "geometry": {"type": "Polygon", "coordinates": [[[-70.271831, -34.469801], [-70.280537, -34.473538], [-70.27818, -34.48369], [-70.280414, -34.490812], [-70.276102, -34.495479], [-70.266893, -34.498555], [-70.252018, -34.499254], [-70.240989, -34.495394], [-70.248529, -34.484397], [-70.257734, -34.48149], [-70.261684, -34.475912], [-70.271831, -34.469801]]]}, "properties": {"name": "La Ventana", "comuna": "Machalí", "provincia": "Cachapoal", "region": "L.G.B.O'Higgins", "sup_km2": "7.20659", "ivvp": "81.04", "n_bovino": "0", "ha_bov": "0", "r_zclima": "0-15 c", "zonaclima": "1"}}, {"type": "Feature", "geometry": {"type": "Polygon", "coordinates": [[[-70.698312, -35.727505], [-70.718715, -35.728599], [-70.737279, -35.734652], [-70.747099, -35.733761], [-70.752114, -35.743078], [-70.749338, -35.746151], [-70.753189, -35.748886], [-70.755073, -35.762286], [-70.760088, -35.767978], [-70.760739, -35.773517], [-70.757645, -35.779043], [-70.771517, -35.785993], [-70.778167, -35.786629], [-70.783087, -35.795423], [-70.787591, -35.797429], [-70.798067, -35.814266], [-70.794702, -35.823047], [-70.777568, -35.817996], [-70.770433, -35.818638], [-70.765757, -35.823476], [-70.761548, -35.823605], [-70.756454, -35.816572], [-70.754165, -35.805007], [-70.747913, -35.795308], [-70.74643, -35.779292], [-70.729403, -35.776883], [-70.711934, -35.768024], [-70.716094, -35.75798], [-70.707347, -35.73842], [-70.699551, -35.734398], [-70.698312, -35.727505]]]}, "properties": {"name": "La Isla", "comuna": "San Clemente", "provincia": "Talca", "region": "Del Maule", "sup_km2": "34.10956", "ivvp": "80.29", "n_bovino": "0", "ha_bov": "0", "r_zclima": "> 25 c", "zonaclima": "2"}}, {"type": "Feature", "geometry": {"type": "Polygon", "coordinates": [[[-70.811524, -35.697573], [-70.826895, -35.687627], [-70.838633, -35.690816], [-70.84375, -35.686893], [-70.853268, -35.686377], [-70.879345, -35.700049], [-70.875742, -35.709823], [-70.879428, -35.729625], [-70.87891, -35.73914], [-70.89176, -35.745767], [-70.908785, -35.766565], [-70.917203, -35.789112], [-70.914779, -35.798477], [-70.907797, -35.797555], [-70.9037, -35.800649], [-70.895705, -35.800316], [-70.882819, -35.807194], [-70.861723, -35.806409], [-70.83845, -35.809625], [-70.84092, -35.798675], [-70.838316, -35.793554], [-70.837701, -35.779771], [-70.832052, -35.772095], [-70.833367, -35.764615], [-70.830521, -35.757537], [-70.817847, -35.747074], [-70.821364, -35.736662], [-70.81327, -35.733043], [-70.809509, -35.725771], [-70.808559, -35.71023], [-70.812661, -35.706175], [-70.811524, -35.697573]]]}, "properties": {"name": "La Escuadra", "comuna": "San Clemente", "provincia": "Talca", "region": "Del Maule", "sup_km2": "81.53521", "ivvp": "87.04", "n_bovino": "0", "ha_bov": "0", "r_zclima": "> 25 c", "zonaclima": "2"}}, {"type": "Feature", "geometry": {"type": "Polygon", "coordinates": [[[-71.049587, -36.00053], [-71.070753, -35.991369], [-71.076189, -36.001975], [-71.072016, -36.008104], [-71.055319, -36.008829], [-71.046233, -36.013672], [-71.041582, -36.007734], [-71.035872, -36.005321], [-71.035229, -35.999626], [-71.049587, -36.00053]]]}, "properties": {"name": "El Mosco", "comuna": "Linares", "provincia": "Linares", "region": "Del Maule", "sup_km2": "4.6271", "ivvp": "82.36", "n_bovino": "0", "ha_bov": "0", "r_zclima": "0-15 c", "zonaclima": "1"}}, {"type": "Feature", "geometry": {"type": "Polygon", "coordinates": [[[-70.570474, -35.858858], [-70.611673, -35.860539], [-70.615384, -35.867931], [-70.621339, -35.868959], [-70.629073, -35.87526], [-70.631959, -35.91197], [-70.608266, -35.931771], [-70.598344, -35.934482], [-70.57612, -35.924841], [-70.569736, -35.913476], [-70.557718, -35.902179], [-70.556796, -35.896678], [-70.55181, -35.891545], [-70.551204, -35.873848], [-70.554598, -35.866087], [-70.564453, -35.859572], [-70.570474, -35.858858]]]}, "properties": {"name": "Rio Blanco", "comuna": "San Clemente", "provincia": "Talca", "region": "Del Maule", "sup_km2": "45.88265", "ivvp": "81.1", "n_bovino": "133", "ha_bov": "22.06", "r_zclima": "> 25 c", "zonaclima": "2"}}, {"type": "Feature", "geometry": {"type": "Polygon", "coordinates": [[[-70.62982, -35.735547], [-70.62874, -35.727151], [-70.643005, -35.718906], [-70.658025, -35.718651], [-70.669949, -35.727199], [-70.686223, -35.728549], [-70.690177, -35.730887], [-70.698312, -35.727505], [-70.699551, -35.734398], [-70.707347, -35.73842], [-70.716094, -35.75798], [-70.711934, -35.768024], [-70.729403, -35.776883], [-70.74643, -35.779292], [-70.747913, -35.795308], [-70.754165, -35.805007], [-70.756454, -35.816572], [-70.761548, -35.823605], [-70.757159, -35.825878], [-70.748059, -35.825141], [-70.7394, -35.829454], [-70.730399, -35.828637], [-70.703229, -35.817329], [-70.695727, -35.81158], [-70.675756, -35.8092], [-70.671412, -35.803595], [-70.661431, -35.801268], [-70.64549, -35.790854], [-70.649494, -35.774076], [-70.636864, -35.757606], [-70.637127, -35.753172], [-70.632355, -35.7463], [-70.632788, -35.739744], [-70.62982, -35.735547]]]}, "properties": {"name": "La Isla (I)", "comuna": "San Clemente", "provincia": "Talca", "region": "Del Maule", "sup_km2": "78.55756", "ivvp": "80.38", "n_bovino": "0", "ha_bov": "0", "r_zclima": "> 25 c", "zonaclima": "2"}}, {"type": "Feature", "geometry": {"type": "Polygon", "coordinates": [[[-70.542618, -35.788562], [-70.558709, -35.77833], [-70.566303, -35.77893], [-70.585784, -35.769709], [-70.594435, -35.771938], [-70.603337, -35.768371], [-70.612776, -35.759667], [-70.608666, -35.752691], [-70.612543, -35.746576], [-70.62982, -35.735547], [-70.632788, -35.739744], [-70.632355, -35.7463], [-70.637127, -35.753172], [-70.636864, -35.757606], [-70.649494, -35.774076], [-70.64549, -35.790854], [-70.661431, -35.801268], [-70.671412, -35.803595], [-70.675756, -35.8092], [-70.695727, -35.81158], [-70.703229, -35.817329], [-70.727936, -35.827334], [-70.690463, -35.834006], [-70.675878, -35.830231], [-70.668177, -35.830631], [-70.665794, -35.834067], [-70.647396, -35.838458], [-70.631462, -35.837121], [-70.618398, -35.842003], [-70.612113, -35.839424], [-70.606686, -35.831221], [-70.601209, -35.829013], [-70.584064, -35.834163], [-70.576737, -35.832992], [-70.564818, -35.835799], [-70.527129, -35.838037], [-70.514206, -35.843547], [-70.502798, -35.851862], [-70.49994, -35.839723], [-70.505812, -35.832653], [-70.503485, -35.817587], [-70.50507, -35.810409], [-70.510554, -35.806333], [-70.51841, -35.810164], [-70.521334, -35.809311], [-70.526194, -35.79529], [-70.542618, -35.788562]]]}, "properties": {"name": "Gorgollones", "comuna": "San Clemente", "provincia": "Talca", "region": "Del Maule", "sup_km2": "107.03049", "ivvp": "79.72", "n_bovino": "70", "ha_bov": "40.7", "r_zclima": "> 25 c", "zonaclima": "2"}}, {"type": "Feature", "geometry": {"type": "Polygon", "coordinates": [[[-70.954356, -35.913879], [-70.959044, -35.912419], [-70.975359, -35.918533], [-70.983471, -35.915402], [-70.994647, -35.917831], [-71.008495, -35.916591], [-71.008415, -35.918535], [-71.004914, -35.926179], [-70.998397, -35.931155], [-70.992984, -35.945087], [-70.985098, -35.942788], [-70.971717, -35.944302], [-70.965395, -35.943225], [-70.94672, -35.932], [-70.939857, -35.931115], [-70.940485, -35.923456], [-70.943962, -35.918059], [-70.954356, -35.913879]]]}, "properties": {"name": "Vinilla Bahamond", "comuna": "Colbún", "provincia": "Linares", "region": "Del Maule", "sup_km2": "14.45298", "ivvp": "80.74", "n_bovino": "0", "ha_bov": "4.49", "r_zclima": "> 25 c", "zonaclima": "2"}}, {"type": "Feature", "geometry": {"type": "Polygon", "coordinates": [[[-70.914779, -35.798477], [-70.944948, -35.808647], [-70.982654, -35.806873], [-70.992689, -35.796178], [-70.995783, -35.783614], [-71.001803, -35.773233], [-71.002507, -35.763774], [-71.009126, -35.754009], [-71.015295, -35.735548], [-71.037125, -35.718647], [-71.053657, -35.71646], [-71.054087, -35.720613], [-71.051656, -35.723138], [-71.054607, -35.732846], [-71.050102, -35.737209], [-71.048991, -35.743515], [-71.043883, -35.750746], [-71.042976, -35.762868], [-71.032494, -35.776896], [-71.036059, -35.783435], [-71.035667, -35.805784], [-71.025068, -35.818213], [-71.021303, -35.82835], [-71.017424, -35.828623], [-71.014631, -35.831784], [-71.008415, -35.828553], [-70.998386, -35.835341], [-71.001616, -35.86431], [-70.99493, -35.864087], [-70.98919, -35.868275], [-70.979672, -35.869965], [-70.979099, -35.876803], [-70.974882, -35.885233], [-70.965602, -35.891312], [-70.965952, -35.897062], [-70.954356, -35.913879], [-70.945258, -35.917348], [-70.94219, -35.902385], [-70.948759, -35.888707], [-70.944798, -35.883484], [-70.938873, -35.879456], [-70.922597, -35.878257], [-70.913729, -35.870583], [-70.906047, -35.882145], [-70.897315, -35.889909], [-70.891152, -35.890931], [-70.868414, -35.90818], [-70.867951, -35.910657], [-70.857813, -35.91488], [-70.830007, -35.911471], [-70.807465, -35.916442], [-70.801153, -35.920274], [-70.786872, -35.917575], [-70.778708, -35.922848], [-70.775846, -35.917586], [-70.777099, -35.904735], [-70.775233, -35.895382], [-70.77724, -35.889164], [-70.773603, -35.884016], [-70.775571, -35.878285], [-70.78943, -35.887315], [-70.798365, -35.887835], [-70.79992, -35.885594], [-70.798386, -35.865397], [-70.793899, -35.85315], [-70.797174, -35.843523], [-70.794535, -35.833556], [-70.796572, -35.823447], [-70.803725, -35.823741], [-70.824458, -35.81696], [-70.827739, -35.818033], [-70.832765, -35.811988], [-70.844633, -35.808156], [-70.882819, -35.807194], [-70.895705, -35.800316], [-70.9037, -35.800649], [-70.907797, -35.797555], [-70.914779, -35.798477]]]}, "properties": {"name": "Curillinque", "comuna": "San Clemente", "provincia": "Talca", "region": "Del Maule", "sup_km2": "225.43264", "ivvp": "85.36", "n_bovino": "0", "ha_bov": "0", "r_zclima": "> 25 c", "zonaclima": "2"}}, {"type": "Feature", "geometry": {"type": "Polygon", "coordinates": [[[-70.461787, -31.063769], [-70.48177, -31.056148], [-70.490751, -31.063852], [-70.476548, -31.072367], [-70.47588, -31.070438], [-70.462446, -31.066291], [-70.461787, -31.063769]]]}, "properties": {"name": "El Durazno", "comuna": "Monte Patria", "provincia": "Limarí", "region": "Coquimbo", "sup_km2": "2.46704", "ivvp": "0", "n_bovino": "0", "ha_bov": "0"}}, {"type": "Feature", "geometry": {"type": "Polygon", "coordinates": [[[-70.467929, -36.070697], [-70.466412, -36.063923], [-70.459396, -36.057383], [-70.463959, -36.051422], [-70.464086, -36.044416], [-70.45443, -36.025241], [-70.454244, -36.011234], [-70.439804, -36.005486], [-70.440186, -36.001749], [-70.453281, -36.002096], [-70.458473, -36.008037], [-70.469266, -36.010285], [-70.471068, -36.014022], [-70.466834, -36.017346], [-70.466001, -36.021747], [-70.47249, -36.031106], [-70.475434, -36.031124], [-70.484205, -36.022767], [-70.486882, -36.028756], [-70.491931, -36.03256], [-70.504213, -36.036905], [-70.498701, -36.025453], [-70.504172, -36.028522], [-70.509848, -36.018814], [-70.522471, -36.025172], [-70.526365, -36.033858], [-70.533708, -36.038227], [-70.538907, -36.035113], [-70.542165, -36.037748], [-70.54696, -36.037434], [-70.553613, -36.033877], [-70.550294, -36.030414], [-70.557327, -36.016449], [-70.570558, -36.024308], [-70.560239, -36.029753], [-70.562001, -36.041548], [-70.566968, -36.046126], [-70.558334, -36.05181], [-70.546045, -36.049941], [-70.537213, -36.057717], [-70.536387, -36.061243], [-70.532684, -36.061318], [-70.526345, -36.05699], [-70.521127, -36.058914], [-70.529167, -36.061516], [-70.520552, -36.065709], [-70.524753, -36.06804], [-70.529836, -36.065708], [-70.534233, -36.067423], [-70.533792, -36.071242], [-70.54069, -36.071564], [-70.538279, -36.078266], [-70.541667, -36.076996], [-70.54274, -36.080562], [-70.533428, -36.081934], [-70.523603, -36.07871], [-70.517609, -36.080675], [-70.510233, -36.08716], [-70.51073, -36.09021], [-70.507733, -36.091005], [-70.504611, -36.101537], [-70.490259, -36.096362], [-70.479863, -36.10098], [-70.482528, -36.104192], [-70.481533, -36.107585], [-70.48498, -36.109057], [-70.482398, -36.111541], [-70.484371, -36.114465], [-70.47957, -36.1152], [-70.482288, -36.116329], [-70.479467, -36.117608], [-70.477541, -36.123456], [-70.481305, -36.127655], [-70.476639, -36.124981], [-70.475, -36.129662], [-70.470397, -36.129872], [-70.47899, -36.113377], [-70.474638, -36.106399], [-70.467683, -36.104601], [-70.463421, -36.099244], [-70.464404, -36.096113], [-70.476701, -36.089381], [-70.467929, -36.070697]]]}, "properties": {"name": "Laguna Del Maule", "comuna": "San Clemente", "provincia": "Talca", "region": "Del Maule", "sup_km2": "55.63583", "ivvp": "78", "n_bovino": "0", "ha_bov": "0", "r_zclima": "> 25 c", "zonaclima": "2"}}, {"type": "Feature", "geometry": {"type": "Polygon", "coordinates": [[[-70.348223, -34.473428], [-70.353722, -34.474043], [-70.357605, -34.484262], [-70.357172, -34.490317], [-70.346125, -34.505395], [-70.343858, -34.513116], [-70.338274, -34.514656], [-70.330885, -34.507861], [-70.335819, -34.489435], [-70.335678, -34.475392], [-70.348223, -34.473428]]]}, "properties": {"name": "Falda Los Costinos", "comuna": "Machalí", "provincia": "Cachapoal", "region": "L.G.B.O'Higgins", "sup_km2": "7.22678", "ivvp": "83", "n_bovino": "0", "ha_bov": "0", "r_zclima": "0-15 c", "zonaclima": "1"}}, {"type": "Feature", "geometry": {"type": "Polygon", "coordinates": [[[-70.607917, -34.796169], [-70.621923, -34.787418], [-70.656565, -34.781361], [-70.656484, -34.78651], [-70.639595, -34.793393], [-70.637976, -34.797085], [-70.625863, -34.795705], [-70.612553, -34.798632], [-70.607917, -34.796169]]]}, "properties": {"name": "La Alfalfa", "comuna": "San Fernando", "provincia": "Colchagua", "region": "L.G.B.O'Higgins", "sup_km2": "4.12168", "ivvp": "91.09", "n_bovino": "0", "ha_bov": "0", "r_zclima": "> 25 c", "zonaclima": "2"}}, {"type": "Feature", "geometry": {"type": "Polygon", "coordinates": [[[-70.435055, -35.794163], [-70.441172, -35.791367], [-70.445268, -35.776452], [-70.45284, -35.773119], [-70.449388, -35.768883], [-70.468644, -35.768952], [-70.481145, -35.775578], [-70.486828, -35.783608], [-70.486349, -35.788094], [-70.492111, -35.793581], [-70.491808, -35.804128], [-70.510554, -35.806333], [-70.503533, -35.814431], [-70.505812, -35.832653], [-70.49994, -35.839723], [-70.502798, -35.851862], [-70.465892, -35.852818], [-70.459197, -35.849947], [-70.452623, -35.850902], [-70.43841, -35.847597], [-70.428992, -35.850522], [-70.426096, -35.841537], [-70.428544, -35.837284], [-70.425476, -35.834292], [-70.436123, -35.811622], [-70.435055, -35.794163]]]}, "properties": {"name": "Las Torres", "comuna": "San Clemente", "provincia": "Talca", "region": "Del Maule", "sup_km2": "49.58713", "ivvp": "82.33", "n_bovino": "71", "ha_bov": "12.82", "r_zclima": "> 25 c", "zonaclima": "2"}}, {"type": "Feature", "geometry": {"type": "Polygon", "coordinates": [[[-70.556375, -35.836494], [-70.572248, -35.83338], [-70.585389, -35.833978], [-70.604251, -35.829545], [-70.610969, -35.838398], [-70.616708, -35.841774], [-70.630104, -35.837311], [-70.639409, -35.837725], [-70.636899, -35.844795], [-70.643561, -35.853115], [-70.635615, -35.856136], [-70.624981, -35.853575], [-70.620264, -35.85821], [-70.613139, -35.860519], [-70.570474, -35.858858], [-70.569237, -35.853131], [-70.557751, -35.845244], [-70.556375, -35.836494]]]}, "properties": {"name": "Lagunillas", "comuna": "San Clemente", "provincia": "Talca", "region": "Del Maule", "sup_km2": "18.01094", "ivvp": "80.62", "n_bovino": "185", "ha_bov": "6.86", "r_zclima": "> 25 c", "zonaclima": "2"}}, {"type": "Feature", "geometry": {"type": "Polygon", "coordinates": [[[-70.375843, -35.788435], [-70.379356, -35.786444], [-70.377309, -35.780921], [-70.378345, -35.774078], [-70.384053, -35.772299], [-70.392172, -35.775365], [-70.401462, -35.784584], [-70.406999, -35.786557], [-70.414695, -35.797366], [-70.435055, -35.794163], [-70.436123, -35.811622], [-70.425476, -35.834292], [-70.428544, -35.837284], [-70.426096, -35.841537], [-70.428413, -35.849556], [-70.438834, -35.85974], [-70.437848, -35.869191], [-70.421601, -35.875523], [-70.406357, -35.866645], [-70.391159, -35.869741], [-70.38441, -35.868239], [-70.379864, -35.864168], [-70.379957, -35.856161], [-70.376446, -35.848176], [-70.368097, -35.841333], [-70.354383, -35.839222], [-70.338571, -35.832655], [-70.32453, -35.820544], [-70.316955, -35.81788], [-70.315171, -35.811704], [-70.324145, -35.809172], [-70.336978, -35.796342], [-70.355727, -35.801451], [-70.363044, -35.793899], [-70.375843, -35.788435]]]}, "properties": {"name": "Las Torres (I)", "comuna": "San Clemente", "provincia": "Talca", "region": "Del Maule", "sup_km2": "67.48116", "ivvp": "82.9", "n_bovino": "589", "ha_bov": "6.21", "r_zclima": "> 25 c", "zonaclima": "2"}}, {"type": "Feature", "geometry": {"type": "Polygon", "coordinates": [[[-70.62548, -34.882092], [-70.645777, -34.871721], [-70.642544, -34.88661], [-70.646797, -34.894523], [-70.642572, -34.895292], [-70.639063, -34.899663], [-70.617487, -34.905515], [-70.613693, -34.902103], [-70.620096, -34.896775], [-70.622039, -34.886561], [-70.62548, -34.882092]]]}, "properties": {"name": "Las Heladas I", "comuna": "San Fernando", "provincia": "Colchagua", "region": "L.G.B.O'Higgins", "sup_km2": "5.66135", "ivvp": "93.23", "n_bovino": "0", "ha_bov": "0", "r_zclima": "> 25 c", "zonaclima": "2"}}, {"type": "Feature", "geometry": {"type": "Polygon", "coordinates": [[[-70.761548, -35.823605], [-70.765757, -35.823476], [-70.770433, -35.818638], [-70.777568, -35.817996], [-70.796572, -35.823447], [-70.794535, -35.833556], [-70.797174, -35.843523], [-70.793899, -35.85315], [-70.79904, -35.869773], [-70.800321, -35.881672], [-70.798365, -35.887835], [-70.78943, -35.887315], [-70.775571, -35.878285], [-70.773773, -35.883572], [-70.766251, -35.884553], [-70.76385, -35.891092], [-70.744107, -35.893909], [-70.739918, -35.888584], [-70.732236, -35.870138], [-70.726655, -35.864832], [-70.724284, -35.857483], [-70.725815, -35.851259], [-70.720019, -35.843553], [-70.720633, -35.83548], [-70.728702, -35.828671], [-70.7394, -35.829454], [-70.748059, -35.825141], [-70.757159, -35.825878], [-70.761548, -35.823605]]]}, "properties": {"name": "El Medano", "comuna": "San Clemente", "provincia": "Talca", "region": "Del Maule", "sup_km2": "44.18663", "ivvp": "84", "n_bovino": "0", "ha_bov": "0", "r_zclima": "> 25 c", "zonaclima": "2"}}, {"type": "Feature", "geometry": {"type": "Polygon", "coordinates": [[[-71.046233, -36.013672], [-71.055319, -36.008829], [-71.072016, -36.008104], [-71.072198, -36.017336], [-71.078304, -36.022179], [-71.071364, -36.02536], [-71.067807, -36.021694], [-71.065001, -36.022134], [-71.058271, -36.026433], [-71.054442, -36.033953], [-71.046787, -36.039438], [-71.038033, -36.034526], [-71.043574, -36.027842], [-71.046233, -36.013672]]]}, "properties": {"name": "Piedras Bayas", "comuna": "Linares", "provincia": "Linares", "region": "Del Maule", "sup_km2": "6.04296", "ivvp": "82.14", "n_bovino": "0", "ha_bov": "2.9", "r_zclima": "0-15 c", "zonaclima": "1"}}, {"type": "Feature", "geometry": {"type": "Polygon", "coordinates": [[[-70.715036, -35.830052], [-70.726225, -35.827363], [-70.730399, -35.828637], [-70.720633, -35.83548], [-70.720019, -35.843553], [-70.725815, -35.851259], [-70.724284, -35.857483], [-70.726655, -35.864832], [-70.732236, -35.870138], [-70.744107, -35.893909], [-70.76385, -35.891092], [-70.76695, -35.883966], [-70.773773, -35.883572], [-70.776743, -35.887765], [-70.775846, -35.917586], [-70.781569, -35.935499], [-70.785414, -35.940377], [-70.783329, -35.949405], [-70.785462, -35.966505], [-70.765711, -35.965576], [-70.755843, -35.960785], [-70.73627, -35.942464], [-70.715184, -35.933581], [-70.714518, -35.924364], [-70.703379, -35.915445], [-70.692106, -35.900648], [-70.69004, -35.891789], [-70.691944, -35.857361], [-70.706907, -35.843028], [-70.710291, -35.834393], [-70.715036, -35.830052]]]}, "properties": {"name": "El Medano (I)", "comuna": "San Clemente", "provincia": "Talca", "region": "Del Maule", "sup_km2": "65.08488", "ivvp": "81.11", "n_bovino": "0", "ha_bov": "0", "r_zclima": "> 25 c", "zonaclima": "2"}}, {"type": "Feature", "geometry": {"type": "Polygon", "coordinates": [[[-70.623676, -36.041085], [-70.627097, -36.0316], [-70.635624, -36.030172], [-70.640746, -36.026271], [-70.659653, -36.045591], [-70.66318, -36.059695], [-70.66172, -36.064173], [-70.656275, -36.066128], [-70.653805, -36.070467], [-70.64577, -36.073327], [-70.640867, -36.069756], [-70.631155, -36.071769], [-70.628178, -36.064832], [-70.631518, -36.05835], [-70.630226, -36.051836], [-70.625998, -36.047787], [-70.623676, -36.041085]]]}, "properties": {"name": "Filome", "comuna": "Colbún", "provincia": "Linares", "region": "Del Maule", "sup_km2": "12.28785", "ivvp": "80.04", "n_bovino": "0", "ha_bov": "7.43", "r_zclima": "> 25 c", "zonaclima": "2"}}, {"type": "Feature", "geometry": {"type": "Polygon", "coordinates": [[[-70.565442, -36.043658], [-70.562001, -36.041548], [-70.562263, -36.035171], [-70.577781, -36.043794], [-70.587872, -36.037922], [-70.593239, -36.037878], [-70.602387, -36.051067], [-70.599689, -36.058391], [-70.607851, -36.076758], [-70.615437, -36.087261], [-70.622535, -36.089717], [-70.623908, -36.106474], [-70.61142, -36.111006], [-70.607706, -36.116379], [-70.579447, -36.115196], [-70.572708, -36.121058], [-70.568105, -36.132086], [-70.559968, -36.137799], [-70.540409, -36.12631], [-70.510714, -36.114018], [-70.488683, -36.096399], [-70.504611, -36.101537], [-70.507733, -36.091005], [-70.51073, -36.09021], [-70.510233, -36.08716], [-70.517609, -36.080675], [-70.523603, -36.07871], [-70.533428, -36.081934], [-70.54274, -36.080562], [-70.541667, -36.076996], [-70.538279, -36.078266], [-70.54069, -36.071564], [-70.533792, -36.071242], [-70.534233, -36.067423], [-70.529836, -36.065708], [-70.524753, -36.06804], [-70.520552, -36.065709], [-70.529167, -36.061516], [-70.521127, -36.058914], [-70.526345, -36.05699], [-70.532684, -36.061318], [-70.536387, -36.061243], [-70.537213, -36.057717], [-70.546045, -36.049941], [-70.558334, -36.05181], [-70.566968, -36.046126], [-70.565442, -36.043658]]]}, "properties": {"name": "Las Nieblas", "comuna": "San Clemente", "provincia": "Talca", "region": "Del Maule", "sup_km2": "70.19822", "ivvp": "79.97", "n_bovino": "0", "ha_bov": "0", "r_zclima": "> 25 c", "zonaclima": "2"}}, {"type": "Feature", "geometry": {"type": "Polygon", "coordinates": [[[-70.430657, -35.850719], [-70.43841, -35.847597], [-70.452623, -35.850902], [-70.459197, -35.849947], [-70.465892, -35.852818], [-70.50093, -35.851335], [-70.500736, -35.858974], [-70.493903, -35.872099], [-70.495951, -35.877799], [-70.491496, -35.883186], [-70.493737, -35.886927], [-70.486501, -35.890145], [-70.482217, -35.897992], [-70.474227, -35.895814], [-70.471708, -35.889958], [-70.459302, -35.884912], [-70.453644, -35.874802], [-70.437848, -35.869191], [-70.438834, -35.85974], [-70.431113, -35.853801], [-70.430657, -35.850719]]]}, "properties": {"name": "Las yeguas", "comuna": "San Clemente", "provincia": "Talca", "region": "Del Maule", "sup_km2": "20.27097", "ivvp": "83.24", "n_bovino": "185", "ha_bov": "9.48", "r_zclima": "> 25 c", "zonaclima": "2"}}, {"type": "Feature", "geometry": {"type": "Polygon", "coordinates": [[[-70.643561, -35.853115], [-70.650967, -35.85218], [-70.661977, -35.861764], [-70.662669, -35.877765], [-70.664527, -35.879799], [-70.648398, -35.88928], [-70.64106, -35.9], [-70.638731, -35.911927], [-70.630438, -35.913667], [-70.631951, -35.905597], [-70.629073, -35.87526], [-70.621339, -35.868959], [-70.615384, -35.867931], [-70.611673, -35.860539], [-70.620264, -35.85821], [-70.624981, -35.853575], [-70.635615, -35.856136], [-70.643561, -35.853115]]]}, "properties": {"name": "Huemul", "comuna": "San Clemente", "provincia": "Talca", "region": "Del Maule", "sup_km2": "15.52447", "ivvp": "80.15", "n_bovino": "0", "ha_bov": "0", "r_zclima": "> 25 c", "zonaclima": "2"}}, {"type": "Feature", "geometry": {"type": "Polygon", "coordinates": [[[-70.67492, -35.875702], [-70.682463, -35.867289], [-70.680993, -35.854572], [-70.686246, -35.849981], [-70.703673, -35.845386], [-70.691944, -35.857361], [-70.69004, -35.891789], [-70.692106, -35.900648], [-70.703379, -35.915445], [-70.714518, -35.924364], [-70.715184, -35.933581], [-70.73627, -35.942464], [-70.755843, -35.960785], [-70.767452, -35.966159], [-70.778834, -35.967154], [-70.777537, -35.970269], [-70.774202, -35.973212], [-70.762969, -35.973153], [-70.746798, -35.982463], [-70.726557, -35.982309], [-70.721388, -35.979981], [-70.71556, -35.982927], [-70.695312, -35.983449], [-70.69173, -35.978452], [-70.69081, -35.966628], [-70.681758, -35.955464], [-70.683661, -35.950768], [-70.68255, -35.942427], [-70.679369, -35.937256], [-70.676945, -35.92361], [-70.680089, -35.911712], [-70.670858, -35.89318], [-70.67492, -35.875702]]]}, "properties": {"name": "La Plata", "comuna": "San Clemente", "provincia": "Talca", "region": "Del Maule", "sup_km2": "48.18665", "ivvp": "80.3", "n_bovino": "0", "ha_bov": "0", "r_zclima": "> 25 c", "zonaclima": "2"}}, {"type": "Feature", "geometry": {"type": "Polygon", "coordinates": [[[-70.778708, -35.922848], [-70.786872, -35.917575], [-70.801153, -35.920274], [-70.807465, -35.916442], [-70.830007, -35.911471], [-70.857813, -35.91488], [-70.867951, -35.910657], [-70.868414, -35.90818], [-70.891152, -35.890931], [-70.897315, -35.889909], [-70.906047, -35.882145], [-70.913729, -35.870583], [-70.920438, -35.884092], [-70.91795, -35.886985], [-70.925226, -35.90767], [-70.923359, -35.91863], [-70.916438, -35.926488], [-70.907369, -35.93178], [-70.907329, -35.936022], [-70.903331, -35.939326], [-70.901895, -35.944708], [-70.898646, -35.945648], [-70.896412, -35.951349], [-70.89042, -35.956572], [-70.884291, -35.976866], [-70.876557, -35.981724], [-70.871913, -35.990617], [-70.849914, -35.99346], [-70.835801, -35.983775], [-70.833538, -35.974637], [-70.818041, -35.971826], [-70.806499, -35.973758], [-70.801399, -35.970806], [-70.788115, -35.969143], [-70.785462, -35.966505], [-70.784025, -35.958585], [-70.785414, -35.940377], [-70.781569, -35.935499], [-70.778708, -35.922848]]]}, "properties": {"name": "San Claudio", "comuna": "San Clemente", "provincia": "Talca", "region": "Del Maule", "sup_km2": "89.52711", "ivvp": "83.05", "n_bovino": "0", "ha_bov": "0", "r_zclima": "> 25 c", "zonaclima": "2"}}, {"type": "Feature", "geometry": {"type": "Polygon", "coordinates": [[[-70.382012, -30.759196], [-70.390694, -30.764318], [-70.395655, -30.770968], [-70.393919, -30.772872], [-70.395145, -30.776585], [-70.407826, -30.784261], [-70.407165, -30.786894], [-70.396327, -30.791215], [-70.38758, -30.779278], [-70.384043, -30.770073], [-70.377365, -30.768642], [-70.379149, -30.761143], [-70.382012, -30.759196]]]}, "properties": {"name": "Los Pozos", "comuna": "Monte Patria", "provincia": "Limarí", "region": "Coquimbo", "sup_km2": "3.59216", "ivvp": "0", "n_bovino": "0", "ha_bov": "0"}}, {"type": "Feature", "geometry": {"type": "Polygon", "coordinates": [[[-70.423642, -35.897862], [-70.423669, -35.890279], [-70.419772, -35.884325], [-70.421601, -35.875523], [-70.437075, -35.86907], [-70.453644, -35.874802], [-70.459302, -35.884912], [-70.471708, -35.889958], [-70.473163, -35.894659], [-70.479292, -35.898402], [-70.482217, -35.897992], [-70.486501, -35.890145], [-70.493737, -35.886927], [-70.501427, -35.887043], [-70.51136, -35.892061], [-70.528037, -35.888564], [-70.5336, -35.896657], [-70.552472, -35.89238], [-70.556796, -35.896678], [-70.557718, -35.902179], [-70.569736, -35.913476], [-70.57612, -35.924841], [-70.598344, -35.934482], [-70.59193, -35.936726], [-70.582172, -35.933578], [-70.566209, -35.941514], [-70.54817, -35.93591], [-70.542518, -35.939156], [-70.530512, -35.938611], [-70.500528, -35.934676], [-70.484088, -35.929643], [-70.478539, -35.934972], [-70.476922, -35.943872], [-70.466655, -35.943357], [-70.452089, -35.949579], [-70.444669, -35.950309], [-70.436914, -35.958489], [-70.426954, -35.95771], [-70.417406, -35.960795], [-70.413452, -35.956912], [-70.390772, -35.949475], [-70.389138, -35.942239], [-70.378834, -35.935852], [-70.376684, -35.930591], [-70.365447, -35.924302], [-70.369617, -35.922018], [-70.386701, -35.923393], [-70.406883, -35.92148], [-70.421364, -35.915586], [-70.42478, -35.912703], [-70.426117, -35.90436], [-70.423642, -35.897862]]]}, "properties": {"name": "Rio Campanario", "comuna": "San Clemente", "provincia": "Talca", "region": "Del Maule", "sup_km2": "95.07406", "ivvp": "83.4", "n_bovino": "1810", "ha_bov": "4.22", "r_zclima": "> 25 c", "zonaclima": "2"}}, {"type": "Feature", "geometry": {"type": "Polygon", "coordinates": [[[-70.891745, -35.956475], [-70.898646, -35.945648], [-70.901895, -35.944708], [-70.903331, -35.939326], [-70.907329, -35.936022], [-70.907369, -35.93178], [-70.918015, -35.925039], [-70.924367, -35.915175], [-70.925226, -35.90767], [-70.91795, -35.886985], [-70.920438, -35.884092], [-70.914024, -35.870781], [-70.923774, -35.878716], [-70.927859, -35.877154], [-70.939777, -35.879734], [-70.948759, -35.888707], [-70.942305, -35.90158], [-70.945258, -35.917348], [-70.940485, -35.923456], [-70.940424, -35.936037], [-70.933209, -35.942495], [-70.918201, -35.947635], [-70.907008, -35.947007], [-70.891745, -35.956475]]]}, "properties": {"name": "San Pedro", "comuna": "San Clemente", "provincia": "Talca", "region": "Del Maule", "sup_km2": "17.66886", "ivvp": "84.37", "n_bovino": "0", "ha_bov": "0", "r_zclima": "> 25 c", "zonaclima": "2"}}, {"type": "Feature", "geometry": {"type": "Polygon", "coordinates": [[[-70.410925, -34.24458], [-70.426029, -34.240681], [-70.430086, -34.242067], [-70.464281, -34.235825], [-70.481517, -34.23518], [-70.46827, -34.238162], [-70.44792, -34.252724], [-70.440423, -34.25545], [-70.432425, -34.263069], [-70.426838, -34.264595], [-70.422057, -34.265011], [-70.422138, -34.257016], [-70.412169, -34.249376], [-70.410925, -34.24458]]]}, "properties": {"name": "La Casa", "comuna": "Machalí", "provincia": "Cachapoal", "region": "L.G.B.O'Higgins", "sup_km2": "7.99978", "ivvp": "85.7", "n_bovino": "0", "ha_bov": "0", "r_zclima": "0-15 c", "zonaclima": "1"}}, {"type": "Feature", "geometry": {"type": "Polygon", "coordinates": [[[-70.663035, -35.880915], [-70.67492, -35.875702], [-70.670858, -35.89318], [-70.680089, -35.911712], [-70.676945, -35.92361], [-70.679369, -35.937256], [-70.68255, -35.942427], [-70.683661, -35.950768], [-70.681758, -35.955464], [-70.69081, -35.966628], [-70.69173, -35.978452], [-70.695312, -35.983449], [-70.679649, -35.986234], [-70.671006, -35.984899], [-70.665803, -35.987496], [-70.661318, -35.983497], [-70.65108, -35.982367], [-70.643507, -35.987271], [-70.635908, -35.988813], [-70.634182, -35.993497], [-70.626677, -35.999459], [-70.607442, -35.992691], [-70.601911, -36.002208], [-70.60619, -36.008975], [-70.605833, -36.013686], [-70.613571, -36.016007], [-70.621583, -36.022885], [-70.633127, -36.025447], [-70.638275, -36.022658], [-70.640746, -36.026271], [-70.635624, -36.030172], [-70.627097, -36.0316], [-70.624856, -36.033758], [-70.62491, -36.040649], [-70.614652, -36.043411], [-70.602387, -36.051067], [-70.593239, -36.037878], [-70.587872, -36.037922], [-70.579996, -36.043882], [-70.565743, -36.037979], [-70.560239, -36.029753], [-70.570558, -36.024308], [-70.566217, -36.023202], [-70.564287, -36.019198], [-70.557327, -36.016449], [-70.555079, -36.012953], [-70.558045, -36.007722], [-70.556287, -36.004004], [-70.558061, -36.001172], [-70.554146, -35.989211], [-70.557402, -35.988794], [-70.555806, -35.982689], [-70.558082, -35.975786], [-70.561196, -35.9741], [-70.564395, -35.962808], [-70.569587, -35.957354], [-70.568205, -35.951589], [-70.582207, -35.95026], [-70.586338, -35.945896], [-70.591734, -35.94656], [-70.601796, -35.94062], [-70.602496, -35.93719], [-70.61481, -35.924579], [-70.62332, -35.920818], [-70.630438, -35.913667], [-70.638731, -35.911927], [-70.644845, -35.893196], [-70.663035, -35.880915]]]}, "properties": {"name": "Campo Aguirre", "comuna": "San Clemente", "provincia": "Talca", "region": "Del Maule", "sup_km2": "114.81818", "ivvp": "80.11", "n_bovino": "595", "ha_bov": "5.98", "r_zclima": "> 25 c", "zonaclima": "2"}}, {"type": "Feature", "geometry": {"type": "Polygon", "coordinates": [[[-70.663015, -36.058597], [-70.680131, -36.05647], [-70.682222, -36.062273], [-70.672462, -36.071366], [-70.667883, -36.079651], [-70.653154, -36.077696], [-70.645529, -36.073528], [-70.66172, -36.064173], [-70.663015, -36.058597]]]}, "properties": {"name": "Saturio", "comuna": "Colbún", "provincia": "Linares", "region": "Del Maule", "sup_km2": "4.43308", "ivvp": "80.2", "n_bovino": "0", "ha_bov": "0", "r_zclima": "> 25 c", "zonaclima": "2"}}, {"type": "Feature", "geometry": {"type": "Polygon", "coordinates": [[[-71.153691, -36.264617], [-71.157012, -36.262601], [-71.171749, -36.263687], [-71.177083, -36.260101], [-71.186769, -36.260551], [-71.198117, -36.257283], [-71.214301, -36.25949], [-71.20793, -36.266638], [-71.188091, -36.276206], [-71.187171, -36.280328], [-71.180924, -36.285161], [-71.181137, -36.287884], [-71.176088, -36.290306], [-71.153969, -36.287656], [-71.150535, -36.279344], [-71.153691, -36.264617]]]}, "properties": {"name": "Rincon de Soto", "comuna": "Longaví", "provincia": "Linares", "region": "Del Maule", "sup_km2": "12.03733", "ivvp": "90.13", "n_bovino": "0", "ha_bov": "0", "r_zclima": "0-15 c", "zonaclima": "1"}}, {"type": "Feature", "geometry": {"type": "Polygon", "coordinates": [[[-70.476922, -35.943872], [-70.478539, -35.934972], [-70.484088, -35.929643], [-70.500528, -35.934676], [-70.530512, -35.938611], [-70.542518, -35.939156], [-70.54817, -35.93591], [-70.566209, -35.941514], [-70.582172, -35.933578], [-70.59193, -35.936726], [-70.60687, -35.932033], [-70.601796, -35.94062], [-70.592413, -35.946226], [-70.586338, -35.945896], [-70.581855, -35.950364], [-70.568942, -35.951025], [-70.561413, -35.959173], [-70.556681, -35.960551], [-70.553041, -35.967824], [-70.536604, -35.970916], [-70.531878, -35.96719], [-70.52998, -35.960628], [-70.522642, -35.95602], [-70.505056, -35.952289], [-70.489562, -35.952271], [-70.482052, -35.944732], [-70.476922, -35.943872]]]}, "properties": {"name": "Lomas de Contanz", "comuna": "San Clemente", "provincia": "Talca", "region": "Del Maule", "sup_km2": "23.62342", "ivvp": "81.09", "n_bovino": "591", "ha_bov": "2.01", "r_zclima": "> 25 c", "zonaclima": "2"}}, {"type": "Feature", "geometry": {"type": "Polygon", "coordinates": [[[-70.544177, -31.05994], [-70.551776, -31.058978], [-70.549728, -31.06461], [-70.552502, -31.072064], [-70.542404, -31.081009], [-70.531081, -31.076401], [-70.528113, -31.070488], [-70.533475, -31.065025], [-70.544177, -31.05994]]]}, "properties": {"name": "Cuestecita", "comuna": "Monte Patria", "provincia": "Limarí", "region": "Coquimbo", "sup_km2": "3.51092", "ivvp": "0", "n_bovino": "0", "ha_bov": "0"}}, {"type": "Feature", "geometry": {"type": "Polygon", "coordinates": [[[-70.778834, -35.967154], [-70.785462, -35.966505], [-70.79456, -35.975258], [-70.785235, -35.993737], [-70.788229, -36.002234], [-70.785072, -36.004715], [-70.78049, -36.004954], [-70.766767, -35.99233], [-70.75575, -35.995786], [-70.750422, -36.003274], [-70.735235, -36.001791], [-70.725754, -35.991656], [-70.717134, -35.992915], [-70.704457, -35.984374], [-70.721388, -35.979981], [-70.726557, -35.982309], [-70.747667, -35.982319], [-70.762969, -35.973153], [-70.774818, -35.972919], [-70.778834, -35.967154]]]}, "properties": {"name": "Herrera", "comuna": "Colbún", "provincia": "Linares", "region": "Del Maule", "sup_km2": "16.65083", "ivvp": "79.89", "n_bovino": "0", "ha_bov": "0.47", "r_zclima": "> 25 c", "zonaclima": "2"}}, {"type": "Feature", "geometry": {"type": "Polygon", "coordinates": [[[-70.735235, -36.001791], [-70.750422, -36.003274], [-70.75575, -35.995786], [-70.766767, -35.99233], [-70.78049, -36.004954], [-70.788229, -36.002234], [-70.790815, -36.010007], [-70.786718, -36.020277], [-70.787633, -36.025667], [-70.797446, -36.043018], [-70.800037, -36.053373], [-70.810859, -36.055495], [-70.81473, -36.059637], [-70.81551, -36.067477], [-70.81238, -36.072225], [-70.798646, -36.068479], [-70.782145, -36.074328], [-70.771635, -36.071653], [-70.769257, -36.066194], [-70.755572, -36.063822], [-70.759534, -36.05849], [-70.758622, -36.048466], [-70.749386, -36.030365], [-70.737379, -36.022408], [-70.738721, -36.015249], [-70.737911, -36.011574], [-70.734642, -36.010305], [-70.735235, -36.001791]]]}, "properties": {"name": "Los Valles", "comuna": "Colbún", "provincia": "Linares", "region": "Del Maule", "sup_km2": "34.23784", "ivvp": "80.52", "n_bovino": "0", "ha_bov": "2.05", "r_zclima": "> 25 c", "zonaclima": "2"}}, {"type": "Feature", "geometry": {"type": "Polygon", "coordinates": [[[-71.032532, -35.963574], [-71.034244, -35.952557], [-71.039435, -35.949949], [-71.049347, -35.936088], [-71.069798, -35.928354], [-71.082936, -35.942004], [-71.081975, -35.949633], [-71.090198, -35.952623], [-71.095864, -35.957968], [-71.11001, -35.982608], [-71.114652, -35.985267], [-71.125931, -35.984868], [-71.132859, -35.999011], [-71.130553, -36.003739], [-71.131789, -36.008066], [-71.113984, -36.014971], [-71.103085, -36.015162], [-71.097533, -36.020033], [-71.080619, -36.025948], [-71.071629, -36.015886], [-71.071907, -36.008386], [-71.076189, -36.001975], [-71.072624, -35.992463], [-71.06984, -35.991488], [-71.064554, -35.995546], [-71.049587, -36.00053], [-71.050867, -35.991328], [-71.047844, -35.966807], [-71.032532, -35.963574]]]}, "properties": {"name": "El Toro (I)", "comuna": "Colbún", "provincia": "Linares", "region": "Del Maule", "sup_km2": "47.69747", "ivvp": "82.04", "n_bovino": "0", "ha_bov": "0", "r_zclima": "0-15 c", "zonaclima": "1"}}, {"type": "Feature", "geometry": {"type": "Polygon", "coordinates": [[[-70.408277, -31.025512], [-70.41558, -31.02407], [-70.424238, -31.027741], [-70.416858, -31.037408], [-70.391022, -31.04335], [-70.398927, -31.035118], [-70.391486, -31.031572], [-70.399648, -31.026558], [-70.408277, -31.025512]]]}, "properties": {"name": "El Chacay", "comuna": "Monte Patria", "provincia": "Limarí", "region": "Coquimbo", "sup_km2": "3.88929", "ivvp": "0", "n_bovino": "0", "ha_bov": "0"}}, {"type": "Feature", "geometry": {"type": "Polygon", "coordinates": [[[-70.939857, -35.931115], [-70.958193, -35.937267], [-70.965395, -35.943225], [-70.985098, -35.942788], [-70.992984, -35.945087], [-70.987232, -35.964275], [-70.976526, -35.960814], [-70.974502, -35.962204], [-70.974837, -35.968261], [-70.961434, -35.967007], [-70.952762, -35.974297], [-70.940853, -35.976897], [-70.942369, -35.987433], [-70.946456, -35.995975], [-70.934695, -35.99004], [-70.913774, -35.985346], [-70.888395, -35.988015], [-70.875541, -35.992152], [-70.872074, -35.990498], [-70.876557, -35.981724], [-70.884291, -35.976866], [-70.89042, -35.956572], [-70.907008, -35.947007], [-70.918201, -35.947635], [-70.933209, -35.942495], [-70.940424, -35.936037], [-70.939857, -35.931115]]]}, "properties": {"name": "Vinilla castrina", "comuna": "Colbún", "provincia": "Linares", "region": "Del Maule", "sup_km2": "37.51278", "ivvp": "82.74", "n_bovino": "0", "ha_bov": "10.4", "r_zclima": "> 25 c", "zonaclima": "2"}}, {"type": "Feature", "geometry": {"type": "Polygon", "coordinates": [[[-70.286369, -34.183696], [-70.294651, -34.179876], [-70.307479, -34.191323], [-70.317224, -34.194857], [-70.308771, -34.2138], [-70.292234, -34.211626], [-70.274322, -34.198499], [-70.262124, -34.194621], [-70.256258, -34.186335], [-70.256669, -34.182223], [-70.286369, -34.183696]]]}, "properties": {"name": "Aravena", "comuna": "Machalí", "provincia": "Cachapoal", "region": "L.G.B.O'Higgins", "sup_km2": "12.0811", "ivvp": "84.24", "n_bovino": "0", "ha_bov": "0", "r_zclima": "0-15 c", "zonaclima": "1"}}, {"type": "Feature", "geometry": {"type": "Polygon", "coordinates": [[[-70.417406, -35.960795], [-70.426954, -35.95771], [-70.436914, -35.958489], [-70.444669, -35.950309], [-70.452089, -35.949579], [-70.466655, -35.943357], [-70.482052, -35.944732], [-70.489562, -35.952271], [-70.505056, -35.952289], [-70.522642, -35.95602], [-70.52998, -35.960628], [-70.531878, -35.96719], [-70.535706, -35.970959], [-70.553041, -35.967824], [-70.556681, -35.960551], [-70.561413, -35.959173], [-70.566345, -35.953155], [-70.569705, -35.957014], [-70.564395, -35.962808], [-70.561196, -35.9741], [-70.558082, -35.975786], [-70.555806, -35.982689], [-70.557402, -35.988794], [-70.554146, -35.989211], [-70.558061, -36.001172], [-70.555974, -36.014587], [-70.545056, -36.004095], [-70.525193, -36.005485], [-70.51752, -36.008548], [-70.475393, -35.994587], [-70.463711, -35.984124], [-70.45329, -35.986914], [-70.449416, -35.985365], [-70.447937, -35.976071], [-70.444251, -35.971328], [-70.422619, -35.972774], [-70.420699, -35.966849], [-70.417229, -35.964433], [-70.417406, -35.960795]]]}, "properties": {"name": "Cajode Bobadill", "comuna": "San Clemente", "provincia": "Talca", "region": "Del Maule", "sup_km2": "54.80948", "ivvp": "81.25", "n_bovino": "350", "ha_bov": "7.17", "r_zclima": "> 25 c", "zonaclima": "2"}}, {"type": "Feature", "geometry": {"type": "Polygon", "coordinates": [[[-70.448336, -30.804439], [-70.450749, -30.794502], [-70.455357, -30.788906], [-70.469775, -30.799322], [-70.466581, -30.804699], [-70.465319, -30.81406], [-70.461856, -30.817433], [-70.448336, -30.804439]]]}, "properties": {"name": "Divisadero", "comuna": "Monte Patria", "provincia": "Limarí", "region": "Coquimbo", "sup_km2": "3.86254", "ivvp": "0", "n_bovino": "0", "ha_bov": "0"}}, {"type": "Feature", "geometry": {"type": "Polygon", "coordinates": [[[-70.992984, -35.945087], [-71.013769, -35.949089], [-71.028192, -35.962174], [-71.047844, -35.966807], [-71.049946, -35.999961], [-71.035229, -35.999626], [-71.035872, -36.005321], [-71.045555, -36.011935], [-71.045129, -36.018112], [-71.038374, -36.018759], [-71.029672, -36.015206], [-71.018844, -36.016534], [-71.001954, -36.02914], [-70.981698, -36.025735], [-70.971787, -36.01862], [-70.96074, -36.017084], [-70.954004, -36.018929], [-70.95061, -36.01637], [-70.953924, -36.00791], [-70.952714, -36.005244], [-70.958463, -35.99916], [-70.958965, -35.987397], [-70.966092, -35.983706], [-70.986877, -35.96474], [-70.992984, -35.945087]]]}, "properties": {"name": "Cerro Negro", "comuna": "Colbún", "provincia": "Linares", "region": "Del Maule", "sup_km2": "52.9555", "ivvp": "80.57", "n_bovino": "0", "ha_bov": "9.56", "r_zclima": "0-15 c", "zonaclima": "1"}}, {"type": "Feature", "geometry": {"type": "Polygon", "coordinates": [[[-70.974837, -35.968261], [-70.974502, -35.962204], [-70.976526, -35.960814], [-70.987232, -35.964275], [-70.979855, -35.97104], [-70.974837, -35.968261]]]}, "properties": {"name": "Las Cuatro Cuadra", "comuna": "Colbún", "provincia": "Linares", "region": "Del Maule", "sup_km2": "0.73344", "ivvp": "77.72", "n_bovino": "0", "ha_bov": "0", "r_zclima": "> 25 c", "zonaclima": "2"}}, {"type": "Feature", "geometry": {"type": "Polygon", "coordinates": [[[-71.078304, -36.022179], [-71.082313, -36.025639], [-71.097533, -36.020033], [-71.103085, -36.015162], [-71.113984, -36.014971], [-71.131789, -36.008066], [-71.144449, -36.024615], [-71.144364, -36.028538], [-71.157316, -36.030568], [-71.158217, -36.041873], [-71.161796, -36.051296], [-71.166506, -36.05382], [-71.174276, -36.064027], [-71.171251, -36.0727], [-71.172704, -36.079573], [-71.167742, -36.088564], [-71.170052, -36.092106], [-71.136597, -36.095294], [-71.131571, -36.090971], [-71.122209, -36.089704], [-71.113817, -36.09166], [-71.092048, -36.087842], [-71.082385, -36.077599], [-71.072745, -36.077734], [-71.063877, -36.066868], [-71.066308, -36.062256], [-71.06214, -36.058023], [-71.061937, -36.052713], [-71.053871, -36.04446], [-71.046487, -36.044712], [-71.046787, -36.039438], [-71.054442, -36.033953], [-71.058271, -36.026433], [-71.065001, -36.022134], [-71.067807, -36.021694], [-71.071364, -36.02536], [-71.078304, -36.022179]]]}, "properties": {"name": "La Gloria", "comuna": "Linares", "provincia": "Linares", "region": "Del Maule", "sup_km2": "71.98055", "ivvp": "83.43", "n_bovino": "0", "ha_bov": "6.61", "r_zclima": "0-15 c", "zonaclima": "1"}}, {"type": "Feature", "geometry": {"type": "Polygon", "coordinates": [[[-70.425409, -35.973217], [-70.444251, -35.971328], [-70.447937, -35.976071], [-70.449416, -35.985365], [-70.455333, -35.986822], [-70.463711, -35.984124], [-70.475393, -35.994587], [-70.504307, -36.005302], [-70.51752, -36.008548], [-70.525193, -36.005485], [-70.548128, -36.005078], [-70.54982, -36.009663], [-70.557327, -36.016449], [-70.550294, -36.030414], [-70.553613, -36.033877], [-70.54696, -36.037434], [-70.542165, -36.037748], [-70.538907, -36.035113], [-70.533708, -36.038227], [-70.526365, -36.033858], [-70.522471, -36.025172], [-70.509848, -36.018814], [-70.504172, -36.028522], [-70.498701, -36.025453], [-70.504213, -36.036905], [-70.491931, -36.03256], [-70.486882, -36.028756], [-70.484205, -36.022767], [-70.475434, -36.031124], [-70.47249, -36.031106], [-70.466001, -36.021747], [-70.466834, -36.017346], [-70.471068, -36.014022], [-70.469266, -36.010285], [-70.458473, -36.008037], [-70.453281, -36.002096], [-70.440186, -36.001749], [-70.439804, -36.005486], [-70.454244, -36.011234], [-70.45443, -36.025241], [-70.464086, -36.044416], [-70.463959, -36.051422], [-70.459396, -36.057383], [-70.466412, -36.063923], [-70.467929, -36.070697], [-70.449285, -36.071185], [-70.441248, -36.074785], [-70.428742, -36.075701], [-70.418465, -36.080419], [-70.411547, -36.07424], [-70.417251, -36.070712], [-70.408322, -36.053036], [-70.402087, -36.051495], [-70.393631, -36.053615], [-70.384009, -36.046476], [-70.374711, -36.044361], [-70.371632, -36.039104], [-70.381421, -36.020271], [-70.38351, -36.003874], [-70.379692, -35.993815], [-70.380901, -35.989777], [-70.392798, -35.981801], [-70.402702, -35.98301], [-70.418867, -35.976947], [-70.422619, -35.972774], [-70.425409, -35.973217]]]}, "properties": {"name": "Potrero Norte", "comuna": "San Clemente", "provincia": "Talca", "region": "Del Maule", "sup_km2": "93.70708", "ivvp": "80.85", "n_bovino": "0", "ha_bov": "31.64", "r_zclima": "> 25 c", "zonaclima": "2"}}, {"type": "Feature", "geometry": {"type": "Polygon", "coordinates": [[[-70.341526, -30.80715], [-70.35249, -30.803914], [-70.355807, -30.795787], [-70.364613, -30.789798], [-70.375764, -30.800114], [-70.37737, -30.804699], [-70.362341, -30.809689], [-70.360577, -30.818035], [-70.354017, -30.821604], [-70.350298, -30.812756], [-70.341526, -30.80715]]]}, "properties": {"name": "La Conchita", "comuna": "Monte Patria", "provincia": "Limarí", "region": "Coquimbo", "sup_km2": "4.9489", "ivvp": "0", "n_bovino": "0", "ha_bov": "0"}}, {"type": "Feature", "geometry": {"type": "Polygon", "coordinates": [[[-70.791525, -35.970724], [-70.801399, -35.970806], [-70.80718, -35.973833], [-70.823617, -35.972503], [-70.83425, -35.976438], [-70.835198, -35.98016], [-70.821948, -35.979672], [-70.818121, -35.992986], [-70.812194, -35.996515], [-70.803778, -36.006815], [-70.798914, -36.016984], [-70.798901, -36.022033], [-70.806733, -36.033345], [-70.811397, -36.035195], [-70.817902, -36.043088], [-70.824522, -36.044632], [-70.820702, -36.048896], [-70.82163, -36.050919], [-70.816263, -36.055079], [-70.800037, -36.053373], [-70.797446, -36.043018], [-70.787633, -36.025667], [-70.786718, -36.020277], [-70.790791, -36.008975], [-70.785235, -35.993737], [-70.794531, -35.977981], [-70.791525, -35.970724]]]}, "properties": {"name": "El Pellado Los V", "comuna": "Colbún", "provincia": "Linares", "region": "Del Maule", "sup_km2": "17.87777", "ivvp": "81.2", "n_bovino": "0", "ha_bov": "6.05", "r_zclima": "> 25 c", "zonaclima": "2"}}, {"type": "Feature", "geometry": {"type": "Polygon", "coordinates": [[[-71.125931, -35.984868], [-71.128781, -35.980465], [-71.138015, -35.975892], [-71.14714, -35.974851], [-71.153599, -35.976745], [-71.160342, -35.971152], [-71.178843, -35.969916], [-71.182856, -35.971822], [-71.199358, -35.969028], [-71.206976, -35.972367], [-71.207288, -35.983561], [-71.21207, -35.996908], [-71.20863, -36.023157], [-71.216108, -36.03169], [-71.21695, -36.039098], [-71.23133, -36.059864], [-71.238047, -36.063732], [-71.241357, -36.068943], [-71.241744, -36.084584], [-71.228129, -36.109585], [-71.22647, -36.117223], [-71.222664, -36.11998], [-71.218341, -36.117582], [-71.214024, -36.106516], [-71.21067, -36.106244], [-71.205446, -36.101077], [-71.205549, -36.09806], [-71.198503, -36.093516], [-71.180159, -36.090214], [-71.170052, -36.092106], [-71.168249, -36.089759], [-71.168257, -36.085711], [-71.172704, -36.079573], [-71.171251, -36.0727], [-71.174276, -36.064027], [-71.166506, -36.05382], [-71.161796, -36.051296], [-71.158217, -36.041873], [-71.157316, -36.030568], [-71.144364, -36.028538], [-71.144449, -36.024615], [-71.131213, -36.007391], [-71.132859, -35.999011], [-71.125931, -35.984868]]]}, "properties": {"name": "Las Animas", "comuna": "Linares", "provincia": "Linares", "region": "Del Maule", "sup_km2": "89.50808", "ivvp": "87.78", "n_bovino": "0", "ha_bov": "0", "r_zclima": "0-15 c", "zonaclima": "1"}}, {"type": "Feature", "geometry": {"type": "Polygon", "coordinates": [[[-70.824522, -36.044632], [-70.817902, -36.043088], [-70.811397, -36.035195], [-70.806733, -36.033345], [-70.798901, -36.022033], [-70.798914, -36.016984], [-70.803778, -36.006815], [-70.812194, -35.996515], [-70.818121, -35.992986], [-70.821948, -35.979672], [-70.82539, -35.978917], [-70.835198, -35.98016], [-70.835801, -35.983775], [-70.846511, -35.992846], [-70.852366, -35.99303], [-70.853465, -35.996678], [-70.841131, -36.006148], [-70.835442, -36.01493], [-70.826323, -36.020518], [-70.824522, -36.044632]]]}, "properties": {"name": "El Pellado La Hu", "comuna": "Colbún", "provincia": "Linares", "region": "Del Maule", "sup_km2": "16.71845", "ivvp": "81.3", "n_bovino": "0", "ha_bov": "9.29", "r_zclima": "> 25 c", "zonaclima": "2"}}, {"type": "Feature", "geometry": {"type": "Polygon", "coordinates": [[[-70.640746, -36.026271], [-70.638275, -36.022658], [-70.633127, -36.025447], [-70.621583, -36.022885], [-70.613571, -36.016007], [-70.605833, -36.013686], [-70.60619, -36.008975], [-70.601911, -36.002208], [-70.607442, -35.992691], [-70.626677, -35.999459], [-70.634182, -35.993497], [-70.635908, -35.988813], [-70.643507, -35.987271], [-70.65108, -35.982367], [-70.661318, -35.983497], [-70.665803, -35.987496], [-70.671006, -35.984899], [-70.679649, -35.986234], [-70.684933, -35.98387], [-70.702515, -35.983582], [-70.717134, -35.992915], [-70.725754, -35.991656], [-70.732899, -35.998133], [-70.735862, -36.004987], [-70.734642, -36.010305], [-70.737911, -36.011574], [-70.738721, -36.015249], [-70.737379, -36.022408], [-70.749386, -36.030365], [-70.758622, -36.048466], [-70.759534, -36.05849], [-70.755572, -36.063822], [-70.726832, -36.058732], [-70.716964, -36.05131], [-70.704603, -36.049814], [-70.696968, -36.051983], [-70.690688, -36.050093], [-70.684477, -36.055354], [-70.663015, -36.058597], [-70.659653, -36.045591], [-70.640746, -36.026271]]]}, "properties": {"name": "Botacura", "comuna": "Colbún", "provincia": "Linares", "region": "Del Maule", "sup_km2": "76.95843", "ivvp": "80.15", "n_bovino": "0", "ha_bov": "5.57", "r_zclima": "> 25 c", "zonaclima": "2"}}, {"type": "Feature", "geometry": {"type": "Polygon", "coordinates": [[[-71.052686, -36.124921], [-71.073499, -36.125568], [-71.078495, -36.13029], [-71.091477, -36.12567], [-71.10481, -36.137704], [-71.111767, -36.140826], [-71.107945, -36.14778], [-71.098304, -36.15274], [-71.093548, -36.158106], [-71.08819, -36.158533], [-71.063805, -36.142884], [-71.056787, -36.141833], [-71.041354, -36.132056], [-71.052686, -36.124921]]]}, "properties": {"name": "Montanilla", "comuna": "Linares", "provincia": "Linares", "region": "Del Maule", "sup_km2": "12.85577", "ivvp": "83.38", "n_bovino": "0", "ha_bov": "15.25", "r_zclima": "0-15 c", "zonaclima": "1"}}, {"type": "Feature", "geometry": {"type": "Polygon", "coordinates": [[[-70.872074, -35.990498], [-70.875541, -35.992152], [-70.888395, -35.988015], [-70.913774, -35.985346], [-70.934695, -35.99004], [-70.949346, -35.996694], [-70.958115, -35.996033], [-70.958463, -35.99916], [-70.952714, -36.005244], [-70.953924, -36.00791], [-70.950255, -36.014442], [-70.952588, -36.01979], [-70.948988, -36.021994], [-70.945167, -36.029606], [-70.94738, -36.040752], [-70.942095, -36.052254], [-70.932466, -36.059576], [-70.929453, -36.067873], [-70.924177, -36.06835], [-70.923376, -36.075304], [-70.919471, -36.077782], [-70.916281, -36.084378], [-70.905977, -36.086584], [-70.905789, -36.084261], [-70.899201, -36.083383], [-70.879913, -36.071144], [-70.875247, -36.070933], [-70.871442, -36.065124], [-70.845315, -36.053937], [-70.83941, -36.055781], [-70.834122, -36.048155], [-70.824522, -36.044632], [-70.826323, -36.020518], [-70.835442, -36.01493], [-70.842815, -36.004504], [-70.852868, -35.998309], [-70.852366, -35.99303], [-70.872074, -35.990498]]]}, "properties": {"name": "La Huerta", "comuna": "Colbún", "provincia": "Linares", "region": "Del Maule", "sup_km2": "89.40064", "ivvp": "81.3", "n_bovino": "0", "ha_bov": "10.84", "r_zclima": "> 25 c", "zonaclima": "2"}}, {"type": "Feature", "geometry": {"type": "Polygon", "coordinates": [[[-70.952824, -36.018628], [-70.970281, -36.018252], [-70.981698, -36.025735], [-71.001954, -36.02914], [-71.018844, -36.016534], [-71.029672, -36.015206], [-71.038374, -36.018759], [-71.045129, -36.018112], [-71.043574, -36.027842], [-71.038033, -36.034526], [-71.047393, -36.040068], [-71.046185, -36.045812], [-71.035988, -36.058723], [-71.036675, -36.065386], [-71.031825, -36.073834], [-71.019132, -36.076631], [-71.008287, -36.083655], [-70.996476, -36.082171], [-70.987521, -36.09229], [-70.983349, -36.091521], [-70.979187, -36.089047], [-70.98204, -36.08347], [-70.981547, -36.077687], [-70.971473, -36.074883], [-70.964567, -36.068326], [-70.963199, -36.057617], [-70.953597, -36.054141], [-70.945429, -36.055238], [-70.942285, -36.052824], [-70.94738, -36.040752], [-70.945167, -36.029606], [-70.952824, -36.018628]]]}, "properties": {"name": "Las Cuevas", "comuna": "Colbún", "provincia": "Linares", "region": "Del Maule", "sup_km2": "50.7195", "ivvp": "80.94", "n_bovino": "0", "ha_bov": "158.02", "r_zclima": "> 25 c", "zonaclima": "2"}}, {"type": "Feature", "geometry": {"type": "Polygon", "coordinates": [[[-70.602387, -36.051067], [-70.614652, -36.043411], [-70.623676, -36.041085], [-70.625998, -36.047787], [-70.630226, -36.051836], [-70.631518, -36.05835], [-70.628178, -36.064832], [-70.630104, -36.071039], [-70.634156, -36.072417], [-70.641541, -36.069891], [-70.653154, -36.077696], [-70.667883, -36.079651], [-70.672462, -36.071366], [-70.681868, -36.064068], [-70.680131, -36.05647], [-70.689522, -36.050587], [-70.715436, -36.050935], [-70.725208, -36.075013], [-70.729135, -36.077922], [-70.741615, -36.077367], [-70.736128, -36.081255], [-70.714021, -36.084174], [-70.711473, -36.087889], [-70.699438, -36.092572], [-70.680545, -36.09292], [-70.657786, -36.097316], [-70.645805, -36.095304], [-70.643706, -36.097749], [-70.623036, -36.102502], [-70.622535, -36.089717], [-70.615437, -36.087261], [-70.602947, -36.067619], [-70.599555, -36.057604], [-70.602387, -36.051067]]]}, "properties": {"name": "Sazo", "comuna": "Colbún", "provincia": "Linares", "region": "Del Maule", "sup_km2": "39.09269", "ivvp": "80.4", "n_bovino": "0", "ha_bov": "30.64", "r_zclima": "> 25 c", "zonaclima": "2"}}, {"type": "Feature", "geometry": {"type": "Polygon", "coordinates": [[[-70.810189, -36.055257], [-70.816263, -36.055079], [-70.825011, -36.044679], [-70.834122, -36.048155], [-70.83941, -36.055781], [-70.845315, -36.053937], [-70.871442, -36.065124], [-70.875247, -36.070933], [-70.87089, -36.071452], [-70.864938, -36.067925], [-70.845475, -36.082952], [-70.835639, -36.085785], [-70.814366, -36.080267], [-70.806223, -36.084695], [-70.809013, -36.07581], [-70.81551, -36.067477], [-70.81473, -36.059637], [-70.810189, -36.055257]]]}, "properties": {"name": "Mallin alto", "comuna": "Colbún", "provincia": "Linares", "region": "Del Maule", "sup_km2": "14.30014", "ivvp": "80.52", "n_bovino": "0", "ha_bov": "1.75", "r_zclima": "> 25 c", "zonaclima": "2"}}, {"type": "Feature", "geometry": {"type": "Polygon", "coordinates": [[[-70.918604, -36.082547], [-70.919471, -36.077782], [-70.923376, -36.075304], [-70.924177, -36.06835], [-70.929453, -36.067873], [-70.932466, -36.059576], [-70.942095, -36.052254], [-70.945429, -36.055238], [-70.953597, -36.054141], [-70.963199, -36.057617], [-70.963385, -36.066844], [-70.971473, -36.074883], [-70.981547, -36.077687], [-70.98204, -36.08347], [-70.979187, -36.089047], [-70.987521, -36.09229], [-70.983198, -36.096864], [-70.969568, -36.096025], [-70.95576, -36.088639], [-70.938271, -36.091812], [-70.926165, -36.089547], [-70.923347, -36.0849], [-70.919397, -36.085995], [-70.918604, -36.082547]]]}, "properties": {"name": "Las Cuevas Carra", "comuna": "Colbún", "provincia": "Linares", "region": "Del Maule", "sup_km2": "17.34717", "ivvp": "79.12", "n_bovino": "0", "ha_bov": "0", "r_zclima": "> 25 c", "zonaclima": "2"}}, {"type": "Feature", "geometry": {"type": "Polygon", "coordinates": [[[-70.377985, -34.934111], [-70.385904, -34.931022], [-70.388767, -34.926261], [-70.383296, -34.912433], [-70.378319, -34.909744], [-70.386843, -34.901523], [-70.397974, -34.896355], [-70.404135, -34.900089], [-70.409467, -34.92059], [-70.407038, -34.926758], [-70.401943, -34.931172], [-70.391579, -34.93332], [-70.384507, -34.939126], [-70.377985, -34.934111]]]}, "properties": {"name": "Los Potrerillos", "comuna": "San Fernando", "provincia": "Colchagua", "region": "L.G.B.O'Higgins", "sup_km2": "7.62549", "ivvp": "84.24", "n_bovino": "0", "ha_bov": "0", "r_zclima": "0-15 c", "zonaclima": "1"}}, {"type": "Feature", "geometry": {"type": "Polygon", "coordinates": [[[-70.458015, -36.070994], [-70.467929, -36.070697], [-70.476604, -36.08812], [-70.476304, -36.090774], [-70.465047, -36.095654], [-70.463482, -36.098342], [-70.46666, -36.103892], [-70.475177, -36.106897], [-70.47899, -36.113377], [-70.470397, -36.129872], [-70.475, -36.129662], [-70.476639, -36.124981], [-70.481305, -36.127655], [-70.477541, -36.123456], [-70.479467, -36.117608], [-70.482288, -36.116329], [-70.47957, -36.1152], [-70.484371, -36.114465], [-70.482398, -36.111541], [-70.48498, -36.109057], [-70.481533, -36.107585], [-70.482528, -36.104192], [-70.479863, -36.10098], [-70.488683, -36.096399], [-70.510714, -36.114018], [-70.540409, -36.12631], [-70.559968, -36.137799], [-70.552832, -36.137816], [-70.542497, -36.14189], [-70.533346, -36.141548], [-70.525476, -36.145708], [-70.523178, -36.150386], [-70.51086, -36.155184], [-70.505234, -36.168213], [-70.490667, -36.177441], [-70.470589, -36.171377], [-70.448161, -36.171096], [-70.437357, -36.161317], [-70.422113, -36.156168], [-70.421018, -36.14938], [-70.424247, -36.14378], [-70.417607, -36.134834], [-70.420715, -36.123137], [-70.415024, -36.108693], [-70.417948, -36.103198], [-70.426244, -36.09808], [-70.427568, -36.092786], [-70.420951, -36.089718], [-70.418465, -36.080419], [-70.428742, -36.075701], [-70.458015, -36.070994]]]}, "properties": {"name": "Piedras Colorada", "comuna": "San Clemente", "provincia": "Talca", "region": "Del Maule", "sup_km2": "81.99014", "ivvp": "80.1", "n_bovino": "0", "ha_bov": "107.77", "r_zclima": "> 25 c", "zonaclima": "2"}}, {"type": "Feature", "geometry": {"type": "Polygon", "coordinates": [[[-70.39723, -34.25035], [-70.400192, -34.250141], [-70.403225, -34.245899], [-70.410925, -34.24458], [-70.412169, -34.249376], [-70.422138, -34.257016], [-70.418436, -34.276938], [-70.408233, -34.278201], [-70.405584, -34.28137], [-70.394116, -34.284756], [-70.381695, -34.283256], [-70.389002, -34.260458], [-70.39723, -34.25035]]]}, "properties": {"name": "Los Quebrachos", "comuna": "Machalí", "provincia": "Cachapoal", "region": "L.G.B.O'Higgins", "sup_km2": "10.53931", "ivvp": "85.57", "n_bovino": "0", "ha_bov": "0", "r_zclima": "0-15 c", "zonaclima": "1"}}, {"type": "Feature", "geometry": {"type": "Polygon", "coordinates": [[[-70.789907, -36.070665], [-70.798646, -36.068479], [-70.810817, -36.072911], [-70.806223, -36.084695], [-70.793496, -36.095825], [-70.785167, -36.097649], [-70.777739, -36.103037], [-70.772532, -36.097836], [-70.765879, -36.098759], [-70.761702, -36.101665], [-70.756663, -36.11156], [-70.744111, -36.107475], [-70.740587, -36.10105], [-70.736148, -36.099442], [-70.742469, -36.091075], [-70.739889, -36.083306], [-70.772384, -36.0799], [-70.778553, -36.075792], [-70.789849, -36.074655], [-70.789907, -36.070665]]]}, "properties": {"name": "Las yeguas (Lina", "comuna": "Colbún", "provincia": "Linares", "region": "Del Maule", "sup_km2": "15.27321", "ivvp": "80.28", "n_bovino": "0", "ha_bov": "4.35", "r_zclima": "> 25 c", "zonaclima": "2"}}, {"type": "Feature", "geometry": {"type": "Polygon", "coordinates": [[[-70.312276, -30.564372], [-70.323459, -30.555485], [-70.326313, -30.549365], [-70.332747, -30.552674], [-70.338387, -30.562343], [-70.335033, -30.572942], [-70.336688, -30.585038], [-70.317143, -30.576734], [-70.305689, -30.56904], [-70.312276, -30.564372]]]}, "properties": {"name": "Cirilo", "comuna": "Rio Hurtado", "provincia": "Limarí", "region": "Coquimbo", "sup_km2": "6.44953", "ivvp": "0", "n_bovino": "0", "ha_bov": "0"}}, {"type": "Feature", "geometry": {"type": "Polygon", "coordinates": [[[-71.122057, -36.117974], [-71.125508, -36.115128], [-71.131809, -36.125869], [-71.142252, -36.131794], [-71.143517, -36.13959], [-71.145972, -36.141444], [-71.144931, -36.146087], [-71.131518, -36.153181], [-71.125612, -36.14503], [-71.114938, -36.136777], [-71.122057, -36.117974]]]}, "properties": {"name": "El Trigal", "comuna": "Longaví", "provincia": "Linares", "region": "Del Maule", "sup_km2": "6.32012", "ivvp": "89.49", "n_bovino": "0", "ha_bov": "0", "r_zclima": "0-15 c", "zonaclima": "1"}}, {"type": "Feature", "geometry": {"type": "Polygon", "coordinates": [[[-71.008287, -36.083655], [-71.012732, -36.079452], [-71.027678, -36.074233], [-71.031825, -36.073834], [-71.036471, -36.079105], [-71.042944, -36.093701], [-71.051461, -36.102209], [-71.057279, -36.11517], [-71.053155, -36.116733], [-71.052686, -36.124921], [-71.041354, -36.132056], [-71.058932, -36.142711], [-71.034392, -36.141648], [-71.004496, -36.128059], [-71.002696, -36.121734], [-71.008844, -36.117593], [-71.006953, -36.110089], [-71.013947, -36.105085], [-71.005915, -36.088963], [-71.008287, -36.083655]]]}, "properties": {"name": "Potrero Grande", "comuna": "Linares", "provincia": "Linares", "region": "Del Maule", "sup_km2": "24.49967", "ivvp": "83.26", "n_bovino": "0", "ha_bov": "7.42", "r_zclima": "0-15 c", "zonaclima": "1"}}, {"type": "Feature", "geometry": {"type": "Polygon", "coordinates": [[[-71.062717, -36.210935], [-71.090796, -36.205175], [-71.109144, -36.208062], [-71.109534, -36.213995], [-71.11296, -36.217139], [-71.11578, -36.225454], [-71.11157, -36.237453], [-71.10298, -36.240002], [-71.090691, -36.234611], [-71.086854, -36.227967], [-71.058483, -36.224326], [-71.051294, -36.217045], [-71.057574, -36.215788], [-71.062717, -36.210935]]]}, "properties": {"name": "Laguna Achibueno", "comuna": "Longaví", "provincia": "Linares", "region": "Del Maule", "sup_km2": "12.66733", "ivvp": "82.79", "n_bovino": "0", "ha_bov": "0.48", "r_zclima": "0-15 c", "zonaclima": "1"}}, {"type": "Feature", "geometry": {"type": "Polygon", "coordinates": [[[-70.835639, -36.085785], [-70.845475, -36.082952], [-70.866295, -36.067692], [-70.871768, -36.071677], [-70.879913, -36.071144], [-70.897908, -36.082795], [-70.905789, -36.084261], [-70.905977, -36.086584], [-70.918604, -36.082547], [-70.919881, -36.084383], [-70.915398, -36.093956], [-70.91866, -36.097586], [-70.916368, -36.102206], [-70.923104, -36.109914], [-70.919498, -36.115732], [-70.923385, -36.117833], [-70.922239, -36.125076], [-70.92795, -36.12781], [-70.92865, -36.130332], [-70.919914, -36.14005], [-70.920713, -36.143882], [-70.924244, -36.145795], [-70.922566, -36.150378], [-70.92431, -36.154537], [-70.917037, -36.153973], [-70.912399, -36.15745], [-70.905541, -36.171135], [-70.901446, -36.171074], [-70.89722, -36.17865], [-70.886836, -36.183366], [-70.885184, -36.190175], [-70.87285, -36.195611], [-70.868123, -36.196122], [-70.870483, -36.178201], [-70.85981, -36.172373], [-70.853107, -36.163571], [-70.861926, -36.141385], [-70.857764, -36.130421], [-70.857729, -36.118207], [-70.848063, -36.107589], [-70.850163, -36.10496], [-70.845922, -36.094718], [-70.835503, -36.090893], [-70.835639, -36.085785]]]}, "properties": {"name": "Carrizales (I)", "comuna": "Colbún", "provincia": "Linares", "region": "Del Maule", "sup_km2": "67.42694", "ivvp": "79.46", "n_bovino": "0", "ha_bov": "22", "r_zclima": "> 25 c", "zonaclima": "2"}}, {"type": "Feature", "geometry": {"type": "Polygon", "coordinates": [[[-70.987521, -36.09229], [-70.996476, -36.082171], [-71.008287, -36.083655], [-71.005915, -36.088963], [-71.013947, -36.105085], [-71.006953, -36.110089], [-71.008844, -36.117593], [-71.003402, -36.120884], [-71.00228, -36.124499], [-71.00662, -36.130389], [-71.019097, -36.13603], [-71.014665, -36.141819], [-71.00525, -36.14328], [-70.988604, -36.127977], [-70.97812, -36.128786], [-70.971996, -36.132127], [-70.955323, -36.128493], [-70.938537, -36.109606], [-70.929242, -36.103947], [-70.921931, -36.096001], [-70.918992, -36.087525], [-70.922687, -36.084712], [-70.926165, -36.089547], [-70.938271, -36.091812], [-70.95576, -36.088639], [-70.969568, -36.096025], [-70.983198, -36.096864], [-70.987521, -36.09229]]]}, "properties": {"name": "Hoyada seca", "comuna": "Colbún", "provincia": "Linares", "region": "Del Maule", "sup_km2": "30.17543", "ivvp": "81.21", "n_bovino": "0", "ha_bov": "9.4", "r_zclima": "> 25 c", "zonaclima": "2"}}, {"type": "Feature", "geometry": {"type": "Polygon", "coordinates": [[[-70.71446, -36.132391], [-70.725809, -36.124589], [-70.726948, -36.119749], [-70.731956, -36.118532], [-70.733483, -36.113367], [-70.744111, -36.107475], [-70.748878, -36.10869], [-70.754991, -36.111359], [-70.7582, -36.116838], [-70.771531, -36.119143], [-70.780502, -36.140938], [-70.787637, -36.144947], [-70.791507, -36.151411], [-70.805964, -36.157337], [-70.809851, -36.162628], [-70.814956, -36.164308], [-70.815499, -36.167406], [-70.798321, -36.185869], [-70.784484, -36.178617], [-70.775913, -36.178884], [-70.75251, -36.172802], [-70.741821, -36.171998], [-70.735613, -36.175392], [-70.730484, -36.16615], [-70.729221, -36.157582], [-70.721983, -36.150741], [-70.722692, -36.145011], [-70.719516, -36.144687], [-70.712049, -36.136992], [-70.71446, -36.132391]]]}, "properties": {"name": "Negro Fuentes", "comuna": "Colbún", "provincia": "Linares", "region": "Del Maule", "sup_km2": "41.91222", "ivvp": "80.62", "n_bovino": "0", "ha_bov": "0", "r_zclima": "> 25 c", "zonaclima": "2"}}, {"type": "Feature", "geometry": {"type": "Polygon", "coordinates": [[[-70.741615, -36.077367], [-70.751475, -36.079932], [-70.770729, -36.076697], [-70.776578, -36.077859], [-70.761298, -36.081749], [-70.734344, -36.084143], [-70.710396, -36.093795], [-70.700917, -36.101687], [-70.702667, -36.109518], [-70.701006, -36.115257], [-70.688758, -36.118099], [-70.682796, -36.116128], [-70.67178, -36.119482], [-70.655335, -36.132899], [-70.653212, -36.143858], [-70.637188, -36.145354], [-70.620745, -36.140439], [-70.614469, -36.143247], [-70.607965, -36.137993], [-70.604411, -36.131415], [-70.602972, -36.122906], [-70.608594, -36.11918], [-70.61142, -36.111006], [-70.623739, -36.107351], [-70.623036, -36.102502], [-70.625182, -36.101039], [-70.643706, -36.097749], [-70.645805, -36.095304], [-70.657786, -36.097316], [-70.680545, -36.09292], [-70.699438, -36.092572], [-70.711473, -36.087889], [-70.714021, -36.084174], [-70.736128, -36.081255], [-70.741615, -36.077367]]]}, "properties": {"name": "Rodriguez", "comuna": "Colbún", "provincia": "Linares", "region": "Del Maule", "sup_km2": "35.2053", "ivvp": "79.73", "n_bovino": "0", "ha_bov": "5.83", "r_zclima": "> 25 c", "zonaclima": "2"}}, {"type": "Feature", "geometry": {"type": "Polygon", "coordinates": [[[-71.072745, -36.077734], [-71.082385, -36.077599], [-71.092048, -36.087842], [-71.113817, -36.09166], [-71.122209, -36.089704], [-71.131571, -36.090971], [-71.136597, -36.095294], [-71.154704, -36.09446], [-71.151359, -36.097914], [-71.148343, -36.097693], [-71.133572, -36.111834], [-71.128248, -36.112226], [-71.122057, -36.117974], [-71.102527, -36.110824], [-71.086601, -36.111355], [-71.086568, -36.107511], [-71.077893, -36.095709], [-71.072745, -36.077734]]]}, "properties": {"name": "Pacheco", "comuna": "Linares", "provincia": "Linares", "region": "Del Maule", "sup_km2": "15.21475", "ivvp": "86.54", "n_bovino": "0", "ha_bov": "0", "r_zclima": "0-15 c", "zonaclima": "1"}}, {"type": "Feature", "geometry": {"type": "Polygon", "coordinates": [[[-70.699518, -36.115968], [-70.702667, -36.109518], [-70.700917, -36.101687], [-70.70563, -36.097081], [-70.732281, -36.08471], [-70.739889, -36.083306], [-70.742469, -36.091075], [-70.736148, -36.099442], [-70.740587, -36.10105], [-70.744111, -36.107475], [-70.733483, -36.113367], [-70.731956, -36.118532], [-70.726948, -36.119749], [-70.724478, -36.125798], [-70.716489, -36.131745], [-70.708486, -36.130935], [-70.702535, -36.125147], [-70.703517, -36.118426], [-70.699518, -36.115968]]]}, "properties": {"name": "Cerro negro (I)", "comuna": "Colbún", "provincia": "Linares", "region": "Del Maule", "sup_km2": "13.15026", "ivvp": "80.01", "n_bovino": "0", "ha_bov": "0", "r_zclima": "> 25 c", "zonaclima": "2"}}, {"type": "Feature", "geometry": {"type": "Polygon", "coordinates": [[[-70.432226, -34.663323], [-70.432388, -34.658087], [-70.435964, -34.655281], [-70.434866, -34.643063], [-70.458599, -34.642867], [-70.45679, -34.656639], [-70.450421, -34.664483], [-70.450872, -34.668283], [-70.447322, -34.6625], [-70.432226, -34.663323]]]}, "properties": {"name": "Cajon del Toro", "comuna": "San Fernando", "provincia": "Colchagua", "region": "L.G.B.O'Higgins", "sup_km2": "4.64657", "ivvp": "83.84", "n_bovino": "0", "ha_bov": "0", "r_zclima": "> 25 c", "zonaclima": "2"}}, {"type": "Feature", "geometry": {"type": "Polygon", "coordinates": [[[-70.92431, -36.154537], [-70.922566, -36.150378], [-70.924244, -36.145795], [-70.920713, -36.143882], [-70.919914, -36.14005], [-70.92865, -36.130332], [-70.92795, -36.12781], [-70.922239, -36.125076], [-70.923385, -36.117833], [-70.919498, -36.115732], [-70.923104, -36.109914], [-70.916368, -36.102206], [-70.91866, -36.097586], [-70.915398, -36.093956], [-70.919397, -36.085995], [-70.921931, -36.096001], [-70.929242, -36.103947], [-70.938537, -36.109606], [-70.955323, -36.128493], [-70.971996, -36.132127], [-70.97812, -36.128786], [-70.988604, -36.127977], [-71.00525, -36.14328], [-70.998029, -36.152496], [-70.997372, -36.158857], [-70.986441, -36.159575], [-70.975197, -36.171137], [-70.966093, -36.17633], [-70.961053, -36.18531], [-70.960876, -36.190153], [-70.954278, -36.194214], [-70.936514, -36.198753], [-70.919528, -36.200244], [-70.908159, -36.196856], [-70.917969, -36.186946], [-70.917148, -36.182222], [-70.921442, -36.170151], [-70.91862, -36.166581], [-70.924175, -36.159195], [-70.92431, -36.154537]]]}, "properties": {"name": "Cipreses", "comuna": "Colbún", "provincia": "Linares", "region": "Del Maule", "sup_km2": "48.39286", "ivvp": "79.09", "n_bovino": "0", "ha_bov": "37.95", "r_zclima": "> 25 c", "zonaclima": "2"}}, {"type": "Feature", "geometry": {"type": "Polygon", "coordinates": [[[-70.754991, -36.111359], [-70.757881, -36.110398], [-70.761702, -36.101665], [-70.765879, -36.098759], [-70.772532, -36.097836], [-70.7785, -36.102931], [-70.785167, -36.097649], [-70.793496, -36.095825], [-70.800304, -36.088971], [-70.824711, -36.099104], [-70.834045, -36.091051], [-70.845922, -36.094718], [-70.849307, -36.101273], [-70.849304, -36.107241], [-70.844837, -36.108837], [-70.843358, -36.113859], [-70.836072, -36.12179], [-70.833845, -36.1376], [-70.827778, -36.142876], [-70.827971, -36.146298], [-70.823922, -36.151264], [-70.823257, -36.163182], [-70.826757, -36.166121], [-70.829832, -36.175057], [-70.815772, -36.16787], [-70.814956, -36.164308], [-70.809851, -36.162628], [-70.801925, -36.154617], [-70.790946, -36.150937], [-70.787637, -36.144947], [-70.780502, -36.140938], [-70.771531, -36.119143], [-70.757132, -36.116336], [-70.754991, -36.111359]]]}, "properties": {"name": "Los Tres cajones", "comuna": "Colbún", "provincia": "Linares", "region": "Del Maule", "sup_km2": "40.07929", "ivvp": "80.97", "n_bovino": "0", "ha_bov": "0", "r_zclima": "> 25 c", "zonaclima": "2"}}, {"type": "Feature", "geometry": {"type": "Polygon", "coordinates": [[[-71.057279, -36.11517], [-71.073688, -36.108753], [-71.090688, -36.112144], [-71.102527, -36.110824], [-71.122057, -36.117974], [-71.111767, -36.140826], [-71.10481, -36.137704], [-71.091477, -36.12567], [-71.078495, -36.13029], [-71.073499, -36.125568], [-71.052686, -36.124921], [-71.053155, -36.116733], [-71.057279, -36.11517]]]}, "properties": {"name": "Cerro Pelado", "comuna": "Linares", "provincia": "Linares", "region": "Del Maule", "sup_km2": "11.47515", "ivvp": "87.31", "n_bovino": "0", "ha_bov": "8.16", "r_zclima": "0-15 c", "zonaclima": "1"}}, {"type": "Feature", "geometry": {"type": "Polygon", "coordinates": [[[-71.170052, -36.092106], [-71.187616, -36.091065], [-71.198503, -36.093516], [-71.205549, -36.09806], [-71.206001, -36.101891], [-71.214024, -36.106516], [-71.216814, -36.116168], [-71.222145, -36.119151], [-71.233092, -36.133861], [-71.223582, -36.133317], [-71.210499, -36.145331], [-71.203914, -36.146949], [-71.188211, -36.156845], [-71.175712, -36.152976], [-71.168881, -36.15434], [-71.162172, -36.161438], [-71.168709, -36.178896], [-71.163515, -36.196297], [-71.135573, -36.191913], [-71.127543, -36.187081], [-71.125497, -36.177468], [-71.130102, -36.165893], [-71.130007, -36.153479], [-71.144931, -36.146087], [-71.145972, -36.141444], [-71.143517, -36.13959], [-71.142252, -36.131794], [-71.154163, -36.129061], [-71.155111, -36.131054], [-71.160056, -36.130667], [-71.176101, -36.124414], [-71.174221, -36.116949], [-71.160927, -36.103844], [-71.15765, -36.097436], [-71.151584, -36.097401], [-71.152778, -36.09468], [-71.170052, -36.092106]]]}, "properties": {"name": "Los Maquis", "comuna": "Longaví", "provincia": "Linares", "region": "Del Maule", "sup_km2": "50.3202", "ivvp": "89.92", "n_bovino": "0", "ha_bov": "19.02", "r_zclima": "0-15 c", "zonaclima": "1"}}, {"type": "Feature", "geometry": {"type": "Polygon", "coordinates": [[[-70.829832, -36.175057], [-70.826757, -36.166121], [-70.823257, -36.163182], [-70.823922, -36.151264], [-70.827971, -36.146298], [-70.827778, -36.142876], [-70.833845, -36.1376], [-70.836072, -36.12179], [-70.843358, -36.113859], [-70.844837, -36.108837], [-70.848063, -36.107589], [-70.857729, -36.118207], [-70.857764, -36.130421], [-70.861926, -36.141385], [-70.853107, -36.163571], [-70.85981, -36.172373], [-70.870483, -36.178201], [-70.870445, -36.18901], [-70.868123, -36.196122], [-70.859613, -36.195326], [-70.846736, -36.187994], [-70.844116, -36.183924], [-70.830845, -36.179373], [-70.829832, -36.175057]]]}, "properties": {"name": "Las Lagunillas", "comuna": "Colbún", "provincia": "Linares", "region": "Del Maule", "sup_km2": "22.97348", "ivvp": "81.93", "n_bovino": "0", "ha_bov": "15.97", "r_zclima": "> 25 c", "zonaclima": "2"}}, {"type": "Feature", "geometry": {"type": "Polygon", "coordinates": [[[-70.440585, -34.64185], [-70.435345, -34.626493], [-70.429114, -34.618829], [-70.429697, -34.61233], [-70.426322, -34.603858], [-70.420977, -34.598429], [-70.4208, -34.589324], [-70.439991, -34.586619], [-70.450061, -34.590918], [-70.454881, -34.590491], [-70.461, -34.595016], [-70.462632, -34.604672], [-70.468897, -34.613064], [-70.463519, -34.622831], [-70.453234, -34.625073], [-70.440585, -34.64185]]]}, "properties": {"name": "Piedras Negras", "comuna": "San Fernando", "provincia": "Colchagua", "region": "L.G.B.O'Higgins", "sup_km2": "15.18458", "ivvp": "85.3", "n_bovino": "0", "ha_bov": "0", "r_zclima": "> 25 c", "zonaclima": "2"}}, {"type": "Feature", "geometry": {"type": "Polygon", "coordinates": [[[-70.995667, -36.456969], [-70.999118, -36.455329], [-71.00283, -36.465182], [-71.012581, -36.468235], [-71.01785, -36.474089], [-71.00988, -36.486089], [-70.997462, -36.486114], [-70.989452, -36.495375], [-70.981646, -36.49281], [-70.977668, -36.494503], [-70.964618, -36.486161], [-70.957212, -36.473943], [-70.957217, -36.46387], [-70.959955, -36.46099], [-70.995667, -36.456969]]]}, "properties": {"name": "Andrades", "comuna": "Colbún", "provincia": "Linares", "region": "Del Maule", "sup_km2": "15.87103", "ivvp": "81.29", "n_bovino": "0", "ha_bov": "0", "r_zclima": "> 25 c", "zonaclima": "2"}}, {"type": "Feature", "geometry": {"type": "Polygon", "coordinates": [[[-70.571854, -36.123603], [-70.580404, -36.114759], [-70.608583, -36.115885], [-70.608594, -36.11918], [-70.602972, -36.122906], [-70.602646, -36.125579], [-70.607965, -36.137993], [-70.614469, -36.143247], [-70.620745, -36.140439], [-70.637188, -36.145354], [-70.655736, -36.144842], [-70.661976, -36.151341], [-70.655011, -36.155458], [-70.650396, -36.185589], [-70.656952, -36.19921], [-70.649951, -36.19178], [-70.637035, -36.188978], [-70.624384, -36.180023], [-70.614906, -36.160026], [-70.588454, -36.129446], [-70.578206, -36.121329], [-70.571854, -36.123603]]]}, "properties": {"name": "Las Nieblas Hij.", "comuna": "Colbún", "provincia": "Linares", "region": "Del Maule", "sup_km2": "22.57567", "ivvp": "79.84", "n_bovino": "0", "ha_bov": "3.68", "r_zclima": "> 25 c", "zonaclima": "2"}}, {"type": "Feature", "geometry": {"type": "Polygon", "coordinates": [[[-71.274959, -36.308132], [-71.293065, -36.300476], [-71.303038, -36.30096], [-71.301285, -36.302927], [-71.302552, -36.306945], [-71.298293, -36.313265], [-71.299282, -36.315968], [-71.295331, -36.320037], [-71.283044, -36.319073], [-71.274959, -36.308132]]]}, "properties": {"name": "La Balsa", "comuna": "Longaví", "provincia": "Linares", "region": "Del Maule", "sup_km2": "3.59478", "ivvp": "93.99", "n_bovino": "0", "ha_bov": "0", "r_zclima": "0-15 c", "zonaclima": "1"}}, {"type": "Feature", "geometry": {"type": "Polygon", "coordinates": [[[-70.568111, -36.131959], [-70.571854, -36.123603], [-70.577288, -36.121228], [-70.587765, -36.128734], [-70.614906, -36.160026], [-70.624316, -36.180402], [-70.617266, -36.18089], [-70.607565, -36.189927], [-70.599876, -36.191408], [-70.592175, -36.188543], [-70.585397, -36.1889], [-70.582593, -36.181776], [-70.571273, -36.174826], [-70.574706, -36.163632], [-70.572767, -36.157187], [-70.57869, -36.155988], [-70.583243, -36.14796], [-70.582815, -36.144008], [-70.568111, -36.131959]]]}, "properties": {"name": "Las Nieblas Hij. (I)", "comuna": "Colbún", "provincia": "Linares", "region": "Del Maule", "sup_km2": "20.23351", "ivvp": "79.9", "n_bovino": "0", "ha_bov": "4.86", "r_zclima": "> 25 c", "zonaclima": "2"}}, {"type": "Feature", "geometry": {"type": "Polygon", "coordinates": [[[-70.90634, -36.211402], [-70.92544, -36.216306], [-70.933837, -36.222039], [-70.954641, -36.253385], [-70.954247, -36.258665], [-70.957073, -36.262842], [-70.954836, -36.266164], [-70.960892, -36.271802], [-70.959336, -36.274743], [-70.961725, -36.277296], [-70.941907, -36.278368], [-70.934843, -36.274227], [-70.924332, -36.273802], [-70.925386, -36.258317], [-70.919112, -36.242423], [-70.921247, -36.234988], [-70.919786, -36.227092], [-70.90966, -36.218723], [-70.90634, -36.211402]]]}, "properties": {"name": "Lomas de Leiva", "comuna": "Colbún", "provincia": "Linares", "region": "Del Maule", "sup_km2": "16.45997", "ivvp": "81.31", "n_bovino": "0", "ha_bov": "0", "r_zclima": "> 25 c", "zonaclima": "2"}}, {"type": "Feature", "geometry": {"type": "Polygon", "coordinates": [[[-71.00525, -36.14328], [-71.014665, -36.141819], [-71.019097, -36.13603], [-71.025898, -36.144519], [-71.031944, -36.147224], [-71.032064, -36.152464], [-71.0277, -36.156233], [-71.026227, -36.165691], [-71.02792, -36.169724], [-71.024629, -36.176003], [-71.01913, -36.178805], [-71.020217, -36.183663], [-71.015396, -36.187481], [-71.013738, -36.194711], [-70.997539, -36.19194], [-70.971017, -36.195156], [-70.963012, -36.192669], [-70.954278, -36.194214], [-70.960876, -36.190153], [-70.961053, -36.18531], [-70.966093, -36.17633], [-70.975197, -36.171137], [-70.986441, -36.159575], [-70.997372, -36.158857], [-70.998029, -36.152496], [-71.00525, -36.14328]]]}, "properties": {"name": "Calabozos", "comuna": "Colbún", "provincia": "Linares", "region": "Del Maule", "sup_km2": "23.10735", "ivvp": "82.18", "n_bovino": "0", "ha_bov": "23.52", "r_zclima": "> 25 c", "zonaclima": "2"}}, {"type": "Feature", "geometry": {"type": "Polygon", "coordinates": [[[-71.163851, -36.195813], [-71.168709, -36.178896], [-71.162172, -36.161438], [-71.168881, -36.15434], [-71.175712, -36.152976], [-71.188211, -36.156845], [-71.203914, -36.146949], [-71.210499, -36.145331], [-71.223582, -36.133317], [-71.233712, -36.134494], [-71.226606, -36.13797], [-71.226285, -36.147562], [-71.230172, -36.158721], [-71.227055, -36.164832], [-71.204397, -36.174215], [-71.204358, -36.178705], [-71.19538, -36.179356], [-71.185302, -36.183782], [-71.174573, -36.193288], [-71.163851, -36.195813]]]}, "properties": {"name": "Cajon El Perro", "comuna": "Longaví", "provincia": "Linares", "region": "Del Maule", "sup_km2": "19.58914", "ivvp": "90.32", "n_bovino": "0", "ha_bov": "0", "r_zclima": "0-15 c", "zonaclima": "1"}}, {"type": "Feature", "geometry": {"type": "Polygon", "coordinates": [[[-71.020217, -36.183663], [-71.01913, -36.178805], [-71.024629, -36.176003], [-71.02792, -36.169724], [-71.026227, -36.165691], [-71.0277, -36.156233], [-71.032064, -36.152464], [-71.032024, -36.147989], [-71.024026, -36.142829], [-71.019263, -36.136243], [-71.026911, -36.136763], [-71.030681, -36.140571], [-71.044687, -36.143433], [-71.062882, -36.142364], [-71.08819, -36.158533], [-71.096281, -36.157697], [-71.089732, -36.173496], [-71.08844, -36.186309], [-71.077379, -36.19525], [-71.065102, -36.198599], [-71.030104, -36.195904], [-71.020217, -36.183663]]]}, "properties": {"name": "Nacimiento", "comuna": "Linares", "provincia": "Linares", "region": "Del Maule", "sup_km2": "31.94623", "ivvp": "81.66", "n_bovino": "0", "ha_bov": "11.7", "r_zclima": "> 25 c", "zonaclima": "2"}}, {"type": "Feature", "geometry": {"type": "Polygon", "coordinates": [[[-70.990668, -36.323775], [-70.99466, -36.31931], [-71.002831, -36.316613], [-71.010629, -36.301844], [-71.012524, -36.290414], [-71.018411, -36.291991], [-71.02836, -36.290579], [-71.044208, -36.282557], [-71.053161, -36.285941], [-71.056095, -36.298361], [-71.053074, -36.30416], [-71.063837, -36.312226], [-71.042692, -36.318854], [-71.039251, -36.337707], [-71.028197, -36.336791], [-71.011426, -36.342491], [-71.003742, -36.340115], [-70.990668, -36.323775]]]}, "properties": {"name": "El manzano", "comuna": "Colbún", "provincia": "Linares", "region": "Del Maule", "sup_km2": "23.92057", "ivvp": "82.95", "n_bovino": "0", "ha_bov": "4.12", "r_zclima": "0-15 c", "zonaclima": "1"}}, {"type": "Feature", "geometry": {"type": "Polygon", "coordinates": [[[-71.111767, -36.140826], [-71.115119, -36.134836], [-71.119336, -36.141116], [-71.125612, -36.14503], [-71.13093, -36.154291], [-71.130102, -36.165893], [-71.125354, -36.175433], [-71.127543, -36.187081], [-71.135573, -36.191913], [-71.147148, -36.193207], [-71.135767, -36.192604], [-71.121463, -36.188], [-71.121516, -36.191537], [-71.10893, -36.201174], [-71.109144, -36.208062], [-71.090796, -36.205175], [-71.062717, -36.210935], [-71.06509, -36.207947], [-71.064742, -36.203108], [-71.08844, -36.186309], [-71.089732, -36.173496], [-71.092635, -36.163179], [-71.095498, -36.161344], [-71.095402, -36.15628], [-71.107945, -36.14778], [-71.111767, -36.140826]]]}, "properties": {"name": "Los Quiques", "comuna": "Longaví", "provincia": "Linares", "region": "Del Maule", "sup_km2": "23.7488", "ivvp": "84.43", "n_bovino": "0", "ha_bov": "48.17", "r_zclima": "0-15 c", "zonaclima": "1"}}, {"type": "Feature", "geometry": {"type": "Polygon", "coordinates": [[[-71.204358, -36.178705], [-71.204397, -36.174215], [-71.217409, -36.170004], [-71.228497, -36.163363], [-71.230172, -36.158721], [-71.226285, -36.147562], [-71.226455, -36.138753], [-71.233712, -36.134494], [-71.236294, -36.141747], [-71.247796, -36.143726], [-71.251465, -36.149187], [-71.256652, -36.147048], [-71.266953, -36.152542], [-71.272885, -36.167098], [-71.278347, -36.171266], [-71.277336, -36.177361], [-71.254755, -36.191919], [-71.247903, -36.189743], [-71.237287, -36.193335], [-71.231031, -36.192546], [-71.209676, -36.185187], [-71.204358, -36.178705]]]}, "properties": {"name": "Cajon Los Bueyes", "comuna": "Longaví", "provincia": "Linares", "region": "Del Maule", "sup_km2": "23.795", "ivvp": "91.53", "n_bovino": "0", "ha_bov": "0", "r_zclima": "0-15 c", "zonaclima": "1"}}, {"type": "Feature", "geometry": {"type": "Polygon", "coordinates": [[[-70.656952, -36.19921], [-70.650396, -36.185589], [-70.655011, -36.155458], [-70.661976, -36.151341], [-70.686791, -36.156826], [-70.699706, -36.153331], [-70.703842, -36.16449], [-70.704088, -36.175494], [-70.702923, -36.186922], [-70.698692, -36.195938], [-70.701334, -36.209409], [-70.705136, -36.21297], [-70.70854, -36.223463], [-70.707169, -36.229221], [-70.71002, -36.243549], [-70.703124, -36.239474], [-70.687444, -36.217629], [-70.666174, -36.20985], [-70.659134, -36.204507], [-70.656952, -36.19921]]]}, "properties": {"name": "Vergara", "comuna": "Colbún", "provincia": "Linares", "region": "Del Maule", "sup_km2": "31.29548", "ivvp": "80.03", "n_bovino": "0", "ha_bov": "6.11", "r_zclima": "> 25 c", "zonaclima": "2"}}, {"type": "Feature", "geometry": {"type": "Polygon", "coordinates": [[[-71.148486, -36.304979], [-71.145077, -36.300903], [-71.144842, -36.296365], [-71.151702, -36.284095], [-71.155231, -36.289012], [-71.161498, -36.288448], [-71.165019, -36.291192], [-71.164796, -36.301219], [-71.16195, -36.306931], [-71.152739, -36.303654], [-71.148486, -36.304979]]]}, "properties": {"name": "Loma arena", "comuna": "Longaví", "provincia": "Linares", "region": "Del Maule", "sup_km2": "3.01697", "ivvp": "89.09", "n_bovino": "0", "ha_bov": "0", "r_zclima": "0-15 c", "zonaclima": "1"}}, {"type": "Feature", "geometry": {"type": "Polygon", "coordinates": [[[-70.700695, -36.156566], [-70.707679, -36.157111], [-70.721983, -36.150741], [-70.729221, -36.157582], [-70.733975, -36.172982], [-70.730849, -36.178152], [-70.73247, -36.18534], [-70.729378, -36.193782], [-70.741839, -36.207974], [-70.746132, -36.224602], [-70.744797, -36.230174], [-70.737693, -36.238728], [-70.733849, -36.251855], [-70.726096, -36.259034], [-70.708531, -36.241276], [-70.70854, -36.223463], [-70.705136, -36.21297], [-70.701334, -36.209409], [-70.698692, -36.195938], [-70.702923, -36.186922], [-70.704088, -36.175494], [-70.703842, -36.16449], [-70.700695, -36.156566]]]}, "properties": {"name": "Ortega", "comuna": "Colbún", "provincia": "Linares", "region": "Del Maule", "sup_km2": "30.87852", "ivvp": "80", "n_bovino": "0", "ha_bov": "14.25", "r_zclima": "> 25 c", "zonaclima": "2"}}, {"type": "Feature", "geometry": {"type": "Polygon", "coordinates": [[[-70.868123, -36.196122], [-70.885184, -36.190175], [-70.886836, -36.183366], [-70.892736, -36.182043], [-70.898757, -36.177093], [-70.901446, -36.171074], [-70.905541, -36.171135], [-70.908506, -36.167856], [-70.909343, -36.16129], [-70.912399, -36.15745], [-70.917037, -36.153973], [-70.92431, -36.154537], [-70.924175, -36.159195], [-70.91862, -36.166581], [-70.921442, -36.170151], [-70.917148, -36.182222], [-70.918092, -36.18657], [-70.914656, -36.192259], [-70.908226, -36.19644], [-70.908591, -36.206828], [-70.905962, -36.210691], [-70.90966, -36.218723], [-70.919786, -36.227092], [-70.920735, -36.233387], [-70.908564, -36.238927], [-70.87157, -36.245195], [-70.866883, -36.253241], [-70.868397, -36.257518], [-70.86332, -36.259553], [-70.852902, -36.2593], [-70.843828, -36.253396], [-70.836037, -36.253791], [-70.810782, -36.246253], [-70.818092, -36.237732], [-70.821194, -36.206612], [-70.814636, -36.200974], [-70.814145, -36.19442], [-70.802121, -36.193889], [-70.798321, -36.185869], [-70.804103, -36.181712], [-70.812662, -36.169405], [-70.815499, -36.167406], [-70.826429, -36.172495], [-70.835663, -36.182319], [-70.844116, -36.183924], [-70.846736, -36.187994], [-70.859613, -36.195326], [-70.868123, -36.196122]]]}, "properties": {"name": "León Vásquez", "comuna": "Colbún", "provincia": "Linares", "region": "Del Maule", "sup_km2": "67.74517", "ivvp": "80.41", "n_bovino": "0", "ha_bov": "45.27", "r_zclima": "> 25 c", "zonaclima": "2"}}, {"type": "Feature", "geometry": {"type": "Polygon", "coordinates": [[[-71.007525, -36.194279], [-71.013738, -36.194711], [-71.015396, -36.187481], [-71.020217, -36.183663], [-71.029332, -36.194055], [-71.030026, -36.200714], [-71.034733, -36.20606], [-71.035245, -36.210631], [-71.044299, -36.2189], [-71.045023, -36.225323], [-71.026348, -36.22899], [-71.015253, -36.226865], [-71.017078, -36.225514], [-71.015649, -36.212896], [-71.006922, -36.199878], [-71.007525, -36.194279]]]}, "properties": {"name": "Cajon de Palma", "comuna": "Colbún", "provincia": "Linares", "region": "Del Maule", "sup_km2": "9.21547", "ivvp": "80.49", "n_bovino": "0", "ha_bov": "1.81", "r_zclima": "> 25 c", "zonaclima": "2"}}, {"type": "Feature", "geometry": {"type": "Polygon", "coordinates": [[[-70.73428, -36.174542], [-70.744306, -36.171732], [-70.775913, -36.178884], [-70.784484, -36.178617], [-70.797311, -36.184992], [-70.80084, -36.188288], [-70.802121, -36.193889], [-70.814145, -36.19442], [-70.814636, -36.200974], [-70.821194, -36.206612], [-70.821385, -36.217765], [-70.818386, -36.221114], [-70.818092, -36.237732], [-70.810712, -36.246042], [-70.815962, -36.248153], [-70.81007, -36.255016], [-70.804748, -36.266869], [-70.794926, -36.26384], [-70.783046, -36.252772], [-70.77346, -36.256286], [-70.75795, -36.254284], [-70.751435, -36.236635], [-70.750413, -36.226261], [-70.744231, -36.219518], [-70.741839, -36.207974], [-70.729669, -36.195012], [-70.73247, -36.18534], [-70.730849, -36.178152], [-70.73428, -36.174542]]]}, "properties": {"name": "Farias", "comuna": "Colbún", "provincia": "Linares", "region": "Del Maule", "sup_km2": "56.29983", "ivvp": "80.21", "n_bovino": "0", "ha_bov": "17.85", "r_zclima": "> 25 c", "zonaclima": "2"}}, {"type": "Feature", "geometry": {"type": "Polygon", "coordinates": [[[-70.908676, -36.197686], [-70.924645, -36.200328], [-70.954634, -36.194235], [-70.975388, -36.209358], [-70.983671, -36.209171], [-70.98232, -36.217487], [-70.977637, -36.220174], [-70.979618, -36.234644], [-70.975037, -36.245271], [-70.969504, -36.250243], [-70.957893, -36.25084], [-70.954641, -36.253385], [-70.933837, -36.222039], [-70.92544, -36.216306], [-70.90634, -36.211402], [-70.908676, -36.197686]]]}, "properties": {"name": "Ramadillas", "comuna": "Colbún", "provincia": "Linares", "region": "Del Maule", "sup_km2": "24.10316", "ivvp": "81.19", "n_bovino": "0", "ha_bov": "311.52", "r_zclima": "0-15 c", "zonaclima": "1"}}, {"type": "Feature", "geometry": {"type": "Polygon", "coordinates": [[[-70.599876, -36.191408], [-70.610488, -36.188279], [-70.618402, -36.180338], [-70.62761, -36.180844], [-70.637035, -36.188978], [-70.651646, -36.193036], [-70.662971, -36.207911], [-70.687444, -36.217629], [-70.696189, -36.2304], [-70.690248, -36.228889], [-70.670174, -36.230653], [-70.66206, -36.227409], [-70.649749, -36.227381], [-70.62783, -36.211686], [-70.607642, -36.206442], [-70.605323, -36.196899], [-70.599876, -36.191408]]]}, "properties": {"name": "Marbarco", "comuna": "Colbún", "provincia": "Linares", "region": "Del Maule", "sup_km2": "21.05628", "ivvp": "79.79", "n_bovino": "0", "ha_bov": "6.95", "r_zclima": "> 25 c", "zonaclima": "2"}}, {"type": "Feature", "geometry": {"type": "Polygon", "coordinates": [[[-71.079596, -36.303958], [-71.082117, -36.298988], [-71.092211, -36.299141], [-71.105911, -36.304322], [-71.114716, -36.304559], [-71.125386, -36.314199], [-71.118455, -36.316079], [-71.114613, -36.320127], [-71.102524, -36.323279], [-71.079528, -36.325709], [-71.079798, -36.317795], [-71.084751, -36.307284], [-71.079596, -36.303958]]]}, "properties": {"name": "Lizana", "comuna": "Colbún", "provincia": "Linares", "region": "Del Maule", "sup_km2": "7.91183", "ivvp": "86.62", "n_bovino": "0", "ha_bov": "0", "r_zclima": "0-15 c", "zonaclima": "1"}}, {"type": "Feature", "geometry": {"type": "Polygon", "coordinates": [[[-71.163851, -36.195813], [-71.174573, -36.193288], [-71.185302, -36.183782], [-71.19538, -36.179356], [-71.204358, -36.178705], [-71.209676, -36.185187], [-71.231031, -36.192546], [-71.237287, -36.193335], [-71.247903, -36.189743], [-71.254755, -36.191919], [-71.262784, -36.197714], [-71.265938, -36.209381], [-71.278996, -36.218908], [-71.286811, -36.22935], [-71.290953, -36.230208], [-71.299405, -36.237611], [-71.301902, -36.247006], [-71.299937, -36.257576], [-71.28799, -36.255169], [-71.286195, -36.252666], [-71.282879, -36.254054], [-71.27193, -36.246588], [-71.26465, -36.246834], [-71.263537, -36.243457], [-71.251589, -36.244129], [-71.243711, -36.238891], [-71.22094, -36.233318], [-71.213187, -36.235368], [-71.208414, -36.241518], [-71.198518, -36.244526], [-71.183982, -36.244274], [-71.160897, -36.247893], [-71.133191, -36.242739], [-71.125582, -36.222431], [-71.118957, -36.214162], [-71.118805, -36.205236], [-71.125832, -36.200677], [-71.127268, -36.196645], [-71.126436, -36.192008], [-71.121463, -36.188], [-71.142613, -36.19391], [-71.163851, -36.195813]]]}, "properties": {"name": "El Castillo", "comuna": "Longaví", "provincia": "Linares", "region": "Del Maule", "sup_km2": "83.43113", "ivvp": "89.75", "n_bovino": "0", "ha_bov": "0", "r_zclima": "0-15 c", "zonaclima": "1"}}, {"type": "Feature", "geometry": {"type": "Polygon", "coordinates": [[[-71.030104, -36.195904], [-71.036807, -36.194987], [-71.056175, -36.19869], [-71.071254, -36.197028], [-71.063762, -36.204445], [-71.06509, -36.207947], [-71.06091, -36.213486], [-71.04521, -36.219073], [-71.035245, -36.210631], [-71.034733, -36.20606], [-71.030026, -36.200714], [-71.030104, -36.195904]]]}, "properties": {"name": "Los Pelambres", "comuna": "Linares", "provincia": "Linares", "region": "Del Maule", "sup_km2": "5.84964", "ivvp": "79.88", "n_bovino": "0", "ha_bov": "4.03", "r_zclima": "0-15 c", "zonaclima": "1"}}, {"type": "Feature", "geometry": {"type": "Polygon", "coordinates": [[[-70.62497, -36.227043], [-70.626604, -36.221986], [-70.632522, -36.21688], [-70.649749, -36.227381], [-70.66206, -36.227409], [-70.670174, -36.230653], [-70.690248, -36.228889], [-70.696993, -36.230767], [-70.703415, -36.239785], [-70.710285, -36.243477], [-70.724059, -36.257396], [-70.740247, -36.267627], [-70.746553, -36.277798], [-70.748982, -36.295061], [-70.735086, -36.298445], [-70.694265, -36.29717], [-70.68842, -36.288432], [-70.692376, -36.28541], [-70.693842, -36.278929], [-70.703559, -36.279036], [-70.705805, -36.271893], [-70.691318, -36.260688], [-70.69161, -36.25724], [-70.682956, -36.256382], [-70.681026, -36.251399], [-70.66498, -36.241688], [-70.638252, -36.242174], [-70.631567, -36.237183], [-70.62497, -36.227043]]]}, "properties": {"name": "El Toro (II)", "comuna": "Colbún", "provincia": "Linares", "region": "Del Maule", "sup_km2": "35.48223", "ivvp": "80.1", "n_bovino": "0", "ha_bov": "56.03", "r_zclima": "> 25 c", "zonaclima": "2"}}, {"type": "Feature", "geometry": {"type": "Polygon", "coordinates": [[[-71.109144, -36.208062], [-71.10893, -36.201174], [-71.121516, -36.191537], [-71.121463, -36.188], [-71.126436, -36.192008], [-71.127268, -36.196645], [-71.125832, -36.200677], [-71.118805, -36.205236], [-71.118957, -36.214162], [-71.125582, -36.222431], [-71.133191, -36.242739], [-71.160897, -36.247893], [-71.183982, -36.244274], [-71.198518, -36.244526], [-71.208414, -36.241518], [-71.215537, -36.234252], [-71.218157, -36.259955], [-71.198117, -36.257283], [-71.186769, -36.260551], [-71.177083, -36.260101], [-71.171749, -36.263687], [-71.157012, -36.262601], [-71.153691, -36.264617], [-71.149287, -36.260149], [-71.126766, -36.255603], [-71.122983, -36.250019], [-71.115913, -36.248373], [-71.112881, -36.243735], [-71.111682, -36.236149], [-71.11578, -36.225454], [-71.11296, -36.217139], [-71.109534, -36.213995], [-71.109144, -36.208062]]]}, "properties": {"name": "Ortega chico", "comuna": "Longaví", "provincia": "Linares", "region": "Del Maule", "sup_km2": "21.35602", "ivvp": "90.22", "n_bovino": "0", "ha_bov": "0", "r_zclima": "0-15 c", "zonaclima": "1"}}, {"type": "Feature", "geometry": {"type": "Polygon", "coordinates": [[[-71.044299, -36.2189], [-71.047239, -36.218755], [-71.053112, -36.226311], [-71.053724, -36.236207], [-71.049649, -36.24082], [-71.037783, -36.249807], [-71.025614, -36.254475], [-71.014828, -36.248533], [-71.009158, -36.249714], [-71.008539, -36.237416], [-71.015253, -36.226865], [-71.026348, -36.22899], [-71.044746, -36.225486], [-71.044299, -36.2189]]]}, "properties": {"name": "Caicayenes", "comuna": "Colbún", "provincia": "Linares", "region": "Del Maule", "sup_km2": "9.6072", "ivvp": "81.03", "n_bovino": "0", "ha_bov": "2.65", "r_zclima": "0-15 c", "zonaclima": "1"}}, {"type": "Feature", "geometry": {"type": "Polygon", "coordinates": [[[-70.954634, -36.194235], [-70.963012, -36.192669], [-70.971017, -36.195156], [-70.997539, -36.19194], [-71.007525, -36.194279], [-71.006223, -36.198204], [-71.014772, -36.209923], [-71.017078, -36.225514], [-71.011242, -36.230984], [-71.008539, -36.237416], [-71.009232, -36.252507], [-70.973976, -36.260896], [-70.962828, -36.260237], [-70.954641, -36.253385], [-70.957893, -36.25084], [-70.969504, -36.250243], [-70.975037, -36.245271], [-70.979618, -36.234644], [-70.977637, -36.220174], [-70.98232, -36.217487], [-70.983671, -36.209171], [-70.975388, -36.209358], [-70.954634, -36.194235]]]}, "properties": {"name": "La Cruz", "comuna": "Colbún", "provincia": "Linares", "region": "Del Maule", "sup_km2": "25.0324", "ivvp": "82.07", "n_bovino": "0", "ha_bov": "1.23", "r_zclima": "> 25 c", "zonaclima": "2"}}, {"type": "Feature", "geometry": {"type": "Polygon", "coordinates": [[[-71.176088, -36.290306], [-71.181137, -36.287884], [-71.180924, -36.285161], [-71.187171, -36.280328], [-71.188091, -36.276206], [-71.20793, -36.266638], [-71.214301, -36.25949], [-71.231565, -36.263906], [-71.237167, -36.262377], [-71.234136, -36.267621], [-71.23522, -36.273108], [-71.231366, -36.276533], [-71.223212, -36.278091], [-71.202999, -36.275693], [-71.198958, -36.281275], [-71.200414, -36.287472], [-71.198026, -36.290576], [-71.189157, -36.291023], [-71.187336, -36.295166], [-71.179652, -36.293617], [-71.176088, -36.290306]]]}, "properties": {"name": "Los Pepes", "comuna": "Longaví", "provincia": "Linares", "region": "Del Maule", "sup_km2": "7.74624", "ivvp": "91.82", "n_bovino": "0", "ha_bov": "0", "r_zclima": "0-15 c", "zonaclima": "1"}}, {"type": "Feature", "geometry": {"type": "Polygon", "coordinates": [[[-71.204734, -36.403386], [-71.213041, -36.402899], [-71.221558, -36.397409], [-71.230433, -36.385923], [-71.230105, -36.380927], [-71.233551, -36.382156], [-71.240392, -36.393718], [-71.237057, -36.399824], [-71.236539, -36.407815], [-71.220968, -36.416429], [-71.205932, -36.413445], [-71.197409, -36.418538], [-71.193136, -36.413061], [-71.196593, -36.406511], [-71.204734, -36.403386]]]}, "properties": {"name": "Quebrada mala", "comuna": "Parral", "provincia": "Linares", "region": "Del Maule", "sup_km2": "7.29918", "ivvp": "85.68", "n_bovino": "0", "ha_bov": "0", "r_zclima": "0-15 c", "zonaclima": "1"}}, {"type": "Feature", "geometry": {"type": "Polygon", "coordinates": [[[-70.726096, -36.259034], [-70.733037, -36.25312], [-70.737693, -36.238728], [-70.744797, -36.230174], [-70.746132, -36.224602], [-70.744231, -36.219518], [-70.750125, -36.22553], [-70.751435, -36.236635], [-70.75795, -36.254284], [-70.77346, -36.256286], [-70.783046, -36.252772], [-70.794926, -36.26384], [-70.80965, -36.272127], [-70.8139, -36.270697], [-70.820909, -36.2727], [-70.828279, -36.278753], [-70.829587, -36.293877], [-70.827378, -36.303064], [-70.856648, -36.318361], [-70.858894, -36.326506], [-70.868068, -36.32767], [-70.874299, -36.343041], [-70.870895, -36.371285], [-70.859058, -36.370267], [-70.844949, -36.359867], [-70.837945, -36.358663], [-70.830894, -36.353967], [-70.829247, -36.348954], [-70.820868, -36.342159], [-70.802375, -36.338018], [-70.789864, -36.332432], [-70.78592, -36.334222], [-70.771327, -36.325759], [-70.766247, -36.320204], [-70.766727, -36.314699], [-70.76294, -36.306088], [-70.749304, -36.297522], [-70.746553, -36.277798], [-70.740247, -36.267627], [-70.726096, -36.259034]]]}, "properties": {"name": "Muñoz Sur", "comuna": "Colbún", "provincia": "Linares", "region": "Del Maule", "sup_km2": "80.67116", "ivvp": "80.93", "n_bovino": "0", "ha_bov": "5.71", "r_zclima": "> 25 c", "zonaclima": "2"}}, {"type": "Feature", "geometry": {"type": "Polygon", "coordinates": [[[-70.390747, -30.920426], [-70.41048, -30.910622], [-70.416413, -30.897227], [-70.42887, -30.925464], [-70.418991, -30.931184], [-70.392789, -30.935827], [-70.38335, -30.923956], [-70.390747, -30.920426]]]}, "properties": {"name": "Chicos", "comuna": "Monte Patria", "provincia": "Limarí", "region": "Coquimbo", "sup_km2": "8.78918", "ivvp": "0", "n_bovino": "0", "ha_bov": "0"}}, {"type": "Feature", "geometry": {"type": "Polygon", "coordinates": [[[-71.047239, -36.218755], [-71.052767, -36.217565], [-71.056407, -36.222807], [-71.061909, -36.225516], [-71.087731, -36.228277], [-71.090691, -36.234611], [-71.099331, -36.238642], [-71.098978, -36.242317], [-71.085639, -36.253831], [-71.072245, -36.254889], [-71.068618, -36.259161], [-71.060214, -36.261695], [-71.048261, -36.270179], [-71.039967, -36.279601], [-71.036026, -36.270722], [-71.037451, -36.264514], [-71.033994, -36.258353], [-71.025614, -36.254475], [-71.038479, -36.249403], [-71.053272, -36.237504], [-71.053112, -36.226311], [-71.047239, -36.218755]]]}, "properties": {"name": "Faldas de Garrid", "comuna": "Colbún", "provincia": "Linares", "region": "Del Maule", "sup_km2": "18.45875", "ivvp": "84.29", "n_bovino": "0", "ha_bov": "0", "r_zclima": "0-15 c", "zonaclima": "1"}}, {"type": "Feature", "geometry": {"type": "Polygon", "coordinates": [[[-71.215537, -36.234252], [-71.228962, -36.234232], [-71.245544, -36.239663], [-71.251589, -36.244129], [-71.260008, -36.245115], [-71.262916, -36.24336], [-71.264913, -36.24696], [-71.272867, -36.247138], [-71.26966, -36.251119], [-71.247752, -36.254111], [-71.236388, -36.262635], [-71.224503, -36.262536], [-71.217572, -36.258492], [-71.215537, -36.234252]]]}, "properties": {"name": "La Inveranda", "comuna": "Longaví", "provincia": "Linares", "region": "Del Maule", "sup_km2": "9.45271", "ivvp": "93.97", "n_bovino": "0", "ha_bov": "0", "r_zclima": "0-15 c", "zonaclima": "1"}}, {"type": "Feature", "geometry": {"type": "Polygon", "coordinates": [[[-70.815962, -36.248153], [-70.836037, -36.253791], [-70.843828, -36.253396], [-70.852902, -36.2593], [-70.86332, -36.259553], [-70.868397, -36.257518], [-70.866883, -36.253241], [-70.87157, -36.245195], [-70.908564, -36.238927], [-70.920735, -36.233387], [-70.919112, -36.242423], [-70.925459, -36.259402], [-70.924248, -36.276034], [-70.917944, -36.284938], [-70.919691, -36.290174], [-70.915582, -36.302842], [-70.917384, -36.322535], [-70.903059, -36.33752], [-70.896515, -36.362908], [-70.892336, -36.36772], [-70.870941, -36.37096], [-70.874299, -36.343041], [-70.868068, -36.32767], [-70.858894, -36.326506], [-70.856648, -36.318361], [-70.827378, -36.303064], [-70.829587, -36.293877], [-70.828279, -36.278753], [-70.820909, -36.2727], [-70.8139, -36.270697], [-70.80965, -36.272127], [-70.803671, -36.267494], [-70.815962, -36.248153]]]}, "properties": {"name": "Muñoz Norte", "comuna": "Colbún", "provincia": "Linares", "region": "Del Maule", "sup_km2": "84.90922", "ivvp": "80.94", "n_bovino": "0", "ha_bov": "26.18", "r_zclima": "> 25 c", "zonaclima": "2"}}, {"type": "Feature", "geometry": {"type": "Polygon", "coordinates": [[[-71.099331, -36.238642], [-71.103926, -36.240035], [-71.11157, -36.237453], [-71.115385, -36.24777], [-71.122983, -36.250019], [-71.126766, -36.255603], [-71.153063, -36.261906], [-71.151702, -36.284095], [-71.144842, -36.296365], [-71.145077, -36.300903], [-71.148486, -36.304979], [-71.127229, -36.31436], [-71.114716, -36.304559], [-71.105911, -36.304322], [-71.092211, -36.299141], [-71.082117, -36.298988], [-71.079596, -36.303958], [-71.065528, -36.312021], [-71.053074, -36.30416], [-71.056095, -36.298361], [-71.053161, -36.285941], [-71.039967, -36.279601], [-71.050541, -36.268423], [-71.060214, -36.261695], [-71.068618, -36.259161], [-71.072245, -36.254889], [-71.085639, -36.253831], [-71.09035, -36.251283], [-71.098432, -36.2433], [-71.099331, -36.238642]]]}, "properties": {"name": "Los Molinillos", "comuna": "Colbún", "provincia": "Linares", "region": "Del Maule", "sup_km2": "52.4023", "ivvp": "85.93", "n_bovino": "0", "ha_bov": "0", "r_zclima": "0-15 c", "zonaclima": "1"}}, {"type": "Feature", "geometry": {"type": "Polygon", "coordinates": [[[-71.303038, -36.30096], [-71.313701, -36.287897], [-71.322065, -36.289114], [-71.324581, -36.296924], [-71.308605, -36.311146], [-71.302552, -36.306945], [-71.301285, -36.302927], [-71.303038, -36.30096]]]}, "properties": {"name": "Los Canelos", "comuna": "Parral", "provincia": "Linares", "region": "Del Maule", "sup_km2": "2.81752", "ivvp": "91.29", "n_bovino": "0", "ha_bov": "0", "r_zclima": "0-15 c", "zonaclima": "1"}}, {"type": "Feature", "geometry": {"type": "Polygon", "coordinates": [[[-71.010496, -36.25048], [-71.014828, -36.248533], [-71.033994, -36.258353], [-71.037451, -36.264514], [-71.037111, -36.275535], [-71.044208, -36.282557], [-71.02836, -36.290579], [-71.018411, -36.291991], [-71.012524, -36.290414], [-71.010629, -36.301844], [-71.002831, -36.316613], [-70.99466, -36.31931], [-70.990668, -36.323775], [-70.983314, -36.314077], [-70.974548, -36.293377], [-70.962371, -36.281242], [-70.962666, -36.277934], [-70.959336, -36.274743], [-70.960892, -36.271802], [-70.954836, -36.266164], [-70.957073, -36.262842], [-70.954247, -36.258665], [-70.954641, -36.253385], [-70.962828, -36.260237], [-70.973976, -36.260896], [-71.005836, -36.254426], [-71.010496, -36.25048]]]}, "properties": {"name": "Vegas de Jorquer", "comuna": "Colbún", "provincia": "Linares", "region": "Del Maule", "sup_km2": "34.63001", "ivvp": "83.93", "n_bovino": "0", "ha_bov": "6.08", "r_zclima": "0-15 c", "zonaclima": "1"}}, {"type": "Feature", "geometry": {"type": "Polygon", "coordinates": [[[-71.237167, -36.262377], [-71.247752, -36.254111], [-71.26966, -36.251119], [-71.272867, -36.247138], [-71.283265, -36.254069], [-71.273065, -36.262777], [-71.271844, -36.267523], [-71.250856, -36.268425], [-71.231366, -36.276533], [-71.23522, -36.273108], [-71.234136, -36.267621], [-71.237167, -36.262377]]]}, "properties": {"name": "Pangalito", "comuna": "Longaví", "provincia": "Linares", "region": "Del Maule", "sup_km2": "6.60889", "ivvp": "93.89", "n_bovino": "0", "ha_bov": "0", "r_zclima": "0-15 c", "zonaclima": "1"}}, {"type": "Feature", "geometry": {"type": "Polygon", "coordinates": [[[-71.283265, -36.254069], [-71.285396, -36.252537], [-71.298182, -36.257821], [-71.308703, -36.258119], [-71.336262, -36.266935], [-71.335442, -36.270178], [-71.338821, -36.27387], [-71.325266, -36.281539], [-71.326087, -36.285403], [-71.322892, -36.288656], [-71.313701, -36.287897], [-71.303248, -36.301064], [-71.293065, -36.300476], [-71.274959, -36.308132], [-71.274522, -36.299979], [-71.269135, -36.296606], [-71.267718, -36.290567], [-71.269122, -36.271338], [-71.26267, -36.268098], [-71.271844, -36.267523], [-71.273065, -36.262777], [-71.283265, -36.254069]]]}, "properties": {"name": "Potrero Grande (I)", "comuna": "Longaví", "provincia": "Linares", "region": "Del Maule", "sup_km2": "23.55821", "ivvp": "94.05", "n_bovino": "0", "ha_bov": "0", "r_zclima": "0-15 c", "zonaclima": "1"}}, {"type": "Feature", "geometry": {"type": "Polygon", "coordinates": [[[-70.303565, -34.888969], [-70.312188, -34.885026], [-70.327127, -34.895869], [-70.333805, -34.897396], [-70.31393, -34.907387], [-70.311289, -34.912821], [-70.302299, -34.903277], [-70.301761, -34.898564], [-70.290317, -34.891392], [-70.291332, -34.886724], [-70.303565, -34.888969]]]}, "properties": {"name": "Las Damas", "comuna": "San Fernando", "provincia": "Colchagua", "region": "L.G.B.O'Higgins", "sup_km2": "5.56823", "ivvp": "83.56", "n_bovino": "0", "ha_bov": "0", "r_zclima": "0-15 c", "zonaclima": "1"}}, {"type": "Feature", "geometry": {"type": "Polygon", "coordinates": [[[-71.231366, -36.276533], [-71.255699, -36.267464], [-71.269122, -36.271338], [-71.267718, -36.290567], [-71.269135, -36.296606], [-71.274522, -36.299979], [-71.274959, -36.308132], [-71.263329, -36.30459], [-71.249345, -36.292983], [-71.235801, -36.292264], [-71.226863, -36.286595], [-71.20579, -36.286584], [-71.196933, -36.295526], [-71.187336, -36.295166], [-71.189157, -36.291023], [-71.195278, -36.291843], [-71.199694, -36.288576], [-71.198958, -36.281275], [-71.202999, -36.275693], [-71.223212, -36.278091], [-71.231366, -36.276533]]]}, "properties": {"name": "Alto Lopez", "comuna": "Longaví", "provincia": "Linares", "region": "Del Maule", "sup_km2": "13.93617", "ivvp": "92.86", "n_bovino": "0", "ha_bov": "0", "r_zclima": "0-15 c", "zonaclima": "1"}}, {"type": "Feature", "geometry": {"type": "Polygon", "coordinates": [[[-70.924332, -36.273802], [-70.940997, -36.276129], [-70.961524, -36.306423], [-70.962444, -36.309829], [-70.958616, -36.313272], [-70.961382, -36.319518], [-70.956775, -36.336157], [-70.962906, -36.340743], [-70.97466, -36.340973], [-70.979893, -36.347403], [-70.964215, -36.360692], [-70.948055, -36.354953], [-70.931259, -36.344085], [-70.910132, -36.340251], [-70.906647, -36.337801], [-70.909508, -36.328795], [-70.917384, -36.322535], [-70.915332, -36.310449], [-70.919691, -36.290174], [-70.917944, -36.284938], [-70.924332, -36.273802]]]}, "properties": {"name": "Vegas de Guaiqui", "comuna": "Colbún", "provincia": "Linares", "region": "Del Maule", "sup_km2": "32.54159", "ivvp": "80.4", "n_bovino": "0", "ha_bov": "5.65", "r_zclima": "> 25 c", "zonaclima": "2"}}, {"type": "Feature", "geometry": {"type": "Polygon", "coordinates": [[[-70.687771, -36.297216], [-70.684381, -36.285974], [-70.686855, -36.282005], [-70.693842, -36.278929], [-70.692376, -36.28541], [-70.68842, -36.288432], [-70.694265, -36.29717], [-70.735086, -36.298445], [-70.748654, -36.295232], [-70.76294, -36.306088], [-70.765244, -36.315171], [-70.745804, -36.314844], [-70.741461, -36.310991], [-70.729687, -36.318143], [-70.722422, -36.31773], [-70.707695, -36.322498], [-70.702326, -36.321461], [-70.690405, -36.310377], [-70.686307, -36.309215], [-70.684036, -36.30313], [-70.685348, -36.300254], [-70.688575, -36.299925], [-70.687771, -36.297216]]]}, "properties": {"name": "Los Capaos", "comuna": "Colbún", "provincia": "Linares", "region": "Del Maule", "sup_km2": "15.00092", "ivvp": "80.3", "n_bovino": "0", "ha_bov": "0", "r_zclima": "> 25 c", "zonaclima": "2"}}, {"type": "Feature", "geometry": {"type": "Polygon", "coordinates": [[[-70.941907, -36.278368], [-70.962666, -36.277934], [-70.962371, -36.281242], [-70.978807, -36.300347], [-70.977666, -36.303065], [-70.987652, -36.321044], [-71.010392, -36.346403], [-71.014601, -36.356148], [-71.017866, -36.35726], [-71.016723, -36.35928], [-71.00383, -36.368993], [-71.001129, -36.367962], [-70.990427, -36.3723], [-70.980363, -36.367614], [-70.98026, -36.363537], [-70.976619, -36.359726], [-70.966298, -36.359535], [-70.979893, -36.347403], [-70.97466, -36.340973], [-70.962906, -36.340743], [-70.956775, -36.336157], [-70.961382, -36.319518], [-70.958616, -36.313272], [-70.962138, -36.308017], [-70.955608, -36.295244], [-70.941907, -36.278368]]]}, "properties": {"name": "Saavedra", "comuna": "Colbún", "provincia": "Linares", "region": "Del Maule", "sup_km2": "26.4108", "ivvp": "80.59", "n_bovino": "0", "ha_bov": "13.22", "r_zclima": "> 25 c", "zonaclima": "2"}}, {"type": "Feature", "geometry": {"type": "Polygon", "coordinates": [[[-71.190241, -36.295293], [-71.196933, -36.295526], [-71.20579, -36.286584], [-71.226863, -36.286595], [-71.235801, -36.292264], [-71.249345, -36.292983], [-71.263329, -36.30459], [-71.274959, -36.308132], [-71.283044, -36.319073], [-71.295331, -36.320037], [-71.280084, -36.330207], [-71.262619, -36.333225], [-71.25176, -36.33992], [-71.24557, -36.339928], [-71.242448, -36.327192], [-71.233719, -36.312673], [-71.198676, -36.315036], [-71.194455, -36.311923], [-71.195135, -36.307854], [-71.190241, -36.295293]]]}, "properties": {"name": "Las Toscas", "comuna": "Longaví", "provincia": "Linares", "region": "Del Maule", "sup_km2": "25.65552", "ivvp": "93.28", "n_bovino": "0", "ha_bov": "0", "r_zclima": "0-15 c", "zonaclima": "1"}}, {"type": "Feature", "geometry": {"type": "Polygon", "coordinates": [[[-71.16195, -36.306931], [-71.165553, -36.292444], [-71.162211, -36.288615], [-71.17742, -36.290557], [-71.179652, -36.293617], [-71.190241, -36.295293], [-71.195135, -36.307854], [-71.194455, -36.311923], [-71.198676, -36.315036], [-71.233719, -36.312673], [-71.245339, -36.334182], [-71.244041, -36.339511], [-71.231459, -36.336565], [-71.217985, -36.33701], [-71.210629, -36.342676], [-71.201138, -36.343243], [-71.193049, -36.340174], [-71.183033, -36.3428], [-71.172575, -36.320885], [-71.166254, -36.313573], [-71.166646, -36.309649], [-71.16195, -36.306931]]]}, "properties": {"name": "Villalobos", "comuna": "Longaví", "provincia": "Linares", "region": "Del Maule", "sup_km2": "23.61623", "ivvp": "92.42", "n_bovino": "0", "ha_bov": "0", "r_zclima": "0-15 c", "zonaclima": "1"}}, {"type": "Feature", "geometry": {"type": "Polygon", "coordinates": [[[-71.148486, -36.304979], [-71.152739, -36.303654], [-71.166646, -36.309649], [-71.166254, -36.313573], [-71.172575, -36.320885], [-71.183033, -36.3428], [-71.180691, -36.348603], [-71.185605, -36.351212], [-71.182951, -36.3578], [-71.184543, -36.359407], [-71.18135, -36.366635], [-71.175485, -36.370442], [-71.173362, -36.376412], [-71.172688, -36.383351], [-71.177664, -36.387136], [-71.176104, -36.388161], [-71.1664, -36.385759], [-71.163563, -36.374999], [-71.158299, -36.369727], [-71.157477, -36.351327], [-71.150552, -36.329274], [-71.141758, -36.322676], [-71.133433, -36.321726], [-71.130814, -36.314219], [-71.143233, -36.305934], [-71.148486, -36.304979]]]}, "properties": {"name": "Cajon de Ibañez", "comuna": "Longaví", "provincia": "Linares", "region": "Del Maule", "sup_km2": "19.64945", "ivvp": "90.55", "n_bovino": "0", "ha_bov": "0", "r_zclima": "0-15 c", "zonaclima": "1"}}, {"type": "Feature", "geometry": {"type": "Polygon", "coordinates": [[[-71.093593, -36.323832], [-71.113348, -36.320546], [-71.118455, -36.316079], [-71.130814, -36.314219], [-71.133507, -36.319331], [-71.132739, -36.323924], [-71.122756, -36.327162], [-71.117738, -36.33315], [-71.117623, -36.341666], [-71.128425, -36.354354], [-71.116577, -36.356174], [-71.110354, -36.35335], [-71.108624, -36.339008], [-71.105929, -36.337284], [-71.097941, -36.338187], [-71.093593, -36.323832]]]}, "properties": {"name": "Los Trumaos y La", "comuna": "Colbún", "provincia": "Linares", "region": "Del Maule", "sup_km2": "7.7028", "ivvp": "88.65", "n_bovino": "0", "ha_bov": "0", "r_zclima": "0-15 c", "zonaclima": "1"}}, {"type": "Feature", "geometry": {"type": "Polygon", "coordinates": [[[-70.734093, -36.315262], [-70.741461, -36.310991], [-70.745804, -36.314844], [-70.765244, -36.315171], [-70.765492, -36.31309], [-70.766247, -36.320204], [-70.775634, -36.328584], [-70.78592, -36.334222], [-70.789864, -36.332432], [-70.802375, -36.338018], [-70.820868, -36.342159], [-70.829247, -36.348954], [-70.831272, -36.354169], [-70.827871, -36.357894], [-70.816947, -36.359814], [-70.809684, -36.355597], [-70.800893, -36.356569], [-70.796316, -36.365386], [-70.79893, -36.372084], [-70.791424, -36.380513], [-70.784875, -36.381701], [-70.77462, -36.394127], [-70.760532, -36.400059], [-70.754084, -36.406998], [-70.746931, -36.40512], [-70.740447, -36.407185], [-70.735632, -36.414683], [-70.739752, -36.423469], [-70.738591, -36.428656], [-70.712835, -36.426192], [-70.70135, -36.409511], [-70.69321, -36.409654], [-70.688875, -36.407142], [-70.687855, -36.399872], [-70.678076, -36.388016], [-70.681717, -36.371218], [-70.688214, -36.368882], [-70.691066, -36.360162], [-70.701263, -36.35949], [-70.702509, -36.350432], [-70.70813, -36.349167], [-70.711179, -36.345439], [-70.711997, -36.339168], [-70.704385, -36.334255], [-70.702326, -36.321461], [-70.712034, -36.321827], [-70.722422, -36.31773], [-70.729687, -36.318143], [-70.734093, -36.315262]]]}, "properties": {"name": "Valdes y Paiva", "comuna": "Colbún", "provincia": "Linares", "region": "Del Maule", "sup_km2": "93.61862", "ivvp": "80.25", "n_bovino": "0", "ha_bov": "13.54", "r_zclima": "> 25 c", "zonaclima": "2"}}, {"type": "Feature", "geometry": {"type": "Polygon", "coordinates": [[[-70.337254, -34.364866], [-70.349661, -34.352867], [-70.356223, -34.351875], [-70.357552, -34.358682], [-70.354134, -34.361624], [-70.343784, -34.36814], [-70.337254, -34.364866]]]}, "properties": {"name": "Carrizales", "comuna": "Machalí", "provincia": "Cachapoal", "region": "L.G.B.O'Higgins", "sup_km2": "1.63792", "ivvp": "83.34", "n_bovino": "0", "ha_bov": "0", "r_zclima": "> 25 c", "zonaclima": "2"}}, {"type": "Feature", "geometry": {"type": "Polygon", "coordinates": [[[-71.128425, -36.354354], [-71.117623, -36.341666], [-71.117738, -36.33315], [-71.122756, -36.327162], [-71.132739, -36.323924], [-71.133433, -36.321726], [-71.141758, -36.322676], [-71.150552, -36.329274], [-71.153671, -36.336357], [-71.157477, -36.351327], [-71.158299, -36.369727], [-71.164034, -36.377082], [-71.152536, -36.372364], [-71.145206, -36.358687], [-71.135254, -36.358275], [-71.128425, -36.354354]]]}, "properties": {"name": "Cajon Los Baños", "comuna": "Longaví", "provincia": "Linares", "region": "Del Maule", "sup_km2": "12.28771", "ivvp": "91.99", "n_bovino": "0", "ha_bov": "0", "r_zclima": "0-15 c", "zonaclima": "1"}}, {"type": "Feature", "geometry": {"type": "Polygon", "coordinates": [[[-71.270832, -36.331875], [-71.280084, -36.330207], [-71.290564, -36.321543], [-71.29597, -36.320696], [-71.296086, -36.327494], [-71.290198, -36.334953], [-71.289271, -36.340915], [-71.28631, -36.342477], [-71.286856, -36.347545], [-71.270762, -36.350462], [-71.268509, -36.344844], [-71.275266, -36.337036], [-71.270832, -36.331875]]]}, "properties": {"name": "Los Avellanos", "comuna": "Longaví", "provincia": "Linares", "region": "Del Maule", "sup_km2": "4.02875", "ivvp": "94.2", "n_bovino": "0", "ha_bov": "0", "r_zclima": "0-15 c", "zonaclima": "1"}}, {"type": "Feature", "geometry": {"type": "Polygon", "coordinates": [[[-71.079528, -36.325709], [-71.093593, -36.323832], [-71.097941, -36.338187], [-71.084103, -36.341268], [-71.063137, -36.357861], [-71.047139, -36.363346], [-71.037077, -36.359652], [-71.026721, -36.360391], [-71.019303, -36.357547], [-71.043805, -36.349243], [-71.053679, -36.336283], [-71.063996, -36.329115], [-71.079528, -36.325709]]]}, "properties": {"name": "Belmar", "comuna": "Colbún", "provincia": "Linares", "region": "Del Maule", "sup_km2": "12.44354", "ivvp": "82.59", "n_bovino": "0", "ha_bov": "0", "r_zclima": "0-15 c", "zonaclima": "1"}}, {"type": "Feature", "geometry": {"type": "Polygon", "coordinates": [[[-70.896515, -36.362908], [-70.897373, -36.353601], [-70.902707, -36.343592], [-70.903059, -36.33752], [-70.906083, -36.335795], [-70.910132, -36.340251], [-70.931259, -36.344085], [-70.933479, -36.347118], [-70.962524, -36.361202], [-70.976619, -36.359726], [-70.98026, -36.363537], [-70.980363, -36.367614], [-70.990427, -36.3723], [-71.001129, -36.367962], [-71.002375, -36.371497], [-70.991617, -36.3764], [-70.977129, -36.371534], [-70.962824, -36.374393], [-70.959562, -36.384362], [-70.960125, -36.391532], [-70.954455, -36.404844], [-70.962561, -36.412197], [-70.963125, -36.417041], [-70.945801, -36.417451], [-70.934861, -36.411923], [-70.921694, -36.399007], [-70.916064, -36.387195], [-70.91688, -36.382224], [-70.914236, -36.375678], [-70.897687, -36.366644], [-70.896515, -36.362908]]]}, "properties": {"name": "Saavedra (I)", "comuna": "Colbún", "provincia": "Linares", "region": "Del Maule", "sup_km2": "35.36951", "ivvp": "80.39", "n_bovino": "0", "ha_bov": "0", "r_zclima": "> 25 c", "zonaclima": "2"}}, {"type": "Feature", "geometry": {"type": "Polygon", "coordinates": [[[-70.463739, -34.476143], [-70.471809, -34.472399], [-70.473865, -34.474678], [-70.482826, -34.47599], [-70.488438, -34.48066], [-70.48613, -34.482766], [-70.47603, -34.482339], [-70.463923, -34.488643], [-70.450339, -34.504089], [-70.429857, -34.495728], [-70.431457, -34.487896], [-70.43759, -34.487175], [-70.439244, -34.481822], [-70.453731, -34.480244], [-70.463739, -34.476143]]]}, "properties": {"name": "Baul", "comuna": "Machalí", "provincia": "Cachapoal", "region": "L.G.B.O'Higgins", "sup_km2": "7.83839", "ivvp": "88", "n_bovino": "0", "ha_bov": "0", "r_zclima": "> 25 c", "zonaclima": "2"}}, {"type": "Feature", "geometry": {"type": "Polygon", "coordinates": [[[-71.110552, -36.356244], [-71.109859, -36.352876], [-71.114493, -36.355963], [-71.128425, -36.354354], [-71.135254, -36.358275], [-71.145206, -36.358687], [-71.152536, -36.372364], [-71.162825, -36.375819], [-71.167615, -36.386521], [-71.15776, -36.39332], [-71.157742, -36.404454], [-71.151883, -36.400225], [-71.144376, -36.388266], [-71.144958, -36.383371], [-71.138602, -36.375908], [-71.113099, -36.361252], [-71.110552, -36.356244]]]}, "properties": {"name": "La Rosilla", "comuna": "Parral", "provincia": "Linares", "region": "Del Maule", "sup_km2": "9.34805", "ivvp": "84.84", "n_bovino": "0", "ha_bov": "0", "r_zclima": "0-15 c", "zonaclima": "1"}}, {"type": "Feature", "geometry": {"type": "Polygon", "coordinates": [[[-71.244041, -36.339511], [-71.25176, -36.33992], [-71.257899, -36.335081], [-71.267626, -36.332053], [-71.273453, -36.332749], [-71.275266, -36.337036], [-71.268561, -36.34542], [-71.252082, -36.353542], [-71.241799, -36.362366], [-71.240034, -36.358478], [-71.229938, -36.353534], [-71.184543, -36.359407], [-71.182951, -36.3578], [-71.185605, -36.351212], [-71.180691, -36.348603], [-71.183033, -36.3428], [-71.191991, -36.340284], [-71.20433, -36.343509], [-71.212471, -36.342141], [-71.215213, -36.337476], [-71.217985, -36.33701], [-71.231459, -36.336565], [-71.244041, -36.339511]]]}, "properties": {"name": "Cerro Negro (I)", "comuna": "Longaví", "provincia": "Linares", "region": "Del Maule", "sup_km2": "14.30413", "ivvp": "92.88", "n_bovino": "0", "ha_bov": "2.43", "r_zclima": "0-15 c", "zonaclima": "1"}}, {"type": "Feature", "geometry": {"type": "Polygon", "coordinates": [[[-71.017877, -36.387109], [-71.023806, -36.376891], [-71.030983, -36.377972], [-71.045962, -36.387055], [-71.059259, -36.386793], [-71.064384, -36.396009], [-71.062551, -36.406142], [-71.064746, -36.409764], [-71.061461, -36.418569], [-71.058095, -36.421342], [-71.03985, -36.419009], [-71.006803, -36.43062], [-71.000507, -36.408624], [-71.009377, -36.406704], [-71.010183, -36.398803], [-71.016836, -36.393788], [-71.017877, -36.387109]]]}, "properties": {"name": "Plaza", "comuna": "Colbún", "provincia": "Linares", "region": "Del Maule", "sup_km2": "21.17264", "ivvp": "80.95", "n_bovino": "0", "ha_bov": "0", "r_zclima": "> 25 c", "zonaclima": "2"}}, {"type": "Feature", "geometry": {"type": "Polygon", "coordinates": [[[-71.094018, -36.33958], [-71.102468, -36.337287], [-71.108624, -36.339008], [-71.110229, -36.342157], [-71.108304, -36.346234], [-71.113099, -36.361252], [-71.10817, -36.36496], [-71.098946, -36.369258], [-71.082313, -36.367645], [-71.073805, -36.377568], [-71.06657, -36.37887], [-71.057728, -36.387082], [-71.045962, -36.387055], [-71.030983, -36.377972], [-71.023806, -36.376891], [-71.024736, -36.370119], [-71.035226, -36.359498], [-71.045192, -36.363285], [-71.052491, -36.362759], [-71.063137, -36.357861], [-71.084103, -36.341268], [-71.094018, -36.33958]]]}, "properties": {"name": "Valdes Chico", "comuna": "Colbún", "provincia": "Linares", "region": "Del Maule", "sup_km2": "21.13698", "ivvp": "82.2", "n_bovino": "0", "ha_bov": "0", "r_zclima": "0-15 c", "zonaclima": "1"}}, {"type": "Feature", "geometry": {"type": "Polygon", "coordinates": [[[-71.184543, -36.359407], [-71.229938, -36.353534], [-71.240034, -36.358478], [-71.241799, -36.362366], [-71.247327, -36.356669], [-71.265421, -36.345876], [-71.268561, -36.34542], [-71.270762, -36.350462], [-71.250693, -36.363185], [-71.247355, -36.370247], [-71.240762, -36.37317], [-71.237034, -36.378913], [-71.228114, -36.381009], [-71.209239, -36.376596], [-71.188937, -36.381044], [-71.17697, -36.38723], [-71.172688, -36.383351], [-71.173362, -36.376412], [-71.175485, -36.370442], [-71.18135, -36.366635], [-71.184543, -36.359407]]]}, "properties": {"name": "Matadero", "comuna": "Longaví", "provincia": "Linares", "region": "Del Maule", "sup_km2": "17.51152", "ivvp": "91.59", "n_bovino": "0", "ha_bov": "0", "r_zclima": "0-15 c", "zonaclima": "1"}}, {"type": "Feature", "geometry": {"type": "Polygon", "coordinates": [[[-71.002122, -36.369432], [-71.017866, -36.35726], [-71.026721, -36.360391], [-71.035226, -36.359498], [-71.024736, -36.370119], [-71.022819, -36.380675], [-71.017877, -36.387109], [-71.016836, -36.393788], [-71.010183, -36.398803], [-71.009377, -36.406704], [-70.996964, -36.408273], [-70.986684, -36.413659], [-70.964248, -36.418316], [-70.963125, -36.417041], [-70.970959, -36.410823], [-70.976743, -36.394512], [-70.988711, -36.387959], [-70.993449, -36.375134], [-71.002375, -36.371497], [-71.002122, -36.369432]]]}, "properties": {"name": "Ponce", "comuna": "Colbún", "provincia": "Linares", "region": "Del Maule", "sup_km2": "16.33137", "ivvp": "80.36", "n_bovino": "0", "ha_bov": "0", "r_zclima": "> 25 c", "zonaclima": "2"}}, {"type": "Feature", "geometry": {"type": "Polygon", "coordinates": [[[-71.177664, -36.387136], [-71.186068, -36.383215], [-71.188691, -36.386195], [-71.187005, -36.390895], [-71.188747, -36.396645], [-71.194767, -36.397076], [-71.198416, -36.401741], [-71.204734, -36.403386], [-71.196593, -36.406511], [-71.193136, -36.413061], [-71.188365, -36.408653], [-71.184432, -36.40859], [-71.180531, -36.402866], [-71.17041, -36.403605], [-71.164201, -36.399824], [-71.158815, -36.403365], [-71.156886, -36.396914], [-71.159765, -36.390602], [-71.167615, -36.386521], [-71.171072, -36.38832], [-71.177664, -36.387136]]]}, "properties": {"name": "Frutillar (I)", "comuna": "Parral", "provincia": "Linares", "region": "Del Maule", "sup_km2": "6.22827", "ivvp": "79.48", "n_bovino": "0", "ha_bov": "0", "r_zclima": "0-15 c", "zonaclima": "1"}}, {"type": "Feature", "geometry": {"type": "Polygon", "coordinates": [[[-71.037585, -36.420341], [-71.058374, -36.421133], [-71.061487, -36.42752], [-71.059721, -36.433185], [-71.054718, -36.432851], [-71.043689, -36.438723], [-71.030724, -36.441473], [-71.019508, -36.450132], [-70.998658, -36.453813], [-71.00298, -36.448071], [-70.997166, -36.436987], [-71.007552, -36.430143], [-71.037585, -36.420341]]]}, "properties": {"name": "Las Yeguas (I)", "comuna": "Colbún", "provincia": "Linares", "region": "Del Maule", "sup_km2": "11.42203", "ivvp": "82.21", "n_bovino": "0", "ha_bov": "0", "r_zclima": "> 25 c", "zonaclima": "2"}}, {"type": "Feature", "geometry": {"type": "Polygon", "coordinates": [[[-70.373661, -34.346081], [-70.379475, -34.346381], [-70.379821, -34.350376], [-70.374161, -34.357203], [-70.367784, -34.357648], [-70.367872, -34.348445], [-70.373661, -34.346081]]]}, "properties": {"name": "Cerrillos", "comuna": "Machalí", "provincia": "Cachapoal", "region": "L.G.B.O'Higgins", "sup_km2": "1.18178", "ivvp": "89.23", "n_bovino": "0", "ha_bov": "0", "r_zclima": "> 25 c", "zonaclima": "2"}}, {"type": "Feature", "geometry": {"type": "Polygon", "coordinates": [[[-70.818534, -36.359578], [-70.827871, -36.357894], [-70.831272, -36.354169], [-70.839816, -36.359513], [-70.844949, -36.359867], [-70.859058, -36.370267], [-70.865198, -36.371658], [-70.890545, -36.368754], [-70.896515, -36.362908], [-70.897687, -36.366644], [-70.901901, -36.369047], [-70.901729, -36.374061], [-70.884848, -36.38753], [-70.883728, -36.395687], [-70.864824, -36.396773], [-70.870662, -36.404263], [-70.868013, -36.410747], [-70.861754, -36.411188], [-70.845523, -36.418127], [-70.845649, -36.415776], [-70.83625, -36.414079], [-70.832876, -36.404921], [-70.817808, -36.395246], [-70.808083, -36.402188], [-70.800477, -36.411288], [-70.794143, -36.419392], [-70.791708, -36.426814], [-70.77268, -36.427672], [-70.762571, -36.420355], [-70.754084, -36.406998], [-70.760532, -36.400059], [-70.77462, -36.394127], [-70.784875, -36.381701], [-70.791424, -36.380513], [-70.79893, -36.372084], [-70.796316, -36.365386], [-70.800893, -36.356569], [-70.809684, -36.355597], [-70.818534, -36.359578]]]}, "properties": {"name": "El Saco", "comuna": "Colbún", "provincia": "Linares", "region": "Del Maule", "sup_km2": "53.67954", "ivvp": "80.88", "n_bovino": "0", "ha_bov": "0", "r_zclima": "> 25 c", "zonaclima": "2"}}, {"type": "Feature", "geometry": {"type": "Polygon", "coordinates": [[[-70.072299, -34.341666], [-70.082725, -34.318975], [-70.094914, -34.325414], [-70.095279, -34.331434], [-70.112436, -34.348743], [-70.107376, -34.354086], [-70.086544, -34.363733], [-70.07213, -34.348651], [-70.069906, -34.342742], [-70.072299, -34.341666]]]}, "properties": {"name": "Faldeos Laguna Verde", "comuna": "Machalí", "provincia": "Cachapoal", "region": "L.G.B.O'Higgins", "sup_km2": "10.03051", "ivvp": "81.85", "n_bovino": "0", "ha_bov": "0", "r_zclima": "0-15 c", "zonaclima": "1"}}, {"type": "Feature", "geometry": {"type": "Polygon", "coordinates": [[[-70.883728, -36.395687], [-70.884848, -36.38753], [-70.900069, -36.377229], [-70.901901, -36.369047], [-70.910841, -36.373104], [-70.914759, -36.376611], [-70.916064, -36.387195], [-70.918754, -36.390947], [-70.92013, -36.417556], [-70.913738, -36.4218], [-70.914009, -36.425014], [-70.912285, -36.423883], [-70.90589, -36.428452], [-70.89052, -36.432306], [-70.891395, -36.422347], [-70.887937, -36.414666], [-70.889604, -36.39977], [-70.883728, -36.395687]]]}, "properties": {"name": "El Saco (I)", "comuna": "Colbún", "provincia": "Linares", "region": "Del Maule", "sup_km2": "15.34139", "ivvp": "80.97", "n_bovino": "0", "ha_bov": "0", "r_zclima": "> 25 c", "zonaclima": "2"}}, {"type": "Feature", "geometry": {"type": "Polygon", "coordinates": [[[-70.963125, -36.417041], [-70.962561, -36.412197], [-70.954455, -36.404844], [-70.960125, -36.391532], [-70.959562, -36.384362], [-70.962824, -36.374393], [-70.977129, -36.371534], [-70.992924, -36.376256], [-70.989548, -36.387016], [-70.976743, -36.394512], [-70.970165, -36.412279], [-70.963125, -36.417041]]]}, "properties": {"name": "Bagres chicos", "comuna": "Colbún", "provincia": "Linares", "region": "Del Maule", "sup_km2": "8.7813", "ivvp": "80.11", "n_bovino": "0", "ha_bov": "0", "r_zclima": "> 25 c", "zonaclima": "2"}}, {"type": "Feature", "geometry": {"type": "Polygon", "coordinates": [[[-71.238163, -36.378176], [-71.242418, -36.373864], [-71.24869, -36.378514], [-71.259793, -36.376382], [-71.261939, -36.380477], [-71.265533, -36.381229], [-71.270625, -36.385833], [-71.263197, -36.392612], [-71.266135, -36.396477], [-71.26423, -36.40065], [-71.266207, -36.404452], [-71.281444, -36.409421], [-71.288392, -36.421339], [-71.278083, -36.425467], [-71.2706, -36.431643], [-71.264344, -36.432755], [-71.266786, -36.439989], [-71.257747, -36.441905], [-71.254737, -36.450374], [-71.239412, -36.462185], [-71.229893, -36.463843], [-71.224566, -36.461639], [-71.222532, -36.451511], [-71.21479, -36.447707], [-71.206827, -36.447229], [-71.197736, -36.438412], [-71.197092, -36.419702], [-71.205932, -36.413445], [-71.220968, -36.416429], [-71.236539, -36.407815], [-71.237057, -36.399824], [-71.240392, -36.393718], [-71.233551, -36.382156], [-71.230105, -36.380927], [-71.238163, -36.378176]]]}, "properties": {"name": "Ortega (I)", "comuna": "Parral", "provincia": "Linares", "region": "Del Maule", "sup_km2": "40.0411", "ivvp": "85.4", "n_bovino": "0", "ha_bov": "0", "r_zclima": "0-15 c", "zonaclima": "1"}}, {"type": "Feature", "geometry": {"type": "Polygon", "coordinates": [[[-71.186068, -36.383215], [-71.209239, -36.376596], [-71.230913, -36.382588], [-71.230433, -36.385923], [-71.218811, -36.39975], [-71.213041, -36.402899], [-71.204734, -36.403386], [-71.198416, -36.401741], [-71.194767, -36.397076], [-71.188747, -36.396645], [-71.187005, -36.390895], [-71.188691, -36.386195], [-71.186068, -36.383215]]]}, "properties": {"name": "Los Tabanos", "comuna": "Parral", "provincia": "Linares", "region": "Del Maule", "sup_km2": "8.32976", "ivvp": "86.5", "n_bovino": "0", "ha_bov": "0", "r_zclima": "0-15 c", "zonaclima": "1"}}, {"type": "Feature", "geometry": {"type": "Polygon", "coordinates": [[[-70.91884, -36.397593], [-70.919159, -36.393644], [-70.930877, -36.408427], [-70.945801, -36.417451], [-70.972538, -36.417661], [-71.000975, -36.407868], [-71.002111, -36.418661], [-71.006803, -36.43062], [-70.996357, -36.43715], [-70.974566, -36.439729], [-70.962713, -36.438532], [-70.9576, -36.433451], [-70.941984, -36.427356], [-70.941279, -36.424736], [-70.934937, -36.421481], [-70.91884, -36.397593]]]}, "properties": {"name": "Pajal", "comuna": "Colbún", "provincia": "Linares", "region": "Del Maule", "sup_km2": "14.53002", "ivvp": "81.81", "n_bovino": "0", "ha_bov": "0", "r_zclima": "> 25 c", "zonaclima": "2"}}, {"type": "Feature", "geometry": {"type": "Polygon", "coordinates": [[[-70.914009, -36.425014], [-70.913738, -36.4218], [-70.92046, -36.416266], [-70.91884, -36.397593], [-70.930813, -36.417145], [-70.941984, -36.427356], [-70.954162, -36.43139], [-70.964389, -36.439122], [-70.997166, -36.436987], [-71.003077, -36.44962], [-70.998422, -36.452492], [-70.962793, -36.454282], [-70.952152, -36.445849], [-70.946252, -36.44567], [-70.936018, -36.435304], [-70.928286, -36.420868], [-70.921942, -36.425306], [-70.914009, -36.425014]]]}, "properties": {"name": "Lastra", "comuna": "Colbún", "provincia": "Linares", "region": "Del Maule", "sup_km2": "12.36737", "ivvp": "81.5", "n_bovino": "0", "ha_bov": "0", "r_zclima": "> 25 c", "zonaclima": "2"}}, {"type": "Feature", "geometry": {"type": "Polygon", "coordinates": [[[-70.921942, -36.425306], [-70.928286, -36.420868], [-70.936018, -36.435304], [-70.946252, -36.44567], [-70.952152, -36.445849], [-70.962793, -36.454282], [-70.995558, -36.4519], [-70.999118, -36.455329], [-70.978306, -36.459818], [-70.954508, -36.458452], [-70.94981, -36.451931], [-70.940265, -36.451082], [-70.936612, -36.447558], [-70.931693, -36.448291], [-70.921942, -36.425306]]]}, "properties": {"name": "Laguna El Dial", "comuna": "Colbún", "provincia": "Linares", "region": "Del Maule", "sup_km2": "6.40444", "ivvp": "81", "n_bovino": "0", "ha_bov": "0", "r_zclima": "> 25 c", "zonaclima": "2"}}, {"type": "Feature", "geometry": {"type": "Polygon", "coordinates": [[[-70.910038, -36.424974], [-70.921942, -36.425306], [-70.931693, -36.448291], [-70.936612, -36.447558], [-70.940265, -36.451082], [-70.94981, -36.451931], [-70.95242, -36.457779], [-70.945057, -36.460869], [-70.942528, -36.466611], [-70.928481, -36.474468], [-70.920348, -36.472648], [-70.904141, -36.473848], [-70.893928, -36.4707], [-70.887237, -36.461267], [-70.894724, -36.451774], [-70.886884, -36.435888], [-70.890619, -36.434481], [-70.89052, -36.432306], [-70.90589, -36.428452], [-70.910038, -36.424974]]]}, "properties": {"name": "Leal y Lealito", "comuna": "Colbún", "provincia": "Linares", "region": "Del Maule", "sup_km2": "20.35661", "ivvp": "80.95", "n_bovino": "0", "ha_bov": "0", "r_zclima": "> 25 c", "zonaclima": "2"}}, {"type": "Feature", "geometry": {"type": "Polygon", "coordinates": [[[-71.059797, -36.432967], [-71.063597, -36.436162], [-71.062653, -36.440171], [-71.068202, -36.447156], [-71.066135, -36.451646], [-71.060253, -36.454924], [-71.060108, -36.463401], [-71.039023, -36.469022], [-71.035995, -36.473781], [-71.027548, -36.470955], [-71.01785, -36.474089], [-71.012581, -36.468235], [-71.00283, -36.465182], [-70.998914, -36.45343], [-71.019508, -36.450132], [-71.030724, -36.441473], [-71.043689, -36.438723], [-71.054718, -36.432851], [-71.059797, -36.432967]]]}, "properties": {"name": "Cisterna", "comuna": "Colbún", "provincia": "Linares", "region": "Del Maule", "sup_km2": "15.94401", "ivvp": "82.81", "n_bovino": "0", "ha_bov": "0", "r_zclima": "> 25 c", "zonaclima": "2"}}, {"type": "Feature", "geometry": {"type": "Polygon", "coordinates": [[[-70.404592, -34.339016], [-70.403319, -34.334901], [-70.409404, -34.329105], [-70.409012, -34.326255], [-70.418548, -34.324896], [-70.424793, -34.331736], [-70.413197, -34.339057], [-70.404592, -34.339016]]]}, "properties": {"name": "Los Maitenes", "comuna": "Machalí", "provincia": "Cachapoal", "region": "L.G.B.O'Higgins", "sup_km2": "1.94466", "ivvp": "87.92", "n_bovino": "0", "ha_bov": "0", "r_zclima": "> 25 c", "zonaclima": "2"}}, {"type": "Feature", "geometry": {"type": "Polygon", "coordinates": [[[-70.95242, -36.457779], [-70.962853, -36.459658], [-70.957217, -36.46387], [-70.957706, -36.475792], [-70.963942, -36.482197], [-70.964618, -36.486161], [-70.977668, -36.494503], [-70.975181, -36.50133], [-70.956108, -36.502414], [-70.952011, -36.49641], [-70.947873, -36.496378], [-70.947474, -36.49231], [-70.941896, -36.489986], [-70.935108, -36.491344], [-70.927918, -36.483536], [-70.928481, -36.474468], [-70.942528, -36.466611], [-70.945057, -36.460869], [-70.95242, -36.457779]]]}, "properties": {"name": "Barros negros", "comuna": "Colbún", "provincia": "Linares", "region": "Del Maule", "sup_km2": "11.15244", "ivvp": "81", "n_bovino": "0", "ha_bov": "0", "r_zclima": "> 25 c", "zonaclima": "2"}}, {"type": "Feature", "geometry": {"type": "Polygon", "coordinates": [[[-70.220511, -34.225373], [-70.241363, -34.228744], [-70.272295, -34.22725], [-70.273615, -34.228576], [-70.270392, -34.234786], [-70.244051, -34.248249], [-70.231512, -34.260144], [-70.216633, -34.260798], [-70.209734, -34.259703], [-70.204197, -34.255235], [-70.203041, -34.240998], [-70.200671, -34.237175], [-70.188951, -34.236609], [-70.183472, -34.242451], [-70.194467, -34.247949], [-70.195577, -34.25784], [-70.182289, -34.2631], [-70.175782, -34.260182], [-70.172857, -34.25126], [-70.17502, -34.242645], [-70.168313, -34.238539], [-70.168622, -34.235488], [-70.182747, -34.235018], [-70.196078, -34.228247], [-70.220511, -34.225373]]]}, "properties": {"name": "Engorda Grande", "comuna": "Machalí", "provincia": "Cachapoal", "region": "L.G.B.O'Higgins", "sup_km2": "22.53313", "ivvp": "86.04", "n_bovino": "0", "ha_bov": "0", "r_zclima": "0-15 c", "zonaclima": "1"}}, {"type": "Feature", "geometry": {"type": "Polygon", "coordinates": [[[-70.345622, -34.257254], [-70.350598, -34.257916], [-70.357708, -34.251908], [-70.371326, -34.24755], [-70.382453, -34.253322], [-70.39723, -34.25035], [-70.389002, -34.260458], [-70.381695, -34.283256], [-70.35645, -34.292673], [-70.351535, -34.298561], [-70.341467, -34.29672], [-70.337238, -34.27722], [-70.345622, -34.257254]]]}, "properties": {"name": "Manantiales", "comuna": "Machalí", "provincia": "Cachapoal", "region": "L.G.B.O'Higgins", "sup_km2": "17.89922", "ivvp": "87.09", "n_bovino": "0", "ha_bov": "0", "r_zclima": "0-15 c", "zonaclima": "1"}}, {"type": "Feature", "geometry": {"type": "Polygon", "coordinates": [[[-70.388263, -34.343644], [-70.397604, -34.336148], [-70.405206, -34.345299], [-70.399574, -34.353687], [-70.388851, -34.357763], [-70.384122, -34.347406], [-70.385078, -34.344248], [-70.388263, -34.343644]]]}, "properties": {"name": "Cerrillos Grandes", "comuna": "Machalí", "provincia": "Cachapoal", "region": "L.G.B.O'Higgins", "sup_km2": "2.6327", "ivvp": "90.25", "n_bovino": "0", "ha_bov": "0", "r_zclima": "> 25 c", "zonaclima": "2"}}, {"type": "Feature", "geometry": {"type": "Polygon", "coordinates": [[[-70.221963, -34.270709], [-70.233085, -34.274106], [-70.244725, -34.270634], [-70.251219, -34.257844], [-70.25715, -34.252327], [-70.256964, -34.248871], [-70.274372, -34.238596], [-70.27777, -34.234543], [-70.277706, -34.229493], [-70.299755, -34.235416], [-70.300811, -34.242525], [-70.297269, -34.247035], [-70.298204, -34.253617], [-70.292223, -34.25712], [-70.276162, -34.259101], [-70.271464, -34.262013], [-70.267011, -34.285131], [-70.260695, -34.289728], [-70.247822, -34.293778], [-70.245006, -34.30103], [-70.231781, -34.295667], [-70.227943, -34.288315], [-70.22969, -34.279068], [-70.220586, -34.278271], [-70.221963, -34.270709]]]}, "properties": {"name": "Engorda", "comuna": "Machalí", "provincia": "Cachapoal", "region": "L.G.B.O'Higgins", "sup_km2": "21.22547", "ivvp": "85.93", "n_bovino": "0", "ha_bov": "0", "r_zclima": "0-15 c", "zonaclima": "1"}}, {"type": "Feature", "geometry": {"type": "Polygon", "coordinates": [[[-70.423508, -34.359862], [-70.414416, -34.353611], [-70.428257, -34.348084], [-70.433967, -34.356377], [-70.433388, -34.359936], [-70.423508, -34.359862]]]}, "properties": {"name": "Moya", "comuna": "Machalí", "provincia": "Cachapoal", "region": "L.G.B.O'Higgins", "sup_km2": "1.68919", "ivvp": "89.14", "n_bovino": "0", "ha_bov": "0", "r_zclima": "> 25 c", "zonaclima": "2"}}, {"type": "Feature", "geometry": {"type": "Polygon", "coordinates": [[[-70.299755, -34.235416], [-70.308603, -34.2364], [-70.31693, -34.24109], [-70.313478, -34.245307], [-70.316963, -34.251988], [-70.31467, -34.257283], [-70.31654, -34.268954], [-70.313968, -34.274469], [-70.315748, -34.291403], [-70.303554, -34.28996], [-70.302089, -34.287712], [-70.295165, -34.289368], [-70.290018, -34.286938], [-70.267011, -34.285131], [-70.270901, -34.262795], [-70.276162, -34.259101], [-70.286454, -34.258822], [-70.297427, -34.254464], [-70.297269, -34.247035], [-70.300811, -34.242525], [-70.299755, -34.235416]]]}, "properties": {"name": "Los Orregos", "comuna": "Machalí", "provincia": "Cachapoal", "region": "L.G.B.O'Higgins", "sup_km2": "17.57537", "ivvp": "85.04", "n_bovino": "0", "ha_bov": "0", "r_zclima": "0-15 c", "zonaclima": "1"}}, {"type": "Feature", "geometry": {"type": "Polygon", "coordinates": [[[-70.220586, -34.278271], [-70.210766, -34.288211], [-70.196255, -34.287732], [-70.192375, -34.284744], [-70.175958, -34.280849], [-70.168648, -34.282371], [-70.160103, -34.287985], [-70.149311, -34.282229], [-70.1546, -34.271958], [-70.164699, -34.264468], [-70.173885, -34.263744], [-70.177057, -34.267294], [-70.187617, -34.269708], [-70.191944, -34.269418], [-70.193115, -34.264848], [-70.197556, -34.268412], [-70.212265, -34.270093], [-70.212648, -34.264922], [-70.222194, -34.263953], [-70.224053, -34.26595], [-70.220366, -34.27344], [-70.220586, -34.278271]]]}, "properties": {"name": "Los Metalitos", "comuna": "Machalí", "provincia": "Cachapoal", "region": "L.G.B.O'Higgins", "sup_km2": "12.32796", "ivvp": "84.86", "n_bovino": "0", "ha_bov": "0", "r_zclima": "0-15 c", "zonaclima": "1"}}, {"type": "Feature", "geometry": {"type": "Polygon", "coordinates": [[[-70.143087, -34.348415], [-70.131699, -34.321693], [-70.124884, -34.315317], [-70.121593, -34.30398], [-70.114083, -34.294183], [-70.11567, -34.284421], [-70.124432, -34.275774], [-70.135146, -34.282465], [-70.133907, -34.287179], [-70.137465, -34.303194], [-70.147952, -34.318543], [-70.145072, -34.33092], [-70.145151, -34.34652], [-70.143087, -34.348415]]]}, "properties": {"name": "Q. Los Baños", "comuna": "Machalí", "provincia": "Cachapoal", "region": "L.G.B.O'Higgins", "sup_km2": "10.64799", "ivvp": "83.16", "n_bovino": "0", "ha_bov": "0", "r_zclima": "0-15 c", "zonaclima": "1"}}, {"type": "Feature", "geometry": {"type": "Polygon", "coordinates": [[[-70.314669, -34.287925], [-70.326285, -34.275396], [-70.33457, -34.275906], [-70.339733, -34.282455], [-70.339266, -34.291081], [-70.341467, -34.29672], [-70.331852, -34.296761], [-70.331136, -34.299204], [-70.324933, -34.301841], [-70.320062, -34.298593], [-70.314669, -34.287925]]]}, "properties": {"name": "Los Socabones", "comuna": "Machalí", "provincia": "Cachapoal", "region": "L.G.B.O'Higgins", "sup_km2": "4.85504", "ivvp": "84.65", "n_bovino": "0", "ha_bov": "0", "r_zclima": "0-15 c", "zonaclima": "1"}}, {"type": "Feature", "geometry": {"type": "Polygon", "coordinates": [[[-70.245006, -34.30103], [-70.247822, -34.293778], [-70.260695, -34.289728], [-70.267011, -34.285131], [-70.290018, -34.286938], [-70.295165, -34.289368], [-70.302089, -34.287712], [-70.303554, -34.28996], [-70.316117, -34.291634], [-70.320062, -34.298593], [-70.324933, -34.301841], [-70.32796, -34.301182], [-70.330394, -34.306142], [-70.326563, -34.309344], [-70.328578, -34.323218], [-70.324901, -34.338142], [-70.318834, -34.346494], [-70.320143, -34.353491], [-70.312403, -34.357434], [-70.30323, -34.35691], [-70.290652, -34.325901], [-70.2661, -34.319336], [-70.264107, -34.315569], [-70.246749, -34.306364], [-70.245006, -34.30103]]]}, "properties": {"name": "Los Cipresitos", "comuna": "Machalí", "provincia": "Cachapoal", "region": "L.G.B.O'Higgins", "sup_km2": "34.22774", "ivvp": "85.31", "n_bovino": "0", "ha_bov": "0", "r_zclima": "0-15 c", "zonaclima": "1"}}, {"type": "Feature", "geometry": {"type": "Polygon", "coordinates": [[[-70.168648, -34.356263], [-70.166742, -34.345405], [-70.168759, -34.340314], [-70.161677, -34.340832], [-70.159174, -34.335603], [-70.155577, -34.334253], [-70.154027, -34.304639], [-70.161087, -34.297976], [-70.172181, -34.295896], [-70.173506, -34.292118], [-70.178666, -34.291541], [-70.182428, -34.293606], [-70.182874, -34.29692], [-70.168195, -34.305583], [-70.166154, -34.312239], [-70.177062, -34.323281], [-70.18506, -34.347538], [-70.175491, -34.356549], [-70.174706, -34.364266], [-70.168648, -34.356263]]]}, "properties": {"name": "Q. de San Manuel", "comuna": "Machalí", "provincia": "Cachapoal", "region": "L.G.B.O'Higgins", "sup_km2": "11.32427", "ivvp": "83.98", "n_bovino": "0", "ha_bov": "0", "r_zclima": "0-15 c", "zonaclima": "1"}}, {"type": "Feature", "geometry": {"type": "Polygon", "coordinates": [[[-70.03182, -34.307912], [-70.048075, -34.307238], [-70.038673, -34.315668], [-70.034032, -34.328193], [-70.040116, -34.333313], [-70.044646, -34.342946], [-70.057828, -34.349732], [-70.068237, -34.361707], [-70.073892, -34.376154], [-70.068745, -34.389965], [-70.051357, -34.388298], [-70.048929, -34.386218], [-70.049157, -34.372387], [-70.043012, -34.366465], [-70.043455, -34.359157], [-70.037274, -34.35567], [-70.031441, -34.347752], [-70.026414, -34.334849], [-70.028633, -34.330845], [-70.028049, -34.315803], [-70.03182, -34.307912]]]}, "properties": {"name": "Los Peuquenes", "comuna": "Machalí", "provincia": "Cachapoal", "region": "L.G.B.O'Higgins", "sup_km2": "14.91945", "ivvp": "83.29", "n_bovino": "0", "ha_bov": "0", "r_zclima": "0-15 c", "zonaclima": "1"}}, {"type": "Feature", "geometry": {"type": "Polygon", "coordinates": [[[-70.2661, -34.319336], [-70.267691, -34.330844], [-70.262791, -34.338735], [-70.264121, -34.348974], [-70.287204, -34.348932], [-70.291924, -34.351015], [-70.293712, -34.354626], [-70.274322, -34.352985], [-70.255181, -34.355807], [-70.255368, -34.345214], [-70.248332, -34.338613], [-70.234594, -34.333797], [-70.229484, -34.32773], [-70.232486, -34.317032], [-70.241795, -34.312591], [-70.246073, -34.305455], [-70.264107, -34.315569], [-70.2661, -34.319336]]]}, "properties": {"name": "Los Llanos", "comuna": "Machalí", "provincia": "Cachapoal", "region": "L.G.B.O'Higgins", "sup_km2": "11.80593", "ivvp": "85.39", "n_bovino": "0", "ha_bov": "0", "r_zclima": "0-15 c", "zonaclima": "1"}}, {"type": "Feature", "geometry": {"type": "Polygon", "coordinates": [[[-70.242282, -34.529133], [-70.244143, -34.527545], [-70.246321, -34.529214], [-70.247336, -34.534925], [-70.24561, -34.54396], [-70.242451, -34.545972], [-70.237849, -34.546257], [-70.224422, -34.534057], [-70.227171, -34.52957], [-70.242282, -34.529133]]]}, "properties": {"name": "Potrerillo Nuevo", "comuna": "Machalí", "provincia": "Cachapoal", "region": "L.G.B.O'Higgins", "sup_km2": "2.94777", "ivvp": "82.12", "n_bovino": "0", "ha_bov": "0", "r_zclima": "0-15 c", "zonaclima": "1"}}, {"type": "Feature", "geometry": {"type": "Polygon", "coordinates": [[[-70.443357, -34.339562], [-70.447204, -34.341311], [-70.449709, -34.34616], [-70.451125, -34.357852], [-70.459984, -34.367972], [-70.461783, -34.38099], [-70.447651, -34.37811], [-70.444795, -34.379893], [-70.444931, -34.382678], [-70.442672, -34.382353], [-70.428918, -34.37567], [-70.437685, -34.373421], [-70.442699, -34.368822], [-70.443896, -34.361341], [-70.438489, -34.345598], [-70.440701, -34.339963], [-70.443357, -34.339562]]]}, "properties": {"name": "Loma Larga", "comuna": "Machalí", "provincia": "Cachapoal", "region": "L.G.B.O'Higgins", "sup_km2": "5.91652", "ivvp": "89.62", "n_bovino": "0", "ha_bov": "0", "r_zclima": "> 25 c", "zonaclima": "2"}}, {"type": "Feature", "geometry": {"type": "Polygon", "coordinates": [[[-70.140338, -34.396722], [-70.089774, -34.392182], [-70.079147, -34.37797], [-70.102905, -34.376058], [-70.167786, -34.356239], [-70.176044, -34.364565], [-70.182353, -34.363084], [-70.18675, -34.358496], [-70.207792, -34.357794], [-70.224327, -34.360466], [-70.242716, -34.358955], [-70.241715, -34.363393], [-70.19413, -34.366851], [-70.184563, -34.369713], [-70.172569, -34.38597], [-70.140338, -34.396722]]]}, "properties": {"name": "Las Vegas", "comuna": "Machalí", "provincia": "Cachapoal", "region": "L.G.B.O'Higgins", "sup_km2": "28.74369", "ivvp": "85.26", "n_bovino": "0", "ha_bov": "0", "r_zclima": "0-15 c", "zonaclima": "1"}}, {"type": "Feature", "geometry": {"type": "Polygon", "coordinates": [[[-70.463519, -34.622831], [-70.468608, -34.620903], [-70.475615, -34.624421], [-70.477581, -34.630222], [-70.475783, -34.633873], [-70.460149, -34.642578], [-70.447822, -34.643933], [-70.440585, -34.64185], [-70.453234, -34.625073], [-70.463519, -34.622831]]]}, "properties": {"name": "La Oveja", "comuna": "San Fernando", "provincia": "Colchagua", "region": "L.G.B.O'Higgins", "sup_km2": "5.37719", "ivvp": "86.69", "n_bovino": "0", "ha_bov": "0", "r_zclima": "> 25 c", "zonaclima": "2"}}, {"type": "Feature", "geometry": {"type": "Polygon", "coordinates": [[[-70.308853, -34.362738], [-70.313046, -34.368555], [-70.303801, -34.389629], [-70.290126, -34.39724], [-70.281469, -34.410898], [-70.27073, -34.417255], [-70.264115, -34.425849], [-70.258075, -34.428008], [-70.255281, -34.415615], [-70.256083, -34.402396], [-70.272012, -34.394513], [-70.29976, -34.365685], [-70.308853, -34.362738]]]}, "properties": {"name": "La Fraguita", "comuna": "Machalí", "provincia": "Cachapoal", "region": "L.G.B.O'Higgins", "sup_km2": "13.60355", "ivvp": "84.03", "n_bovino": "0", "ha_bov": "0", "r_zclima": "0-15 c", "zonaclima": "1"}}, {"type": "Feature", "geometry": {"type": "Polygon", "coordinates": [[[-70.337254, -34.364866], [-70.34181, -34.366011], [-70.343345, -34.368925], [-70.339527, -34.370946], [-70.331713, -34.38307], [-70.325832, -34.381704], [-70.325548, -34.371599], [-70.337254, -34.364866]]]}, "properties": {"name": "Vega Lapima I", "comuna": "Machalí", "provincia": "Cachapoal", "region": "L.G.B.O'Higgins", "sup_km2": "1.82197", "ivvp": "84.99", "n_bovino": "0", "ha_bov": "0", "r_zclima": "> 25 c", "zonaclima": "2"}}, {"type": "Feature", "geometry": {"type": "Polygon", "coordinates": [[[-70.46786, -34.639942], [-70.478856, -34.637032], [-70.489535, -34.630036], [-70.489305, -34.638893], [-70.494907, -34.64753], [-70.494217, -34.65005], [-70.474306, -34.659526], [-70.468922, -34.667976], [-70.451123, -34.668217], [-70.450421, -34.664483], [-70.45679, -34.656639], [-70.458599, -34.642867], [-70.46786, -34.639942]]]}, "properties": {"name": "San Andres", "comuna": "San Fernando", "provincia": "Colchagua", "region": "L.G.B.O'Higgins", "sup_km2": "8.56979", "ivvp": "86.11", "n_bovino": "0", "ha_bov": "0", "r_zclima": "> 25 c", "zonaclima": "2"}}, {"type": "Feature", "geometry": {"type": "Polygon", "coordinates": [[[-70.421057, -34.449839], [-70.414637, -34.44682], [-70.416362, -34.436137], [-70.420482, -34.429994], [-70.417209, -34.4189], [-70.417956, -34.411713], [-70.413635, -34.405844], [-70.410268, -34.392609], [-70.403829, -34.383959], [-70.407647, -34.379199], [-70.415014, -34.387311], [-70.420999, -34.406876], [-70.428449, -34.418012], [-70.429114, -34.427057], [-70.423651, -34.442586], [-70.424855, -34.449456], [-70.421057, -34.449839]]]}, "properties": {"name": "Rivera Este", "comuna": "Machalí", "provincia": "Cachapoal", "region": "L.G.B.O'Higgins", "sup_km2": "5.64727", "ivvp": "87.48", "n_bovino": "0", "ha_bov": "0", "r_zclima": "> 25 c", "zonaclima": "2"}}, {"type": "Feature", "geometry": {"type": "Polygon", "coordinates": [[[-70.458177, -34.403522], [-70.450588, -34.395744], [-70.446493, -34.38669], [-70.447795, -34.385245], [-70.458523, -34.384347], [-70.461234, -34.386763], [-70.461773, -34.395187], [-70.467934, -34.400529], [-70.460122, -34.404765], [-70.458177, -34.403522]]]}, "properties": {"name": "Rapiante", "comuna": "Machalí", "provincia": "Cachapoal", "region": "L.G.B.O'Higgins", "sup_km2": "2.31314", "ivvp": "89.98", "n_bovino": "0", "ha_bov": "0", "r_zclima": "> 25 c", "zonaclima": "2"}}, {"type": "Feature", "geometry": {"type": "Polygon", "coordinates": [[[-70.314309, -34.408976], [-70.316654, -34.395379], [-70.323068, -34.387465], [-70.327463, -34.392399], [-70.322671, -34.40192], [-70.322615, -34.411876], [-70.314309, -34.408976]]]}, "properties": {"name": "Matocha", "comuna": "Machalí", "provincia": "Cachapoal", "region": "L.G.B.O'Higgins", "sup_km2": "1.74293", "ivvp": "86.28", "n_bovino": "0", "ha_bov": "0", "r_zclima": "> 25 c", "zonaclima": "2"}}, {"type": "Feature", "geometry": {"type": "Polygon", "coordinates": [[[-70.140338, -34.396722], [-70.158147, -34.391252], [-70.171393, -34.410072], [-70.165881, -34.419787], [-70.183723, -34.420522], [-70.172419, -34.431637], [-70.14693, -34.43806], [-70.145429, -34.445194], [-70.130615, -34.45687], [-70.127017, -34.443994], [-70.140112, -34.422893], [-70.163311, -34.418847], [-70.142536, -34.41034], [-70.140338, -34.396722]]]}, "properties": {"name": "Los Mineros", "comuna": "Machalí", "provincia": "Cachapoal", "region": "L.G.B.O'Higgins", "sup_km2": "14.40282", "ivvp": "83.81", "n_bovino": "0", "ha_bov": "0", "r_zclima": "0-15 c", "zonaclima": "1"}}, {"type": "Feature", "geometry": {"type": "Polygon", "coordinates": [[[-70.394385, -34.398337], [-70.399357, -34.390669], [-70.402049, -34.390264], [-70.406524, -34.392107], [-70.408733, -34.399381], [-70.402445, -34.398493], [-70.393517, -34.401408], [-70.394385, -34.398337]]]}, "properties": {"name": "Placeta Seca", "comuna": "Machalí", "provincia": "Cachapoal", "region": "L.G.B.O'Higgins", "sup_km2": "0.98858", "ivvp": "88.07", "n_bovino": "0", "ha_bov": "0", "r_zclima": "> 25 c", "zonaclima": "2"}}, {"type": "Feature", "geometry": {"type": "Polygon", "coordinates": [[[-70.291793, -34.401839], [-70.291214, -34.398658], [-70.296591, -34.394638], [-70.303893, -34.395002], [-70.304131, -34.400329], [-70.299638, -34.402608], [-70.291793, -34.401839]]]}, "properties": {"name": "El Socabon", "comuna": "Machalí", "provincia": "Cachapoal", "region": "L.G.B.O'Higgins", "sup_km2": "0.97206", "ivvp": "85.55", "n_bovino": "0", "ha_bov": "0", "r_zclima": "0-15 c", "zonaclima": "1"}}, {"type": "Feature", "geometry": {"type": "Polygon", "coordinates": [[[-70.322051, -34.413004], [-70.324894, -34.421175], [-70.317591, -34.427981], [-70.314722, -34.438977], [-70.306541, -34.442843], [-70.307072, -34.450313], [-70.298863, -34.453633], [-70.290632, -34.461137], [-70.286463, -34.459779], [-70.285558, -34.455424], [-70.302427, -34.439983], [-70.306256, -34.423968], [-70.314309, -34.408976], [-70.322051, -34.413004]]]}, "properties": {"name": "Los Pejerreyes", "comuna": "Machalí", "provincia": "Cachapoal", "region": "L.G.B.O'Higgins", "sup_km2": "6.00275", "ivvp": "86.31", "n_bovino": "0", "ha_bov": "0", "r_zclima": "> 25 c", "zonaclima": "2"}}, {"type": "Feature", "geometry": {"type": "Polygon", "coordinates": [[[-70.096964, -34.413779], [-70.103733, -34.411698], [-70.104405, -34.424452], [-70.098957, -34.427698], [-70.094368, -34.45237], [-70.086987, -34.456508], [-70.083513, -34.45478], [-70.083318, -34.449939], [-70.086463, -34.426272], [-70.077847, -34.427114], [-70.070929, -34.436193], [-70.064053, -34.438232], [-70.0591, -34.434979], [-70.059153, -34.428599], [-70.071518, -34.419911], [-70.074835, -34.419882], [-70.07773, -34.415685], [-70.096964, -34.413779]]]}, "properties": {"name": "Balmaceda", "comuna": "Machalí", "provincia": "Cachapoal", "region": "L.G.B.O'Higgins", "sup_km2": "9.21396", "ivvp": "81.14", "n_bovino": "0", "ha_bov": "0", "r_zclima": "0-15 c", "zonaclima": "1"}}, {"type": "Feature", "geometry": {"type": "Polygon", "coordinates": [[[-70.360885, -34.43573], [-70.358479, -34.431934], [-70.373967, -34.416612], [-70.384034, -34.418184], [-70.372663, -34.431654], [-70.371522, -34.436112], [-70.376677, -34.445157], [-70.374323, -34.448899], [-70.375767, -34.46331], [-70.369068, -34.476221], [-70.362042, -34.482324], [-70.360127, -34.481326], [-70.358021, -34.465551], [-70.362864, -34.461624], [-70.363657, -34.457125], [-70.35902, -34.445269], [-70.363933, -34.438614], [-70.360885, -34.43573]]]}, "properties": {"name": "Potrerillo Sanchez", "comuna": "Machalí", "provincia": "Cachapoal", "region": "L.G.B.O'Higgins", "sup_km2": "8.23729", "ivvp": "83.61", "n_bovino": "0", "ha_bov": "0", "r_zclima": "> 25 c", "zonaclima": "2"}}, {"type": "Feature", "geometry": {"type": "Polygon", "coordinates": [[[-70.66199, -34.640056], [-70.665083, -34.634663], [-70.678461, -34.640169], [-70.697643, -34.640386], [-70.720364, -34.650905], [-70.731523, -34.651071], [-70.736708, -34.655686], [-70.743636, -34.673377], [-70.761547, -34.67797], [-70.762137, -34.687343], [-70.769611, -34.689877], [-70.770562, -34.695205], [-70.779864, -34.696643], [-70.788652, -34.705007], [-70.790847, -34.711746], [-70.797154, -34.718966], [-70.79436, -34.737206], [-70.786681, -34.735043], [-70.780094, -34.736185], [-70.776816, -34.739551], [-70.749599, -34.739535], [-70.73227, -34.727245], [-70.723823, -34.710969], [-70.711537, -34.700908], [-70.679634, -34.701641], [-70.667105, -34.693712], [-70.667476, -34.682869], [-70.671316, -34.67797], [-70.660269, -34.665038], [-70.662661, -34.658946], [-70.66199, -34.640056]]]}, "properties": {"name": "La Rufina", "comuna": "San Fernando", "provincia": "Colchagua", "region": "L.G.B.O'Higgins", "sup_km2": "74.29613", "ivvp": "91.43", "n_bovino": "0", "ha_bov": "0", "r_zclima": "> 25 c", "zonaclima": "2"}}, {"type": "Feature", "geometry": {"type": "Polygon", "coordinates": [[[-70.45102, -34.668047], [-70.468922, -34.667976], [-70.474306, -34.659526], [-70.491287, -34.65225], [-70.494907, -34.64753], [-70.519915, -34.670913], [-70.510383, -34.670125], [-70.498655, -34.678565], [-70.475364, -34.687903], [-70.465338, -34.684349], [-70.454435, -34.683718], [-70.455714, -34.682517], [-70.45408, -34.683168], [-70.45102, -34.668047]]]}, "properties": {"name": "San vicente", "comuna": "San Fernando", "provincia": "Colchagua", "region": "L.G.B.O'Higgins", "sup_km2": "13.88655", "ivvp": "85.9", "n_bovino": "0", "ha_bov": "0", "r_zclima": "> 25 c", "zonaclima": "2"}}, {"type": "Feature", "geometry": {"type": "Polygon", "coordinates": [[[-70.456516, -34.710708], [-70.449292, -34.716398], [-70.449497, -34.711368], [-70.441136, -34.705489], [-70.427305, -34.685143], [-70.3999, -34.678315], [-70.397417, -34.673172], [-70.411537, -34.665972], [-70.416489, -34.65976], [-70.422894, -34.65685], [-70.430658, -34.663382], [-70.447322, -34.6625], [-70.454756, -34.679747], [-70.455132, -34.695156], [-70.458177, -34.706851], [-70.456516, -34.710708]]]}, "properties": {"name": "El Portillo", "comuna": "San Fernando", "provincia": "Colchagua", "region": "L.G.B.O'Higgins", "sup_km2": "16.17732", "ivvp": "83.93", "n_bovino": "0", "ha_bov": "0", "r_zclima": "> 25 c", "zonaclima": "2"}}, {"type": "Feature", "geometry": {"type": "Polygon", "coordinates": [[[-70.45408, -34.683168], [-70.475364, -34.687903], [-70.498655, -34.678565], [-70.510383, -34.670125], [-70.519915, -34.670913], [-70.528781, -34.682091], [-70.532925, -34.69528], [-70.527421, -34.696787], [-70.513038, -34.707192], [-70.509901, -34.71366], [-70.501598, -34.716215], [-70.500567, -34.721836], [-70.488101, -34.731046], [-70.466721, -34.731721], [-70.461689, -34.714131], [-70.456516, -34.710708], [-70.458177, -34.706851], [-70.45408, -34.683168]]]}, "properties": {"name": "Galvez", "comuna": "San Fernando", "provincia": "Colchagua", "region": "L.G.B.O'Higgins", "sup_km2": "29.22124", "ivvp": "86.98", "n_bovino": "0", "ha_bov": "0", "r_zclima": "> 25 c", "zonaclima": "2"}}, {"type": "Feature", "geometry": {"type": "Polygon", "coordinates": [[[-70.509136, -34.714156], [-70.513038, -34.707192], [-70.531993, -34.695386], [-70.541791, -34.704564], [-70.544979, -34.723287], [-70.541439, -34.750774], [-70.543311, -34.754371], [-70.541675, -34.761798], [-70.532898, -34.768144], [-70.527258, -34.756733], [-70.527599, -34.740228], [-70.521467, -34.734931], [-70.51252, -34.716625], [-70.509136, -34.714156]]]}, "properties": {"name": "Las Yeguas del Azufre", "comuna": "San Fernando", "provincia": "Colchagua", "region": "L.G.B.O'Higgins", "sup_km2": "14.62124", "ivvp": "86.87", "n_bovino": "0", "ha_bov": "0", "r_zclima": "> 25 c", "zonaclima": "2"}}, {"type": "Feature", "geometry": {"type": "Polygon", "coordinates": [[[-70.497626, -34.723567], [-70.501803, -34.71972], [-70.501598, -34.716215], [-70.509136, -34.714156], [-70.51252, -34.716625], [-70.521467, -34.734931], [-70.527599, -34.740228], [-70.527258, -34.756733], [-70.532505, -34.768041], [-70.541675, -34.761798], [-70.548328, -34.772832], [-70.549435, -34.784674], [-70.552982, -34.792577], [-70.560264, -34.801307], [-70.560716, -34.811936], [-70.566441, -34.8178], [-70.563042, -34.825954], [-70.553688, -34.829099], [-70.550352, -34.827645], [-70.550128, -34.823054], [-70.541871, -34.813926], [-70.533348, -34.797443], [-70.528031, -34.795287], [-70.520681, -34.784951], [-70.500594, -34.772257], [-70.497176, -34.763305], [-70.504111, -34.75533], [-70.505112, -34.746143], [-70.497626, -34.723567]]]}, "properties": {"name": "Las Heladas", "comuna": "San Fernando", "provincia": "Colchagua", "region": "L.G.B.O'Higgins", "sup_km2": "28.78675", "ivvp": "86.48", "n_bovino": "0", "ha_bov": "0", "r_zclima": "> 25 c", "zonaclima": "2"}}, {"type": "Feature", "geometry": {"type": "Polygon", "coordinates": [[[-70.341091, -34.902149], [-70.336433, -34.88973], [-70.337394, -34.879472], [-70.331766, -34.873889], [-70.333185, -34.866881], [-70.330325, -34.844767], [-70.331312, -34.839924], [-70.334982, -34.837219], [-70.33542, -34.830298], [-70.349861, -34.823254], [-70.36315, -34.848286], [-70.360928, -34.866001], [-70.364327, -34.878704], [-70.36852, -34.882872], [-70.34638, -34.888502], [-70.34648, -34.899055], [-70.341091, -34.902149]]]}, "properties": {"name": "Los Palacios", "comuna": "San Fernando", "provincia": "Colchagua", "region": "L.G.B.O'Higgins", "sup_km2": "17.92913", "ivvp": "84.25", "n_bovino": "0", "ha_bov": "0", "r_zclima": "0-15 c", "zonaclima": "1"}}, {"type": "Feature", "geometry": {"type": "Polygon", "coordinates": [[[-70.444118, -34.766868], [-70.428892, -34.751931], [-70.401346, -34.746421], [-70.386584, -34.738881], [-70.3743, -34.739863], [-70.37186, -34.736978], [-70.375319, -34.732661], [-70.382119, -34.73409], [-70.395592, -34.729328], [-70.39972, -34.734889], [-70.413985, -34.741321], [-70.43659, -34.746371], [-70.434838, -34.735364], [-70.440413, -34.728297], [-70.450479, -34.737749], [-70.465591, -34.736373], [-70.461326, -34.755729], [-70.467981, -34.762047], [-70.472615, -34.770678], [-70.47039, -34.777369], [-70.466805, -34.78156], [-70.460754, -34.783607], [-70.448547, -34.768037], [-70.444118, -34.766868]]]}, "properties": {"name": "La Javierana", "comuna": "San Fernando", "provincia": "Colchagua", "region": "L.G.B.O'Higgins", "sup_km2": "17.89035", "ivvp": "86.3", "n_bovino": "0", "ha_bov": "0", "r_zclima": "> 25 c", "zonaclima": "2"}}, {"type": "Feature", "geometry": {"type": "Polygon", "coordinates": [[[-70.705159, -34.756895], [-70.715356, -34.750972], [-70.727298, -34.733889], [-70.729058, -34.744251], [-70.718236, -34.762933], [-70.694301, -34.788419], [-70.680931, -34.791824], [-70.684908, -34.765941], [-70.696791, -34.757887], [-70.705159, -34.756895]]]}, "properties": {"name": "La Iglesia", "comuna": "San Fernando", "provincia": "Colchagua", "region": "L.G.B.O'Higgins", "sup_km2": "9.74746", "ivvp": "53.22", "n_bovino": "0", "ha_bov": "0", "r_zclima": "> 25 c", "zonaclima": "2"}}, {"type": "Feature", "geometry": {"type": "Polygon", "coordinates": [[[-70.471555, -34.775605], [-70.474194, -34.777562], [-70.484633, -34.770397], [-70.496643, -34.768321], [-70.503176, -34.774425], [-70.498217, -34.777647], [-70.494715, -34.784015], [-70.479742, -34.78808], [-70.478633, -34.794031], [-70.470882, -34.793832], [-70.460754, -34.783607], [-70.466805, -34.78156], [-70.471555, -34.775605]]]}, "properties": {"name": "Los Chacayes", "comuna": "San Fernando", "provincia": "Colchagua", "region": "L.G.B.O'Higgins", "sup_km2": "5.58535", "ivvp": "86.61", "n_bovino": "0", "ha_bov": "0", "r_zclima": "> 25 c", "zonaclima": "2"}}, {"type": "Feature", "geometry": {"type": "Polygon", "coordinates": [[[-70.542651, -34.746507], [-70.556169, -34.749424], [-70.564538, -34.754375], [-70.564253, -34.761114], [-70.568379, -34.769121], [-70.572983, -34.772529], [-70.572223, -34.775352], [-70.575266, -34.779749], [-70.575055, -34.796076], [-70.572903, -34.799607], [-70.560282, -34.80146], [-70.552982, -34.792577], [-70.549435, -34.784674], [-70.548328, -34.772832], [-70.541846, -34.763153], [-70.542651, -34.746507]]]}, "properties": {"name": "El Relvo", "comuna": "San Fernando", "provincia": "Colchagua", "region": "L.G.B.O'Higgins", "sup_km2": "11.89395", "ivvp": "86.51", "n_bovino": "0", "ha_bov": "0", "r_zclima": "> 25 c", "zonaclima": "2"}}, {"type": "Feature", "geometry": {"type": "Polygon", "coordinates": [[[-70.693264, -34.821452], [-70.708779, -34.81917], [-70.718845, -34.8147], [-70.733236, -34.817264], [-70.727192, -34.830198], [-70.738043, -34.847012], [-70.732181, -34.856978], [-70.723219, -34.855311], [-70.714332, -34.860238], [-70.70308, -34.857222], [-70.680451, -34.859191], [-70.667335, -34.856131], [-70.671829, -34.849253], [-70.670021, -34.838255], [-70.693264, -34.821452]]]}, "properties": {"name": "Las Gordas", "comuna": "San Fernando", "provincia": "Colchagua", "region": "L.G.B.O'Higgins", "sup_km2": "22.18106", "ivvp": "91.15", "n_bovino": "0", "ha_bov": "0", "r_zclima": "> 25 c", "zonaclima": "2"}}, {"type": "Feature", "geometry": {"type": "Polygon", "coordinates": [[[-70.498158, -34.859816], [-70.503855, -34.846618], [-70.513825, -34.838753], [-70.522281, -34.827264], [-70.521622, -34.820902], [-70.500769, -34.822104], [-70.483728, -34.828124], [-70.476996, -34.834788], [-70.474913, -34.829331], [-70.461702, -34.825848], [-70.453147, -34.827258], [-70.437118, -34.837132], [-70.43684, -34.831383], [-70.42949, -34.834522], [-70.423927, -34.833942], [-70.435304, -34.826505], [-70.44448, -34.816758], [-70.454406, -34.813344], [-70.460649, -34.805235], [-70.469875, -34.802572], [-70.470098, -34.800721], [-70.462777, -34.797153], [-70.438134, -34.795706], [-70.416075, -34.801835], [-70.408834, -34.800882], [-70.411922, -34.797109], [-70.428007, -34.792147], [-70.442598, -34.793161], [-70.449352, -34.789113], [-70.444225, -34.785847], [-70.445721, -34.782182], [-70.439788, -34.773817], [-70.439071, -34.770597], [-70.442085, -34.767536], [-70.448547, -34.768037], [-70.463736, -34.788472], [-70.470882, -34.793832], [-70.479018, -34.79422], [-70.488735, -34.80535], [-70.512091, -34.812257], [-70.518082, -34.811817], [-70.544216, -34.826862], [-70.558041, -34.828096], [-70.554517, -34.831784], [-70.538513, -34.8377], [-70.520797, -34.854504], [-70.510387, -34.855342], [-70.504086, -34.859563], [-70.498158, -34.859816]]]}, "properties": {"name": "La  Javierana I", "comuna": "San Fernando", "provincia": "Colchagua", "region": "L.G.B.O'Higgins", "sup_km2": "32.90325", "ivvp": "88.03", "n_bovino": "0", "ha_bov": "0", "r_zclima": "> 25 c", "zonaclima": "2"}}, {"type": "Feature", "geometry": {"type": "Polygon", "coordinates": [[[-70.607917, -34.796169], [-70.612553, -34.798632], [-70.625863, -34.795705], [-70.637976, -34.797085], [-70.63566, -34.801182], [-70.61864, -34.813528], [-70.589873, -34.81709], [-70.571683, -34.826415], [-70.567623, -34.830254], [-70.567733, -34.865093], [-70.557914, -34.870669], [-70.547172, -34.869098], [-70.54753, -34.864522], [-70.554015, -34.855369], [-70.554586, -34.847972], [-70.551751, -34.841134], [-70.558175, -34.831282], [-70.561789, -34.830068], [-70.561887, -34.82619], [-70.566771, -34.820221], [-70.572306, -34.81565], [-70.581062, -34.814144], [-70.598888, -34.803925], [-70.607917, -34.796169]]]}, "properties": {"name": "Ugartina", "comuna": "San Fernando", "provincia": "Colchagua", "region": "L.G.B.O'Higgins", "sup_km2": "14.58461", "ivvp": "91.1", "n_bovino": "0", "ha_bov": "0", "r_zclima": "> 25 c", "zonaclima": "2"}}, {"type": "Feature", "geometry": {"type": "Polygon", "coordinates": [[[-70.647221, -34.865006], [-70.653222, -34.848357], [-70.661804, -34.836578], [-70.661895, -34.829102], [-70.673281, -34.823996], [-70.671768, -34.820536], [-70.675991, -34.81139], [-70.688112, -34.811371], [-70.6928, -34.815927], [-70.693264, -34.821452], [-70.670021, -34.838255], [-70.671696, -34.850075], [-70.664883, -34.859902], [-70.661784, -34.870146], [-70.655568, -34.877241], [-70.653874, -34.887434], [-70.646913, -34.893921], [-70.642544, -34.88661], [-70.647221, -34.865006]]]}, "properties": {"name": "Vegas de Urzua", "comuna": "San Fernando", "provincia": "Colchagua", "region": "L.G.B.O'Higgins", "sup_km2": "12.39471", "ivvp": "92.62", "n_bovino": "0", "ha_bov": "0", "r_zclima": "> 25 c", "zonaclima": "2"}}, {"type": "Feature", "geometry": {"type": "Polygon", "coordinates": [[[-70.288154, -34.879042], [-70.299399, -34.879528], [-70.303016, -34.877551], [-70.311419, -34.884922], [-70.303565, -34.888969], [-70.290817, -34.886848], [-70.288154, -34.879042]]]}, "properties": {"name": "Los Algodones", "comuna": "San Fernando", "provincia": "Colchagua", "region": "L.G.B.O'Higgins", "sup_km2": "1.56303", "ivvp": "83.08", "n_bovino": "0", "ha_bov": "0", "r_zclima": "0-15 c", "zonaclima": "1"}}, {"type": "Feature", "geometry": {"type": "Polygon", "coordinates": [[[-70.596492, -34.872076], [-70.602431, -34.849037], [-70.608892, -34.843024], [-70.622444, -34.843177], [-70.630435, -34.840726], [-70.632643, -34.849749], [-70.642336, -34.856061], [-70.647221, -34.865006], [-70.645777, -34.871721], [-70.624128, -34.882444], [-70.596492, -34.872076]]]}, "properties": {"name": "El Venado", "comuna": "San Fernando", "provincia": "Colchagua", "region": "L.G.B.O'Higgins", "sup_km2": "14.31699", "ivvp": "93.54", "n_bovino": "0", "ha_bov": "0", "r_zclima": "> 25 c", "zonaclima": "2"}}, {"type": "Feature", "geometry": {"type": "Polygon", "coordinates": [[[-70.448491, -34.903211], [-70.446625, -34.882531], [-70.454837, -34.88067], [-70.45832, -34.886435], [-70.466129, -34.886008], [-70.481252, -34.890351], [-70.486153, -34.889633], [-70.492254, -34.879437], [-70.497479, -34.885946], [-70.51164, -34.889508], [-70.522939, -34.898131], [-70.530492, -34.897689], [-70.526872, -34.904803], [-70.513376, -34.913217], [-70.508916, -34.910609], [-70.499784, -34.911502], [-70.494553, -34.906264], [-70.488146, -34.904449], [-70.486653, -34.900189], [-70.480595, -34.898072], [-70.469355, -34.899863], [-70.464283, -34.906732], [-70.453367, -34.910267], [-70.451544, -34.910361], [-70.448491, -34.903211]]]}, "properties": {"name": "Correana", "comuna": "San Fernando", "provincia": "Colchagua", "region": "L.G.B.O'Higgins", "sup_km2": "14.96216", "ivvp": "85.77", "n_bovino": "0", "ha_bov": "0", "r_zclima": "> 25 c", "zonaclima": "2"}}, {"type": "Feature", "geometry": {"type": "Polygon", "coordinates": [[[-70.341091, -34.902149], [-70.34648, -34.899055], [-70.34638, -34.888502], [-70.36852, -34.882872], [-70.376807, -34.887661], [-70.393914, -34.890703], [-70.397974, -34.896355], [-70.386843, -34.901523], [-70.378319, -34.909744], [-70.383296, -34.912433], [-70.388767, -34.926261], [-70.385904, -34.931022], [-70.377985, -34.934111], [-70.370614, -34.930907], [-70.357317, -34.912622], [-70.341091, -34.902149]]]}, "properties": {"name": "Los Castillos", "comuna": "San Fernando", "provincia": "Colchagua", "region": "L.G.B.O'Higgins", "sup_km2": "15.4708", "ivvp": "82.74", "n_bovino": "0", "ha_bov": "0", "r_zclima": "0-15 c", "zonaclima": "1"}}, {"type": "Feature", "geometry": {"type": "Polygon", "coordinates": [[[-70.435789, -34.914051], [-70.448491, -34.903211], [-70.461131, -34.926156], [-70.47149, -34.933063], [-70.486199, -34.936288], [-70.479132, -34.941189], [-70.473493, -34.940658], [-70.467878, -34.944013], [-70.456187, -34.941994], [-70.435789, -34.914051]]]}, "properties": {"name": "Lagunillas", "comuna": "San Fernando", "provincia": "Colchagua", "region": "L.G.B.O'Higgins", "sup_km2": "7.10288", "ivvp": "86.25", "n_bovino": "0", "ha_bov": "0", "r_zclima": "> 25 c", "zonaclima": "2"}}, {"type": "Feature", "geometry": {"type": "Polygon", "coordinates": [[[-70.308963, -34.910392], [-70.311289, -34.912821], [-70.31393, -34.907387], [-70.333805, -34.897396], [-70.360851, -34.916162], [-70.351809, -34.916326], [-70.347182, -34.930989], [-70.332192, -34.93992], [-70.331352, -34.935883], [-70.327443, -34.932782], [-70.318903, -34.930417], [-70.316511, -34.921958], [-70.308963, -34.910392]]]}, "properties": {"name": "Las Yeguas del flaco", "comuna": "San Fernando", "provincia": "Colchagua", "region": "L.G.B.O'Higgins", "sup_km2": "11.56164", "ivvp": "83.25", "n_bovino": "0", "ha_bov": "0", "r_zclima": "0-15 c", "zonaclima": "1"}}, {"type": "Feature", "geometry": {"type": "Polygon", "coordinates": [[[-70.721982, -34.856298], [-70.732181, -34.856978], [-70.744431, -34.871625], [-70.750295, -34.875328], [-70.749537, -34.883398], [-70.743046, -34.885048], [-70.738482, -34.890501], [-70.723303, -34.895137], [-70.714291, -34.903202], [-70.711567, -34.914474], [-70.702391, -34.917852], [-70.695912, -34.924982], [-70.685973, -34.923368], [-70.671763, -34.942402], [-70.663318, -34.940276], [-70.65678, -34.935591], [-70.653008, -34.925977], [-70.646082, -34.92324], [-70.648742, -34.901331], [-70.646913, -34.893921], [-70.654779, -34.885871], [-70.655568, -34.877241], [-70.661784, -34.870146], [-70.667335, -34.856131], [-70.680451, -34.859191], [-70.70308, -34.857222], [-70.714332, -34.860238], [-70.721982, -34.856298]]]}, "properties": {"name": "Los Lagartos", "comuna": "San Fernando", "provincia": "Colchagua", "region": "L.G.B.O'Higgins", "sup_km2": "54.44378", "ivvp": "91.6", "n_bovino": "0", "ha_bov": "0", "r_zclima": "> 25 c", "zonaclima": "2"}}, {"type": "Feature", "geometry": {"type": "Polygon", "coordinates": [[[-70.498158, -34.859816], [-70.506772, -34.864137], [-70.506735, -34.872627], [-70.510793, -34.879713], [-70.523999, -34.883754], [-70.533547, -34.88042], [-70.537303, -34.88314], [-70.541696, -34.882855], [-70.532632, -34.891215], [-70.530492, -34.897689], [-70.522939, -34.898131], [-70.51164, -34.889508], [-70.497479, -34.885946], [-70.491099, -34.865466], [-70.49385, -34.859824], [-70.498158, -34.859816]]]}, "properties": {"name": "El Peine", "comuna": "San Fernando", "provincia": "Colchagua", "region": "L.G.B.O'Higgins", "sup_km2": "7.17776", "ivvp": "85.61", "n_bovino": "0", "ha_bov": "0", "r_zclima": "> 25 c", "zonaclima": "2"}}, {"type": "Feature", "geometry": {"type": "Polygon", "coordinates": [[[-70.288154, -34.879042], [-70.285012, -34.871103], [-70.303016, -34.877551], [-70.299399, -34.879528], [-70.288154, -34.879042]]]}, "properties": {"name": "Pincheira", "comuna": "San Fernando", "provincia": "Colchagua", "region": "L.G.B.O'Higgins", "sup_km2": "0.71242", "ivvp": "84.58", "n_bovino": "0", "ha_bov": "0", "r_zclima": "0-15 c", "zonaclima": "1"}}, {"type": "Feature", "geometry": {"type": "Polygon", "coordinates": [[[-70.620816, -34.905344], [-70.613814, -34.9166], [-70.605819, -34.921304], [-70.589417, -34.92541], [-70.564256, -34.922302], [-70.564051, -34.913725], [-70.573361, -34.90778], [-70.576737, -34.899491], [-70.593832, -34.884292], [-70.596492, -34.872076], [-70.611864, -34.877242], [-70.6176, -34.88153], [-70.62548, -34.882092], [-70.622039, -34.886561], [-70.620096, -34.896775], [-70.613545, -34.902682], [-70.620816, -34.905344]]]}, "properties": {"name": "Los Nucos", "comuna": "San Fernando", "provincia": "Colchagua", "region": "L.G.B.O'Higgins", "sup_km2": "18.45101", "ivvp": "93.03", "n_bovino": "0", "ha_bov": "0", "r_zclima": "> 25 c", "zonaclima": "2"}}, {"type": "Feature", "geometry": {"type": "Polygon", "coordinates": [[[-70.451544, -34.910361], [-70.464283, -34.906732], [-70.469355, -34.899863], [-70.480595, -34.898072], [-70.486653, -34.900189], [-70.488146, -34.904449], [-70.494553, -34.906264], [-70.499784, -34.911502], [-70.508916, -34.910609], [-70.513376, -34.913217], [-70.502342, -34.91871], [-70.494356, -34.926883], [-70.493796, -34.932192], [-70.486199, -34.936288], [-70.47149, -34.933063], [-70.461131, -34.926156], [-70.451544, -34.910361]]]}, "properties": {"name": "Las 3 Lomas", "comuna": "San Fernando", "provincia": "Colchagua", "region": "L.G.B.O'Higgins", "sup_km2": "12.71466", "ivvp": "86.32", "n_bovino": "0", "ha_bov": "0", "r_zclima": "> 25 c", "zonaclima": "2"}}, {"type": "Feature", "geometry": {"type": "Polygon", "coordinates": [[[-70.512752, -34.913505], [-70.510312, -34.916236], [-70.512737, -34.930735], [-70.522132, -34.941758], [-70.526285, -34.96413], [-70.516236, -34.966934], [-70.511558, -34.971112], [-70.503867, -34.970678], [-70.493609, -34.958729], [-70.492512, -34.947914], [-70.487094, -34.935335], [-70.493796, -34.932192], [-70.494356, -34.926883], [-70.502342, -34.91871], [-70.512752, -34.913505]]]}, "properties": {"name": "El Tapao", "comuna": "San Fernando", "provincia": "Colchagua", "region": "L.G.B.O'Higgins", "sup_km2": "13.22519", "ivvp": "88.53", "n_bovino": "0", "ha_bov": "0", "r_zclima": "> 25 c", "zonaclima": "2"}}, {"type": "Feature", "geometry": {"type": "Polygon", "coordinates": [[[-70.486199, -34.936288], [-70.491934, -34.945843], [-70.493609, -34.958729], [-70.503867, -34.970678], [-70.492405, -34.973636], [-70.483362, -34.963435], [-70.482877, -34.955822], [-70.473023, -34.949036], [-70.47056, -34.942988], [-70.472143, -34.941229], [-70.479132, -34.941189], [-70.486199, -34.936288]]]}, "properties": {"name": "Quebrada Lunes", "comuna": "San Fernando", "provincia": "Colchagua", "region": "L.G.B.O'Higgins", "sup_km2": "4.96532", "ivvp": "89.3", "n_bovino": "0", "ha_bov": "0", "r_zclima": "> 25 c", "zonaclima": "2"}}, {"type": "Feature", "geometry": {"type": "Polygon", "coordinates": [[[-70.335851, -30.947619], [-70.340962, -30.936005], [-70.351042, -30.931163], [-70.36052, -30.914122], [-70.381823, -30.923156], [-70.388337, -30.929902], [-70.377584, -30.932137], [-70.370454, -30.944293], [-70.370533, -30.948722], [-70.363066, -30.958301], [-70.343211, -30.962826], [-70.341343, -30.953792], [-70.335851, -30.947619]]]}, "properties": {"name": "La Coipa", "comuna": "Monte Patria", "provincia": "Limarí", "region": "Coquimbo", "sup_km2": "13.27968", "ivvp": "0", "n_bovino": "0", "ha_bov": "0"}}, {"type": "Feature", "geometry": {"type": "Polygon", "coordinates": [[[-70.430594, -34.94384], [-70.443794, -34.940172], [-70.455446, -34.946398], [-70.470728, -34.942801], [-70.462576, -34.952268], [-70.430717, -34.961754], [-70.432219, -34.955993], [-70.424274, -34.945253], [-70.430594, -34.94384]]]}, "properties": {"name": "Las Vegas del Flaco", "comuna": "San Fernando", "provincia": "Colchagua", "region": "L.G.B.O'Higgins", "sup_km2": "5.01925", "ivvp": "84.15", "n_bovino": "0", "ha_bov": "0", "r_zclima": "> 25 c", "zonaclima": "2"}}, {"type": "Feature", "geometry": {"type": "Polygon", "coordinates": [[[-70.464593, -34.954782], [-70.46535, -34.949841], [-70.47056, -34.942988], [-70.473248, -34.949466], [-70.482877, -34.955822], [-70.483362, -34.963435], [-70.492405, -34.973636], [-70.476088, -34.980606], [-70.47303, -34.984343], [-70.470791, -34.968849], [-70.46463, -34.959903], [-70.464593, -34.954782]]]}, "properties": {"name": "Barahona", "comuna": "San Fernando", "provincia": "Colchagua", "region": "L.G.B.O'Higgins", "sup_km2": "5.22613", "ivvp": "88.04", "n_bovino": "0", "ha_bov": "0", "r_zclima": "> 25 c", "zonaclima": "2"}}, {"type": "Feature", "geometry": {"type": "Polygon", "coordinates": [[[-70.342891, -34.965273], [-70.348402, -34.963418], [-70.357991, -34.954326], [-70.370054, -34.952806], [-70.379028, -34.946533], [-70.392577, -34.958974], [-70.402845, -34.964149], [-70.414205, -34.965099], [-70.434969, -34.960153], [-70.432965, -34.969825], [-70.423542, -34.974773], [-70.41688, -34.983057], [-70.402116, -34.987681], [-70.392346, -34.994641], [-70.379941, -34.994844], [-70.372177, -35.001146], [-70.359231, -35.006072], [-70.354988, -34.995975], [-70.334243, -34.990652], [-70.331233, -34.9788], [-70.328129, -34.976605], [-70.330575, -34.97039], [-70.339263, -34.969321], [-70.342891, -34.965273]]]}, "properties": {"name": "Herrera", "comuna": "San Fernando", "provincia": "Colchagua", "region": "L.G.B.O'Higgins", "sup_km2": "32.26606", "ivvp": "84.16", "n_bovino": "0", "ha_bov": "0", "r_zclima": "0-15 c", "zonaclima": "1"}}, {"type": "Feature", "geometry": {"type": "Polygon", "coordinates": [[[-70.414647, -31.038632], [-70.424238, -31.027741], [-70.430412, -31.032481], [-70.430763, -31.040403], [-70.424303, -31.042347], [-70.418382, -31.047577], [-70.393569, -31.052881], [-70.391022, -31.04335], [-70.414647, -31.038632]]]}, "properties": {"name": "Las Leñas", "comuna": "Monte Patria", "provincia": "Limarí", "region": "Coquimbo", "sup_km2": "4.51791", "ivvp": "0", "n_bovino": "0", "ha_bov": "0"}}, {"type": "Feature", "geometry": {"type": "Polygon", "coordinates": [[[-70.462201, -34.952309], [-70.465756, -34.950282], [-70.463866, -34.957239], [-70.470791, -34.968849], [-70.47303, -34.984343], [-70.470141, -34.988], [-70.460289, -34.991243], [-70.456346, -34.989154], [-70.42925, -34.988122], [-70.41688, -34.983057], [-70.423542, -34.974773], [-70.432965, -34.969825], [-70.434969, -34.960153], [-70.462201, -34.952309]]]}, "properties": {"name": "El Bable", "comuna": "San Fernando", "provincia": "Colchagua", "region": "L.G.B.O'Higgins", "sup_km2": "14.1107", "ivvp": "83.15", "n_bovino": "0", "ha_bov": "0", "r_zclima": "> 25 c", "zonaclima": "2"}}, {"type": "Feature", "geometry": {"type": "Polygon", "coordinates": [[[-70.564846, -31.176432], [-70.568195, -31.174163], [-70.576031, -31.174829], [-70.582861, -31.171074], [-70.588738, -31.174195], [-70.589946, -31.182841], [-70.579746, -31.18487], [-70.565299, -31.182385], [-70.562906, -31.18144], [-70.564846, -31.176432]]]}, "properties": {"name": "La Escondida", "comuna": "Monte Patria", "provincia": "Limarí", "region": "Coquimbo", "sup_km2": "2.54294", "ivvp": "0", "n_bovino": "0", "ha_bov": "0"}}, {"type": "Feature", "geometry": {"type": "Polygon", "coordinates": [[[-70.491369, -30.399023], [-70.495328, -30.398698], [-70.501479, -30.392745], [-70.511395, -30.391737], [-70.516716, -30.39892], [-70.524578, -30.398409], [-70.533302, -30.40442], [-70.550725, -30.404449], [-70.557111, -30.406682], [-70.562968, -30.409761], [-70.570294, -30.419837], [-70.577379, -30.424926], [-70.581162, -30.433961], [-70.564009, -30.430423], [-70.5508, -30.432588], [-70.555386, -30.441655], [-70.55414, -30.445247], [-70.541595, -30.462381], [-70.533252, -30.466201], [-70.524854, -30.447569], [-70.498067, -30.437878], [-70.49157, -30.429981], [-70.49002, -30.4244], [-70.48349, -30.423392], [-70.481329, -30.413347], [-70.488556, -30.410207], [-70.491369, -30.399023]]]}, "properties": {"name": "Pabellón", "comuna": "Rio Hurtado", "provincia": "Limarí", "region": "Coquimbo", "sup_km2": "38.81026", "ivvp": "0", "n_bovino": "0", "ha_bov": "0"}}, {"type": "Feature", "geometry": {"type": "Polygon", "coordinates": [[[-70.487674, -30.394567], [-70.495961, -30.379635], [-70.491122, -30.375504], [-70.491481, -30.370515], [-70.485966, -30.364646], [-70.483469, -30.353806], [-70.492934, -30.351867], [-70.513674, -30.33182], [-70.528052, -30.328639], [-70.53321, -30.332485], [-70.533101, -30.339402], [-70.540811, -30.346841], [-70.556207, -30.349623], [-70.559566, -30.352781], [-70.560435, -30.356253], [-70.556629, -30.365989], [-70.556935, -30.371583], [-70.560043, -30.376017], [-70.558166, -30.380839], [-70.55926, -30.388166], [-70.575831, -30.402926], [-70.562968, -30.409761], [-70.550725, -30.404449], [-70.535898, -30.405224], [-70.524578, -30.398409], [-70.516716, -30.39892], [-70.511395, -30.391737], [-70.501479, -30.392745], [-70.494517, -30.398897], [-70.491369, -30.399023], [-70.487674, -30.394567]]]}, "properties": {"name": "Venado", "comuna": "Rio Hurtado", "provincia": "Limarí", "region": "Coquimbo", "sup_km2": "45.47547", "ivvp": "0", "n_bovino": "0", "ha_bov": "0"}}, {"type": "Feature", "geometry": {"type": "Polygon", "coordinates": [[[-70.409126, -31.050579], [-70.430763, -31.040403], [-70.441802, -31.048323], [-70.434745, -31.052538], [-70.432441, -31.065131], [-70.428721, -31.0676], [-70.419191, -31.063956], [-70.394115, -31.067243], [-70.396451, -31.062467], [-70.393569, -31.052881], [-70.409126, -31.050579]]]}, "properties": {"name": "Piedras Blancas", "comuna": "Monte Patria", "provincia": "Limarí", "region": "Coquimbo", "sup_km2": "7.73253", "ivvp": "0", "n_bovino": "0", "ha_bov": "0"}}, {"type": "Feature", "geometry": {"type": "Polygon", "coordinates": [[[-70.418404, -30.431455], [-70.418675, -30.427595], [-70.421684, -30.425492], [-70.434782, -30.426431], [-70.440908, -30.433184], [-70.444918, -30.432671], [-70.447069, -30.434903], [-70.46303, -30.456604], [-70.472648, -30.460588], [-70.498264, -30.46298], [-70.506245, -30.466321], [-70.506965, -30.470738], [-70.494469, -30.474081], [-70.484997, -30.48341], [-70.481998, -30.482736], [-70.479622, -30.472883], [-70.473948, -30.471206], [-70.468283, -30.473765], [-70.455606, -30.472355], [-70.453298, -30.463205], [-70.445236, -30.45793], [-70.442092, -30.45091], [-70.425877, -30.433819], [-70.418404, -30.431455]]]}, "properties": {"name": "Quebradita", "comuna": "Rio Hurtado", "provincia": "Limarí", "region": "Coquimbo", "sup_km2": "14.18172", "ivvp": "0", "n_bovino": "0", "ha_bov": "0"}}, {"type": "Feature", "geometry": {"type": "Polygon", "coordinates": [[[-70.384487, -30.448006], [-70.402077, -30.447678], [-70.400619, -30.45525], [-70.387971, -30.463916], [-70.384992, -30.472181], [-70.378182, -30.470701], [-70.373708, -30.473198], [-70.365045, -30.486886], [-70.342575, -30.496291], [-70.341432, -30.488214], [-70.335939, -30.483799], [-70.335608, -30.479427], [-70.329488, -30.472808], [-70.338446, -30.460576], [-70.3554, -30.453346], [-70.377098, -30.451612], [-70.384487, -30.448006]]]}, "properties": {"name": "Los Puquíos", "comuna": "Rio Hurtado", "provincia": "Limarí", "region": "Coquimbo", "sup_km2": "18.45205", "ivvp": "0", "n_bovino": "0", "ha_bov": "0"}}, {"type": "Feature", "geometry": {"type": "Polygon", "coordinates": [[[-70.458013, -31.003123], [-70.450189, -30.994983], [-70.44271, -30.972977], [-70.442037, -30.963913], [-70.454339, -30.959391], [-70.453736, -30.963692], [-70.477206, -30.988434], [-70.48114, -30.999364], [-70.477729, -31.006088], [-70.464859, -31.003393], [-70.457996, -31.004701], [-70.458013, -31.003123]]]}, "properties": {"name": "La Casa", "comuna": "Monte Patria", "provincia": "Limarí", "region": "Coquimbo", "sup_km2": "10.4565", "ivvp": "0", "n_bovino": "0", "ha_bov": "0"}}, {"type": "Feature", "geometry": {"type": "Polygon", "coordinates": [[[-70.434782, -30.426431], [-70.439909, -30.420636], [-70.437533, -30.417789], [-70.44774, -30.406858], [-70.448292, -30.400121], [-70.452436, -30.394053], [-70.460078, -30.393309], [-70.46383, -30.397458], [-70.467571, -30.397226], [-70.471856, -30.400661], [-70.487674, -30.394567], [-70.491369, -30.399023], [-70.489509, -30.401494], [-70.490457, -30.406752], [-70.488556, -30.410207], [-70.481329, -30.413347], [-70.48349, -30.423392], [-70.49002, -30.4244], [-70.49157, -30.429981], [-70.498067, -30.437878], [-70.524854, -30.447569], [-70.533252, -30.466201], [-70.52539, -30.46803], [-70.515975, -30.466822], [-70.508006, -30.470907], [-70.506245, -30.466321], [-70.496845, -30.462527], [-70.472648, -30.460588], [-70.46303, -30.456604], [-70.447069, -30.434903], [-70.444918, -30.432671], [-70.440908, -30.433184], [-70.434782, -30.426431]]]}, "properties": {"name": "Quebrada", "comuna": "Rio Hurtado", "provincia": "Limarí", "region": "Coquimbo", "sup_km2": "37.81844", "ivvp": "0", "n_bovino": "0", "ha_bov": "0"}}, {"type": "Feature", "geometry": {"type": "Polygon", "coordinates": [[[-70.337236, -31.028803], [-70.351748, -31.026252], [-70.35593, -31.035518], [-70.355636, -31.0454], [-70.339385, -31.048543], [-70.332926, -31.055669], [-70.32851, -31.057208], [-70.324773, -31.046983], [-70.338552, -31.034991], [-70.337236, -31.028803]]]}, "properties": {"name": "Cazadero", "comuna": "Monte Patria", "provincia": "Limarí", "region": "Coquimbo", "sup_km2": "5.51188", "ivvp": "0", "n_bovino": "0", "ha_bov": "0"}}, {"type": "Feature", "geometry": {"type": "Polygon", "coordinates": [[[-70.293756, -30.465308], [-70.285759, -30.456071], [-70.286535, -30.449008], [-70.291354, -30.443831], [-70.293291, -30.434212], [-70.300964, -30.43141], [-70.308301, -30.423808], [-70.309264, -30.418669], [-70.314805, -30.414896], [-70.341134, -30.406386], [-70.36247, -30.418923], [-70.360954, -30.430984], [-70.366154, -30.430086], [-70.379377, -30.43606], [-70.379606, -30.440763], [-70.384416, -30.446829], [-70.37986, -30.451064], [-70.3554, -30.453346], [-70.341737, -30.458945], [-70.329488, -30.472808], [-70.322864, -30.473015], [-70.308204, -30.465354], [-70.293756, -30.465308]]]}, "properties": {"name": "Quebrada Caballo", "comuna": "Rio Hurtado", "provincia": "Limarí", "region": "Coquimbo", "sup_km2": "39.67044", "ivvp": "0", "n_bovino": "0", "ha_bov": "0"}}, {"type": "Feature", "geometry": {"type": "Polygon", "coordinates": [[[-70.331336, -30.543991], [-70.324399, -30.534421], [-70.328959, -30.524021], [-70.328963, -30.516203], [-70.338011, -30.513571], [-70.348737, -30.500319], [-70.352629, -30.501384], [-70.360675, -30.506524], [-70.364058, -30.530655], [-70.331336, -30.543991]]]}, "properties": {"name": "Quebrada Piedra", "comuna": "Rio Hurtado", "provincia": "Limarí", "region": "Coquimbo", "sup_km2": "11.02171", "ivvp": "0", "n_bovino": "0", "ha_bov": "0"}}, {"type": "Feature", "geometry": {"type": "Polygon", "coordinates": [[[-70.425706, -30.948013], [-70.438287, -30.940462], [-70.445604, -30.943903], [-70.450792, -30.941148], [-70.452095, -30.94674], [-70.464741, -30.949065], [-70.468383, -30.955131], [-70.462225, -30.95609], [-70.458063, -30.960937], [-70.448833, -30.960328], [-70.441346, -30.963975], [-70.440009, -30.95606], [-70.43068, -30.948224], [-70.425706, -30.948013]]]}, "properties": {"name": "Las Trancas", "comuna": "Monte Patria", "provincia": "Limarí", "region": "Coquimbo", "sup_km2": "5.06845", "ivvp": "0", "n_bovino": "0", "ha_bov": "0"}}, {"type": "Feature", "geometry": {"type": "Polygon", "coordinates": [[[-70.402077, -30.447678], [-70.404758, -30.441532], [-70.411955, -30.436041], [-70.418404, -30.431455], [-70.422864, -30.43197], [-70.442092, -30.45091], [-70.445236, -30.45793], [-70.454181, -30.464183], [-70.455606, -30.472355], [-70.468283, -30.473765], [-70.473948, -30.471206], [-70.479622, -30.472883], [-70.481998, -30.482736], [-70.484291, -30.483418], [-70.487957, -30.481589], [-70.490112, -30.47686], [-70.50467, -30.469867], [-70.508006, -30.470907], [-70.515975, -30.466822], [-70.526324, -30.467983], [-70.515757, -30.480796], [-70.504145, -30.485166], [-70.501719, -30.493472], [-70.481942, -30.518401], [-70.479711, -30.511037], [-70.473111, -30.50223], [-70.47097, -30.489871], [-70.462261, -30.495991], [-70.451864, -30.491799], [-70.446002, -30.48032], [-70.445374, -30.470917], [-70.427962, -30.465086], [-70.418086, -30.458228], [-70.404122, -30.45777], [-70.400387, -30.454797], [-70.402077, -30.447678]]]}, "properties": {"name": "Los Toyos", "comuna": "Rio Hurtado", "provincia": "Limarí", "region": "Coquimbo", "sup_km2": "29.1569", "ivvp": "0", "n_bovino": "0", "ha_bov": "0"}}, {"type": "Feature", "geometry": {"type": "Polygon", "coordinates": [[[-70.361209, -30.488338], [-70.367027, -30.484839], [-70.373708, -30.473198], [-70.378182, -30.470701], [-70.384992, -30.472181], [-70.387971, -30.463916], [-70.400619, -30.45525], [-70.406464, -30.458214], [-70.418086, -30.458228], [-70.43299, -30.466777], [-70.429157, -30.479987], [-70.421361, -30.485531], [-70.420239, -30.49434], [-70.409276, -30.51272], [-70.404925, -30.506727], [-70.375002, -30.501434], [-70.364768, -30.494301], [-70.361209, -30.488338]]]}, "properties": {"name": "Estero Martínez", "comuna": "Rio Hurtado", "provincia": "Limarí", "region": "Coquimbo", "sup_km2": "25.04473", "ivvp": "0", "n_bovino": "0", "ha_bov": "0"}}, {"type": "Feature", "geometry": {"type": "Polygon", "coordinates": [[[-70.43299, -30.466777], [-70.441749, -30.468182], [-70.445872, -30.47157], [-70.446002, -30.48032], [-70.451864, -30.491799], [-70.462261, -30.495991], [-70.47097, -30.489871], [-70.473111, -30.50223], [-70.479711, -30.511037], [-70.481942, -30.518401], [-70.456456, -30.509197], [-70.453681, -30.503616], [-70.448558, -30.506213], [-70.437557, -30.500466], [-70.431198, -30.489515], [-70.429157, -30.479987], [-70.43299, -30.466777]]]}, "properties": {"name": "Piedra Partida", "comuna": "Rio Hurtado", "provincia": "Limarí", "region": "Coquimbo", "sup_km2": "10.8031", "ivvp": "0", "n_bovino": "0", "ha_bov": "0"}}, {"type": "Feature", "geometry": {"type": "Polygon", "coordinates": [[[-70.342581, -30.979821], [-70.346266, -30.971415], [-70.355642, -30.986375], [-70.363083, -30.98774], [-70.375228, -30.985816], [-70.385469, -30.99028], [-70.386901, -30.992092], [-70.382753, -30.992646], [-70.3815, -30.995059], [-70.390172, -31.007859], [-70.38602, -31.009662], [-70.388981, -31.013668], [-70.371062, -31.013688], [-70.361602, -31.008988], [-70.357367, -30.998121], [-70.346934, -30.9974], [-70.347358, -30.988987], [-70.344496, -30.986784], [-70.342581, -30.979821]]]}, "properties": {"name": "Cortadera", "comuna": "Monte Patria", "provincia": "Limarí", "region": "Coquimbo", "sup_km2": "9.44863", "ivvp": "0", "n_bovino": "0", "ha_bov": "0"}}, {"type": "Feature", "geometry": {"type": "Polygon", "coordinates": [[[-70.269842, -30.480837], [-70.276185, -30.471554], [-70.288422, -30.469227], [-70.293756, -30.465308], [-70.309239, -30.465578], [-70.318989, -30.471642], [-70.329488, -30.472808], [-70.335608, -30.479427], [-70.335939, -30.483799], [-70.341432, -30.488214], [-70.342575, -30.496291], [-70.348737, -30.500319], [-70.338011, -30.513571], [-70.328963, -30.516203], [-70.328959, -30.524021], [-70.324399, -30.534421], [-70.331336, -30.543991], [-70.327059, -30.547246], [-70.323459, -30.555485], [-70.312276, -30.564372], [-70.306102, -30.558488], [-70.294779, -30.522137], [-70.286569, -30.509419], [-70.280552, -30.50642], [-70.278209, -30.493409], [-70.269842, -30.480837]]]}, "properties": {"name": "El Ternero", "comuna": "Rio Hurtado", "provincia": "Limarí", "region": "Coquimbo", "sup_km2": "43.48573", "ivvp": "0", "n_bovino": "0", "ha_bov": "0"}}, {"type": "Feature", "geometry": {"type": "Polygon", "coordinates": [[[-70.409276, -30.51272], [-70.416487, -30.498211], [-70.421007, -30.494801], [-70.425925, -30.507924], [-70.422305, -30.521308], [-70.407255, -30.526217], [-70.404208, -30.52999], [-70.391024, -30.529987], [-70.39198, -30.519335], [-70.397563, -30.514669], [-70.409276, -30.51272]]]}, "properties": {"name": "Elqui", "comuna": "Rio Hurtado", "provincia": "Limarí", "region": "Coquimbo", "sup_km2": "6.14216", "ivvp": "0", "n_bovino": "0", "ha_bov": "0"}}, {"type": "Feature", "geometry": {"type": "Polygon", "coordinates": [[[-70.533252, -30.466201], [-70.538479, -30.464583], [-70.548976, -30.489486], [-70.556286, -30.494858], [-70.558643, -30.49958], [-70.559204, -30.507476], [-70.552986, -30.509387], [-70.550958, -30.515149], [-70.538897, -30.525645], [-70.546792, -30.533455], [-70.532094, -30.545768], [-70.532784, -30.551637], [-70.526938, -30.556695], [-70.525599, -30.561258], [-70.516424, -30.558176], [-70.508897, -30.563388], [-70.505494, -30.560897], [-70.495994, -30.561512], [-70.476466, -30.568451], [-70.471529, -30.559386], [-70.459501, -30.556563], [-70.458766, -30.553056], [-70.469004, -30.547009], [-70.470717, -30.54163], [-70.475205, -30.540073], [-70.475395, -30.534707], [-70.47946, -30.533952], [-70.479239, -30.530098], [-70.487096, -30.524974], [-70.481942, -30.518401], [-70.501719, -30.493472], [-70.504145, -30.485166], [-70.515757, -30.480796], [-70.526324, -30.467983], [-70.533252, -30.466201]]]}, "properties": {"name": "San Agustín", "comuna": "Rio Hurtado", "provincia": "Limarí", "region": "Coquimbo", "sup_km2": "55.75065", "ivvp": "0", "n_bovino": "0", "ha_bov": "0"}}, {"type": "Feature", "geometry": {"type": "Polygon", "coordinates": [[[-70.391024, -30.529987], [-70.404208, -30.52999], [-70.407255, -30.526217], [-70.411136, -30.526464], [-70.416119, -30.522476], [-70.419783, -30.530732], [-70.416597, -30.540213], [-70.417425, -30.55497], [-70.404757, -30.558635], [-70.396801, -30.557358], [-70.393085, -30.559843], [-70.389741, -30.548799], [-70.383498, -30.550016], [-70.377341, -30.545574], [-70.375214, -30.540084], [-70.377602, -30.532674], [-70.391024, -30.529987]]]}, "properties": {"name": "El Durazno", "comuna": "Rio Hurtado", "provincia": "Limarí", "region": "Coquimbo", "sup_km2": "11.20679", "ivvp": "0", "n_bovino": "0", "ha_bov": "0"}}, {"type": "Feature", "geometry": {"type": "Polygon", "coordinates": [[[-70.259017, -30.483951], [-70.269842, -30.480837], [-70.272367, -30.482833], [-70.278209, -30.493409], [-70.278997, -30.5038], [-70.290433, -30.513992], [-70.299755, -30.535441], [-70.306102, -30.558488], [-70.312276, -30.564372], [-70.305689, -30.56904], [-70.286068, -30.574495], [-70.279126, -30.567643], [-70.265762, -30.568527], [-70.256852, -30.564806], [-70.250456, -30.566325], [-70.244482, -30.56262], [-70.232324, -30.564238], [-70.226301, -30.569564], [-70.223077, -30.576984], [-70.218844, -30.57915], [-70.206887, -30.569823], [-70.208741, -30.560428], [-70.191357, -30.548697], [-70.198565, -30.53637], [-70.190445, -30.533287], [-70.194055, -30.527655], [-70.18354, -30.518686], [-70.181731, -30.511349], [-70.195608, -30.491937], [-70.207383, -30.48632], [-70.224639, -30.489078], [-70.22934, -30.487103], [-70.243454, -30.488914], [-70.259017, -30.483951]]]}, "properties": {"name": "Colpita", "comuna": "Rio Hurtado", "provincia": "Limarí", "region": "Coquimbo", "sup_km2": "87.86491", "ivvp": "0", "n_bovino": "0", "ha_bov": "0"}}, {"type": "Feature", "geometry": {"type": "Polygon", "coordinates": [[[-70.420239, -30.49434], [-70.422425, -30.483967], [-70.427691, -30.480003], [-70.430586, -30.481099], [-70.431198, -30.489515], [-70.437557, -30.500466], [-70.44998, -30.506856], [-70.455986, -30.516105], [-70.456763, -30.531718], [-70.446172, -30.528543], [-70.438416, -30.514888], [-70.436546, -30.517074], [-70.427898, -30.51651], [-70.423265, -30.51929], [-70.425925, -30.507924], [-70.420239, -30.49434]]]}, "properties": {"name": "La Laguna", "comuna": "Rio Hurtado", "provincia": "Limarí", "region": "Coquimbo", "sup_km2": "8.79668", "ivvp": "0", "n_bovino": "0", "ha_bov": "0"}}, {"type": "Feature", "geometry": {"type": "Polygon", "coordinates": [[[-70.342575, -30.496291], [-70.361209, -30.488338], [-70.364768, -30.494301], [-70.375002, -30.501434], [-70.404925, -30.506727], [-70.409276, -30.51272], [-70.397563, -30.514669], [-70.39198, -30.519335], [-70.391024, -30.529987], [-70.385591, -30.529616], [-70.379107, -30.53333], [-70.367299, -30.528754], [-70.364058, -30.530655], [-70.360675, -30.506524], [-70.342575, -30.496291]]]}, "properties": {"name": "Romazua", "comuna": "Rio Hurtado", "provincia": "Limarí", "region": "Coquimbo", "sup_km2": "13.21928", "ivvp": "0", "n_bovino": "0", "ha_bov": "0"}}, {"type": "Feature", "geometry": {"type": "Polygon", "coordinates": [[[-70.448558, -30.506213], [-70.453681, -30.503616], [-70.456456, -30.509197], [-70.468151, -30.512016], [-70.474201, -30.516793], [-70.485292, -30.520714], [-70.487096, -30.524974], [-70.479239, -30.530098], [-70.47946, -30.533952], [-70.475395, -30.534707], [-70.474887, -30.54064], [-70.470195, -30.543093], [-70.458766, -30.534844], [-70.455269, -30.522699], [-70.455986, -30.516105], [-70.448558, -30.506213]]]}, "properties": {"name": "El Molino", "comuna": "Rio Hurtado", "provincia": "Limarí", "region": "Coquimbo", "sup_km2": "7.14335", "ivvp": "0", "n_bovino": "0", "ha_bov": "0"}}, {"type": "Feature", "geometry": {"type": "Polygon", "coordinates": [[[-70.423265, -30.51929], [-70.427898, -30.51651], [-70.436546, -30.517074], [-70.438416, -30.514888], [-70.446172, -30.528543], [-70.419783, -30.530732], [-70.416119, -30.522476], [-70.421373, -30.52199], [-70.423265, -30.51929]]]}, "properties": {"name": "Chacayal", "comuna": "Rio Hurtado", "provincia": "Limarí", "region": "Coquimbo", "sup_km2": "2.8758", "ivvp": "0", "n_bovino": "0", "ha_bov": "0"}}, {"type": "Feature", "geometry": {"type": "Polygon", "coordinates": [[[-70.364058, -30.530655], [-70.367299, -30.528754], [-70.377602, -30.532674], [-70.375645, -30.543197], [-70.381604, -30.549269], [-70.389741, -30.548799], [-70.393085, -30.559843], [-70.391233, -30.567202], [-70.376314, -30.569526], [-70.367405, -30.577853], [-70.361133, -30.580364], [-70.356749, -30.58968], [-70.358825, -30.594219], [-70.355363, -30.603386], [-70.347958, -30.602849], [-70.337232, -30.592115], [-70.334959, -30.578357], [-70.337452, -30.559325], [-70.334252, -30.553949], [-70.326313, -30.549365], [-70.335181, -30.541556], [-70.364058, -30.530655]]]}, "properties": {"name": "Huandacol", "comuna": "Rio Hurtado", "provincia": "Limarí", "region": "Coquimbo", "sup_km2": "27.35328", "ivvp": "0", "n_bovino": "0", "ha_bov": "0"}}, {"type": "Feature", "geometry": {"type": "Polygon", "coordinates": [[[-70.419783, -30.530732], [-70.446172, -30.528543], [-70.456763, -30.531718], [-70.470114, -30.54493], [-70.458766, -30.553056], [-70.452089, -30.550022], [-70.443741, -30.551577], [-70.41757, -30.549979], [-70.416597, -30.540213], [-70.419783, -30.530732]]]}, "properties": {"name": "El Chifute", "comuna": "Rio Hurtado", "provincia": "Limarí", "region": "Coquimbo", "sup_km2": "10.34767", "ivvp": "0", "n_bovino": "0", "ha_bov": "0"}}, {"type": "Feature", "geometry": {"type": "Polygon", "coordinates": [[[-70.393085, -30.559843], [-70.396801, -30.557358], [-70.404757, -30.558635], [-70.416779, -30.555401], [-70.41757, -30.549979], [-70.429368, -30.550134], [-70.431828, -30.55105], [-70.432626, -30.561015], [-70.424504, -30.566982], [-70.414741, -30.56855], [-70.406877, -30.577477], [-70.394388, -30.586318], [-70.383247, -30.586812], [-70.373876, -30.593308], [-70.366831, -30.595029], [-70.357302, -30.592755], [-70.361133, -30.580364], [-70.367405, -30.577853], [-70.376314, -30.569526], [-70.391233, -30.567202], [-70.393085, -30.559843]]]}, "properties": {"name": "Bolsiquito", "comuna": "Rio Hurtado", "provincia": "Limarí", "region": "Coquimbo", "sup_km2": "14.3022", "ivvp": "0", "n_bovino": "0", "ha_bov": "0"}}, {"type": "Feature", "geometry": {"type": "Polygon", "coordinates": [[[-70.447914, -30.550727], [-70.455473, -30.550927], [-70.459501, -30.556563], [-70.456363, -30.557783], [-70.456008, -30.563422], [-70.44996, -30.569945], [-70.4412, -30.571247], [-70.440183, -30.576703], [-70.434066, -30.583605], [-70.435379, -30.593212], [-70.431081, -30.59953], [-70.432897, -30.603624], [-70.425196, -30.612443], [-70.427531, -30.625495], [-70.411881, -30.635216], [-70.407572, -30.633084], [-70.408184, -30.626486], [-70.403182, -30.619205], [-70.405778, -30.606848], [-70.411351, -30.597283], [-70.411348, -30.589614], [-70.417947, -30.579663], [-70.41676, -30.572855], [-70.432626, -30.561015], [-70.431828, -30.55105], [-70.447914, -30.550727]]]}, "properties": {"name": "Quebrada Amarilla", "comuna": "Rio Hurtado", "provincia": "Limarí", "region": "Coquimbo", "sup_km2": "19.61256", "ivvp": "0", "n_bovino": "0", "ha_bov": "0"}}, {"type": "Feature", "geometry": {"type": "Polygon", "coordinates": [[[-70.501574, -30.953041], [-70.502451, -30.955962], [-70.492224, -30.969699], [-70.488669, -30.979682], [-70.477206, -30.988434], [-70.453736, -30.963692], [-70.454412, -30.95939], [-70.458063, -30.960937], [-70.462225, -30.95609], [-70.468383, -30.955131], [-70.471856, -30.957442], [-70.475363, -30.954849], [-70.487924, -30.958494], [-70.488977, -30.956191], [-70.501574, -30.953041]]]}, "properties": {"name": "Estero el Chape", "comuna": "Monte Patria", "provincia": "Limarí", "region": "Coquimbo", "sup_km2": "9.57285", "ivvp": "0", "n_bovino": "0", "ha_bov": "0"}}, {"type": "Feature", "geometry": {"type": "Polygon", "coordinates": [[[-70.238253, -30.564511], [-70.244482, -30.56262], [-70.250456, -30.566325], [-70.256852, -30.564806], [-70.265762, -30.568527], [-70.279126, -30.567643], [-70.286068, -30.574495], [-70.280895, -30.578074], [-70.279832, -30.584107], [-70.26882, -30.598705], [-70.270421, -30.621413], [-70.278205, -30.630044], [-70.279195, -30.63911], [-70.27335, -30.666411], [-70.255799, -30.672889], [-70.253819, -30.675493], [-70.24407, -30.673823], [-70.239728, -30.668047], [-70.240876, -30.664364], [-70.250083, -30.661733], [-70.251494, -30.652308], [-70.250647, -30.646602], [-70.247335, -30.645052], [-70.247414, -30.634007], [-70.239733, -30.624635], [-70.240303, -30.61504], [-70.227494, -30.606534], [-70.220716, -30.596254], [-70.220134, -30.57961], [-70.230649, -30.565056], [-70.238253, -30.564511]]]}, "properties": {"name": "Camino Viejo", "comuna": "Rio Hurtado", "provincia": "Limarí", "region": "Coquimbo", "sup_km2": "43.82901", "ivvp": "0", "n_bovino": "0", "ha_bov": "0"}}, {"type": "Feature", "geometry": {"type": "Polygon", "coordinates": [[[-70.358825, -30.594219], [-70.366831, -30.595029], [-70.373876, -30.593308], [-70.383247, -30.586812], [-70.394388, -30.586318], [-70.406877, -30.577477], [-70.414741, -30.56855], [-70.424504, -30.566982], [-70.41676, -30.572855], [-70.417947, -30.579663], [-70.411348, -30.589614], [-70.411351, -30.597283], [-70.403614, -30.615154], [-70.403656, -30.62188], [-70.408184, -30.626486], [-70.40876, -30.632457], [-70.401129, -30.633722], [-70.400247, -30.638544], [-70.388719, -30.646454], [-70.384239, -30.647021], [-70.374328, -30.633015], [-70.372855, -30.621175], [-70.362509, -30.616529], [-70.36298, -30.61135], [-70.357886, -30.608814], [-70.35519, -30.60268], [-70.358825, -30.594219]]]}, "properties": {"name": "Colorada", "comuna": "Rio Hurtado", "provincia": "Limarí", "region": "Coquimbo", "sup_km2": "24.96366", "ivvp": "0", "n_bovino": "0", "ha_bov": "0"}}, {"type": "Feature", "geometry": {"type": "Polygon", "coordinates": [[[-70.286068, -30.574495], [-70.305689, -30.56904], [-70.334972, -30.584731], [-70.33752, -30.591341], [-70.322071, -30.594269], [-70.320564, -30.597681], [-70.309098, -30.604194], [-70.292365, -30.600301], [-70.28307, -30.578748], [-70.286068, -30.574495]]]}, "properties": {"name": "Rodado Negro", "comuna": "Rio Hurtado", "provincia": "Limarí", "region": "Coquimbo", "sup_km2": "12.61799", "ivvp": "0", "n_bovino": "0", "ha_bov": "0"}}, {"type": "Feature", "geometry": {"type": "Polygon", "coordinates": [[[-70.457996, -31.004701], [-70.464859, -31.003393], [-70.470382, -31.005712], [-70.461806, -31.015313], [-70.458324, -31.025114], [-70.472293, -31.040937], [-70.459298, -31.048397], [-70.45425, -31.041593], [-70.448199, -31.039311], [-70.440984, -31.024867], [-70.443984, -31.022438], [-70.443546, -31.014427], [-70.445994, -31.010917], [-70.457996, -31.004701]]]}, "properties": {"name": "Turbio", "comuna": "Monte Patria", "provincia": "Limarí", "region": "Coquimbo", "sup_km2": "8.01133", "ivvp": "0", "n_bovino": "0", "ha_bov": "0"}}, {"type": "Feature", "geometry": {"type": "Polygon", "coordinates": [[[-70.470382, -31.005712], [-70.478313, -31.00558], [-70.479294, -31.010089], [-70.476305, -31.014165], [-70.48082, -31.014952], [-70.486215, -31.022707], [-70.496507, -31.023558], [-70.501241, -31.038146], [-70.49801, -31.064905], [-70.486548, -31.061546], [-70.471616, -31.038703], [-70.458324, -31.025114], [-70.461806, -31.015313], [-70.470382, -31.005712]]]}, "properties": {"name": "Los Caletones", "comuna": "Monte Patria", "provincia": "Limarí", "region": "Coquimbo", "sup_km2": "14.28122", "ivvp": "0", "n_bovino": "0", "ha_bov": "0"}}, {"type": "Feature", "geometry": {"type": "Polygon", "coordinates": [[[-70.277404, -30.635321], [-70.278205, -30.630044], [-70.270421, -30.621413], [-70.26882, -30.598705], [-70.283121, -30.576943], [-70.285412, -30.586971], [-70.292365, -30.600301], [-70.309098, -30.604194], [-70.320564, -30.597681], [-70.322663, -30.594005], [-70.337232, -30.592115], [-70.344989, -30.598414], [-70.345719, -30.602169], [-70.355363, -30.603386], [-70.357886, -30.608814], [-70.36298, -30.61135], [-70.362509, -30.616529], [-70.372855, -30.621175], [-70.374328, -30.633015], [-70.384522, -30.645845], [-70.376498, -30.649431], [-70.374579, -30.656101], [-70.365977, -30.659182], [-70.359879, -30.65746], [-70.343163, -30.660629], [-70.337025, -30.658198], [-70.331536, -30.646823], [-70.298379, -30.641465], [-70.277404, -30.635321]]]}, "properties": {"name": "El Viento", "comuna": "Rio Hurtado", "provincia": "Limarí", "region": "Coquimbo", "sup_km2": "53.66541", "ivvp": "0", "n_bovino": "0", "ha_bov": "0"}}, {"type": "Feature", "geometry": {"type": "Polygon", "coordinates": [[[-70.365407, -30.891703], [-70.385955, -30.876531], [-70.389342, -30.866643], [-70.404754, -30.857666], [-70.408279, -30.864025], [-70.411051, -30.878655], [-70.403852, -30.883073], [-70.402528, -30.889917], [-70.395716, -30.896207], [-70.391872, -30.904512], [-70.371699, -30.901218], [-70.365407, -30.891703]]]}, "properties": {"name": "Estrechura", "comuna": "Monte Patria", "provincia": "Limarí", "region": "Coquimbo", "sup_km2": "10.80314", "ivvp": "0", "n_bovino": "0", "ha_bov": "0"}}, {"type": "Feature", "geometry": {"type": "Polygon", "coordinates": [[[-70.253027, -30.675581], [-70.27335, -30.666411], [-70.275467, -30.649451], [-70.279105, -30.640523], [-70.277404, -30.635321], [-70.298379, -30.641465], [-70.331536, -30.646823], [-70.337025, -30.658198], [-70.343163, -30.660629], [-70.331221, -30.677375], [-70.304756, -30.674987], [-70.289598, -30.691726], [-70.28501, -30.693734], [-70.257511, -30.69392], [-70.253027, -30.675581]]]}, "properties": {"name": "Calabozo", "comuna": "Rio Hurtado", "provincia": "Limarí", "region": "Coquimbo", "sup_km2": "31.32103", "ivvp": "0", "n_bovino": "0", "ha_bov": "0"}}, {"type": "Feature", "geometry": {"type": "Polygon", "coordinates": [[[-70.359661, -30.838295], [-70.368379, -30.836042], [-70.375677, -30.84445], [-70.400738, -30.844168], [-70.404959, -30.852594], [-70.404754, -30.857666], [-70.401812, -30.860418], [-70.389342, -30.866643], [-70.384216, -30.878341], [-70.365407, -30.891703], [-70.360847, -30.885035], [-70.344402, -30.880727], [-70.340166, -30.875276], [-70.337309, -30.875417], [-70.338391, -30.865952], [-70.342262, -30.861523], [-70.341156, -30.854209], [-70.349561, -30.854595], [-70.350715, -30.845362], [-70.359661, -30.838295]]]}, "properties": {"name": "Piuquenes", "comuna": "Monte Patria", "provincia": "Limarí", "region": "Coquimbo", "sup_km2": "23.34862", "ivvp": "0", "n_bovino": "0", "ha_bov": "0"}}, {"type": "Feature", "geometry": {"type": "Polygon", "coordinates": [[[-70.346322, -30.896035], [-70.345559, -30.889101], [-70.340649, -30.889071], [-70.341405, -30.882305], [-70.345138, -30.880751], [-70.360847, -30.885035], [-70.371699, -30.901218], [-70.391872, -30.904512], [-70.390747, -30.920426], [-70.38335, -30.923956], [-70.384082, -30.925495], [-70.360166, -30.914025], [-70.355779, -30.910976], [-70.346322, -30.896035]]]}, "properties": {"name": "Corralito", "comuna": "Monte Patria", "provincia": "Limarí", "region": "Coquimbo", "sup_km2": "10.73161", "ivvp": "0", "n_bovino": "0", "ha_bov": "0"}}, {"type": "Feature", "geometry": {"type": "Polygon", "coordinates": [[[-70.387133, -30.991652], [-70.394293, -30.988128], [-70.39921, -30.989329], [-70.404117, -30.987129], [-70.403245, -30.984829], [-70.409591, -30.976478], [-70.413406, -30.985751], [-70.422524, -30.993301], [-70.41922, -31.015504], [-70.416572, -31.017978], [-70.407675, -31.015049], [-70.388981, -31.013668], [-70.38602, -31.009662], [-70.390172, -31.007859], [-70.3815, -30.995059], [-70.387133, -30.991652]]]}, "properties": {"name": "Vacas", "comuna": "Monte Patria", "provincia": "Limarí", "region": "Coquimbo", "sup_km2": "10.91653", "ivvp": "0", "n_bovino": "0", "ha_bov": "0"}}, {"type": "Feature", "geometry": {"type": "Polygon", "coordinates": [[[-70.373545, -31.046478], [-70.373024, -31.035067], [-70.364286, -31.030234], [-70.360579, -31.02061], [-70.361602, -31.008988], [-70.371062, -31.013688], [-70.388981, -31.013668], [-70.393018, -31.02427], [-70.391486, -31.031572], [-70.398927, -31.035118], [-70.391022, -31.04335], [-70.396451, -31.062467], [-70.394115, -31.067243], [-70.385891, -31.062329], [-70.379585, -31.05129], [-70.373545, -31.046478]]]}, "properties": {"name": "La Ciénaga", "comuna": "Monte Patria", "provincia": "Limarí", "region": "Coquimbo", "sup_km2": "11.5123", "ivvp": "0", "n_bovino": "0", "ha_bov": "0"}}, {"type": "Feature", "geometry": {"type": "Polygon", "coordinates": [[[-70.391486, -31.031572], [-70.393018, -31.02427], [-70.388981, -31.013668], [-70.407675, -31.015049], [-70.416572, -31.017978], [-70.41558, -31.02407], [-70.400986, -31.026128], [-70.391486, -31.031572]]]}, "properties": {"name": "Malo", "comuna": "Monte Patria", "provincia": "Limarí", "region": "Coquimbo", "sup_km2": "3.06859", "ivvp": "0", "n_bovino": "0", "ha_bov": "0"}}, {"type": "Feature", "geometry": {"type": "Polygon", "coordinates": [[[-70.458309, -31.070025], [-70.462658, -31.066141], [-70.465837, -31.066587], [-70.47588, -31.070438], [-70.482712, -31.080292], [-70.497945, -31.081244], [-70.500822, -31.085085], [-70.531248, -31.076351], [-70.543778, -31.081655], [-70.546159, -31.085664], [-70.53907, -31.092929], [-70.534717, -31.117096], [-70.530816, -31.120665], [-70.515631, -31.117758], [-70.510489, -31.120842], [-70.503246, -31.120015], [-70.498092, -31.123517], [-70.48748, -31.115627], [-70.475448, -31.114281], [-70.464825, -31.102659], [-70.455956, -31.082534], [-70.458309, -31.070025]]]}, "properties": {"name": "Morado", "comuna": "Monte Patria", "provincia": "Limarí", "region": "Coquimbo", "sup_km2": "32.63761", "ivvp": "0", "n_bovino": "0", "ha_bov": "0"}}, {"type": "Feature", "geometry": {"type": "Polygon", "coordinates": [[[-70.315715, -30.951712], [-70.316106, -30.940072], [-70.322563, -30.934069], [-70.327038, -30.935481], [-70.341343, -30.953792], [-70.346266, -30.971415], [-70.342581, -30.979821], [-70.333291, -30.985182], [-70.325931, -30.994586], [-70.323111, -31.002279], [-70.329339, -31.008215], [-70.306772, -31.001539], [-70.294054, -30.976711], [-70.293453, -30.969973], [-70.298727, -30.961486], [-70.309417, -30.958501], [-70.315715, -30.951712]]]}, "properties": {"name": "La Coipa", "comuna": "Monte Patria", "provincia": "Limarí", "region": "Coquimbo", "sup_km2": "22.61346", "ivvp": "0", "n_bovino": "0", "ha_bov": "0"}}, {"type": "Feature", "geometry": {"type": "Polygon", "coordinates": [[[-70.329339, -31.008215], [-70.323111, -31.002279], [-70.325931, -30.994586], [-70.333291, -30.985182], [-70.342581, -30.979821], [-70.347741, -30.99054], [-70.346184, -30.995486], [-70.348147, -31.003283], [-70.346146, -31.006945], [-70.351748, -31.026252], [-70.337236, -31.028803], [-70.33843, -31.026318], [-70.333203, -31.01251], [-70.329339, -31.008215]]]}, "properties": {"name": "Los Llanos", "comuna": "Monte Patria", "provincia": "Limarí", "region": "Coquimbo", "sup_km2": "8.35178", "ivvp": "0", "n_bovino": "0", "ha_bov": "0"}}, {"type": "Feature", "geometry": {"type": "Polygon", "coordinates": [[[-70.297346, -30.996916], [-70.303083, -30.996803], [-70.30784, -31.002214], [-70.327275, -31.007077], [-70.333203, -31.01251], [-70.33843, -31.026318], [-70.336729, -31.030269], [-70.338552, -31.034991], [-70.324783, -31.046979], [-70.319246, -31.042959], [-70.294467, -31.046871], [-70.285787, -31.043302], [-70.278033, -31.046071], [-70.269819, -31.04341], [-70.271626, -31.028837], [-70.27717, -31.021136], [-70.284653, -31.019788], [-70.289222, -31.023775], [-70.298169, -31.020364], [-70.294182, -31.010574], [-70.297481, -31.003974], [-70.297346, -30.996916]]]}, "properties": {"name": "La Verde", "comuna": "Monte Patria", "provincia": "Limarí", "region": "Coquimbo", "sup_km2": "22.80811", "ivvp": "0", "n_bovino": "0", "ha_bov": "0"}}, {"type": "Feature", "geometry": {"type": "Polygon", "coordinates": [[[-70.352897, -30.997284], [-70.357977, -30.998633], [-70.36152, -31.006278], [-70.359802, -31.016829], [-70.36378, -31.029607], [-70.37209, -31.033259], [-70.37417, -31.048028], [-70.379585, -31.05129], [-70.385891, -31.062329], [-70.394255, -31.067344], [-70.390873, -31.070228], [-70.379679, -31.067907], [-70.371765, -31.056408], [-70.365967, -31.053226], [-70.362387, -31.055795], [-70.356868, -31.04937], [-70.35593, -31.035518], [-70.346146, -31.006945], [-70.348147, -31.003283], [-70.346463, -30.997996], [-70.352897, -30.997284]]]}, "properties": {"name": "Los Baños", "comuna": "Monte Patria", "provincia": "Limarí", "region": "Coquimbo", "sup_km2": "10.69265", "ivvp": "0", "n_bovino": "0", "ha_bov": "0"}}, {"type": "Feature", "geometry": {"type": "Polygon", "coordinates": [[[-70.550844, -30.778462], [-70.547633, -30.763898], [-70.550702, -30.758809], [-70.554306, -30.760936], [-70.565712, -30.760095], [-70.572328, -30.778943], [-70.571578, -30.784595], [-70.550844, -30.778462]]]}, "properties": {"name": "Arenal", "comuna": "Monte Patria", "provincia": "Limarí", "region": "Coquimbo", "sup_km2": "4.3867", "ivvp": "0", "n_bovino": "0", "ha_bov": "0"}}, {"type": "Feature", "geometry": {"type": "Polygon", "coordinates": [[[-70.347811, -31.048103], [-70.355636, -31.0454], [-70.362387, -31.055795], [-70.365967, -31.053226], [-70.371765, -31.056408], [-70.372698, -31.06016], [-70.380943, -31.068449], [-70.365128, -31.084238], [-70.351372, -31.087916], [-70.349697, -31.083166], [-70.342011, -31.075928], [-70.343747, -31.070937], [-70.331921, -31.063892], [-70.32453, -31.06329], [-70.328334, -31.05694], [-70.332926, -31.055669], [-70.337641, -31.049418], [-70.347811, -31.048103]]]}, "properties": {"name": "Quebrada Larga", "comuna": "Monte Patria", "provincia": "Limarí", "region": "Coquimbo", "sup_km2": "13.0827", "ivvp": "0", "n_bovino": "0", "ha_bov": "0"}}, {"type": "Feature", "geometry": {"type": "Polygon", "coordinates": [[[-70.380943, -31.068449], [-70.390873, -31.070228], [-70.394255, -31.067344], [-70.394972, -31.073449], [-70.394358, -31.075977], [-70.384042, -31.078971], [-70.376631, -31.0886], [-70.357723, -31.092859], [-70.351561, -31.088359], [-70.367931, -31.082648], [-70.380943, -31.068449]]]}, "properties": {"name": "Aguas Negras", "comuna": "Monte Patria", "provincia": "Limarí", "region": "Coquimbo", "sup_km2": "4.22762", "ivvp": "0", "n_bovino": "0", "ha_bov": "0"}}, {"type": "Feature", "geometry": {"type": "Polygon", "coordinates": [[[-70.502945, -30.953016], [-70.509232, -30.955428], [-70.512778, -30.965112], [-70.516907, -30.96413], [-70.528396, -30.972177], [-70.524616, -30.979195], [-70.526281, -30.986014], [-70.518111, -30.995966], [-70.520488, -31.00846], [-70.516302, -31.015375], [-70.497653, -31.023527], [-70.486215, -31.022707], [-70.48082, -31.014952], [-70.476305, -31.014165], [-70.478765, -31.011931], [-70.47781, -31.006019], [-70.48114, -30.999364], [-70.477193, -30.988457], [-70.488669, -30.979682], [-70.488885, -30.97589], [-70.502945, -30.953016]]]}, "properties": {"name": "Junquillar", "comuna": "Monte Patria", "provincia": "Limarí", "region": "Coquimbo", "sup_km2": "23.7792", "ivvp": "0", "n_bovino": "0", "ha_bov": "0"}}, {"type": "Feature", "geometry": {"type": "Polygon", "coordinates": [[[-70.431248, -30.961751], [-70.43564, -30.964562], [-70.442037, -30.963913], [-70.442852, -30.974202], [-70.449065, -30.992312], [-70.458454, -31.004494], [-70.447332, -31.009495], [-70.443546, -31.014427], [-70.44457, -31.01908], [-70.441387, -31.02816], [-70.448544, -31.039455], [-70.441429, -31.047177], [-70.430763, -31.040403], [-70.430412, -31.032481], [-70.41558, -31.02407], [-70.421721, -31.006581], [-70.422765, -30.995053], [-70.419719, -30.989372], [-70.413406, -30.985751], [-70.409591, -30.976478], [-70.420731, -30.972305], [-70.426539, -30.96303], [-70.431248, -30.961751]]]}, "properties": {"name": "Potrero Seco", "comuna": "Monte Patria", "provincia": "Limarí", "region": "Coquimbo", "sup_km2": "21.71521", "ivvp": "0", "n_bovino": "0", "ha_bov": "0"}}, {"type": "Feature", "geometry": {"type": "Polygon", "coordinates": [[[-70.453567, -31.08345], [-70.444776, -31.079717], [-70.439935, -31.07485], [-70.437752, -31.071852], [-70.438575, -31.066538], [-70.433159, -31.05648], [-70.434745, -31.052538], [-70.440766, -31.050477], [-70.448697, -31.039355], [-70.45425, -31.041593], [-70.458689, -31.046753], [-70.462446, -31.066291], [-70.457552, -31.07144], [-70.453567, -31.08345]]]}, "properties": {"name": "Nacimiento Palacios", "comuna": "Monte Patria", "provincia": "Limarí", "region": "Coquimbo", "sup_km2": "8.45506", "ivvp": "0", "n_bovino": "0", "ha_bov": "0"}}, {"type": "Feature", "geometry": {"type": "Polygon", "coordinates": [[[-70.430784, -31.098539], [-70.411415, -31.089207], [-70.419546, -31.083971], [-70.42365, -31.072586], [-70.427913, -31.071925], [-70.428388, -31.067937], [-70.432441, -31.065131], [-70.433159, -31.05648], [-70.438575, -31.066538], [-70.437752, -31.071852], [-70.439935, -31.07485], [-70.444776, -31.079717], [-70.453567, -31.08345], [-70.435026, -31.098854], [-70.430784, -31.098539]]]}, "properties": {"name": "La Apestosa", "comuna": "Monte Patria", "provincia": "Limarí", "region": "Coquimbo", "sup_km2": "7.8119", "ivvp": "0", "n_bovino": "0", "ha_bov": "0"}}, {"type": "Feature", "geometry": {"type": "Polygon", "coordinates": [[[-70.412335, -31.097799], [-70.411483, -31.090325], [-70.435026, -31.098854], [-70.428658, -31.118505], [-70.424353, -31.126222], [-70.415208, -31.134923], [-70.41132, -31.148753], [-70.414283, -31.156355], [-70.406945, -31.165885], [-70.398854, -31.145427], [-70.401887, -31.140626], [-70.401872, -31.132047], [-70.397981, -31.129396], [-70.400088, -31.122571], [-70.404732, -31.12013], [-70.4079, -31.109039], [-70.41405, -31.106518], [-70.412335, -31.097799]]]}, "properties": {"name": "Casa Palacios", "comuna": "Monte Patria", "provincia": "Limarí", "region": "Coquimbo", "sup_km2": "12.6026", "ivvp": "0", "n_bovino": "0", "ha_bov": "0"}}, {"type": "Feature", "geometry": {"type": "Polygon", "coordinates": [[[-70.361068, -31.133845], [-70.378147, -31.142412], [-70.388665, -31.144626], [-70.395796, -31.137215], [-70.396914, -31.130454], [-70.40119, -31.130909], [-70.401887, -31.140626], [-70.398854, -31.145427], [-70.406945, -31.165885], [-70.400347, -31.167276], [-70.389233, -31.154472], [-70.375335, -31.151689], [-70.361068, -31.133845]]]}, "properties": {"name": "Estero Seco", "comuna": "Monte Patria", "provincia": "Limarí", "region": "Coquimbo", "sup_km2": "5.64157", "ivvp": "0", "n_bovino": "0", "ha_bov": "0"}}, {"type": "Feature", "geometry": {"type": "Polygon", "coordinates": [[[-70.395673, -31.067447], [-70.419191, -31.063956], [-70.428721, -31.0676], [-70.427913, -31.071925], [-70.42365, -31.072586], [-70.42077, -31.082501], [-70.411454, -31.089852], [-70.392067, -31.093761], [-70.39129, -31.087283], [-70.40095, -31.07845], [-70.407152, -31.076917], [-70.401233, -31.068929], [-70.395673, -31.067447]]]}, "properties": {"name": "El Durazno", "comuna": "Monte Patria", "provincia": "Limarí", "region": "Coquimbo", "sup_km2": "6.36276", "ivvp": "0", "n_bovino": "0", "ha_bov": "0"}}, {"type": "Feature", "geometry": {"type": "Polygon", "coordinates": [[[-70.388999, -31.083514], [-70.39534, -31.084289], [-70.390875, -31.08782], [-70.392067, -31.093761], [-70.411454, -31.089852], [-70.41405, -31.106518], [-70.4079, -31.109039], [-70.404732, -31.12013], [-70.400088, -31.122571], [-70.397981, -31.129396], [-70.394418, -31.121473], [-70.374573, -31.121163], [-70.37049, -31.118148], [-70.36711, -31.106185], [-70.359484, -31.098136], [-70.357723, -31.092859], [-70.372218, -31.090717], [-70.379295, -31.084633], [-70.388999, -31.083514]]]}, "properties": {"name": "Plan de las Cuevas", "comuna": "Monte Patria", "provincia": "Limarí", "region": "Coquimbo", "sup_km2": "15.53216", "ivvp": "0", "n_bovino": "0", "ha_bov": "0"}}, {"type": "Feature", "geometry": {"type": "Polygon", "coordinates": [[[-70.363363, -31.12237], [-70.364517, -31.117632], [-70.368912, -31.114916], [-70.374573, -31.121163], [-70.394418, -31.121473], [-70.397981, -31.129396], [-70.397176, -31.134466], [-70.388665, -31.144626], [-70.378147, -31.142412], [-70.361068, -31.133845], [-70.365673, -31.130715], [-70.363363, -31.12237]]]}, "properties": {"name": "Vega Escondida", "comuna": "Monte Patria", "provincia": "Limarí", "region": "Coquimbo", "sup_km2": "6.97561", "ivvp": "0", "n_bovino": "0", "ha_bov": "0"}}, {"type": "Feature", "geometry": {"type": "Polygon", "coordinates": [[[-70.314783, -30.910775], [-70.313554, -30.904712], [-70.307243, -30.896717], [-70.307869, -30.88743], [-70.30431, -30.882386], [-70.305221, -30.876559], [-70.302802, -30.870289], [-70.30524, -30.873608], [-70.311553, -30.872209], [-70.326144, -30.87774], [-70.340166, -30.875276], [-70.344402, -30.880727], [-70.340018, -30.884354], [-70.340649, -30.889071], [-70.345559, -30.889101], [-70.346322, -30.896035], [-70.345144, -30.894347], [-70.323043, -30.90952], [-70.314783, -30.910775]]]}, "properties": {"name": "Corralitos", "comuna": "Monte Patria", "provincia": "Limarí", "region": "Coquimbo", "sup_km2": "11.35409", "ivvp": "0", "n_bovino": "0", "ha_bov": "0"}}, {"type": "Feature", "geometry": {"type": "Polygon", "coordinates": [[[-70.459501, -30.556563], [-70.472052, -30.560138], [-70.476466, -30.568451], [-70.470288, -30.573709], [-70.46964, -30.577461], [-70.474857, -30.583149], [-70.478215, -30.59225], [-70.48638, -30.599817], [-70.492665, -30.6158], [-70.472047, -30.625423], [-70.457336, -30.636541], [-70.446914, -30.632052], [-70.438957, -30.624228], [-70.427534, -30.625454], [-70.425196, -30.612443], [-70.432897, -30.603624], [-70.431081, -30.59953], [-70.435379, -30.593212], [-70.434066, -30.583605], [-70.440183, -30.576703], [-70.440053, -30.572843], [-70.442215, -30.570604], [-70.44996, -30.569945], [-70.456008, -30.563422], [-70.456363, -30.557783], [-70.459501, -30.556563]]]}, "properties": {"name": "El Cuyano", "comuna": "Monte Patria", "provincia": "Limarí", "region": "Coquimbo", "sup_km2": "32.94573", "ivvp": "0", "n_bovino": "0", "ha_bov": "0"}}, {"type": "Feature", "geometry": {"type": "Polygon", "coordinates": [[[-70.476466, -30.568451], [-70.495994, -30.561512], [-70.505494, -30.560897], [-70.508897, -30.563388], [-70.517592, -30.558036], [-70.525986, -30.561547], [-70.534661, -30.568911], [-70.536713, -30.573826], [-70.531509, -30.577699], [-70.528533, -30.584402], [-70.52054, -30.586877], [-70.508846, -30.596117], [-70.506131, -30.600131], [-70.505604, -30.608542], [-70.492665, -30.6158], [-70.48638, -30.599817], [-70.478215, -30.59225], [-70.474857, -30.583149], [-70.46964, -30.577461], [-70.470288, -30.573709], [-70.476466, -30.568451]]]}, "properties": {"name": "El Gaucho", "comuna": "Monte Patria", "provincia": "Limarí", "region": "Coquimbo", "sup_km2": "21.79729", "ivvp": "0", "n_bovino": "0", "ha_bov": "0"}}, {"type": "Feature", "geometry": {"type": "Polygon", "coordinates": [[[-70.535333, -30.759019], [-70.545284, -30.757196], [-70.550702, -30.758809], [-70.547633, -30.763898], [-70.550844, -30.778462], [-70.538456, -30.77556], [-70.533462, -30.7632], [-70.535333, -30.759019]]]}, "properties": {"name": "Casa Piedra", "comuna": "Monte Patria", "provincia": "Limarí", "region": "Coquimbo", "sup_km2": "2.69907", "ivvp": "0", "n_bovino": "0", "ha_bov": "0"}}, {"type": "Feature", "geometry": {"type": "Polygon", "coordinates": [[[-70.492665, -30.6158], [-70.505604, -30.608542], [-70.506131, -30.600131], [-70.509711, -30.595349], [-70.52054, -30.586877], [-70.528247, -30.584446], [-70.5362, -30.587632], [-70.551453, -30.598972], [-70.560196, -30.610262], [-70.555266, -30.622347], [-70.558623, -30.630856], [-70.566563, -30.632975], [-70.557735, -30.643971], [-70.558595, -30.661053], [-70.551868, -30.666258], [-70.549691, -30.672107], [-70.545708, -30.674879], [-70.529159, -30.671187], [-70.522865, -30.673868], [-70.509131, -30.670203], [-70.487649, -30.659674], [-70.480901, -30.652362], [-70.474034, -30.650437], [-70.471438, -30.64499], [-70.463379, -30.643953], [-70.462915, -30.639871], [-70.459244, -30.636434], [-70.46111, -30.633458], [-70.472047, -30.625423], [-70.492665, -30.6158]]]}, "properties": {"name": "Casa Piedra", "comuna": "Monte Patria", "provincia": "Limarí", "region": "Coquimbo", "sup_km2": "61.16168", "ivvp": "0", "n_bovino": "0", "ha_bov": "0"}}, {"type": "Feature", "geometry": {"type": "Polygon", "coordinates": [[[-70.37999, -30.759194], [-70.387382, -30.740796], [-70.393993, -30.732655], [-70.395062, -30.720373], [-70.40109, -30.706536], [-70.427846, -30.696668], [-70.432128, -30.699954], [-70.436345, -30.707229], [-70.422264, -30.71513], [-70.417859, -30.737562], [-70.420502, -30.744917], [-70.410694, -30.745137], [-70.405912, -30.756841], [-70.389249, -30.755956], [-70.37999, -30.759194]]]}, "properties": {"name": "Bocatoma", "comuna": "Monte Patria", "provincia": "Limarí", "region": "Coquimbo", "sup_km2": "16.21691", "ivvp": "0", "n_bovino": "0", "ha_bov": "0"}}, {"type": "Feature", "geometry": {"type": "Polygon", "coordinates": [[[-70.447804, -30.756475], [-70.452131, -30.75543], [-70.451523, -30.764698], [-70.427583, -30.775745], [-70.416347, -30.778214], [-70.405264, -30.767458], [-70.402554, -30.75792], [-70.414435, -30.758197], [-70.419252, -30.761221], [-70.447804, -30.756475]]]}, "properties": {"name": "Romacita", "comuna": "Monte Patria", "provincia": "Limarí", "region": "Coquimbo", "sup_km2": "6.88089", "ivvp": "0", "n_bovino": "0", "ha_bov": "0"}}, {"type": "Feature", "geometry": {"type": "Polygon", "coordinates": [[[-70.427534, -30.625454], [-70.435734, -30.62383], [-70.441485, -30.625246], [-70.446914, -30.632052], [-70.461886, -30.638317], [-70.464397, -30.644807], [-70.471438, -30.64499], [-70.474034, -30.650437], [-70.480901, -30.652362], [-70.487649, -30.659674], [-70.509131, -30.670203], [-70.521153, -30.673717], [-70.529159, -30.671187], [-70.540253, -30.67314], [-70.556483, -30.680069], [-70.569146, -30.679596], [-70.574877, -30.685301], [-70.580839, -30.687272], [-70.581788, -30.693156], [-70.58703, -30.697279], [-70.561063, -30.70219], [-70.538124, -30.699771], [-70.522552, -30.6946], [-70.509365, -30.698448], [-70.503624, -30.69334], [-70.498384, -30.693036], [-70.4833, -30.68462], [-70.469381, -30.689614], [-70.43902, -30.687982], [-70.426066, -30.693295], [-70.428812, -30.68394], [-70.420903, -30.676363], [-70.415246, -30.676609], [-70.400841, -30.662826], [-70.388161, -30.664807], [-70.385987, -30.662155], [-70.379683, -30.661943], [-70.374599, -30.65605], [-70.376498, -30.649431], [-70.389738, -30.646001], [-70.400247, -30.638544], [-70.401129, -30.633722], [-70.41396, -30.63504], [-70.427534, -30.625454]]]}, "properties": {"name": "La Flamenca", "comuna": "Monte Patria", "provincia": "Limarí", "region": "Coquimbo", "sup_km2": "72.52125", "ivvp": "0", "n_bovino": "0", "ha_bov": "0"}}, {"type": "Feature", "geometry": {"type": "Polygon", "coordinates": [[[-70.582406, -31.127173], [-70.601422, -31.122414], [-70.61653, -31.125004], [-70.611656, -31.133134], [-70.60603, -31.135428], [-70.604714, -31.13968], [-70.608854, -31.1416], [-70.610203, -31.146089], [-70.604256, -31.150976], [-70.585486, -31.146959], [-70.581894, -31.14427], [-70.579046, -31.134264], [-70.582406, -31.127173]]]}, "properties": {"name": "El Polvo", "comuna": "Monte Patria", "provincia": "Limarí", "region": "Coquimbo", "sup_km2": "7.39183", "ivvp": "0", "n_bovino": "0", "ha_bov": "0"}}, {"type": "Feature", "geometry": {"type": "Polygon", "coordinates": [[[-70.343163, -30.660629], [-70.359879, -30.65746], [-70.365977, -30.659182], [-70.374599, -30.65605], [-70.379683, -30.661943], [-70.385987, -30.662155], [-70.388161, -30.664807], [-70.400841, -30.662826], [-70.415246, -30.676609], [-70.409956, -30.680082], [-70.405234, -30.678563], [-70.38941, -30.684923], [-70.381963, -30.690393], [-70.376256, -30.698907], [-70.377399, -30.711729], [-70.370341, -30.725053], [-70.371555, -30.736526], [-70.367468, -30.742194], [-70.368886, -30.754328], [-70.351124, -30.759571], [-70.343295, -30.754834], [-70.342583, -30.743852], [-70.345709, -30.738005], [-70.35247, -30.736207], [-70.352069, -30.726584], [-70.345018, -30.711329], [-70.337866, -30.704113], [-70.337085, -30.686207], [-70.332348, -30.683486], [-70.331212, -30.677385], [-70.343163, -30.660629]]]}, "properties": {"name": "Quebrada Larga", "comuna": "Monte Patria", "provincia": "Limarí", "region": "Coquimbo", "sup_km2": "41.16626", "ivvp": "0", "n_bovino": "0", "ha_bov": "0"}}, {"type": "Feature", "geometry": {"type": "Polygon", "coordinates": [[[-70.270558, -30.746457], [-70.274657, -30.739828], [-70.283623, -30.738909], [-70.294645, -30.731875], [-70.301495, -30.73616], [-70.324778, -30.739326], [-70.348196, -30.736459], [-70.342583, -30.743852], [-70.343295, -30.754834], [-70.324707, -30.75904], [-70.31799, -30.755721], [-70.302477, -30.756924], [-70.298239, -30.754521], [-70.28442, -30.761507], [-70.274068, -30.763467], [-70.270558, -30.746457]]]}, "properties": {"name": "Soldado", "comuna": "Monte Patria", "provincia": "Limarí", "region": "Coquimbo", "sup_km2": "15.37993", "ivvp": "0", "n_bovino": "0", "ha_bov": "0"}}, {"type": "Feature", "geometry": {"type": "Polygon", "coordinates": [[[-70.319078, -30.91044], [-70.345144, -30.894347], [-70.355779, -30.910976], [-70.36052, -30.914122], [-70.351042, -30.931163], [-70.340962, -30.936005], [-70.335851, -30.947619], [-70.324434, -30.934366], [-70.316106, -30.940072], [-70.323628, -30.930333], [-70.322248, -30.924657], [-70.316448, -30.920249], [-70.317437, -30.915222], [-70.314783, -30.910775], [-70.319078, -30.91044]]]}, "properties": {"name": "La Vega", "comuna": "Monte Patria", "provincia": "Limarí", "region": "Coquimbo", "sup_km2": "13.17388", "ivvp": "0", "n_bovino": "0", "ha_bov": "0"}}, {"type": "Feature", "geometry": {"type": "Polygon", "coordinates": [[[-70.301792, -30.677868], [-70.304756, -30.674987], [-70.331221, -30.677375], [-70.332348, -30.683486], [-70.337085, -30.686207], [-70.338418, -30.705397], [-70.350266, -30.719864], [-70.35247, -30.736207], [-70.324778, -30.739326], [-70.301495, -30.73616], [-70.294645, -30.731875], [-70.283623, -30.738909], [-70.274657, -30.739828], [-70.270558, -30.746457], [-70.262068, -30.736785], [-70.246031, -30.727923], [-70.256465, -30.713793], [-70.259469, -30.700273], [-70.257511, -30.69392], [-70.287714, -30.693265], [-70.301792, -30.677868]]]}, "properties": {"name": "Incahuasi", "comuna": "Monte Patria", "provincia": "Limarí", "region": "Coquimbo", "sup_km2": "49.63603", "ivvp": "0", "n_bovino": "0", "ha_bov": "0"}}, {"type": "Feature", "geometry": {"type": "Polygon", "coordinates": [[[-70.415246, -30.676609], [-70.420903, -30.676363], [-70.427387, -30.681461], [-70.428861, -30.687264], [-70.426066, -30.693295], [-70.427846, -30.696668], [-70.40109, -30.706536], [-70.395062, -30.720373], [-70.393993, -30.732655], [-70.387382, -30.740796], [-70.380661, -30.758732], [-70.368886, -30.754328], [-70.367468, -30.742194], [-70.371555, -30.736526], [-70.370341, -30.725053], [-70.377399, -30.711729], [-70.375628, -30.707408], [-70.376875, -30.697426], [-70.38941, -30.684923], [-70.405234, -30.678563], [-70.409956, -30.680082], [-70.415246, -30.676609]]]}, "properties": {"name": "La Tordilla", "comuna": "Monte Patria", "provincia": "Limarí", "region": "Coquimbo", "sup_km2": "22.64863", "ivvp": "0", "n_bovino": "0", "ha_bov": "0"}}, {"type": "Feature", "geometry": {"type": "Polygon", "coordinates": [[[-70.426066, -30.693295], [-70.43902, -30.687982], [-70.469381, -30.689614], [-70.484798, -30.684788], [-70.498384, -30.693036], [-70.503624, -30.69334], [-70.509365, -30.698448], [-70.522552, -30.6946], [-70.538124, -30.699771], [-70.56038, -30.701905], [-70.567487, -30.712686], [-70.573471, -30.714441], [-70.579597, -30.721791], [-70.568468, -30.735563], [-70.549273, -30.737652], [-70.527691, -30.731331], [-70.507467, -30.741424], [-70.491806, -30.735628], [-70.485589, -30.7392], [-70.464879, -30.742566], [-70.457942, -30.74152], [-70.440295, -30.747415], [-70.420502, -30.744917], [-70.417859, -30.737562], [-70.422264, -30.71513], [-70.436345, -30.707229], [-70.426066, -30.693295]]]}, "properties": {"name": "Los Molles", "comuna": "Monte Patria", "provincia": "Limarí", "region": "Coquimbo", "sup_km2": "70.89706", "ivvp": "0", "n_bovino": "0", "ha_bov": "0"}}, {"type": "Feature", "geometry": {"type": "Polygon", "coordinates": [[[-70.452131, -30.75543], [-70.492255, -30.748524], [-70.501166, -30.752526], [-70.528751, -30.755087], [-70.535333, -30.759019], [-70.533462, -30.7632], [-70.538456, -30.77556], [-70.522936, -30.773451], [-70.508743, -30.765001], [-70.494733, -30.764045], [-70.488856, -30.760955], [-70.481511, -30.763118], [-70.474281, -30.760923], [-70.458018, -30.765636], [-70.451523, -30.764698], [-70.452131, -30.75543]]]}, "properties": {"name": "Empedrado", "comuna": "Monte Patria", "provincia": "Limarí", "region": "Coquimbo", "sup_km2": "11.80087", "ivvp": "0", "n_bovino": "0", "ha_bov": "0"}}, {"type": "Feature", "geometry": {"type": "Polygon", "coordinates": [[[-70.328802, -30.79848], [-70.340374, -30.792171], [-70.343126, -30.78506], [-70.347642, -30.780985], [-70.348056, -30.774976], [-70.353155, -30.78298], [-70.364613, -30.789798], [-70.355807, -30.795787], [-70.353348, -30.803116], [-70.34812, -30.805791], [-70.338994, -30.806765], [-70.328802, -30.79848]]]}, "properties": {"name": "Los Hoyos", "comuna": "Monte Patria", "provincia": "Limarí", "region": "Coquimbo", "sup_km2": "5.01317", "ivvp": "0", "n_bovino": "0", "ha_bov": "0"}}, {"type": "Feature", "geometry": {"type": "Polygon", "coordinates": [[[-70.295271, -30.756369], [-70.298239, -30.754521], [-70.302477, -30.756924], [-70.314866, -30.75582], [-70.313394, -30.769856], [-70.323073, -30.77338], [-70.31189, -30.781667], [-70.316454, -30.791018], [-70.322673, -30.794532], [-70.312146, -30.798153], [-70.302544, -30.806825], [-70.299109, -30.801185], [-70.291402, -30.799173], [-70.288796, -30.787704], [-70.285066, -30.783293], [-70.278623, -30.784346], [-70.273146, -30.780412], [-70.273987, -30.763162], [-70.28442, -30.761507], [-70.295271, -30.756369]]]}, "properties": {"name": "Doña Teo", "comuna": "Monte Patria", "provincia": "Limarí", "region": "Coquimbo", "sup_km2": "16.19713", "ivvp": "0", "n_bovino": "0", "ha_bov": "0"}}, {"type": "Feature", "geometry": {"type": "Polygon", "coordinates": [[[-70.365128, -30.754674], [-70.375328, -30.755265], [-70.380112, -30.759297], [-70.377365, -30.768642], [-70.384043, -30.770073], [-70.38758, -30.779278], [-70.396327, -30.791215], [-70.394995, -30.795808], [-70.378242, -30.804834], [-70.365731, -30.790504], [-70.352031, -30.781873], [-70.343933, -30.770716], [-70.351062, -30.759508], [-70.365128, -30.754674]]]}, "properties": {"name": "Panguecillo", "comuna": "Monte Patria", "provincia": "Limarí", "region": "Coquimbo", "sup_km2": "15.202", "ivvp": "0", "n_bovino": "0", "ha_bov": "0"}}, {"type": "Feature", "geometry": {"type": "Polygon", "coordinates": [[[-70.342166, -30.755193], [-70.351062, -30.759508], [-70.343933, -30.770716], [-70.345277, -30.774369], [-70.348056, -30.774976], [-70.347642, -30.780985], [-70.339036, -30.793552], [-70.328802, -30.79848], [-70.316454, -30.791018], [-70.31189, -30.781667], [-70.323073, -30.77338], [-70.313394, -30.769856], [-70.314866, -30.75582], [-70.324707, -30.75904], [-70.342166, -30.755193]]]}, "properties": {"name": "Chacay", "comuna": "Monte Patria", "provincia": "Limarí", "region": "Coquimbo", "sup_km2": "12.31843", "ivvp": "0", "n_bovino": "0", "ha_bov": "0"}}, {"type": "Feature", "geometry": {"type": "Polygon", "coordinates": [[[-70.451523, -30.764698], [-70.458018, -30.765636], [-70.474281, -30.760923], [-70.481511, -30.763118], [-70.486937, -30.761071], [-70.481788, -30.789734], [-70.494566, -30.796643], [-70.486904, -30.800205], [-70.477614, -30.800414], [-70.463992, -30.796004], [-70.453351, -30.787305], [-70.449945, -30.781442], [-70.444717, -30.766339], [-70.451523, -30.764698]]]}, "properties": {"name": "Moroso", "comuna": "Monte Patria", "provincia": "Limarí", "region": "Coquimbo", "sup_km2": "12.69789", "ivvp": "0", "n_bovino": "0", "ha_bov": "0"}}, {"type": "Feature", "geometry": {"type": "Polygon", "coordinates": [[[-70.486937, -30.761071], [-70.494733, -30.764045], [-70.508743, -30.765001], [-70.522936, -30.773451], [-70.538456, -30.77556], [-70.52201, -30.804619], [-70.519232, -30.80619], [-70.512336, -30.804827], [-70.482123, -30.79043], [-70.486937, -30.761071]]]}, "properties": {"name": "Guanos Bajos", "comuna": "Monte Patria", "provincia": "Limarí", "region": "Coquimbo", "sup_km2": "16.23589", "ivvp": "0", "n_bovino": "0", "ha_bov": "0"}}, {"type": "Feature", "geometry": {"type": "Polygon", "coordinates": [[[-70.425578, -30.776281], [-70.444717, -30.766339], [-70.449945, -30.781442], [-70.455357, -30.788906], [-70.450749, -30.794502], [-70.448336, -30.804439], [-70.431803, -30.792998], [-70.425578, -30.776281]]]}, "properties": {"name": "Guanos Altos", "comuna": "Monte Patria", "provincia": "Limarí", "region": "Coquimbo", "sup_km2": "6.5324", "ivvp": "0", "n_bovino": "0", "ha_bov": "0"}}, {"type": "Feature", "geometry": {"type": "Polygon", "coordinates": [[[-70.416347, -30.778214], [-70.425578, -30.776281], [-70.431803, -30.792998], [-70.447636, -30.80405], [-70.440985, -30.805757], [-70.42952, -30.801942], [-70.418779, -30.807983], [-70.414964, -30.798655], [-70.407633, -30.796236], [-70.400922, -30.788748], [-70.416116, -30.782213], [-70.416347, -30.778214]]]}, "properties": {"name": "El Toro", "comuna": "Monte Patria", "provincia": "Limarí", "region": "Coquimbo", "sup_km2": "6.57556", "ivvp": "0", "n_bovino": "0", "ha_bov": "0"}}, {"type": "Feature", "geometry": {"type": "Polygon", "coordinates": [[[-70.52201, -30.804619], [-70.538456, -30.77556], [-70.571578, -30.784595], [-70.564134, -30.79252], [-70.557709, -30.795462], [-70.554432, -30.802074], [-70.548784, -30.804022], [-70.535578, -30.802989], [-70.526244, -30.806315], [-70.52201, -30.804619]]]}, "properties": {"name": "Estero la Tordilla", "comuna": "Monte Patria", "provincia": "Limarí", "region": "Coquimbo", "sup_km2": "8.99537", "ivvp": "0", "n_bovino": "0", "ha_bov": "0"}}, {"type": "Feature", "geometry": {"type": "Polygon", "coordinates": [[[-70.396327, -30.791215], [-70.400922, -30.788748], [-70.407633, -30.796236], [-70.414964, -30.798655], [-70.418267, -30.805958], [-70.415589, -30.816913], [-70.418445, -30.822196], [-70.413818, -30.829419], [-70.419158, -30.838401], [-70.417644, -30.839121], [-70.404075, -30.840992], [-70.396043, -30.8329], [-70.394851, -30.821356], [-70.37764, -30.815608], [-70.370518, -30.807979], [-70.394995, -30.795808], [-70.396327, -30.791215]]]}, "properties": {"name": "La Tordilla", "comuna": "Monte Patria", "provincia": "Limarí", "region": "Coquimbo", "sup_km2": "13.64906", "ivvp": "0", "n_bovino": "0", "ha_bov": "0"}}, {"type": "Feature", "geometry": {"type": "Polygon", "coordinates": [[[-70.302544, -30.806825], [-70.312146, -30.798153], [-70.323456, -30.7947], [-70.350298, -30.812756], [-70.354017, -30.821604], [-70.335843, -30.833242], [-70.325018, -30.836127], [-70.321448, -30.828463], [-70.309588, -30.819769], [-70.308771, -30.812749], [-70.302544, -30.806825]]]}, "properties": {"name": "Llareta Chica", "comuna": "Monte Patria", "provincia": "Limarí", "region": "Coquimbo", "sup_km2": "12.57319", "ivvp": "0", "n_bovino": "0", "ha_bov": "0"}}, {"type": "Feature", "geometry": {"type": "Polygon", "coordinates": [[[-70.290287, -30.800064], [-70.299761, -30.80186], [-70.302273, -30.807938], [-70.308771, -30.812749], [-70.309588, -30.819769], [-70.321448, -30.828463], [-70.325018, -30.836127], [-70.30051, -30.842795], [-70.28837, -30.842244], [-70.284685, -30.839997], [-70.27912, -30.824538], [-70.281715, -30.817557], [-70.277719, -30.811186], [-70.283673, -30.802935], [-70.290287, -30.800064]]]}, "properties": {"name": "Vega Larga", "comuna": "Monte Patria", "provincia": "Limarí", "region": "Coquimbo", "sup_km2": "13.84122", "ivvp": "0", "n_bovino": "0", "ha_bov": "0"}}, {"type": "Feature", "geometry": {"type": "Polygon", "coordinates": [[[-70.418779, -30.807983], [-70.42952, -30.801942], [-70.440985, -30.805757], [-70.447636, -30.80405], [-70.466069, -30.82426], [-70.45501, -30.826202], [-70.440399, -30.823361], [-70.437096, -30.829826], [-70.43015, -30.830877], [-70.426202, -30.836524], [-70.419158, -30.838401], [-70.413796, -30.831021], [-70.415403, -30.824516], [-70.418445, -30.822196], [-70.415589, -30.816913], [-70.418779, -30.807983]]]}, "properties": {"name": "Llareta Grande", "comuna": "Monte Patria", "provincia": "Limarí", "region": "Coquimbo", "sup_km2": "11.03989", "ivvp": "0", "n_bovino": "0", "ha_bov": "0"}}, {"type": "Feature", "geometry": {"type": "Polygon", "coordinates": [[[-70.37005, -30.808399], [-70.374915, -30.810589], [-70.37764, -30.815608], [-70.394851, -30.821356], [-70.396043, -30.8329], [-70.404075, -30.840992], [-70.400742, -30.844168], [-70.375677, -30.84445], [-70.368379, -30.836042], [-70.355661, -30.839473], [-70.346552, -30.826013], [-70.360577, -30.818035], [-70.362341, -30.809689], [-70.37005, -30.808399]]]}, "properties": {"name": "Barranquitas", "comuna": "Monte Patria", "provincia": "Limarí", "region": "Coquimbo", "sup_km2": "12.7497", "ivvp": "0", "n_bovino": "0", "ha_bov": "0"}}, {"type": "Feature", "geometry": {"type": "Polygon", "coordinates": [[[-70.340348, -30.853112], [-70.327741, -30.844549], [-70.325018, -30.836127], [-70.335843, -30.833242], [-70.346552, -30.826013], [-70.356121, -30.839748], [-70.350715, -30.845362], [-70.349561, -30.854595], [-70.340348, -30.853112]]]}, "properties": {"name": "Chambas Negras", "comuna": "Monte Patria", "provincia": "Limarí", "region": "Coquimbo", "sup_km2": "5.28191", "ivvp": "0", "n_bovino": "0", "ha_bov": "0"}}, {"type": "Feature", "geometry": {"type": "Polygon", "coordinates": [[[-70.30093, -30.862142], [-70.29634, -30.856755], [-70.296468, -30.847408], [-70.294066, -30.843198], [-70.313568, -30.840426], [-70.325018, -30.836127], [-70.327741, -30.844549], [-70.34126, -30.85418], [-70.342262, -30.861523], [-70.338222, -30.869313], [-70.329828, -30.870543], [-70.323195, -30.863894], [-70.318042, -30.862873], [-70.301766, -30.867785], [-70.30093, -30.862142]]]}, "properties": {"name": "Barranco Negro", "comuna": "Monte Patria", "provincia": "Limarí", "region": "Coquimbo", "sup_km2": "10.7815", "ivvp": "0", "n_bovino": "0", "ha_bov": "0"}}, {"type": "Feature", "geometry": {"type": "Polygon", "coordinates": [[[-70.605756, -31.037113], [-70.615172, -31.035024], [-70.627606, -31.022856], [-70.636029, -31.020643], [-70.642341, -31.021709], [-70.654267, -31.018016], [-70.645402, -31.026992], [-70.640126, -31.04563], [-70.642012, -31.06027], [-70.649808, -31.068844], [-70.649941, -31.077814], [-70.63611, -31.087905], [-70.624599, -31.076323], [-70.620293, -31.057901], [-70.613499, -31.052912], [-70.605756, -31.037113]]]}, "properties": {"name": "La Cometa", "comuna": "Monte Patria", "provincia": "Limarí", "region": "Coquimbo", "sup_km2": "17.2338", "ivvp": "0", "n_bovino": "0", "ha_bov": "0"}}, {"type": "Feature", "geometry": {"type": "Polygon", "coordinates": [[[-70.563417, -31.095745], [-70.5735, -31.086686], [-70.574826, -31.076931], [-70.584715, -31.052249], [-70.593797, -31.041289], [-70.605756, -31.037113], [-70.607913, -31.043297], [-70.599842, -31.05448], [-70.600997, -31.060276], [-70.597062, -31.070438], [-70.603176, -31.093434], [-70.595531, -31.097701], [-70.595795, -31.104802], [-70.591141, -31.104278], [-70.588058, -31.100563], [-70.584097, -31.105596], [-70.58439, -31.114023], [-70.566057, -31.117161], [-70.557773, -31.126116], [-70.534463, -31.122814], [-70.53139, -31.120363], [-70.552186, -31.111036], [-70.563417, -31.095745]]]}, "properties": {"name": "El Durazno", "comuna": "Monte Patria", "provincia": "Limarí", "region": "Coquimbo", "sup_km2": "22.49631", "ivvp": "0", "n_bovino": "0", "ha_bov": "0"}}, {"type": "Feature", "geometry": {"type": "Polygon", "coordinates": [[[-70.60102, -31.088882], [-70.601233, -31.084608], [-70.597996, -31.079668], [-70.597487, -31.066955], [-70.600997, -31.060276], [-70.599842, -31.05448], [-70.607913, -31.043297], [-70.613499, -31.052912], [-70.620293, -31.057901], [-70.624599, -31.076323], [-70.63611, -31.087905], [-70.633524, -31.088677], [-70.630108, -31.095225], [-70.60102, -31.088882]]]}, "properties": {"name": "La Fragüita", "comuna": "Monte Patria", "provincia": "Limarí", "region": "Coquimbo", "sup_km2": "11.36245", "ivvp": "0", "n_bovino": "0", "ha_bov": "0"}}, {"type": "Feature", "geometry": {"type": "Polygon", "coordinates": [[[-70.598535, -31.096793], [-70.603176, -31.093434], [-70.60102, -31.088882], [-70.630108, -31.095225], [-70.629199, -31.101439], [-70.624568, -31.108141], [-70.598535, -31.096793]]]}, "properties": {"name": "El Maitén", "comuna": "Monte Patria", "provincia": "Limarí", "region": "Coquimbo", "sup_km2": "3.40603", "ivvp": "0", "n_bovino": "0", "ha_bov": "0"}}, {"type": "Feature", "geometry": {"type": "Polygon", "coordinates": [[[-70.584114, -31.114193], [-70.585459, -31.102764], [-70.588571, -31.100556], [-70.591141, -31.104278], [-70.595225, -31.105337], [-70.597101, -31.096906], [-70.624568, -31.108141], [-70.624135, -31.11908], [-70.619465, -31.125012], [-70.601422, -31.122414], [-70.582406, -31.127173], [-70.584114, -31.114193]]]}, "properties": {"name": "Las Breitas", "comuna": "Monte Patria", "provincia": "Limarí", "region": "Coquimbo", "sup_km2": "9.26998", "ivvp": "0", "n_bovino": "0", "ha_bov": "0"}}, {"type": "Feature", "geometry": {"type": "Polygon", "coordinates": [[[-70.552215, -31.124757], [-70.557773, -31.126116], [-70.566057, -31.117161], [-70.584114, -31.114193], [-70.580469, -31.132425], [-70.557605, -31.133502], [-70.552352, -31.12859], [-70.552215, -31.124757]]]}, "properties": {"name": "Vega Grande", "comuna": "Monte Patria", "provincia": "Limarí", "region": "Coquimbo", "sup_km2": "4.16168", "ivvp": "0", "n_bovino": "0", "ha_bov": "0"}}, {"type": "Feature", "geometry": {"type": "Polygon", "coordinates": [[[-70.514076, -31.118052], [-70.531807, -31.120297], [-70.534463, -31.122814], [-70.535215, -31.133933], [-70.542777, -31.148827], [-70.537188, -31.155457], [-70.527467, -31.158085], [-70.514324, -31.155037], [-70.510952, -31.156205], [-70.5074, -31.144854], [-70.501045, -31.14251], [-70.495954, -31.136363], [-70.494829, -31.131305], [-70.497936, -31.123339], [-70.503246, -31.120015], [-70.510489, -31.120842], [-70.514076, -31.118052]]]}, "properties": {"name": "Placeta El Gringo", "comuna": "Monte Patria", "provincia": "Limarí", "region": "Coquimbo", "sup_km2": "13.94931", "ivvp": "0", "n_bovino": "0", "ha_bov": "0"}}, {"type": "Feature", "geometry": {"type": "Polygon", "coordinates": [[[-70.535791, -31.134706], [-70.535199, -31.130013], [-70.546141, -31.135859], [-70.553725, -31.143472], [-70.56421, -31.145907], [-70.574367, -31.144547], [-70.566256, -31.151611], [-70.563501, -31.172488], [-70.564714, -31.178188], [-70.561378, -31.183452], [-70.54976, -31.181531], [-70.539529, -31.187292], [-70.524097, -31.189936], [-70.521058, -31.178703], [-70.515732, -31.172674], [-70.516077, -31.16242], [-70.510441, -31.15534], [-70.527467, -31.158085], [-70.540591, -31.152967], [-70.542508, -31.147793], [-70.535791, -31.134706]]]}, "properties": {"name": "Las Majadas", "comuna": "Monte Patria", "provincia": "Limarí", "region": "Coquimbo", "sup_km2": "19.0787", "ivvp": "0", "n_bovino": "0", "ha_bov": "0"}}, {"type": "Feature", "geometry": {"type": "Polygon", "coordinates": [[[-70.574367, -31.144547], [-70.579684, -31.135253], [-70.580394, -31.142286], [-70.585486, -31.146959], [-70.604256, -31.150976], [-70.611533, -31.145545], [-70.624305, -31.142795], [-70.629515, -31.144547], [-70.633387, -31.1525], [-70.627846, -31.156454], [-70.627912, -31.162447], [-70.613841, -31.159986], [-70.6067, -31.161884], [-70.590801, -31.15582], [-70.577301, -31.155066], [-70.572948, -31.148011], [-70.574367, -31.144547]]]}, "properties": {"name": "La Ortiga", "comuna": "Monte Patria", "provincia": "Limarí", "region": "Coquimbo", "sup_km2": "7.63746", "ivvp": "0", "n_bovino": "0", "ha_bov": "0"}}, {"type": "Feature", "geometry": {"type": "Polygon", "coordinates": [[[-70.564846, -31.176432], [-70.563501, -31.172488], [-70.566256, -31.151611], [-70.570666, -31.14586], [-70.573094, -31.145916], [-70.573794, -31.15082], [-70.58088, -31.159371], [-70.584051, -31.167794], [-70.582398, -31.171626], [-70.576031, -31.174829], [-70.568195, -31.174163], [-70.564846, -31.176432]]]}, "properties": {"name": "Vega Redonda", "comuna": "Monte Patria", "provincia": "Limarí", "region": "Coquimbo", "sup_km2": "4.00397", "ivvp": "0", "n_bovino": "0", "ha_bov": "0"}}, {"type": "Feature", "geometry": {"type": "Polygon", "coordinates": [[[-70.582861, -31.171074], [-70.584016, -31.165823], [-70.577301, -31.155066], [-70.590801, -31.15582], [-70.598734, -31.16007], [-70.596859, -31.167626], [-70.582861, -31.171074]]]}, "properties": {"name": "Lunca", "comuna": "Monte Patria", "provincia": "Limarí", "region": "Coquimbo", "sup_km2": "2.27605", "ivvp": "0", "n_bovino": "0", "ha_bov": "0"}}, {"type": "Feature", "geometry": {"type": "Polygon", "coordinates": [[[-70.582861, -31.171074], [-70.596859, -31.167626], [-70.598734, -31.16007], [-70.593976, -31.156625], [-70.6067, -31.161884], [-70.613841, -31.159986], [-70.628437, -31.163519], [-70.622121, -31.169733], [-70.621486, -31.176214], [-70.616337, -31.179981], [-70.611546, -31.188571], [-70.611182, -31.196645], [-70.590003, -31.193891], [-70.579703, -31.185696], [-70.589946, -31.182841], [-70.588738, -31.174195], [-70.582861, -31.171074]]]}, "properties": {"name": "El Chacay", "comuna": "Monte Patria", "provincia": "Limarí", "region": "Coquimbo", "sup_km2": "10.59258", "ivvp": "0", "n_bovino": "0", "ha_bov": "0"}}, {"type": "Feature", "geometry": {"type": "Polygon", "coordinates": [[[-70.54863, -31.181815], [-70.561378, -31.183452], [-70.562424, -31.1879], [-70.570444, -31.192349], [-70.577854, -31.190157], [-70.575413, -31.209348], [-70.563866, -31.21146], [-70.54569, -31.207449], [-70.543078, -31.213939], [-70.537702, -31.218347], [-70.528652, -31.214964], [-70.520623, -31.216899], [-70.51415, -31.195436], [-70.519049, -31.189666], [-70.529469, -31.190376], [-70.54863, -31.181815]]]}, "properties": {"name": "El Tome", "comuna": "Monte Patria", "provincia": "Limarí", "region": "Coquimbo", "sup_km2": "15.68673", "ivvp": "0", "n_bovino": "0", "ha_bov": "0"}}, {"type": "Feature", "geometry": {"type": "Polygon", "coordinates": [[[-70.561378, -31.183452], [-70.562906, -31.18144], [-70.577006, -31.182955], [-70.579717, -31.186318], [-70.577854, -31.190157], [-70.570444, -31.192349], [-70.562424, -31.1879], [-70.561378, -31.183452]]]}, "properties": {"name": "Moroso", "comuna": "Monte Patria", "provincia": "Limarí", "region": "Coquimbo", "sup_km2": "1.47819", "ivvp": "0", "n_bovino": "0", "ha_bov": "0"}}, {"type": "Feature", "geometry": {"type": "Polygon", "coordinates": [[[-70.577854, -31.190157], [-70.579703, -31.185696], [-70.590003, -31.193891], [-70.611182, -31.196645], [-70.606576, -31.200604], [-70.608193, -31.205992], [-70.60652, -31.210844], [-70.600524, -31.210738], [-70.594715, -31.204712], [-70.584477, -31.203233], [-70.578417, -31.199347], [-70.57623, -31.197119], [-70.577854, -31.190157]]]}, "properties": {"name": "Lazos Altos", "comuna": "Monte Patria", "provincia": "Limarí", "region": "Coquimbo", "sup_km2": "4.27174", "ivvp": "0", "n_bovino": "0", "ha_bov": "0"}}, {"type": "Feature", "geometry": {"type": "Polygon", "coordinates": [[[-70.572574, -31.210984], [-70.575736, -31.208627], [-70.57623, -31.197119], [-70.584477, -31.203233], [-70.595394, -31.205092], [-70.600524, -31.210738], [-70.60652, -31.210844], [-70.606548, -31.217664], [-70.610185, -31.224456], [-70.608613, -31.227372], [-70.572574, -31.210984]]]}, "properties": {"name": "Lazos Bajos", "comuna": "Monte Patria", "provincia": "Limarí", "region": "Coquimbo", "sup_km2": "5.26621", "ivvp": "0", "n_bovino": "0", "ha_bov": "0"}}, {"type": "Feature", "geometry": {"type": "Polygon", "coordinates": [[[-70.543078, -31.213939], [-70.54569, -31.207449], [-70.557951, -31.210841], [-70.572574, -31.210984], [-70.568845, -31.22277], [-70.570643, -31.224566], [-70.570014, -31.232355], [-70.561826, -31.235535], [-70.556552, -31.241377], [-70.539476, -31.241447], [-70.53796, -31.245521], [-70.536218, -31.240169], [-70.53769, -31.234987], [-70.550184, -31.224936], [-70.549411, -31.218247], [-70.543078, -31.213939]]]}, "properties": {"name": "Los Ahogaderos", "comuna": "Monte Patria", "provincia": "Limarí", "region": "Coquimbo", "sup_km2": "8.11817", "ivvp": "0", "n_bovino": "0", "ha_bov": "0"}}, {"type": "Feature", "geometry": {"type": "Polygon", "coordinates": [[[-70.570423, -31.224294], [-70.568945, -31.222142], [-70.572574, -31.210984], [-70.608613, -31.227372], [-70.611267, -31.23424], [-70.605983, -31.242583], [-70.596833, -31.236504], [-70.58712, -31.233606], [-70.583493, -31.228423], [-70.570423, -31.224294]]]}, "properties": {"name": "Vea Baja", "comuna": "Monte Patria", "provincia": "Limarí", "region": "Coquimbo", "sup_km2": "5.73978", "ivvp": "0", "n_bovino": "0", "ha_bov": "0"}}, {"type": "Feature", "geometry": {"type": "Polygon", "coordinates": [[[-70.537702, -31.218347], [-70.543078, -31.213939], [-70.549411, -31.218247], [-70.550184, -31.224936], [-70.53769, -31.234987], [-70.536218, -31.240169], [-70.53796, -31.245521], [-70.532158, -31.245937], [-70.515695, -31.229948], [-70.521634, -31.216193], [-70.528652, -31.214964], [-70.537702, -31.218347]]]}, "properties": {"name": "Vea Alta", "comuna": "Monte Patria", "provincia": "Limarí", "region": "Coquimbo", "sup_km2": "6.7003", "ivvp": "0", "n_bovino": "0", "ha_bov": "0"}}, {"type": "Feature", "geometry": {"type": "Polygon", "coordinates": [[[-70.570014, -31.232355], [-70.570423, -31.224294], [-70.575256, -31.2252], [-70.605983, -31.242583], [-70.59932, -31.249788], [-70.567484, -31.242304], [-70.570014, -31.232355]]]}, "properties": {"name": "La Mina", "comuna": "Monte Patria", "provincia": "Limarí", "region": "Coquimbo", "sup_km2": "5.24994", "ivvp": "0", "n_bovino": "0", "ha_bov": "0"}}, {"type": "Feature", "geometry": {"type": "Polygon", "coordinates": [[[-70.553968, -31.242017], [-70.561826, -31.235535], [-70.570203, -31.23288], [-70.56445, -31.263442], [-70.558204, -31.273301], [-70.546573, -31.261435], [-70.533995, -31.25477], [-70.532267, -31.248611], [-70.525423, -31.251555], [-70.532119, -31.24592], [-70.53796, -31.245521], [-70.539476, -31.241447], [-70.553968, -31.242017]]]}, "properties": {"name": "La Peste", "comuna": "Monte Patria", "provincia": "Limarí", "region": "Coquimbo", "sup_km2": "8.42168", "ivvp": "0", "n_bovino": "0", "ha_bov": "0"}}, {"type": "Feature", "geometry": {"type": "Polygon", "coordinates": [[[-70.567484, -31.242304], [-70.59783, -31.249107], [-70.601379, -31.256772], [-70.595871, -31.260931], [-70.588074, -31.25621], [-70.578811, -31.25973], [-70.567275, -31.25836], [-70.565062, -31.256975], [-70.568889, -31.244276], [-70.567484, -31.242304]]]}, "properties": {"name": "Punta Negra", "comuna": "Monte Patria", "provincia": "Limarí", "region": "Coquimbo", "sup_km2": "4.63206", "ivvp": "0", "n_bovino": "0", "ha_bov": "0"}}, {"type": "Feature", "geometry": {"type": "Polygon", "coordinates": [[[-70.607583, -31.294975], [-70.616892, -31.298128], [-70.631084, -31.292446], [-70.641469, -31.301605], [-70.628289, -31.311791], [-70.622291, -31.305376], [-70.615911, -31.305109], [-70.608183, -31.300655], [-70.607583, -31.294975]]]}, "properties": {"name": "Respiradero", "comuna": "Combarbalá", "provincia": "Limarí", "region": "Coquimbo", "sup_km2": "3.39384", "ivvp": "0", "n_bovino": "0", "ha_bov": "0"}}, {"type": "Feature", "geometry": {"type": "Polygon", "coordinates": [[[-70.530188, -31.273228], [-70.526096, -31.265148], [-70.527228, -31.260795], [-70.525079, -31.256485], [-70.525423, -31.251555], [-70.530653, -31.248048], [-70.535609, -31.256144], [-70.546573, -31.261435], [-70.558204, -31.273301], [-70.559041, -31.270138], [-70.563164, -31.289353], [-70.558916, -31.29161], [-70.557112, -31.304428], [-70.545688, -31.306204], [-70.540892, -31.302261], [-70.535801, -31.288848], [-70.530839, -31.287797], [-70.530844, -31.281959], [-70.526991, -31.278085], [-70.530188, -31.273228]]]}, "properties": {"name": "Las Hermanas", "comuna": "Monte Patria", "provincia": "Limarí", "region": "Coquimbo", "sup_km2": "12.7902", "ivvp": "0", "n_bovino": "0", "ha_bov": "0"}}, {"type": "Feature", "geometry": {"type": "Polygon", "coordinates": [[[-70.565113, -31.257272], [-70.577858, -31.259818], [-70.588761, -31.256306], [-70.595871, -31.260931], [-70.601353, -31.268468], [-70.596066, -31.271515], [-70.595177, -31.279235], [-70.581729, -31.280073], [-70.568018, -31.292663], [-70.563164, -31.289353], [-70.558933, -31.27497], [-70.565113, -31.257272]]]}, "properties": {"name": "Calderoncito", "comuna": "Monte Patria", "provincia": "Limarí", "region": "Coquimbo", "sup_km2": "9.48068", "ivvp": "0", "n_bovino": "0", "ha_bov": "0"}}, {"type": "Feature", "geometry": {"type": "Polygon", "coordinates": [[[-70.615835, -31.244241], [-70.619719, -31.23946], [-70.629266, -31.236277], [-70.635265, -31.239606], [-70.637097, -31.244486], [-70.655394, -31.253751], [-70.662072, -31.262632], [-70.657986, -31.26775], [-70.658683, -31.277736], [-70.678729, -31.290114], [-70.676953, -31.298296], [-70.667364, -31.293302], [-70.66281, -31.294651], [-70.659332, -31.29936], [-70.652246, -31.29052], [-70.642832, -31.286631], [-70.625916, -31.264497], [-70.615835, -31.244241]]]}, "properties": {"name": "Pabellón", "comuna": "Combarbalá", "provincia": "Limarí", "region": "Coquimbo", "sup_km2": "16.53733", "ivvp": "0", "n_bovino": "0", "ha_bov": "0"}}, {"type": "Feature", "geometry": {"type": "Polygon", "coordinates": [[[-70.605322, -31.243182], [-70.609954, -31.242046], [-70.615835, -31.244241], [-70.625916, -31.264497], [-70.642391, -31.285374], [-70.635534, -31.295826], [-70.631084, -31.292446], [-70.616892, -31.298128], [-70.610663, -31.296429], [-70.607583, -31.294975], [-70.605345, -31.28761], [-70.595182, -31.279397], [-70.596066, -31.271515], [-70.601353, -31.268468], [-70.595841, -31.260977], [-70.601379, -31.256772], [-70.599207, -31.250028], [-70.605322, -31.243182]]]}, "properties": {"name": "Cortadera", "comuna": "Combarbalá", "provincia": "Limarí", "region": "Coquimbo", "sup_km2": "16.40374", "ivvp": "0", "n_bovino": "0", "ha_bov": "0"}}, {"type": "Feature", "geometry": {"type": "Polygon", "coordinates": [[[-70.659332, -31.29936], [-70.66281, -31.294651], [-70.669235, -31.293408], [-70.688291, -31.306763], [-70.682171, -31.309689], [-70.673668, -31.301109], [-70.667227, -31.306379], [-70.659332, -31.29936]]]}, "properties": {"name": "Quebradita", "comuna": "Combarbalá", "provincia": "Limarí", "region": "Coquimbo", "sup_km2": "2.26899", "ivvp": "0", "n_bovino": "0", "ha_bov": "0"}}, {"type": "Feature", "geometry": {"type": "Polygon", "coordinates": [[[-70.685163, -31.270738], [-70.691182, -31.26061], [-70.700904, -31.25557], [-70.711708, -31.266265], [-70.735082, -31.276285], [-70.737943, -31.281068], [-70.7372, -31.287334], [-70.735728, -31.291214], [-70.724264, -31.291243], [-70.710685, -31.280725], [-70.685163, -31.270738]]]}, "properties": {"name": "Ramadilla", "comuna": "Combarbalá", "provincia": "Limarí", "region": "Coquimbo", "sup_km2": "8.69084", "ivvp": "0", "n_bovino": "0", "ha_bov": "0"}}, {"type": "Feature", "geometry": {"type": "Polygon", "coordinates": [[[-70.68153, -31.276054], [-70.681594, -31.272824], [-70.685163, -31.270738], [-70.696601, -31.274354], [-70.710685, -31.280725], [-70.724264, -31.291243], [-70.724991, -31.294318], [-70.717518, -31.295627], [-70.70381, -31.292751], [-70.68153, -31.276054]]]}, "properties": {"name": "Agradecida", "comuna": "Combarbalá", "provincia": "Limarí", "region": "Coquimbo", "sup_km2": "4.98391", "ivvp": "0", "n_bovino": "0", "ha_bov": "0"}}, {"type": "Feature", "geometry": {"type": "Polygon", "coordinates": [[[-70.678793, -31.289851], [-70.67963, -31.278591], [-70.681874, -31.27605], [-70.70381, -31.292751], [-70.717518, -31.295627], [-70.724991, -31.294318], [-70.729116, -31.296662], [-70.733271, -31.303638], [-70.734213, -31.311117], [-70.731805, -31.31524], [-70.725177, -31.312506], [-70.718014, -31.313522], [-70.71165, -31.321523], [-70.707996, -31.320836], [-70.702628, -31.318034], [-70.699518, -31.31306], [-70.694793, -31.313122], [-70.694981, -31.302205], [-70.685434, -31.292692], [-70.678793, -31.289851]]]}, "properties": {"name": "Las Pircas", "comuna": "Combarbalá", "provincia": "Limarí", "region": "Coquimbo", "sup_km2": "10.74146", "ivvp": "0", "n_bovino": "0", "ha_bov": "0"}}, {"type": "Feature", "geometry": {"type": "Polygon", "coordinates": [[[-70.635152, -31.296016], [-70.642456, -31.286095], [-70.652246, -31.29052], [-70.661779, -31.302959], [-70.652969, -31.309356], [-70.635152, -31.296016]]]}, "properties": {"name": "Maldonado", "comuna": "Combarbalá", "provincia": "Limarí", "region": "Coquimbo", "sup_km2": "3.48016", "ivvp": "0", "n_bovino": "0", "ha_bov": "0"}}, {"type": "Feature", "geometry": {"type": "Polygon", "coordinates": [[[-70.661779, -31.302959], [-70.667227, -31.306379], [-70.673668, -31.301109], [-70.682171, -31.309689], [-70.688291, -31.306763], [-70.694793, -31.313122], [-70.698127, -31.312343], [-70.702628, -31.318034], [-70.71165, -31.321523], [-70.710299, -31.327287], [-70.705718, -31.331439], [-70.711669, -31.341269], [-70.704286, -31.345115], [-70.686342, -31.340454], [-70.684281, -31.334789], [-70.673312, -31.326232], [-70.664182, -31.310532], [-70.65875, -31.311554], [-70.654025, -31.309527], [-70.661779, -31.302959]]]}, "properties": {"name": "Barranco Amarillo", "comuna": "Combarbalá", "provincia": "Limarí", "region": "Coquimbo", "sup_km2": "12.32355", "ivvp": "0", "n_bovino": "0", "ha_bov": "0"}}, {"type": "Feature", "geometry": {"type": "Polygon", "coordinates": [[[-70.628289, -31.311791], [-70.641469, -31.301605], [-70.654025, -31.309527], [-70.641603, -31.319393], [-70.636745, -31.31453], [-70.628289, -31.311791]]]}, "properties": {"name": "Rincón del Río", "comuna": "Combarbalá", "provincia": "Limarí", "region": "Coquimbo", "sup_km2": "2.09454", "ivvp": "0", "n_bovino": "0", "ha_bov": "0"}}, {"type": "Feature", "geometry": {"type": "Polygon", "coordinates": [[[-70.641603, -31.319393], [-70.654025, -31.309527], [-70.65875, -31.311554], [-70.664182, -31.310532], [-70.673312, -31.326232], [-70.684281, -31.334789], [-70.685807, -31.340001], [-70.678811, -31.336056], [-70.65583, -31.331109], [-70.641603, -31.319393]]]}, "properties": {"name": "Potrerillos", "comuna": "Combarbalá", "provincia": "Limarí", "region": "Coquimbo", "sup_km2": "5.84529", "ivvp": "0", "n_bovino": "0", "ha_bov": "0"}}, {"type": "Feature", "geometry": {"type": "Polygon", "coordinates": [[[-70.301766, -30.867785], [-70.318042, -30.862873], [-70.323195, -30.863894], [-70.329828, -30.870543], [-70.338222, -30.869313], [-70.338444, -30.870842], [-70.337309, -30.875417], [-70.326144, -30.87774], [-70.311553, -30.872209], [-70.30524, -30.873608], [-70.301766, -30.867785]]]}, "properties": {"name": "Barranco Negro", "comuna": "Monte Patria", "provincia": "Limarí", "region": "Coquimbo", "sup_km2": "3.15937", "ivvp": "0", "n_bovino": "0", "ha_bov": "0"}}]}