{"type": "FeatureCollection", "features": [{"type": "Feature", "geometry": {"type": "Polygon", "coordinates": [[[-69.623959, -19.427743], [-69.624193, -19.426558], [-69.629356, -19.429161], [-69.627684, -19.430468], [-69.623959, -19.427743]]]}, "properties": {"nombre": "Relleno Sanitario Camiña", "tipo": "Relleno Manual", "comuna": "Camiña", "estado": "EN OPERACIÓN", "autorizacion": "RES EX 711/2004", "rca": "RCA 026/2003", "anio_cierre": "0.0"}}, {"type": "Feature", "geometry": {"type": "Polygon", "coordinates": [[[-69.270477, -20.50753], [-69.270586, -20.507591], [-69.269158, -20.509875], [-69.267465, -20.508857], [-69.268973, -20.506621], [-69.270477, -20.50753]]]}, "properties": {"nombre": "Relleno Sanitario Manual De Pica", "tipo": "Relleno Manual", "comuna": "Pica", "estado": "EN OPERACIÓN", "autorizacion": "RES. EX 1018/2001", "rca": "RCA 03/2005", "anio_cierre": "2030.0"}}, {"type": "Feature", "geometry": {"type": "Polygon", "coordinates": [[[-70.089078, -20.231614], [-70.089213, -20.231467], [-70.091214, -20.233171], [-70.092141, -20.23396], [-70.092212, -20.234022], [-70.092373, -20.234242], [-70.092496, -20.234357], [-70.092563, -20.234561], [-70.092709, -20.234644], [-70.092696, -20.235147], [-70.092802, -20.236833], [-70.092347, -20.236851], [-70.092115, -20.236921], [-70.091987, -20.236901], [-70.091848, -20.236849], [-70.090859, -20.236761], [-70.090743, -20.236798], [-70.089827, -20.236794], [-70.089738, -20.236757], [-70.089452, -20.236351], [-70.089042, -20.236369], [-70.088407, -20.236148], [-70.088295, -20.23596], [-70.088088, -20.235736], [-70.08766, -20.235607], [-70.087318, -20.235436], [-70.087007, -20.235265], [-70.086879, -20.235142], [-70.085917, -20.234717], [-70.084076, -20.234267], [-70.084017, -20.233868], [-70.084019, -20.233518], [-70.084291, -20.233449], [-70.08461, -20.233288], [-70.084869, -20.233384], [-70.085034, -20.233485], [-70.085794, -20.233196], [-70.085968, -20.233208], [-70.086202, -20.233114], [-70.086433, -20.23313], [-70.086959, -20.233051], [-70.087269, -20.233125], [-70.087499, -20.233075], [-70.087556, -20.233039], [-70.087583, -20.232928], [-70.08761, -20.232799], [-70.087577, -20.232684], [-70.087444, -20.232498], [-70.087324, -20.232242], [-70.087333, -20.232135], [-70.08729, -20.232002], [-70.0875, -20.231837], [-70.087713, -20.231955], [-70.087971, -20.23198], [-70.088027, -20.231922], [-70.088251, -20.231646], [-70.08864, -20.231515], [-70.088759, -20.231638], [-70.088924, -20.231695], [-70.089078, -20.231614]]]}, "properties": {"nombre": "Vertedero Municipal El Boro", "tipo": "Vertedero", "comuna": "Alto Hospicio", "estado": "EN OPERACIÓN", "autorizacion": "NO", "rca": "RCA 85/1999", "anio_cierre": "2010.0"}}, {"type": "Feature", "geometry": {"type": "Polygon", "coordinates": [[[-69.711199, -20.265069], [-69.710626, -20.264938], [-69.710301, -20.26513], [-69.710134, -20.265181], [-69.709756, -20.265324], [-69.70966, -20.265515], [-69.708831, -20.265161], [-69.708433, -20.264706], [-69.708337, -20.262903], [-69.709402, -20.262874], [-69.710053, -20.262871], [-69.71049, -20.262213], [-69.711046, -20.262419], [-69.711199, -20.265069]]]}, "properties": {"nombre": "Vertedero Municipal Pozo Almonte", "tipo": "Vertedero", "comuna": "Pozo Almonte", "estado": "EN OPERACIÓN", "autorizacion": "NO", "rca": "RCA 137/2003", "anio_cierre": "0.0"}}, {"type": "Feature", "geometry": {"type": "Polygon", "coordinates": [[[-68.229215, -22.343009], [-68.22986, -22.342362], [-68.230546, -22.343006], [-68.229843, -22.343662], [-68.229215, -22.343009]]]}, "properties": {"nombre": "Basural De Caspana", "tipo": "Basural", "comuna": "Calama", "estado": "EN OPERACIÓN", "autorizacion": "NO", "rca": "NO", "anio_cierre": "0.0"}}, {"type": "Feature", "geometry": {"type": "Polygon", "coordinates": [[[-70.332483, -23.605074], [-70.331416, -23.60165], [-70.331292, -23.598859], [-70.335554, -23.59752], [-70.339164, -23.597984], [-70.343554, -23.600663], [-70.343765, -23.601884], [-70.34513, -23.603414], [-70.341183, -23.607722], [-70.339409, -23.606989], [-70.337143, -23.607431], [-70.332483, -23.605074]]]}, "properties": {"nombre": "Elemento 6", "tipo": null, "comuna": null, "estado": null, "autorizacion": null, "rca": null, "anio_cierre": "0.0"}}, {"type": "Feature", "geometry": {"type": "Polygon", "coordinates": [[[-68.84412, -22.547689], [-68.844513, -22.547906], [-68.844347, -22.549114], [-68.844037, -22.550321], [-68.843816, -22.550924], [-68.843225, -22.552144], [-68.843224, -22.552146], [-68.843007, -22.552824], [-68.842899, -22.553011], [-68.841022, -22.552304], [-68.840311, -22.552036], [-68.840246, -22.551657], [-68.841278, -22.550273], [-68.841477, -22.549947], [-68.841888, -22.549363], [-68.842728, -22.548498], [-68.84412, -22.547689]]]}, "properties": {"nombre": "Relleno Sanitario Cerro Colorado", "tipo": "Relleno Sanitario", "comuna": "Calama", "estado": "EN OPERACIÓN", "autorizacion": "RES. EX 11/1999 RES. EX. 3055/2001", "rca": "RCA 95/1999 RCA 89/2017", "anio_cierre": "2033.0"}}, {"type": "Feature", "geometry": {"type": "Polygon", "coordinates": [[[-70.412405, -23.133633], [-70.413025, -23.1262], [-70.412473, -23.122115], [-70.415506, -23.122179], [-70.419869, -23.134379], [-70.412405, -23.133633]]]}, "properties": {"nombre": "Vertedero Municipal De Mejillones", "tipo": "Vertedero", "comuna": "Mejillones", "estado": "EN OPERACIÓN", "autorizacion": "RES. EX 5741/2003", "rca": "NO", "anio_cierre": "2013.0"}}, {"type": "Feature", "geometry": {"type": "Polygon", "coordinates": [[[-68.241653, -21.239987], [-68.241524, -21.240188], [-68.241439, -21.240319], [-68.241266, -21.240588], [-68.241002, -21.240454], [-68.240831, -21.240371], [-68.240874, -21.240278], [-68.241125, -21.239802], [-68.241653, -21.239987]]]}, "properties": {"nombre": "Relleno Sanitario Manual De Ollague", "tipo": "Relleno Manual", "comuna": "Ollagüe", "estado": "EN OPERACIÓN", "autorizacion": "RES. EX 384/2006", "rca": "NO REQUIERE RCA", "anio_cierre": "0.0"}}, {"type": "Feature", "geometry": {"type": "Polygon", "coordinates": [[[-68.350697, -22.273095], [-68.351746, -22.273063], [-68.351858, -22.27394], [-68.350858, -22.27399], [-68.350697, -22.273095]]]}, "properties": {"nombre": "Relleno Sanitario Manual, Ayquina", "tipo": "Relleno Manual", "comuna": "Calama", "estado": "EN OPERACIÓN", "autorizacion": "RES. SEREMI SALUD", "rca": "NO REQUIERE RCA", "anio_cierre": "0.0"}}, {"type": "Feature", "geometry": {"type": "Polygon", "coordinates": [[[-68.617393, -22.330614], [-68.617939, -22.329784], [-68.618851, -22.330211], [-68.618266, -22.33123], [-68.617393, -22.330614]]]}, "properties": {"nombre": "Relleno Sanitario Manual, Chiu-Chiu", "tipo": "Relleno Manual", "comuna": "Calama", "estado": "EN OPERACIÓN", "autorizacion": "RES. EX. 805/2006", "rca": "NO REQUIERE RCA", "anio_cierre": "0.0"}}, {"type": "Feature", "geometry": {"type": "Polygon", "coordinates": [[[-68.162868, -22.250124], [-68.163421, -22.249414], [-68.164231, -22.250031], [-68.163636, -22.250774], [-68.162868, -22.250124]]]}, "properties": {"nombre": "Relleno Sanitario Manual, Toconce", "tipo": "Relleno Manual", "comuna": "Calama", "estado": "EN OPERACIÓN", "autorizacion": "RES. SEREMI SALUD", "rca": "NO REQUIERE RCA", "anio_cierre": "0.0"}}, {"type": "Feature", "geometry": {"type": "Polygon", "coordinates": [[[-70.057746, -22.093052], [-70.058355, -22.092603], [-70.066915, -22.092354], [-70.067489, -22.096902], [-70.071632, -22.102137], [-70.065813, -22.101588], [-70.06497, -22.102292], [-70.057746, -22.093052]]]}, "properties": {"nombre": "Relleno Sanitario Quebrada Ancha", "tipo": "Relleno Sanitario", "comuna": "Tocopilla", "estado": "EN OPERACIÓN", "autorizacion": "RES. EX 341/2014", "rca": "RCA 342/2009", "anio_cierre": "2038.0"}}, {"type": "Feature", "geometry": {"type": "Polygon", "coordinates": [[[-69.569812, -23.219518], [-69.568022, -23.216986], [-69.569483, -23.215771], [-69.569607, -23.21503], [-69.569959, -23.214956], [-69.570158, -23.215895], [-69.573668, -23.216171], [-69.574112, -23.219466], [-69.572004, -23.220278], [-69.569812, -23.219518]]]}, "properties": {"nombre": "Elemento 14", "tipo": null, "comuna": null, "estado": null, "autorizacion": null, "rca": null, "anio_cierre": "0.0"}}, {"type": "Feature", "geometry": {"type": "Polygon", "coordinates": [[[-68.110132, -22.893746], [-68.111836, -22.896166], [-68.108913, -22.897917], [-68.107033, -22.895346], [-68.110132, -22.893746]]]}, "properties": {"nombre": "Elemento 15", "tipo": null, "comuna": null, "estado": null, "autorizacion": null, "rca": null, "anio_cierre": "0.0"}}, {"type": "Feature", "geometry": {"type": "Polygon", "coordinates": [[[-70.37298, -23.549003], [-70.373486, -23.545732], [-70.384315, -23.545901], [-70.3843, -23.553173], [-70.37298, -23.549003]]]}, "properties": {"nombre": "Vertedero De La Chimba", "tipo": "Vertedero", "comuna": "Antofagasta", "estado": "EN OPERACIÓN", "autorizacion": "RES. EX.1942/2009", "rca": "NO", "anio_cierre": "0.0"}}, {"type": "Feature", "geometry": {"type": "Polygon", "coordinates": [[[-70.439064, -25.443156], [-70.443041, -25.443117], [-70.443044, -25.443387], [-70.439067, -25.443426], [-70.439064, -25.443156]]]}, "properties": {"nombre": "Vertedero De Taltal", "tipo": "Vertedero", "comuna": "Taltal", "estado": "EN OPERACIÓN", "autorizacion": "NO", "rca": "RCA 0120/2004", "anio_cierre": "2014.0"}}, {"type": "Feature", "geometry": {"type": "Polygon", "coordinates": [[[-69.832239, -23.315974], [-69.831894, -23.315356], [-69.831075, -23.314254], [-69.831136, -23.313996], [-69.83112, -23.313518], [-69.831131, -23.313245], [-69.832737, -23.313243], [-69.832758, -23.313339], [-69.832532, -23.313841], [-69.832328, -23.314626], [-69.832203, -23.314633], [-69.832199, -23.315076], [-69.832341, -23.315518], [-69.832336, -23.315929], [-69.832239, -23.315974]]]}, "properties": {"nombre": "Vertedero Municipal De Baquedano", "tipo": "Basural", "comuna": "Sierra Gorda", "estado": "EN OPERACIÓN", "autorizacion": "NO", "rca": "NO", "anio_cierre": "2008.0"}}, {"type": "Feature", "geometry": {"type": "Polygon", "coordinates": [[[-70.413934, -23.127818], [-70.413474, -23.126087], [-70.415448, -23.125694], [-70.415939, -23.127074], [-70.413934, -23.127818]]]}, "properties": {"nombre": "Vertedero Municipal De Mejillones", "tipo": "Vertedero", "comuna": "Mejillones", "estado": "EN OPERACIÓN", "autorizacion": "RES. EX 5741/2003", "rca": "NO", "anio_cierre": "2013.0"}}, {"type": "Feature", "geometry": {"type": "Polygon", "coordinates": [[[-69.311149, -22.899788], [-69.310347, -22.900663], [-69.30984, -22.900195], [-69.309272, -22.900633], [-69.308223, -22.899454], [-69.308911, -22.898899], [-69.309648, -22.898372], [-69.310255, -22.899007], [-69.311149, -22.899788]]]}, "properties": {"nombre": "Vertedero Municipal De Sierra Gorda", "tipo": "Vertedero", "comuna": "Sierra Gorda", "estado": "EN OPERACIÓN", "autorizacion": "RES. EX. 3236/2004", "rca": "NO", "anio_cierre": "2015.0"}}, {"type": "Feature", "geometry": {"type": "Polygon", "coordinates": [[[-68.112318, -22.897919], [-68.113437, -22.89944], [-68.112257, -22.900101], [-68.111179, -22.898597], [-68.112318, -22.897919]]]}, "properties": {"nombre": "Vertedero Municipal De Spa", "tipo": "Vertedero", "comuna": "San Pedro De Atacama", "estado": "EN OPERACIÓN", "autorizacion": "RES. EX 071/2000", "rca": "RCA 0121/1999", "anio_cierre": "2018.0"}}, {"type": "Feature", "geometry": {"type": "Polygon", "coordinates": [[[-70.752749, -27.067095], [-70.752627, -27.059232], [-70.763041, -27.059102], [-70.763164, -27.066965], [-70.752749, -27.067095]]]}, "properties": {"nombre": "Relleno Sanitario Cerro Montevideo", "tipo": "Relleno Sanitario", "comuna": "Caldera", "estado": "EN OPERACIÓN", "autorizacion": "RES. EX 274/2015", "rca": "RCA 128/2012", "anio_cierre": "2035.0"}}, {"type": "Feature", "geometry": {"type": "Polygon", "coordinates": [[[-70.192819, -27.32841], [-70.190182, -27.328433], [-70.189288, -27.325798], [-70.189267, -27.32384], [-70.184628, -27.31715], [-70.188777, -27.314949], [-70.189571, -27.319369], [-70.192248, -27.32372], [-70.192819, -27.32841]]]}, "properties": {"nombre": "Relleno Sanitario El Chulo", "tipo": "Relleno Sanitario", "comuna": "Copiapó", "estado": "EN OPERACIÓN", "autorizacion": "RES. EX 906/2008", "rca": "RCA 139/2006", "anio_cierre": "2038.0"}}, {"type": "Feature", "geometry": {"type": "Polygon", "coordinates": [[[-70.784623, -28.546401], [-70.779548, -28.547902], [-70.777186, -28.54294], [-70.780676, -28.542031], [-70.78513, -28.541972], [-70.786613, -28.54503], [-70.784623, -28.546401]]]}, "properties": {"nombre": "Relleno Sanitario Provincial Del Huasco", "tipo": "Relleno Sanitario", "comuna": "Vallenar", "estado": "EN OPERACIÓN", "autorizacion": "RES. EX 2317/2011", "rca": "RCA 04/2011", "anio_cierre": "2034.0"}}, {"type": "Feature", "geometry": {"type": "Polygon", "coordinates": [[[-70.586873, -26.323964], [-70.586232, -26.324262], [-70.586039, -26.324217], [-70.585289, -26.324209], [-70.585875, -26.321743], [-70.586207, -26.321787], [-70.586352, -26.322217], [-70.586538, -26.322451], [-70.586465, -26.322798], [-70.587299, -26.323236], [-70.586873, -26.323964]]]}, "properties": {"nombre": "Basural Municipal De Chañaral", "tipo": "Basural", "comuna": "Chañaral", "estado": "EN OPERACIÓN", "autorizacion": "NO", "rca": "NO", "anio_cierre": "0.0"}}, {"type": "Feature", "geometry": {"type": "Polygon", "coordinates": [[[-70.006446, -26.393315], [-70.00534, -26.39234], [-70.006478, -26.390587], [-70.007164, -26.390141], [-70.009046, -26.389405], [-70.009056, -26.38984], [-70.009109, -26.390212], [-70.008931, -26.390603], [-70.008847, -26.391078], [-70.007921, -26.392107], [-70.007233, -26.392327], [-70.006446, -26.393315]]]}, "properties": {"nombre": "Vertedero Municipal De Diego De Almagro", "tipo": "Basural", "comuna": "Diego De Almagro", "estado": "EN OPERACIÓN", "autorizacion": "NO", "rca": "NO", "anio_cierre": "0.0"}}, {"type": "Feature", "geometry": {"type": "Polygon", "coordinates": [[[-71.363916, -30.013582], [-71.363461, -30.014637], [-71.363359, -30.016632], [-71.362077, -30.017261], [-71.35964, -30.016086], [-71.360009, -30.014382], [-71.35978, -30.013363], [-71.359827, -30.011638], [-71.363916, -30.013582]]]}, "properties": {"nombre": "Relleno Sanitario El Panul", "tipo": "Relleno Sanitario", "comuna": "Coquimbo", "estado": "EN OPERACIÓN", "autorizacion": "RES EX 4845/2004", "rca": "RCA  65/2004; 99/2004", "anio_cierre": "2024.0"}}, {"type": "Feature", "geometry": {"type": "Polygon", "coordinates": [[[-70.940797, -31.812595], [-70.941617, -31.813382], [-70.941682, -31.813341], [-70.941824, -31.813484], [-70.94184, -31.813723], [-70.942201, -31.814213], [-70.940966, -31.815109], [-70.940594, -31.814706], [-70.94044, -31.814717], [-70.939864, -31.814437], [-70.939165, -31.813641], [-70.940797, -31.812595]]]}, "properties": {"nombre": "Vertedero El Queñe", "tipo": "Vertedero", "comuna": "Salamanca", "estado": "EN OPERACIÓN", "autorizacion": "RES. EX 1744/1997", "rca": "NO", "anio_cierre": "2006.0"}}, {"type": "Feature", "geometry": {"type": "Polygon", "coordinates": [[[-71.420309, -31.403747], [-71.420174, -31.403781], [-71.41942, -31.404025], [-71.419053, -31.404165], [-71.418845, -31.404293], [-71.418801, -31.404368], [-71.418313, -31.404322], [-71.417829, -31.403502], [-71.41778, -31.403073], [-71.417913, -31.402627], [-71.418021, -31.402546], [-71.419906, -31.402865], [-71.420194, -31.40329], [-71.420181, -31.403359], [-71.420211, -31.40341], [-71.420258, -31.403426], [-71.420379, -31.403556], [-71.420405, -31.403664], [-71.420309, -31.403747]]]}, "properties": {"nombre": "Vertedero Quebrada El Gallo", "tipo": "Vertedero", "comuna": "Canela", "estado": "EN OPERACIÓN", "autorizacion": "RES. EX 273/2005", "rca": "NO", "anio_cierre": "2029.0"}}, {"type": "Feature", "geometry": {"type": "Polygon", "coordinates": [[[-71.038326, -31.204577], [-71.037749, -31.204912], [-71.037426, -31.2051], [-71.036515, -31.205605], [-71.036371, -31.205434], [-71.034289, -31.202665], [-71.034245, -31.202597], [-71.034325, -31.202552], [-71.035732, -31.201767], [-71.035989, -31.201624], [-71.036021, -31.20166], [-71.036319, -31.202078], [-71.037642, -31.203652], [-71.038326, -31.204577]]]}, "properties": {"nombre": "Vertedero Sector Casas Blancas", "tipo": "Vertedero", "comuna": "Combarbalá", "estado": "EN OPERACIÓN", "autorizacion": "RES. EX  2914/2004", "rca": "NO", "anio_cierre": "2005.0"}}, {"type": "Feature", "geometry": {"type": "Polygon", "coordinates": [[[-71.145959, -31.595475], [-71.144262, -31.597612], [-71.143055, -31.597632], [-71.143752, -31.594672], [-71.144845, -31.594869], [-71.145959, -31.595475]]]}, "properties": {"nombre": "Vertedero Lo Gallardo", "tipo": "Vertedero", "comuna": "Illapel", "estado": "EN OPERACIÓN", "autorizacion": "RES. EX 1743/1997", "rca": "NO", "anio_cierre": "2007.0"}}, {"type": "Feature", "geometry": {"type": "Polygon", "coordinates": [[[-71.457343, -31.886016], [-71.456155, -31.886909], [-71.45499, -31.885969], [-71.456222, -31.884932], [-71.457343, -31.886016]]]}, "properties": {"nombre": "Vertedero Municipal De Los Vilos", "tipo": "Vertedero", "comuna": "Los Vilos", "estado": "EN OPERACIÓN", "autorizacion": "RES. EX 718/2003", "rca": "NO", "anio_cierre": "2010.0"}}, {"type": "Feature", "geometry": {"type": "Polygon", "coordinates": [[[-70.957831, -30.728486], [-70.956061, -30.727131], [-70.956189, -30.726443], [-70.957541, -30.72588], [-70.958258, -30.726186], [-70.958657, -30.727143], [-70.959148, -30.727381], [-70.957831, -30.728486]]]}, "properties": {"nombre": "Vertedero Cerro Manchado", "tipo": "Vertedero", "comuna": "Monte Patria", "estado": "EN OPERACIÓN", "autorizacion": "RES. EX 3451/2000", "rca": "NO", "anio_cierre": "2014.0"}}, {"type": "Feature", "geometry": {"type": "Polygon", "coordinates": [[[-71.176119, -30.450398], [-71.175311, -30.451793], [-71.174487, -30.452493], [-71.172904, -30.451987], [-71.172482, -30.451615], [-71.172177, -30.451149], [-71.173863, -30.449381], [-71.176119, -30.450398]]]}, "properties": {"nombre": "Vertedero El Incienso", "tipo": "Vertedero", "comuna": "Ovalle", "estado": "EN OPERACIÓN", "autorizacion": "RES. EX 3452/2000", "rca": "NO", "anio_cierre": "2015.0"}}, {"type": "Feature", "geometry": {"type": "Polygon", "coordinates": [[[-71.305745, -30.842393], [-71.304686, -30.842749], [-71.304068, -30.841245], [-71.305057, -30.84092], [-71.305745, -30.842393]]]}, "properties": {"nombre": "Elemento 35", "tipo": null, "comuna": null, "estado": null, "autorizacion": null, "rca": null, "anio_cierre": "0.0"}}, {"type": "Feature", "geometry": {"type": "Polygon", "coordinates": [[[-70.704143, -29.998835], [-70.703547, -29.998893], [-70.703573, -29.998442], [-70.703101, -29.996739], [-70.704031, -29.996394], [-70.70458, -29.996904], [-70.705857, -29.997049], [-70.706112, -29.997227], [-70.706006, -29.997519], [-70.705828, -29.997634], [-70.705599, -29.997783], [-70.705198, -29.997874], [-70.704239, -29.998444], [-70.704143, -29.998835]]]}, "properties": {"nombre": "Vertedero Quebrada El Mollaco", "tipo": "Vertedero", "comuna": "Vicuña", "estado": "EN OPERACIÓN", "autorizacion": "RES. EX 3098/1998", "rca": "NO", "anio_cierre": "2006.0"}}, {"type": "Feature", "geometry": {"type": "Polygon", "coordinates": [[[-71.363192, -30.013237], [-71.363258, -30.013921], [-71.362691, -30.015313], [-71.36259, -30.016506], [-71.362412, -30.017097], [-71.362077, -30.017261], [-71.36116, -30.017296], [-71.359504, -30.016509], [-71.35964, -30.016086], [-71.360009, -30.014382], [-71.361038, -30.012214], [-71.363192, -30.013237]]]}, "properties": {"nombre": "Relleno Sanitario El Panul", "tipo": "Relleno Sanitario", "comuna": "Coquimbo", "estado": "EN OPERACIÓN", "autorizacion": "RES EX 4845/2004", "rca": "RCA  65/2004; 99/2004", "anio_cierre": "2024.0"}}, {"type": "Feature", "geometry": {"type": "Polygon", "coordinates": [[[-70.940797, -31.812595], [-70.941617, -31.813382], [-70.941682, -31.813341], [-70.941824, -31.813484], [-70.94184, -31.813723], [-70.942201, -31.814213], [-70.940966, -31.815109], [-70.940594, -31.814706], [-70.94044, -31.814717], [-70.939864, -31.814437], [-70.939165, -31.813641], [-70.940797, -31.812595]]]}, "properties": {"nombre": "Vertedero El Queñe", "tipo": "Vertedero", "comuna": "Salamanca", "estado": "EN OPERACIÓN", "autorizacion": "RES. EX 1744/1997", "rca": "NO", "anio_cierre": "2006.0"}}, {"type": "Feature", "geometry": {"type": "Polygon", "coordinates": [[[-71.420309, -31.403747], [-71.420174, -31.403781], [-71.41942, -31.404025], [-71.419053, -31.404165], [-71.418845, -31.404293], [-71.418801, -31.404368], [-71.418313, -31.404322], [-71.417829, -31.403502], [-71.41778, -31.403073], [-71.417913, -31.402627], [-71.418021, -31.402546], [-71.419906, -31.402865], [-71.420194, -31.40329], [-71.420181, -31.403359], [-71.420211, -31.40341], [-71.420258, -31.403426], [-71.420379, -31.403556], [-71.420405, -31.403664], [-71.420309, -31.403747]]]}, "properties": {"nombre": "Vertedero Quebrada El Gallo", "tipo": "Vertedero", "comuna": "Canela", "estado": "EN OPERACIÓN", "autorizacion": "RES. EX 273/2005", "rca": "NO", "anio_cierre": "2029.0"}}, {"type": "Feature", "geometry": {"type": "Polygon", "coordinates": [[[-71.038326, -31.204577], [-71.037749, -31.204912], [-71.037426, -31.2051], [-71.036515, -31.205605], [-71.036371, -31.205434], [-71.034289, -31.202665], [-71.034245, -31.202597], [-71.034325, -31.202552], [-71.035732, -31.201767], [-71.035989, -31.201624], [-71.036021, -31.20166], [-71.036319, -31.202078], [-71.037642, -31.203652], [-71.038326, -31.204577]]]}, "properties": {"nombre": "Vertedero Sector Casas Blancas", "tipo": "Vertedero", "comuna": "Combarbalá", "estado": "EN OPERACIÓN", "autorizacion": "RES. EX  2914/2004", "rca": "NO", "anio_cierre": "2005.0"}}, {"type": "Feature", "geometry": {"type": "Polygon", "coordinates": [[[-71.145959, -31.595475], [-71.144262, -31.597612], [-71.143055, -31.597632], [-71.143752, -31.594672], [-71.144845, -31.594869], [-71.145959, -31.595475]]]}, "properties": {"nombre": "Vertedero Lo Gallardo", "tipo": "Vertedero", "comuna": "Illapel", "estado": "EN OPERACIÓN", "autorizacion": "RES. EX 1743/1997", "rca": "NO", "anio_cierre": "2007.0"}}, {"type": "Feature", "geometry": {"type": "Polygon", "coordinates": [[[-71.457343, -31.886016], [-71.456155, -31.886909], [-71.45499, -31.885969], [-71.456222, -31.884932], [-71.457343, -31.886016]]]}, "properties": {"nombre": "Vertedero Municipal De Los Vilos", "tipo": "Vertedero", "comuna": "Los Vilos", "estado": "EN OPERACIÓN", "autorizacion": "RES. EX 718/2003", "rca": "NO", "anio_cierre": "2010.0"}}, {"type": "Feature", "geometry": {"type": "Polygon", "coordinates": [[[-70.957831, -30.728486], [-70.956061, -30.727131], [-70.956189, -30.726443], [-70.957541, -30.72588], [-70.958258, -30.726186], [-70.958657, -30.727143], [-70.959148, -30.727381], [-70.957831, -30.728486]]]}, "properties": {"nombre": "Vertedero Cerro Manchado", "tipo": "Vertedero", "comuna": "Monte Patria", "estado": "EN OPERACIÓN", "autorizacion": "RES. EX 3451/2000", "rca": "NO", "anio_cierre": "2014.0"}}, {"type": "Feature", "geometry": {"type": "Polygon", "coordinates": [[[-71.176119, -30.450398], [-71.175311, -30.451793], [-71.174487, -30.452493], [-71.172904, -30.451987], [-71.172482, -30.451615], [-71.172177, -30.451149], [-71.173863, -30.449381], [-71.176119, -30.450398]]]}, "properties": {"nombre": "Vertedero El Incienso", "tipo": "Vertedero", "comuna": "Ovalle", "estado": "EN OPERACIÓN", "autorizacion": "RES. EX 3452/2000", "rca": "NO", "anio_cierre": "2015.0"}}, {"type": "Feature", "geometry": {"type": "Polygon", "coordinates": [[[-71.305745, -30.842393], [-71.304686, -30.842749], [-71.304068, -30.841245], [-71.305057, -30.84092], [-71.305745, -30.842393]]]}, "properties": {"nombre": "Elemento 45", "tipo": null, "comuna": null, "estado": null, "autorizacion": null, "rca": null, "anio_cierre": "0.0"}}, {"type": "Feature", "geometry": {"type": "Polygon", "coordinates": [[[-70.704143, -29.998835], [-70.703547, -29.998893], [-70.703573, -29.998442], [-70.703101, -29.996739], [-70.704031, -29.996394], [-70.70458, -29.996904], [-70.705857, -29.997049], [-70.706112, -29.997227], [-70.706006, -29.997519], [-70.705828, -29.997634], [-70.705599, -29.997783], [-70.705198, -29.997874], [-70.704239, -29.998444], [-70.704143, -29.998835]]]}, "properties": {"nombre": "Vertedero Quebrada El Mollaco", "tipo": "Vertedero", "comuna": "Vicuña", "estado": "EN OPERACIÓN", "autorizacion": "RES. EX 3098/1998", "rca": "NO", "anio_cierre": "2006.0"}}, {"type": "Feature", "geometry": {"type": "Polygon", "coordinates": [[[-71.389605, -33.323438], [-71.388666, -33.32281], [-71.389591, -33.322212], [-71.390221, -33.32342], [-71.389772, -33.32364], [-71.389605, -33.323438]]]}, "properties": {"nombre": "Elemento 47", "tipo": null, "comuna": null, "estado": null, "autorizacion": null, "rca": null, "anio_cierre": "0.0"}}, {"type": "Feature", "geometry": {"type": "Polygon", "coordinates": [[[-70.72554, -32.731731], [-70.723896, -32.730599], [-70.723573, -32.729332], [-70.722896, -32.727989], [-70.720255, -32.723245], [-70.719439, -32.720217], [-70.717366, -32.714482], [-70.714267, -32.714217], [-70.708559, -32.703031], [-70.709244, -32.695842], [-70.710311, -32.696459], [-70.718766, -32.7018], [-70.726868, -32.732002], [-70.72554, -32.731731]]]}, "properties": {"nombre": "CTI La Hormiga", "tipo": "Relleno Sanitario", "comuna": "San Felipe", "estado": "EN OPERACIÓN", "autorizacion": "RES EX 939/2014", "rca": "RCA 1371/2009", "anio_cierre": "2034.0"}}, {"type": "Feature", "geometry": {"type": "Polygon", "coordinates": [[[-71.32551, -32.947728], [-71.327569, -32.951406], [-71.324425, -32.951748], [-71.322437, -32.947797], [-71.325142, -32.947073], [-71.32551, -32.947728]]]}, "properties": {"nombre": "Relleno Sanitario San Pedro", "tipo": "Relleno Sanitario", "comuna": "Quillota", "estado": "EN OPERACIÓN", "autorizacion": "RES EX 995 1996 RES EX 124/2017", "rca": "RCA 250/2012", "anio_cierre": "2033.0"}}, {"type": "Feature", "geometry": {"type": "Polygon", "coordinates": [[[-71.063138, -32.408335], [-71.062958, -32.40836], [-71.063096, -32.408181], [-71.063064, -32.408026], [-71.063169, -32.408007], [-71.063218, -32.408179], [-71.063138, -32.408335]]]}, "properties": {"nombre": "Vertedero Cabildo", "tipo": "Vertedero", "comuna": "Cabildo", "estado": "EN OPERACIÓN", "autorizacion": "RES. EX 2726/1993 RES. EX 919/2014", "rca": "NO", "anio_cierre": "2017.0"}}, {"type": "Feature", "geometry": {"type": "Polygon", "coordinates": [[[-71.408815, -33.33707], [-71.409869, -33.338158], [-71.406823, -33.339617], [-71.405985, -33.338418], [-71.408815, -33.33707]]]}, "properties": {"nombre": "Elemento 51", "tipo": null, "comuna": null, "estado": null, "autorizacion": null, "rca": null, "anio_cierre": "0.0"}}, {"type": "Feature", "geometry": {"type": "Polygon", "coordinates": [[[-109.387225, -27.166327], [-109.383721, -27.163901], [-109.389198, -27.160154], [-109.390098, -27.159537], [-109.393531, -27.16089], [-109.393355, -27.161222], [-109.393627, -27.161414], [-109.393293, -27.162205], [-109.390386, -27.164146], [-109.389161, -27.164623], [-109.387225, -27.166327]]]}, "properties": {"nombre": "Vertedero Vai A Ori", "tipo": "Basural", "comuna": "Isla De Pascua", "estado": "EN OPERACIÓN", "autorizacion": "NO", "rca": "NO", "anio_cierre": "0.0"}}, {"type": "Feature", "geometry": {"type": "Polygon", "coordinates": [[[-70.851548, -32.23951], [-70.849817, -32.23874], [-70.849118, -32.238503], [-70.848381, -32.238473], [-70.846938, -32.238575], [-70.846858, -32.236967], [-70.846916, -32.236559], [-70.847186, -32.235677], [-70.84943, -32.236169], [-70.849761, -32.236241], [-70.850694, -32.237927], [-70.850936, -32.238053], [-70.851061, -32.23858], [-70.851886, -32.239153], [-70.85179, -32.239618], [-70.851548, -32.23951]]]}, "properties": {"nombre": "Vertedero Chincolco", "tipo": "Vertedero", "comuna": "Petorca", "estado": "EN OPERACIÓN", "autorizacion": "RES. EX 1420/1989 RES. EX 2002/2012 RES.EX 920/2014", "rca": "NO", "anio_cierre": "2017.0"}}, {"type": "Feature", "geometry": {"type": "Polygon", "coordinates": [[[-71.420253, -32.762013], [-71.419517, -32.761808], [-71.419724, -32.758162], [-71.421025, -32.758335], [-71.42181, -32.761246], [-71.420253, -32.762013]]]}, "properties": {"nombre": "Vertedero Municipal De Puchuncaví", "tipo": "Vertedero", "comuna": "Puchuncaví", "estado": "EN OPERACIÓN", "autorizacion": "RES. SAN 2086/1993", "rca": "NO", "anio_cierre": "2022.0"}}, {"type": "Feature", "geometry": {"type": "Polygon", "coordinates": [[[-71.501955, -32.803055], [-71.502113, -32.802588], [-71.503071, -32.802837], [-71.504047, -32.80327], [-71.504731, -32.803761], [-71.504986, -32.804148], [-71.505728, -32.804947], [-71.506422, -32.805355], [-71.506686, -32.80605], [-71.506973, -32.806714], [-71.507255, -32.808089], [-71.506706, -32.808069], [-71.505217, -32.806739], [-71.501955, -32.803055]]]}, "properties": {"nombre": "Vertedero Municipal De Quintero", "tipo": "Vertedero", "comuna": "Quintero", "estado": "EN OPERACIÓN", "autorizacion": "RES. EX 1615/2013", "rca": "NO", "anio_cierre": "2017.0"}}, {"type": "Feature", "geometry": {"type": "Polygon", "coordinates": [[[-70.626416, -32.686902], [-70.626313, -32.686404], [-70.626356, -32.685864], [-70.626268, -32.685504], [-70.625848, -32.684625], [-70.625986, -32.684123], [-70.625833, -32.683794], [-70.62627, -32.683674], [-70.626492, -32.683667], [-70.626684, -32.683615], [-70.626761, -32.683678], [-70.626948, -32.683676], [-70.627142, -32.684014], [-70.627595, -32.68611], [-70.627559, -32.686729], [-70.626416, -32.686902]]]}, "properties": {"nombre": "Vertedero Tabolango", "tipo": "Vertedero", "comuna": "Santa María", "estado": "EN OPERACIÓN", "autorizacion": "RES. EX 16/2015", "rca": "NO", "anio_cierre": "2017.0"}}, {"type": "Feature", "geometry": {"type": "Polygon", "coordinates": [[[-71.635864, -33.09485], [-71.628516, -33.087122], [-71.634668, -33.082683], [-71.64219, -33.089285], [-71.635864, -33.09485]]]}, "properties": {"nombre": "Relleno Sanitario El Molle", "tipo": "Relleno Sanitario", "comuna": "Valparaíso", "estado": "EN OPERACIÓN", "autorizacion": "RES. EX 2651/2013", "rca": "RCA 271/2008", "anio_cierre": "2028.0"}}, {"type": "Feature", "geometry": {"type": "Polygon", "coordinates": [[[-71.377438, -33.068333], [-71.382037, -33.067986], [-71.381744, -33.069901], [-71.379904, -33.072965], [-71.378878, -33.07561], [-71.377614, -33.075333], [-71.377167, -33.075227], [-71.376037, -33.073527], [-71.377688, -33.069843], [-71.377754, -33.069562], [-71.377431, -33.068987], [-71.377374, -33.068708], [-71.377438, -33.068333]]]}, "properties": {"nombre": "Elemento 58", "tipo": null, "comuna": null, "estado": null, "autorizacion": null, "rca": null, "anio_cierre": "0.0"}}, {"type": "Feature", "geometry": {"type": "Polygon", "coordinates": [[[-71.578644, -33.560734], [-71.581024, -33.561799], [-71.580836, -33.56234], [-71.578327, -33.561147], [-71.578644, -33.560734]]]}, "properties": {"nombre": "Elemento 59", "tipo": null, "comuna": null, "estado": null, "autorizacion": null, "rca": null, "anio_cierre": "0.0"}}, {"type": "Feature", "geometry": {"type": "Polygon", "coordinates": [[[-78.83438, -33.639883], [-78.833553, -33.639467], [-78.834603, -33.638835], [-78.835229, -33.639137], [-78.83438, -33.639883]]]}, "properties": {"nombre": "Botadero Municipal Juan Fernandez", "tipo": "Basural", "comuna": "Juan Fernández", "estado": "EN OPERACIÓN", "autorizacion": "NO", "rca": "NO", "anio_cierre": "0.0"}}, {"type": "Feature", "geometry": {"type": "Polygon", "coordinates": [[[-70.703202, -34.229278], [-70.705922, -34.230404], [-70.706831, -34.230782], [-70.704632, -34.234048], [-70.704234, -34.234564], [-70.702407, -34.233683], [-70.700836, -34.232888], [-70.700324, -34.232575], [-70.702574, -34.229007], [-70.702692, -34.229067], [-70.703202, -34.229278]]]}, "properties": {"nombre": "Relleno Sanitario Colihues La Yesca", "tipo": "Relleno Sanitario", "comuna": "Requínoa", "estado": "EN OPERACIÓN", "autorizacion": "RES. EX 814/1999", "rca": "EIA RES. EX 976/1996", "anio_cierre": "2019.0"}}, {"type": "Feature", "geometry": {"type": "Polygon", "coordinates": [[[-72.003457, -34.447114], [-72.001603, -34.448578], [-72.001089, -34.448226], [-71.999334, -34.446813], [-71.99853, -34.446166], [-72.000907, -34.445099], [-72.002765, -34.446473], [-72.003457, -34.447114]]]}, "properties": {"nombre": "Relleno Sanitario Las Quilas", "tipo": "Relleno Sanitario", "comuna": "Pichilemu", "estado": "EN OPERACIÓN", "autorizacion": "RES. EX  5591/2004 113/2003", "rca": "RES. EX 113/2003", "anio_cierre": "2034.0"}}, {"type": "Feature", "geometry": {"type": "Polygon", "coordinates": [[[-71.641369, -35.335947], [-71.641752, -35.325894], [-71.649327, -35.325777], [-71.649242, -35.335872], [-71.641369, -35.335947]]]}, "properties": {"nombre": "Relleno Sanitario El Retamo", "tipo": "Relleno Sanitario", "comuna": "Talca", "estado": "EN OPERACIÓN", "autorizacion": "RES. EX 161/2002", "rca": "RCA 143/2001 RCA 04/2002 RCA 012/2007", "anio_cierre": "2039.0"}}, {"type": "Feature", "geometry": {"type": "Polygon", "coordinates": [[[-71.402693, -35.60633], [-71.403221, -35.607584], [-71.400164, -35.608328], [-71.400734, -35.609004], [-71.397446, -35.610407], [-71.395762, -35.607423], [-71.402693, -35.60633]]]}, "properties": {"nombre": "Relleno Sanitario San Roque", "tipo": "Relleno Sanitario", "comuna": "San Clemente", "estado": "EN OPERACIÓN", "autorizacion": "RES. EX 646/1995 RES EX 420/2007", "rca": "RCA 05/2012", "anio_cierre": "2042.0"}}, {"type": "Feature", "geometry": {"type": "Polygon", "coordinates": [[[-72.399991, -35.363593], [-72.399964, -35.363491], [-72.4, -35.363285], [-72.400002, -35.363114], [-72.39996, -35.362996], [-72.399974, -35.362895], [-72.400084, -35.362714], [-72.400118, -35.362682], [-72.400337, -35.362486], [-72.40052, -35.362365], [-72.400705, -35.362301], [-72.401011, -35.362271], [-72.401145, -35.362266], [-72.401728, -35.362213], [-72.402611, -35.362184], [-72.402919, -35.362194], [-72.403045, -35.362216], [-72.403098, -35.362298], [-72.403137, -35.362477], [-72.403153, -35.362602], [-72.40313, -35.362755], [-72.40312, -35.362835], [-72.403062, -35.362929], [-72.402903, -35.362981], [-72.402702, -35.363085], [-72.402543, -35.363126], [-72.402126, -35.363295], [-72.401808, -35.36345], [-72.401751, -35.363606], [-72.401746, -35.363625], [-72.401651, -35.363611], [-72.401584, -35.363672], [-72.40151, -35.363828], [-72.401422, -35.363996], [-72.401235, -35.364004], [-72.401174, -35.364013], [-72.401071, -35.363998], [-72.400896, -35.363882], [-72.40082, -35.363771], [-72.400791, -35.363724], [-72.400737, -35.3637], [-72.400648, -35.363702], [-72.400558, -35.363709], [-72.400374, -35.363772], [-72.40029, -35.363808], [-72.400188, -35.363814], [-72.400054, -35.363701], [-72.399991, -35.363593]]]}, "properties": {"nombre": "Vertedero de Constitución", "tipo": "Vertedero", "comuna": "Constitución", "estado": "EN OPERACIÓN", "autorizacion": "NO", "rca": "NO", "anio_cierre": "0.0"}}, {"type": "Feature", "geometry": {"type": "Polygon", "coordinates": [[[-71.402515, -35.200844], [-71.397022, -35.206028], [-71.397034, -35.211009], [-71.396115, -35.211597], [-71.394346, -35.208019], [-71.393352, -35.210815], [-71.390064, -35.212557], [-71.387291, -35.213432], [-71.384182, -35.213511], [-71.378943, -35.203735], [-71.379828, -35.202971], [-71.385053, -35.203017], [-71.387677, -35.202688], [-71.390167, -35.204839], [-71.391674, -35.203283], [-71.393934, -35.203139], [-71.399821, -35.201065], [-71.402515, -35.200844]]]}, "properties": {"nombre": "Centro De Tratamiento Eco Maule", "tipo": "Relleno Sanitario", "comuna": "Río Claro", "estado": "EN OPERACIÓN", "autorizacion": "RES. EX 891/2005", "rca": "RCA 52/2004", "anio_cierre": "2025.0"}}, {"type": "Feature", "geometry": {"type": "Polygon", "coordinates": [[[-72.401422, -35.363996], [-72.40151, -35.363828], [-72.401584, -35.363672], [-72.401651, -35.363611], [-72.401746, -35.363625], [-72.401898, -35.363648], [-72.401918, -35.363659], [-72.402327, -35.363834], [-72.402069, -35.364174], [-72.401973, -35.364653], [-72.401954, -35.364715], [-72.401818, -35.364774], [-72.401606, -35.364828], [-72.401115, -35.364732], [-72.401073, -35.364685], [-72.401208, -35.364404], [-72.401422, -35.363996]]]}, "properties": {"nombre": "Elemento 67", "tipo": null, "comuna": null, "estado": null, "autorizacion": null, "rca": null, "anio_cierre": "0.0"}}, {"type": "Feature", "geometry": {"type": "Polygon", "coordinates": [[[-71.197416, -34.808376], [-71.198136, -34.835462], [-71.165331, -34.836051], [-71.164623, -34.809002], [-71.197416, -34.808376]]]}, "properties": {"nombre": "Relleno Sanitario Parque El Guanaco", "tipo": "Relleno Sanitario", "comuna": "Teno", "estado": "EN OPERACIÓN", "autorizacion": "RES. EX 160/2002", "rca": "RCA 16/2002 RCA 004/2007", "anio_cierre": "2031.0"}}, {"type": "Feature", "geometry": {"type": "Polygon", "coordinates": [[[-73.368425, -37.409357], [-73.367691, -37.410547], [-73.365057, -37.410556], [-73.363563, -37.410465], [-73.36427, -37.410159], [-73.364537, -37.409207], [-73.364604, -37.40839], [-73.363321, -37.40598], [-73.36376, -37.405972], [-73.365457, -37.406096], [-73.36627, -37.406989], [-73.368425, -37.409357]]]}, "properties": {"nombre": "Relleno Sanitario Intercomunal Arauco-Curanilahue", "tipo": "Relleno Sanitario", "comuna": "Curanilahue", "estado": "EN OPERACIÓN", "autorizacion": "SI", "rca": "RES EX 161/2003", "anio_cierre": "0.0"}}, {"type": "Feature", "geometry": {"type": "Polygon", "coordinates": [[[-72.333242, -37.302323], [-72.333133, -37.302881], [-72.333135, -37.303025], [-72.332925, -37.303071], [-72.330691, -37.301206], [-72.328915, -37.300356], [-72.32878, -37.300131], [-72.328957, -37.300099], [-72.332636, -37.299372], [-72.337597, -37.298703], [-72.33903, -37.29884], [-72.33865, -37.299878], [-72.338687, -37.300171], [-72.339935, -37.301545], [-72.340177, -37.302067], [-72.340178, -37.302273], [-72.339928, -37.303304], [-72.339768, -37.303407], [-72.33941, -37.303225], [-72.338486, -37.302929], [-72.338206, -37.302872], [-72.338118, -37.302565], [-72.338309, -37.30236], [-72.337839, -37.301913], [-72.337975, -37.301746], [-72.337386, -37.301454], [-72.337219, -37.301738], [-72.336923, -37.302139], [-72.337138, -37.302431], [-72.337204, -37.302561], [-72.337083, -37.302654], [-72.336363, -37.302474], [-72.335887, -37.302178], [-72.335447, -37.302177], [-72.335387, -37.302202], [-72.335026, -37.301869], [-72.334766, -37.30189], [-72.334339, -37.302514], [-72.334099, -37.302569], [-72.333842, -37.302595], [-72.333751, -37.302238], [-72.333513, -37.302278], [-72.333242, -37.302323]]]}, "properties": {"nombre": "Relleno Sanitario Los Angeles", "tipo": "Relleno Sanitario", "comuna": "Los Ángeles", "estado": "EN OPERACIÓN", "autorizacion": "RES EX 1895/2002", "rca": "EIA RES.EX 252/2002", "anio_cierre": "0.0"}}, {"type": "Feature", "geometry": {"type": "Polygon", "coordinates": [[[-72.965873, -36.762601], [-72.965614, -36.7658], [-72.965757, -36.767011], [-72.96552, -36.767353], [-72.965225, -36.767377], [-72.963386, -36.767501], [-72.962451, -36.767565], [-72.962142, -36.76765], [-72.961998, -36.767498], [-72.961663, -36.767571], [-72.9615, -36.766723], [-72.961131, -36.766476], [-72.960914, -36.765933], [-72.961032, -36.764076], [-72.961287, -36.763705], [-72.961991, -36.763411], [-72.962264, -36.762916], [-72.962412, -36.762618], [-72.962569, -36.76247], [-72.962685, -36.762393], [-72.962942, -36.762348], [-72.963398, -36.762393], [-72.964313, -36.762307], [-72.96489, -36.762047], [-72.96576, -36.761191], [-72.965976, -36.761322], [-72.966235, -36.76148], [-72.965873, -36.762601]]]}, "properties": {"nombre": "Relleno Sanitario Cemarc", "tipo": "Relleno Sanitario", "comuna": "Penco", "estado": "EN OPERACIÓN", "autorizacion": "RES. EX 3349/2006", "rca": "RES. EX 183/2004", "anio_cierre": "0.0"}}, {"type": "Feature", "geometry": {"type": "Polygon", "coordinates": [[[-73.340373, -37.799155], [-73.338854, -37.797556], [-73.344359, -37.796992], [-73.344577, -37.797193], [-73.340373, -37.799155]]]}, "properties": {"nombre": "Relleno Sanitario De Cañete", "tipo": "Vertedero", "comuna": "Cañete", "estado": "EN OPERACIÓN", "autorizacion": "ORD  N° 2.C 13/09/1996 4665", "rca": "NO", "anio_cierre": "0.0"}}, {"type": "Feature", "geometry": {"type": "Polygon", "coordinates": [[[-73.673571, -37.60963], [-73.673707, -37.610392], [-73.673769, -37.610679], [-73.673749, -37.610919], [-73.673804, -37.611234], [-73.673874, -37.611499], [-73.673951, -37.612024], [-73.674001, -37.612685], [-73.67412, -37.612885], [-73.674399, -37.613226], [-73.674122, -37.613343], [-73.673703, -37.613296], [-73.673465, -37.613178], [-73.673079, -37.612947], [-73.672921, -37.612685], [-73.67277, -37.612684], [-73.672597, -37.612748], [-73.672258, -37.612712], [-73.672068, -37.612508], [-73.67194, -37.61202], [-73.671683, -37.612023], [-73.67166, -37.612221], [-73.671354, -37.612283], [-73.671065, -37.611906], [-73.671202, -37.61169], [-73.671371, -37.61157], [-73.671383, -37.611471], [-73.671287, -37.611207], [-73.671212, -37.610858], [-73.671264, -37.610426], [-73.671432, -37.61013], [-73.67167, -37.609973], [-73.671994, -37.60977], [-73.672357, -37.609494], [-73.672651, -37.609377], [-73.672883, -37.609396], [-73.673571, -37.60963]]]}, "properties": {"nombre": "Vertedero Lebu", "tipo": "Basural", "comuna": "Lebu", "estado": "EN OPERACIÓN", "autorizacion": "NO", "rca": "NO", "anio_cierre": "0.0"}}, {"type": "Feature", "geometry": {"type": "Polygon", "coordinates": [[[-72.277551, -37.656044], [-72.276567, -37.656275], [-72.275148, -37.656864], [-72.274368, -37.657245], [-72.274292, -37.65722], [-72.274177, -37.657182], [-72.274154, -37.654074], [-72.277252, -37.65393], [-72.277551, -37.656044]]]}, "properties": {"nombre": "Vertedero Licura Mulchen", "tipo": "Vertedero", "comuna": "Mulchen", "estado": "EN OPERACIÓN", "autorizacion": "RES. EX 059/1998; 2623/2016", "rca": "NO", "anio_cierre": "2021.0"}}, {"type": "Feature", "geometry": {"type": "Polygon", "coordinates": [[[-72.856832, -36.864008], [-72.857705, -36.86331], [-72.857878, -36.863196], [-72.858134, -36.863236], [-72.858839, -36.86423], [-72.859112, -36.864317], [-72.859785, -36.86408], [-72.860103, -36.864177], [-72.860371, -36.86448], [-72.860553, -36.86512], [-72.860812, -36.865543], [-72.86082, -36.865698], [-72.860604, -36.866136], [-72.860264, -36.866494], [-72.860166, -36.866904], [-72.86104, -36.867115], [-72.861153, -36.867279], [-72.860819, -36.867745], [-72.860629, -36.867823], [-72.86001, -36.867963], [-72.859564, -36.867977], [-72.85942, -36.868078], [-72.859252, -36.868287], [-72.858827, -36.86842], [-72.858701, -36.868592], [-72.858355, -36.869106], [-72.858103, -36.869737], [-72.857885, -36.870127], [-72.857806, -36.870644], [-72.857679, -36.871067], [-72.857652, -36.871427], [-72.857556, -36.871586], [-72.857324, -36.871713], [-72.856882, -36.871823], [-72.856172, -36.871619], [-72.855714, -36.871406], [-72.855773, -36.871093], [-72.856167, -36.870626], [-72.856534, -36.870518], [-72.856649, -36.870155], [-72.855969, -36.86995], [-72.855992, -36.86953], [-72.856115, -36.869311], [-72.856345, -36.869135], [-72.856354, -36.868716], [-72.856437, -36.868295], [-72.856826, -36.868043], [-72.856809, -36.867708], [-72.856771, -36.867542], [-72.856171, -36.867154], [-72.8558, -36.866903], [-72.855086, -36.866615], [-72.854344, -36.866375], [-72.853978, -36.866208], [-72.853912, -36.86609], [-72.85433, -36.865514], [-72.854769, -36.865057], [-72.854992, -36.86475], [-72.855239, -36.864635], [-72.855533, -36.864553], [-72.85612, -36.864666], [-72.856832, -36.864008]]]}, "properties": {"nombre": "Relleno Sanitario Copiulemu", "tipo": "Relleno Sanitario", "comuna": "Florida", "estado": "EN OPERACIÓN", "autorizacion": "RES.EX 962/2001", "rca": "RCA 81/2000 EIA RES. EX 84/2009", "anio_cierre": "2021.0"}}, {"type": "Feature", "geometry": {"type": "Polygon", "coordinates": [[[-72.700051, -37.823029], [-72.700044, -37.823062], [-72.700638, -37.823139], [-72.701689, -37.82345], [-72.701626, -37.823543], [-72.70126, -37.82407], [-72.697934, -37.823729], [-72.697847, -37.823614], [-72.697878, -37.823081], [-72.697901, -37.822198], [-72.698011, -37.821523], [-72.700242, -37.821718], [-72.700385, -37.82173], [-72.700198, -37.822412], [-72.700051, -37.823029]]]}, "properties": {"nombre": "Vertedero Municipal De Angol", "tipo": "Vertedero", "comuna": "Angol", "estado": "EN OPERACIÓN", "autorizacion": "RES. EX 84406/1988", "rca": "NO", "anio_cierre": "2012.0"}}, {"type": "Feature", "geometry": {"type": "Polygon", "coordinates": [[[-73.147304, -38.654991], [-73.147598, -38.655171], [-73.147582, -38.655296], [-73.147125, -38.655605], [-73.145308, -38.655989], [-73.144952, -38.655403], [-73.145084, -38.654946], [-73.145764, -38.655068], [-73.146218, -38.655078], [-73.147304, -38.654991]]]}, "properties": {"nombre": "Relleno Sanitario De Carahue", "tipo": "Vertedero", "comuna": "Carahue", "estado": "EN OPERACIÓN", "autorizacion": "RES. EX 224717/1992", "rca": "NO", "anio_cierre": "2018.0"}}, {"type": "Feature", "geometry": {"type": "Polygon", "coordinates": [[[-72.047408, -38.925859], [-72.046375, -38.926227], [-72.045643, -38.924406], [-72.046613, -38.92411], [-72.04671, -38.92413], [-72.047408, -38.925859]]]}, "properties": {"nombre": "Vertedero De Cunco", "tipo": "Vertedero", "comuna": "Cunco", "estado": "EN OPERACIÓN", "autorizacion": "RES. EX 115/1991", "rca": "NO", "anio_cierre": "2019.0"}}, {"type": "Feature", "geometry": {"type": "Polygon", "coordinates": [[[-71.898518, -38.3774], [-71.897547, -38.37765], [-71.896732, -38.375598], [-71.897754, -38.375337], [-71.898518, -38.3774]]]}, "properties": {"nombre": "Vertedero De Curacautín", "tipo": "Vertedero", "comuna": "Curacautín", "estado": "EN OPERACIÓN", "autorizacion": "RES. EX 289/2003", "rca": "NO", "anio_cierre": "2019.0"}}, {"type": "Feature", "geometry": {"type": "Polygon", "coordinates": [[[-72.196406, -38.120863], [-72.195311, -38.121132], [-72.194976, -38.120267], [-72.19607, -38.119989], [-72.196406, -38.120863]]]}, "properties": {"nombre": "Vertedero De Ercilla", "tipo": "Vertedero", "comuna": "Ercilla", "estado": "EN OPERACIÓN", "autorizacion": "RES. EX 0751/1996", "rca": "NO", "anio_cierre": "2019.0"}}, {"type": "Feature", "geometry": {"type": "Polygon", "coordinates": [[[-72.425147, -39.073709], [-72.42254, -39.074662], [-72.420251, -39.070973], [-72.423572, -39.070151], [-72.425147, -39.073709]]]}, "properties": {"nombre": "Relleno Sanitario De Coipue", "tipo": "Relleno Manual", "comuna": "Freire", "estado": "EN OPERACIÓN", "autorizacion": "RES. EX 1902/2001", "rca": "EIA 010/1999", "anio_cierre": "2022.0"}}, {"type": "Feature", "geometry": {"type": "Polygon", "coordinates": [[[-72.755826, -39.036519], [-72.754942, -39.036797], [-72.754731, -39.036406], [-72.754207, -39.035135], [-72.753898, -39.034183], [-72.753942, -39.033149], [-72.754102, -39.033001], [-72.754146, -39.032549], [-72.754487, -39.032514], [-72.755826, -39.036519]]]}, "properties": {"nombre": "Vertedero De Gorbea", "tipo": "Vertedero", "comuna": "Gorbea", "estado": "EN OPERACIÓN", "autorizacion": "RES. EX 2097/2001", "rca": "RCA. RES. Nº46 DEL (24-03-2010)", "anio_cierre": "2010.0"}}, {"type": "Feature", "geometry": {"type": "Polygon", "coordinates": [[[-72.450218, -38.560037], [-72.450423, -38.559576], [-72.451491, -38.559901], [-72.451271, -38.560355], [-72.450218, -38.560037]]]}, "properties": {"nombre": "ESTACIÓN DE TRANSFERENCIA GERSA", "tipo": null, "comuna": null, "estado": null, "autorizacion": null, "rca": null, "anio_cierre": "0.0"}}, {"type": "Feature", "geometry": {"type": "Polygon", "coordinates": [[[-71.284055, -38.433424], [-71.283249, -38.433079], [-71.284646, -38.431065], [-71.285416, -38.431327], [-71.285461, -38.431379], [-71.284055, -38.433424]]]}, "properties": {"nombre": "Vertedero Municipal De Lonquimay", "tipo": "Basural", "comuna": "Lonquimay", "estado": "EN OPERACIÓN", "autorizacion": "NO", "rca": "NO", "anio_cierre": "2016.0"}}, {"type": "Feature", "geometry": {"type": "Polygon", "coordinates": [[[-72.762257, -39.009823], [-72.757892, -39.01066], [-72.757257, -39.008659], [-72.761531, -39.00783], [-72.762257, -39.009823]]]}, "properties": {"nombre": "Vertedero De Huallizada", "tipo": "Vertedero", "comuna": "Pitrufquén", "estado": "EN OPERACIÓN", "autorizacion": "RES.  2269 /1993", "rca": "RCA 45 2010", "anio_cierre": "2018.0"}}, {"type": "Feature", "geometry": {"type": "Polygon", "coordinates": [[[-71.851163, -39.322928], [-71.852705, -39.321795], [-71.855379, -39.324664], [-71.85171, -39.326197], [-71.850823, -39.325071], [-71.850187, -39.324291], [-71.850531, -39.324066], [-71.850385, -39.323817], [-71.851039, -39.323384], [-71.851163, -39.322928]]]}, "properties": {"nombre": "Vertedero Los Nevados", "tipo": "Vertedero", "comuna": "Pucón", "estado": "EN OPERACIÓN", "autorizacion": "RES. EX 183602/1996", "rca": "NO", "anio_cierre": "2019.0"}}, {"type": "Feature", "geometry": {"type": "Polygon", "coordinates": [[[-72.947178, -38.981628], [-72.949085, -38.981056], [-72.949261, -38.981478], [-72.947392, -38.9821], [-72.947178, -38.981628]]]}, "properties": {"nombre": "Vertedero Alberto Saez", "tipo": "Vertedero", "comuna": "Teodoro Schmidt", "estado": "EN OPERACIÓN", "autorizacion": "RES. N°2107 (05/06/96)", "rca": "NO", "anio_cierre": "2017.0"}}, {"type": "Feature", "geometry": {"type": "Polygon", "coordinates": [[[-73.470308, -42.49405], [-73.470922, -42.492887], [-73.472579, -42.494194], [-73.471757, -42.494584], [-73.470308, -42.49405]]]}, "properties": {"nombre": "Vertedero Municipal De Quinchao", "tipo": "Vertedero", "comuna": "Quinchao", "estado": "EN OPERACIÓN", "autorizacion": "RES.EX 1363/2001", "rca": "NO", "anio_cierre": "2012.0"}}, {"type": "Feature", "geometry": {"type": "Polygon", "coordinates": [[[-72.708983, -38.214215], [-72.70839, -38.217409], [-72.708232, -38.217414], [-72.707979, -38.216056], [-72.707072, -38.213776], [-72.708983, -38.214215]]]}, "properties": {"nombre": "Vertedero Municipal De Traiguén", "tipo": "Basural", "comuna": "Traiguén", "estado": "EN OPERACIÓN", "autorizacion": "NO", "rca": "NO", "anio_cierre": "2020.0"}}, {"type": "Feature", "geometry": {"type": "Polygon", "coordinates": [[[-73.150495, -39.190916], [-73.149973, -39.189465], [-73.15103, -39.188963], [-73.151464, -39.189378], [-73.151811, -39.189975], [-73.151691, -39.190201], [-73.151744, -39.190511], [-73.150495, -39.190916]]]}, "properties": {"nombre": "Vertedero Fundo Traiguen", "tipo": "Basural", "comuna": "Toltén", "estado": "EN OPERACIÓN", "autorizacion": "VENCIDA (2274/04)", "rca": "NO", "anio_cierre": "2022.0"}}, {"type": "Feature", "geometry": {"type": "Polygon", "coordinates": [[[-72.338629, -38.215123], [-72.338215, -38.215294], [-72.335514, -38.215822], [-72.335216, -38.213133], [-72.338317, -38.212546], [-72.338629, -38.215123]]]}, "properties": {"nombre": "Vertedero Municipal De Victoria", "tipo": "Relleno Sanitario", "comuna": "Victoria", "estado": "EN OPERACIÓN", "autorizacion": "RES. EX  271/1997", "rca": "RCA 228 2014", "anio_cierre": "2018.0"}}, {"type": "Feature", "geometry": {"type": "Polygon", "coordinates": [[[-72.281428, -38.67251], [-72.282284, -38.673138], [-72.283504, -38.673751], [-72.282376, -38.674827], [-72.281753, -38.674313], [-72.281569, -38.673429], [-72.281439, -38.673177], [-72.281019, -38.672871], [-72.281428, -38.67251]]]}, "properties": {"nombre": "Vertedero Municipal El Manzano", "tipo": "Vertedero", "comuna": "Vilcún", "estado": "EN OPERACIÓN", "autorizacion": "RES EX 26031/2009", "rca": "NO", "anio_cierre": "2018.0"}}, {"type": "Feature", "geometry": {"type": "Polygon", "coordinates": [[[-72.265527, -39.265548], [-72.262912, -39.258516], [-72.26295, -39.258463], [-72.264845, -39.258306], [-72.267438, -39.264574], [-72.265527, -39.265548]]]}, "properties": {"nombre": "Relleno Villarrica", "tipo": "Relleno Manual", "comuna": "Villarrica", "estado": "EN OPERACIÓN", "autorizacion": "RES. EX 2218/2000", "rca": "EIA 019/1999", "anio_cierre": "2023.0"}}, {"type": "Feature", "geometry": {"type": "Polygon", "coordinates": [[[-73.009256, -41.380242], [-72.999572, -41.377453], [-73.043846, -41.373269], [-73.033075, -41.37676], [-73.021909, -41.380208], [-73.021838, -41.380981], [-73.009256, -41.380242]]]}, "properties": {"nombre": "Relleno Sanitario La Laja", "tipo": "Relleno Sanitario", "comuna": "Puerto Varas", "estado": "EN OPERACIÓN", "autorizacion": "RES. EX 380/2016", "rca": "RCA 214/2009", "anio_cierre": "2036.0"}}, {"type": "Feature", "geometry": {"type": "Polygon", "coordinates": [[[-73.235659, -41.583612], [-73.237278, -41.581899], [-73.238388, -41.582096], [-73.23974, -41.583107], [-73.237238, -41.584681], [-73.235659, -41.583612]]]}, "properties": {"nombre": "Vertedero Industrial El Empalme", "tipo": "Vertedero", "comuna": "Maullín", "estado": "EN OPERACIÓN", "autorizacion": "RES. EX 1453/2000", "rca": "NO", "anio_cierre": "0.0"}}, {"type": "Feature", "geometry": {"type": "Polygon", "coordinates": [[[-73.642423, -42.347217], [-73.643789, -42.346369], [-73.645236, -42.347395], [-73.643501, -42.348473], [-73.642423, -42.347217]]]}, "properties": {"nombre": "Vertedero Municipal Dalcahue", "tipo": "Vertedero", "comuna": "Dalcahue", "estado": "EN OPERACIÓN", "autorizacion": "RES. EX 0125/1996", "rca": "NO", "anio_cierre": "2012.0"}}, {"type": "Feature", "geometry": {"type": "Polygon", "coordinates": [[[-73.726483, -41.854215], [-73.727395, -41.853171], [-73.728078, -41.853386], [-73.727473, -41.85473], [-73.726483, -41.854215]]]}, "properties": {"nombre": "Vertedero Municipal De Ancud", "tipo": "Basural", "comuna": "Ancud", "estado": "EN OPERACIÓN", "autorizacion": "NO", "rca": "NO", "anio_cierre": "2020.0"}}, {"type": "Feature", "geometry": {"type": "Polygon", "coordinates": [[[-72.597405, -42.980114], [-72.597626, -42.979209], [-72.599569, -42.978739], [-72.600396, -42.980366], [-72.597405, -42.980114]]]}, "properties": {"nombre": "Vertedero Municipal De Chaitén", "tipo": "Basural", "comuna": "Chaitén", "estado": "EN OPERACIÓN", "autorizacion": "NO", "rca": "NO", "anio_cierre": "2012.0"}}, {"type": "Feature", "geometry": {"type": "Polygon", "coordinates": [[[-73.840018, -42.626394], [-73.841419, -42.625102], [-73.844305, -42.626057], [-73.843118, -42.627381], [-73.840018, -42.626394]]]}, "properties": {"nombre": "Vertedero Municipal De Chonchi", "tipo": "Vertedero", "comuna": "Chonchi", "estado": "EN OPERACIÓN", "autorizacion": "RES.EX 0644/2004", "rca": "NO", "anio_cierre": "2012.0"}}, {"type": "Feature", "geometry": {"type": "Polygon", "coordinates": [[[-72.449784, -41.95098], [-72.450758, -41.951738], [-72.450321, -41.952207], [-72.450157, -41.952414], [-72.44979, -41.952392], [-72.448504, -41.95232], [-72.448351, -41.952071], [-72.44707, -41.952071], [-72.447137, -41.952192], [-72.446175, -41.952293], [-72.445916, -41.952027], [-72.445361, -41.952089], [-72.444796, -41.952113], [-72.444115, -41.952101], [-72.443922, -41.952068], [-72.443853, -41.951926], [-72.443927, -41.951683], [-72.444258, -41.951361], [-72.44462, -41.951116], [-72.445914, -41.950856], [-72.445964, -41.950815], [-72.446114, -41.950837], [-72.446423, -41.950756], [-72.446599, -41.950627], [-72.447093, -41.950573], [-72.447412, -41.950654], [-72.447603, -41.950642], [-72.447904, -41.950561], [-72.448067, -41.950518], [-72.448598, -41.950345], [-72.44886, -41.950268], [-72.449784, -41.95098]]]}, "properties": {"nombre": "Vertedero Municipal De Hualaihue", "tipo": "Basural", "comuna": "Hualaihue", "estado": "EN OPERACIÓN", "autorizacion": "NO", "rca": "NO", "anio_cierre": "2012.0"}}, {"type": "Feature", "geometry": {"type": "Polygon", "coordinates": [[[-73.483374, -42.853554], [-73.484455, -42.852875], [-73.485777, -42.852857], [-73.485376, -42.853752], [-73.483374, -42.853554]]]}, "properties": {"nombre": "Vertedero Municipal De Queilen", "tipo": "Vertedero", "comuna": "Queilén", "estado": "EN OPERACIÓN", "autorizacion": "RES. EX 124/1996", "rca": "NO", "anio_cierre": "2012.0"}}, {"type": "Feature", "geometry": {"type": "Polygon", "coordinates": [[[-73.646834, -43.116156], [-73.648669, -43.115007], [-73.649042, -43.11548], [-73.647073, -43.116393], [-73.646834, -43.116156]]]}, "properties": {"nombre": "Vertedero Municipal De Quellon", "tipo": "Basural", "comuna": "Quellón", "estado": "EN OPERACIÓN", "autorizacion": "NO", "rca": "NO", "anio_cierre": "0.0"}}, {"type": "Feature", "geometry": {"type": "Polygon", "coordinates": [[[-73.529566, -42.137841], [-73.529661, -42.137419], [-73.530484, -42.137402], [-73.530485, -42.137871], [-73.529566, -42.137841]]]}, "properties": {"nombre": "Vertedero Municipal De Quemchi", "tipo": "Basural", "comuna": "Quemchi", "estado": "EN OPERACIÓN", "autorizacion": "NO", "rca": "NO", "anio_cierre": "2012.0"}}, {"type": "Feature", "geometry": {"type": "Polygon", "coordinates": [[[-73.743162, -42.385813], [-73.745999, -42.384844], [-73.746524, -42.386579], [-73.745113, -42.387896], [-73.743162, -42.385813]]]}, "properties": {"nombre": "Vertedero Municipal Punahuel", "tipo": "Basural", "comuna": "Castro", "estado": "EN OPERACIÓN", "autorizacion": "NO", "rca": "NO", "anio_cierre": "0.0"}}, {"type": "Feature", "geometry": {"type": "Polygon", "coordinates": [[[-73.228098, -40.812785], [-73.22813, -40.814344], [-73.227255, -40.814386], [-73.22724, -40.812791], [-73.228098, -40.812785]]]}, "properties": {"nombre": "Vertedero Municipal Rio Negro", "tipo": "Basural", "comuna": "Río Negro", "estado": "EN OPERACIÓN", "autorizacion": "NO", "rca": "NO", "anio_cierre": "0.0"}}, {"type": "Feature", "geometry": {"type": "Polygon", "coordinates": [[[-71.944158, -43.260512], [-71.943758, -43.260817], [-71.942925, -43.260347], [-71.943331, -43.260086], [-71.944158, -43.260512]]]}, "properties": {"nombre": "Centro De Tratamiento Integral De Rsd De Futaleufú", "tipo": "Relleno Sanitario", "comuna": "Futaleufu", "estado": "EN OPERACIÓN", "autorizacion": "SI", "rca": "NO REQUIERE", "anio_cierre": "0.0"}}, {"type": "Feature", "geometry": {"type": "Polygon", "coordinates": [[[-71.81193, -43.620789], [-71.811835, -43.62077], [-71.811701, -43.620724], [-71.811595, -43.620702], [-71.811513, -43.62063], [-71.811483, -43.620563], [-71.811381, -43.620464], [-71.811205, -43.620392], [-71.811045, -43.620352], [-71.811102, -43.620196], [-71.811187, -43.620169], [-71.811619, -43.620172], [-71.811813, -43.620216], [-71.812031, -43.620222], [-71.812308, -43.62037], [-71.812108, -43.620752], [-71.81193, -43.620789]]]}, "properties": {"nombre": "Basural De Palena", "tipo": "Basural", "comuna": "Palena", "estado": "EN OPERACIÓN", "autorizacion": "NO", "rca": "NO", "anio_cierre": "0.0"}}, {"type": "Feature", "geometry": {"type": "Polygon", "coordinates": [[[-73.596419, -42.456297], [-73.597898, -42.456709], [-73.598327, -42.457214], [-73.596579, -42.45691], [-73.596575, -42.456546], [-73.596419, -42.456297]]]}, "properties": {"nombre": "Vertedero Municipal De Curaco De Velez", "tipo": "Vertedero", "comuna": "Curaco De Velez", "estado": "EN OPERACIÓN", "autorizacion": "RES. EX 0019/2004", "rca": "NO", "anio_cierre": "2009.0"}}, {"type": "Feature", "geometry": {"type": "Polygon", "coordinates": [[[-73.208852, -40.560781], [-73.208759, -40.557013], [-73.20989, -40.556535], [-73.209912, -40.556122], [-73.210466, -40.556089], [-73.210546, -40.555589], [-73.210879, -40.555322], [-73.211897, -40.554824], [-73.211995, -40.554603], [-73.213812, -40.553675], [-73.214779, -40.55387], [-73.215108, -40.554816], [-73.215325, -40.55573], [-73.215202, -40.556814], [-73.215057, -40.558044], [-73.214961, -40.558545], [-73.214777, -40.558903], [-73.214739, -40.559317], [-73.214646, -40.559599], [-73.214671, -40.559998], [-73.215101, -40.560007], [-73.215067, -40.560226], [-73.21483, -40.560514], [-73.214697, -40.560664], [-73.214208, -40.560985], [-73.214164, -40.561302], [-73.213723, -40.562119], [-73.213559, -40.562295], [-73.213281, -40.562426], [-73.213075, -40.562446], [-73.212109, -40.561996], [-73.211529, -40.561629], [-73.211461, -40.561304], [-73.211129, -40.561074], [-73.210487, -40.560976], [-73.209902, -40.560779], [-73.208852, -40.560781]]]}, "properties": {"nombre": "Vertedero Curaco", "tipo": "Vertedero", "comuna": "Osorno", "estado": "EN OPERACIÓN", "autorizacion": "RES. EX 442/1987", "rca": "NO", "anio_cierre": "2011.0"}}, {"type": "Feature", "geometry": {"type": "Polygon", "coordinates": [[[-73.602058, -42.61425], [-73.601291, -42.614623], [-73.601066, -42.614466], [-73.600822, -42.61406], [-73.600302, -42.61296], [-73.600748, -42.6129], [-73.600924, -42.61282], [-73.602058, -42.61425]]]}, "properties": {"nombre": "Vertedero Municipal Puqueldón", "tipo": "Vertedero", "comuna": "Puqueldón", "estado": "EN OPERACIÓN", "autorizacion": "RES. EX 1558/1990", "rca": "NO", "anio_cierre": "0.0"}}, {"type": "Feature", "geometry": {"type": "Polygon", "coordinates": [[[-72.563042, -45.385653], [-72.561898, -45.384351], [-72.563044, -45.383232], [-72.5647, -45.382448], [-72.566826, -45.382332], [-72.568083, -45.382808], [-72.566328, -45.384094], [-72.563826, -45.384959], [-72.563042, -45.385653]]]}, "properties": {"nombre": "Elemento 111", "tipo": null, "comuna": null, "estado": null, "autorizacion": null, "rca": null, "anio_cierre": "0.0"}}, {"type": "Feature", "geometry": {"type": "Polygon", "coordinates": [[[-71.955607, -45.564842], [-71.953015, -45.567952], [-71.946879, -45.565068], [-71.947799, -45.564045], [-71.950036, -45.563933], [-71.951014, -45.562306], [-71.955607, -45.564842]]]}, "properties": {"nombre": "Centro De Manejo De Residuos Coyhaique - Cemarc", "tipo": "Relleno Sanitario", "comuna": "Coyhaique", "estado": "EN OPERACIÓN", "autorizacion": "RES. EX 2001/2011", "rca": "RCA 747/2003  RCA 51/2010", "anio_cierre": "2040.0"}}, {"type": "Feature", "geometry": {"type": "Polygon", "coordinates": [[[-72.563042, -45.385653], [-72.562515, -45.386154], [-72.56194, -45.386451], [-72.561312, -45.386541], [-72.559975, -45.385564], [-72.561898, -45.384351], [-72.563042, -45.385653]]]}, "properties": {"nombre": "Vertedero Municipal Puerto Aysen", "tipo": "Vertedero", "comuna": "Aysén", "estado": "EN OPERACIÓN", "autorizacion": "RES. EX 25/1993", "rca": "NO", "anio_cierre": "2012.0"}}, {"type": "Feature", "geometry": {"type": "Polygon", "coordinates": [[[-72.683561, -46.841041], [-72.682134, -46.840091], [-72.682653, -46.839656], [-72.684089, -46.840446], [-72.683561, -46.841041]]]}, "properties": {"nombre": "Vertedero  Puerto Guadal", "tipo": "Basural", "comuna": "Chile Chico", "estado": "EN OPERACIÓN", "autorizacion": "NO", "rca": "NO", "anio_cierre": "0.0"}}, {"type": "Feature", "geometry": {"type": "Polygon", "coordinates": [[[-72.445378, -46.702081], [-72.444346, -46.7014], [-72.443659, -46.700878], [-72.443823, -46.700599], [-72.44389, -46.700132], [-72.444088, -46.699755], [-72.444328, -46.699611], [-72.44481, -46.699764], [-72.445168, -46.699773], [-72.44558, -46.699819], [-72.445824, -46.699906], [-72.44616, -46.699919], [-72.446239, -46.699999], [-72.446046, -46.700356], [-72.445972, -46.700882], [-72.445681, -46.701755], [-72.445378, -46.702081]]]}, "properties": {"nombre": "Vertedero Mallín Grande", "tipo": "Basural", "comuna": "Chile Chico", "estado": "EN OPERACIÓN", "autorizacion": "NO", "rca": "NO", "anio_cierre": "0.0"}}, {"type": "Feature", "geometry": {"type": "Polygon", "coordinates": [[[-72.80417, -46.9959], [-72.803321, -46.995205], [-72.803742, -46.994945], [-72.804557, -46.995555], [-72.80417, -46.9959]]]}, "properties": {"nombre": "Vertedero Puerto Bertrand", "tipo": "Vertedero", "comuna": "Chile Chico", "estado": "EN OPERACIÓN", "autorizacion": "RES. EX 8/1997", "rca": "NO", "anio_cierre": "0.0"}}, {"type": "Feature", "geometry": {"type": "Polygon", "coordinates": [[[-72.599328, -44.749332], [-72.597785, -44.749037], [-72.598349, -44.747967], [-72.599979, -44.748686], [-72.599328, -44.749332]]]}, "properties": {"nombre": "Vertedero Municipal Cisnes", "tipo": "Vertedero", "comuna": "Cisnes", "estado": "EN OPERACIÓN", "autorizacion": "RES. EX 611/2006", "rca": "NO", "anio_cierre": "0.0"}}, {"type": "Feature", "geometry": {"type": "Polygon", "coordinates": [[[-72.431177, -43.973281], [-72.430058, -43.972873], [-72.430721, -43.972124], [-72.431825, -43.972542], [-72.431177, -43.973281]]]}, "properties": {"nombre": "Vertedero Municipal La Junta", "tipo": "Vertedero", "comuna": "Cisnes", "estado": "EN OPERACIÓN", "autorizacion": "RES. EX 206/1999", "rca": "NO", "anio_cierre": "0.0"}}, {"type": "Feature", "geometry": {"type": "Polygon", "coordinates": [[[-72.955739, -43.785597], [-72.955011, -43.78532], [-72.955697, -43.784805], [-72.956367, -43.785145], [-72.955739, -43.785597]]]}, "properties": {"nombre": "Vertedero Municipal Puerto Raul Marin", "tipo": "Vertedero", "comuna": "Cisnes", "estado": "EN OPERACIÓN", "autorizacion": "RES. EX 597/2004", "rca": "NO", "anio_cierre": "0.0"}}, {"type": "Feature", "geometry": {"type": "Polygon", "coordinates": [[[-72.593345, -47.252084], [-72.592149, -47.251844], [-72.592088, -47.251769], [-72.592073, -47.25169], [-72.592119, -47.251609], [-72.592178, -47.251515], [-72.592263, -47.251445], [-72.592275, -47.251356], [-72.5923, -47.25124], [-72.592392, -47.251148], [-72.592472, -47.251082], [-72.592494, -47.250995], [-72.592443, -47.250866], [-72.592459, -47.250754], [-72.592488, -47.250699], [-72.592619, -47.250698], [-72.592626, -47.250666], [-72.592595, -47.250476], [-72.59264, -47.250385], [-72.592943, -47.250229], [-72.593099, -47.250183], [-72.593461, -47.250206], [-72.59362, -47.250619], [-72.593845, -47.250621], [-72.593915, -47.250689], [-72.594184, -47.250658], [-72.594266, -47.251379], [-72.594457, -47.251778], [-72.594754, -47.252097], [-72.594513, -47.252194], [-72.593582, -47.252137], [-72.593345, -47.252084]]]}, "properties": {"nombre": "Vertedero Municipal De Cochrane", "tipo": "Basural", "comuna": "Cochrane", "estado": "EN OPERACIÓN", "autorizacion": "NO", "rca": "NO", "anio_cierre": "2017.0"}}, {"type": "Feature", "geometry": {"type": "Polygon", "coordinates": [[[-73.78742, -43.88752], [-73.787405, -43.887555], [-73.787359, -43.887583], [-73.78729, -43.887611], [-73.787147, -43.88763], [-73.786922, -43.887467], [-73.78611, -43.887288], [-73.785773, -43.887264], [-73.785841, -43.886305], [-73.786297, -43.886266], [-73.78747, -43.88623], [-73.78742, -43.88752]]]}, "properties": {"nombre": "Relleno Sanitario Melinka", "tipo": "Basural", "comuna": "Guaitecas", "estado": "EN OPERACIÓN", "autorizacion": "NO", "rca": "NO", "anio_cierre": "0.0"}}, {"type": "Feature", "geometry": {"type": "Polygon", "coordinates": [[[-72.212586, -44.746119], [-72.212471, -44.746075], [-72.212269, -44.745819], [-72.212475, -44.745663], [-72.213001, -44.745945], [-72.212586, -44.746119]]]}, "properties": {"nombre": "Elemento 122", "tipo": null, "comuna": null, "estado": null, "autorizacion": null, "rca": null, "anio_cierre": "0.0"}}, {"type": "Feature", "geometry": {"type": "Polygon", "coordinates": [[[-72.555098, -48.478383], [-72.553241, -48.478267], [-72.554655, -48.477562], [-72.554847, -48.477563], [-72.555616, -48.477491], [-72.555098, -48.478383]]]}, "properties": {"nombre": "Relleno Sanitario Villa O´Higgins", "tipo": "Relleno Sanitario", "comuna": "O'Higgins", "estado": "EN OPERACIÓN", "autorizacion": "SI", "rca": "SI", "anio_cierre": "0.0"}}, {"type": "Feature", "geometry": {"type": "Polygon", "coordinates": [[[-72.678835, -46.450324], [-72.67839, -46.449948], [-72.678856, -46.449609], [-72.679337, -46.449999], [-72.678835, -46.450324]]]}, "properties": {"nombre": "Vertedero Bahia Murta", "tipo": "Basural", "comuna": "Río Ibáñez", "estado": "EN OPERACIÓN", "autorizacion": "NO", "rca": "NO", "anio_cierre": "0.0"}}, {"type": "Feature", "geometry": {"type": "Polygon", "coordinates": [[[-71.681708, -46.577236], [-71.682689, -46.575485], [-71.683411, -46.575265], [-71.684, -46.575415], [-71.685067, -46.576192], [-71.684466, -46.578294], [-71.681708, -46.577236]]]}, "properties": {"nombre": "Vertedero Chile Chico", "tipo": "Basural", "comuna": "Chile Chico", "estado": "EN OPERACIÓN", "autorizacion": "NO", "rca": "NO", "anio_cierre": "0.0"}}, {"type": "Feature", "geometry": {"type": "Polygon", "coordinates": [[[-71.848111, -44.245731], [-71.847354, -44.246331], [-71.847038, -44.246546], [-71.846934, -44.246556], [-71.846664, -44.24655], [-71.846525, -44.246446], [-71.846333, -44.246404], [-71.846314, -44.246351], [-71.846385, -44.246322], [-71.846314, -44.246284], [-71.846018, -44.246239], [-71.845783, -44.246254], [-71.845648, -44.246235], [-71.846197, -44.246033], [-71.846389, -44.246011], [-71.846415, -44.246004], [-71.846831, -44.245909], [-71.847305, -44.245821], [-71.847581, -44.245773], [-71.84786, -44.245736], [-71.848014, -44.24572], [-71.848111, -44.245731]]]}, "properties": {"nombre": "Vertedero Lago Verde", "tipo": "Basural", "comuna": "Lago Verde", "estado": "EN OPERACIÓN", "autorizacion": "NO", "rca": "NO", "anio_cierre": "0.0"}}, {"type": "Feature", "geometry": {"type": "Polygon", "coordinates": [[[-71.672638, -44.641925], [-71.671781, -44.641219], [-71.67244, -44.640018], [-71.673098, -44.640049], [-71.672638, -44.641925]]]}, "properties": {"nombre": "Vertedero La Tapera", "tipo": "Vertedero", "comuna": "Lago Verde", "estado": "EN OPERACIÓN", "autorizacion": "331/2011", "rca": "NO", "anio_cierre": "2036.0"}}, {"type": "Feature", "geometry": {"type": "Polygon", "coordinates": [[[-71.94353, -46.261494], [-71.944232, -46.261223], [-71.945197, -46.260825], [-71.946372, -46.260348], [-71.946752, -46.260197], [-71.946897, -46.260322], [-71.946704, -46.26041], [-71.946786, -46.26049], [-71.946147, -46.260714], [-71.945767, -46.260977], [-71.945434, -46.261122], [-71.945332, -46.261332], [-71.943903, -46.261874], [-71.94353, -46.261494]]]}, "properties": {"nombre": "Relleno Sanitario Puerto Ibañez", "tipo": "Relleno Sanitario", "comuna": "Río Ibáñez", "estado": "EN OPERACIÓN", "autorizacion": "RES EX 368/2007", "rca": "RCA 287 2002", "anio_cierre": "2037.0"}}, {"type": "Feature", "geometry": {"type": "Polygon", "coordinates": [[[-67.586516, -54.936548], [-67.589191, -54.936822], [-67.590794, -54.937407], [-67.591293, -54.938329], [-67.587845, -54.939619], [-67.585384, -54.939887], [-67.586516, -54.936548]]]}, "properties": {"nombre": "Vertedero Municipal De Cabo De Hornos", "tipo": "Basural", "comuna": "Cabo De Hornos", "estado": "EN OPERACIÓN", "autorizacion": "NO", "rca": "NO", "anio_cierre": "0.0"}}, {"type": "Feature", "geometry": {"type": "Polygon", "coordinates": [[[-72.396444, -51.731794], [-72.400516, -51.733665], [-72.400773, -51.734538], [-72.396239, -51.73647], [-72.393036, -51.735051], [-72.391718, -51.736173], [-72.390431, -51.735591], [-72.393481, -51.732994], [-72.396444, -51.731794]]]}, "properties": {"nombre": "Elemento 130", "tipo": null, "comuna": null, "estado": null, "autorizacion": null, "rca": null, "anio_cierre": "0.0"}}, {"type": "Feature", "geometry": {"type": "Polygon", "coordinates": [[[-70.344067, -53.300397], [-70.346219, -53.3044], [-70.342341, -53.305154], [-70.339302, -53.300136], [-70.344067, -53.300397]]]}, "properties": {"nombre": "Vertedero Municipal De Porvenir", "tipo": "Basural", "comuna": "Porvenir", "estado": "EN OPERACIÓN", "autorizacion": "NO", "rca": "NO", "anio_cierre": "0.0"}}, {"type": "Feature", "geometry": {"type": "Polygon", "coordinates": [[[-69.2741, -52.77517], [-69.272549, -52.774342], [-69.272448, -52.7742], [-69.272521, -52.774078], [-69.272764, -52.774028], [-69.272899, -52.774041], [-69.273173, -52.774166], [-69.274167, -52.77467], [-69.274389, -52.774772], [-69.2741, -52.77517]]]}, "properties": {"nombre": "Vertedero Municipal De Primavera", "tipo": "Basural", "comuna": "Primavera", "estado": "EN OPERACIÓN", "autorizacion": "NO", "rca": "NO", "anio_cierre": "0.0"}}, {"type": "Feature", "geometry": {"type": "Polygon", "coordinates": [[[-69.695693, -53.65017], [-69.695563, -53.650052], [-69.695535, -53.649992], [-69.69552, -53.649889], [-69.695581, -53.649826], [-69.695712, -53.64973], [-69.696395, -53.649708], [-69.696523, -53.649723], [-69.696871, -53.649807], [-69.696576, -53.650223], [-69.695693, -53.65017]]]}, "properties": {"nombre": "Vertedero Timaukel", "tipo": "Basural", "comuna": "Timaukel", "estado": "EN OPERACIÓN", "autorizacion": "NO", "rca": "NO", "anio_cierre": "0.0"}}, {"type": "Feature", "geometry": {"type": "Polygon", "coordinates": [[[-72.490191, -51.857183], [-72.488214, -51.857654], [-72.487673, -51.857446], [-72.487478, -51.857347], [-72.487142, -51.857273], [-72.486643, -51.85718], [-72.485968, -51.856907], [-72.485757, -51.856853], [-72.485581, -51.856754], [-72.486398, -51.855692], [-72.487958, -51.855938], [-72.48901, -51.856147], [-72.489452, -51.856254], [-72.4905, -51.856408], [-72.490191, -51.857183]]]}, "properties": {"nombre": "Vertedero Natales", "tipo": "Basural", "comuna": "Puerto Natales", "estado": "EN OPERACIÓN", "autorizacion": "NO", "rca": "NO", "anio_cierre": "0.0"}}, {"type": "Feature", "geometry": {"type": "Polygon", "coordinates": [[[-74.390609, -49.117066], [-74.390537, -49.117098], [-74.390482, -49.117035], [-74.390544, -49.117016], [-74.390609, -49.117066]]]}, "properties": {"nombre": "Vertedero Puerto Edén", "tipo": "Basural", "comuna": "Puerto Natales", "estado": "EN OPERACIÓN", "autorizacion": "NO", "rca": "NO", "anio_cierre": "0.0"}}, {"type": "Feature", "geometry": {"type": "Polygon", "coordinates": [[[-71.019011, -53.225534], [-71.022425, -53.224896], [-71.023338, -53.226306], [-71.024348, -53.228513], [-71.024894, -53.229821], [-71.025497, -53.231092], [-71.02594, -53.231943], [-71.025795, -53.232284], [-71.025583, -53.232469], [-71.024951, -53.232745], [-71.024489, -53.232765], [-71.02437, -53.232804], [-71.024213, -53.232903], [-71.023893, -53.232945], [-71.02357, -53.232938], [-71.022989, -53.233008], [-71.022345, -53.232161], [-71.02246, -53.231615], [-71.021518, -53.230435], [-71.019011, -53.225534]]]}, "properties": {"nombre": "Vertedero Municipal Leñadura", "tipo": "Vertedero", "comuna": "Punta Arenas", "estado": "EN OPERACIÓN", "autorizacion": "RES. EX 629/2009", "rca": "NO", "anio_cierre": "2022.0"}}, {"type": "Feature", "geometry": {"type": "Polygon", "coordinates": [[[-72.335101, -51.254958], [-72.335906, -51.253826], [-72.337389, -51.253991], [-72.336064, -51.254941], [-72.335101, -51.254958]]]}, "properties": {"nombre": "Vertedero Cerro Castillo", "tipo": "Basural", "comuna": "Torres Del Payne", "estado": "EN OPERACIÓN", "autorizacion": "NO", "rca": "NO", "anio_cierre": "0.0"}}, {"type": "Feature", "geometry": {"type": "Polygon", "coordinates": [[[-70.877673, -33.523177], [-70.87781, -33.528994], [-70.866765, -33.5291], [-70.86706, -33.523312], [-70.877673, -33.523177]]]}, "properties": {"nombre": "Relleno Sanitario Santiago Poniente", "tipo": "Relleno Sanitario", "comuna": "Maipú", "estado": "EN OPERACIÓN", "autorizacion": "RES. EX 34944/2014 RES. EX. N°2714", "rca": "RCA 179/2001", "anio_cierre": "2032.0"}}, {"type": "Feature", "geometry": {"type": "Polygon", "coordinates": [[[-71.318237, -33.80906], [-71.316895, -33.810529], [-71.314563, -33.808475], [-71.31427, -33.808698], [-71.31399, -33.808454], [-71.315375, -33.807234], [-71.315949, -33.807285], [-71.316385, -33.807765], [-71.318237, -33.80906]]]}, "properties": {"nombre": "Vertedero Municipal De Popeta", "tipo": "Vertedero", "comuna": "Melipilla", "estado": "EN OPERACIÓN", "autorizacion": "RES. EX 12986/2002 RES. EX 86.395/2011", "rca": "NO", "anio_cierre": "2015.0"}}, {"type": "Feature", "geometry": {"type": "Polygon", "coordinates": [[[-70.700059, -33.371967], [-70.700277, -33.370199], [-70.702447, -33.369841], [-70.701968, -33.372044], [-70.701847, -33.372107], [-70.701267, -33.372057], [-70.700552, -33.371957], [-70.700059, -33.371967]]]}, "properties": {"nombre": "Elemento 140", "tipo": null, "comuna": null, "estado": null, "autorizacion": null, "rca": null, "anio_cierre": "0.0"}}, {"type": "Feature", "geometry": {"type": "Polygon", "coordinates": [[[-70.723975, -33.56212], [-70.723755, -33.561614], [-70.724679, -33.561361], [-70.724909, -33.56182], [-70.723975, -33.56212]]]}, "properties": {"nombre": "Elemento 141", "tipo": null, "comuna": null, "estado": null, "autorizacion": null, "rca": null, "anio_cierre": "0.0"}}, {"type": "Feature", "geometry": {"type": "Polygon", "coordinates": [[[-70.803615, -33.713042], [-70.790419, -33.696371], [-70.794978, -33.684392], [-70.810904, -33.696542], [-70.811049, -33.702661], [-70.803615, -33.713042]]]}, "properties": {"nombre": "Relleno Sanitario Santa Marta", "tipo": "Relleno Sanitario", "comuna": "Talagante", "estado": "EN OPERACIÓN", "autorizacion": "RES. EX 9813/2002", "rca": "RCA 433/2001 RCA 076/2012", "anio_cierre": "2028.0"}}, {"type": "Feature", "geometry": {"type": "Polygon", "coordinates": [[[-70.808854, -32.957692], [-70.805092, -32.958308], [-70.803353, -32.958608], [-70.802165, -32.959393], [-70.800683, -32.959842], [-70.799268, -32.960424], [-70.797738, -32.961649], [-70.796069, -32.962235], [-70.794071, -32.963788], [-70.793034, -32.964284], [-70.791255, -32.964149], [-70.791547, -32.950348], [-70.800452, -32.950032], [-70.803345, -32.950365], [-70.804963, -32.950395], [-70.805864, -32.951024], [-70.810417, -32.951894], [-70.810238, -32.952458], [-70.808861, -32.95336], [-70.808914, -32.955953], [-70.808854, -32.957692]]]}, "properties": {"nombre": "Relleno Sanitario Loma Los Colorados", "tipo": "Relleno Sanitario", "comuna": "Til Til", "estado": "EN OPERACIÓN", "autorizacion": "RES. EX 9979/2001", "rca": "RCA 990/1995", "anio_cierre": "2045.0"}}, {"type": "Feature", "geometry": {"type": "Polygon", "coordinates": [[[-73.136788, -39.980642], [-73.136689, -39.981018], [-73.135958, -39.981625], [-73.135283, -39.982281], [-73.135014, -39.982509], [-73.133664, -39.983127], [-73.133308, -39.983264], [-73.13296, -39.981069], [-73.134144, -39.980374], [-73.134844, -39.979695], [-73.13616, -39.979617], [-73.136788, -39.980642]]]}, "properties": {"nombre": "Vertedero De Morrompulli", "tipo": "Vertedero", "comuna": "Valdivia", "estado": "EN OPERACIÓN", "autorizacion": "RES. EX 748/2004", "rca": "EIA. RES. EX 563/2002", "anio_cierre": "2021.0"}}, {"type": "Feature", "geometry": {"type": "Polygon", "coordinates": [[[-72.835917, -40.329078], [-72.835886, -40.332336], [-72.828399, -40.331109], [-72.82873, -40.328174], [-72.835917, -40.329078]]]}, "properties": {"nombre": "Vertedero Cachillahue", "tipo": "Basural", "comuna": "Río Bueno", "estado": "EN OPERACIÓN", "autorizacion": "NO", "rca": "NO", "anio_cierre": "0.0"}}, {"type": "Feature", "geometry": {"type": "Polygon", "coordinates": [[[-72.667022, -40.046373], [-72.655891, -40.049037], [-72.655125, -40.047069], [-72.66014, -40.044825], [-72.665738, -40.043407], [-72.667022, -40.046373]]]}, "properties": {"nombre": "Vertedero Intercomunal Paillaco - Futrono", "tipo": "Vertedero", "comuna": "Paillaco", "estado": "EN OPERACIÓN", "autorizacion": "RES. EX 1129/2003; RES EX 270/2007", "rca": "DIA. RES. EX 454/2000", "anio_cierre": "2018.0"}}, {"type": "Feature", "geometry": {"type": "Polygon", "coordinates": [[[-70.256335, -18.462677], [-70.252877, -18.464231], [-70.250107, -18.465057], [-70.24911, -18.465105], [-70.248068, -18.464987], [-70.2469, -18.465388], [-70.244589, -18.466707], [-70.242319, -18.467591], [-70.241412, -18.468218], [-70.241215, -18.467888], [-70.241299, -18.467453], [-70.241989, -18.466931], [-70.242808, -18.466305], [-70.244279, -18.465716], [-70.24503, -18.464718], [-70.246025, -18.464318], [-70.248621, -18.463452], [-70.249984, -18.463092], [-70.252585, -18.462826], [-70.255698, -18.461502], [-70.256335, -18.462677]]]}, "properties": {"nombre": "Vertedero Quebrada Encantada", "tipo": "Vertedero", "comuna": "Arica", "estado": "EN OPERACIÓN", "autorizacion": "NO", "rca": "NO", "anio_cierre": "2054.0"}}, {"type": "Feature", "geometry": {"type": "Polygon", "coordinates": [[[-69.930217, -18.910196], [-69.930092, -18.915136], [-69.929711, -18.915247], [-69.92601, -18.915301], [-69.925626, -18.914904], [-69.925418, -18.911709], [-69.925758, -18.911127], [-69.930217, -18.910196]]]}, "properties": {"nombre": "Relleno Sanitario Camarones", "tipo": "Relleno Sanitario", "comuna": "Camarones", "estado": "EN OPERACIÓN", "autorizacion": "SI", "rca": "SI", "anio_cierre": "2037.0"}}, {"type": "Feature", "geometry": {"type": "Polygon", "coordinates": [[[-69.539889, -17.640028], [-69.53975, -17.640215], [-69.539629, -17.640419], [-69.539157, -17.640192], [-69.539429, -17.639821], [-69.539526, -17.639864], [-69.539889, -17.640028]]]}, "properties": {"nombre": "Vertedero General Lagos", "tipo": "Basural", "comuna": "General Lagos", "estado": "EN OPERACIÓN", "autorizacion": "NO", "rca": "NO", "anio_cierre": "0.0"}}, {"type": "Feature", "geometry": {"type": "Polygon", "coordinates": [[[-72.165773, -36.697402], [-72.16435, -36.693959], [-72.179795, -36.691443], [-72.180666, -36.694901], [-72.173522, -36.695997], [-72.165773, -36.697402]]]}, "properties": {"nombre": "Relleno Sanitario Fundo Las Cruces", "tipo": "Relleno Sanitario", "comuna": "Chillán Viejo", "estado": "EN OPERACIÓN", "autorizacion": "RES. EX 627/2002 RES. EX 7 430/2005", "rca": "RES. EX 337/1999", "anio_cierre": "2032.0"}}, {"type": "Feature", "geometry": {"type": "Point", "coordinates": [-70.090209, -20.234435]}, "properties": {"nombre": "Vertedero Municipal El Boro", "tipo": "Vertedero", "comuna": "Alto Hospicio", "estado": "EN OPERACIÓN", "autorizacion": "NO", "rca": "RCA 85/1999"}}, {"type": "Feature", "geometry": {"type": "Point", "coordinates": [-69.625483, -19.427756]}, "properties": {"nombre": "Relleno Sanitario Camiña", "tipo": "Relleno Manual", "comuna": "Camiña", "estado": "EN OPERACIÓN", "autorizacion": "RES EX 711/2004", "rca": "RCA 026/2003"}}, {"type": "Feature", "geometry": {"type": "Point", "coordinates": [-69.780288, -20.011888]}, "properties": {"nombre": "Basural De Huara", "tipo": "Basural", "comuna": "Huara", "estado": "EN OPERACIÓN", "autorizacion": "NO", "rca": "NO"}}, {"type": "Feature", "geometry": {"type": "Point", "coordinates": [-69.26904, -20.508172]}, "properties": {"nombre": "Relleno Sanitario Manual De Pica", "tipo": "Relleno Manual", "comuna": "Pica", "estado": "EN OPERACIÓN", "autorizacion": "RES. EX 1018/2001", "rca": "RCA 03/2005"}}, {"type": "Feature", "geometry": {"type": "Point", "coordinates": [-69.709812, -20.263774]}, "properties": {"nombre": "Vertedero Municipal Pozo Almonte", "tipo": "Vertedero", "comuna": "Pozo Almonte", "estado": "EN OPERACIÓN", "autorizacion": "NO", "rca": "RCA 137/2003"}}, {"type": "Feature", "geometry": {"type": "Point", "coordinates": [-70.38, -23.548673]}, "properties": {"nombre": "Vertedero De La Chimba", "tipo": "Vertedero", "comuna": "Antofagasta", "estado": "EN OPERACIÓN", "autorizacion": "RES. EX.1942/2009", "rca": "NO"}}, {"type": "Feature", "geometry": {"type": "Point", "coordinates": [-68.351331, -22.273505]}, "properties": {"nombre": "Relleno Sanitario Manual, Ayquina", "tipo": "Relleno Manual", "comuna": "Calama", "estado": "EN OPERACIÓN", "autorizacion": "RES. SEREMI SALUD", "rca": "NO REQUIERE RCA"}}, {"type": "Feature", "geometry": {"type": "Point", "coordinates": [-68.618116, -22.330424]}, "properties": {"nombre": "Relleno Sanitario Manual, Chiu-Chiu", "tipo": "Relleno Manual", "comuna": "Calama", "estado": "EN OPERACIÓN", "autorizacion": "RES. EX. 805/2006", "rca": "NO REQUIERE RCA"}}, {"type": "Feature", "geometry": {"type": "Point", "coordinates": [-68.163531, -22.250115]}, "properties": {"nombre": "Relleno Sanitario Manual, Toconce", "tipo": "Relleno Manual", "comuna": "Calama", "estado": "EN OPERACIÓN", "autorizacion": "RES. SEREMI SALUD", "rca": "NO REQUIERE RCA"}}, {"type": "Feature", "geometry": {"type": "Point", "coordinates": [-68.842428, -22.550965]}, "properties": {"nombre": "Relleno Sanitario Cerro Colorado", "tipo": "Relleno Sanitario", "comuna": "Calama", "estado": "EN OPERACIÓN", "autorizacion": "RES. EX 11/1999 RES. EX. 3055/2001", "rca": "RCA 95/1999 RCA 89/2017"}}, {"type": "Feature", "geometry": {"type": "Point", "coordinates": [-68.229868, -22.342921]}, "properties": {"nombre": "Basural De Caspana", "tipo": "Basural", "comuna": "Calama", "estado": "EN OPERACIÓN", "autorizacion": "NO", "rca": "NO"}}, {"type": "Feature", "geometry": {"type": "Point", "coordinates": [-70.415229, -23.126823]}, "properties": {"nombre": "Vertedero Municipal De Mejillones", "tipo": "Vertedero", "comuna": "Mejillones", "estado": "EN OPERACIÓN", "autorizacion": "RES. EX 5741/2003", "rca": "NO"}}, {"type": "Feature", "geometry": {"type": "Point", "coordinates": [-68.241307, -21.24016]}, "properties": {"nombre": "Relleno Sanitario Manual De Ollague", "tipo": "Relleno Manual", "comuna": "Ollagüe", "estado": "EN OPERACIÓN", "autorizacion": "RES. EX 384/2006", "rca": "NO REQUIERE RCA"}}, {"type": "Feature", "geometry": {"type": "Point", "coordinates": [-68.112272, -22.899029]}, "properties": {"nombre": "Vertedero Municipal De Spa", "tipo": "Vertedero", "comuna": "San Pedro De Atacama", "estado": "EN OPERACIÓN", "autorizacion": "RES. EX 071/2000", "rca": "RCA 0121/1999"}}, {"type": "Feature", "geometry": {"type": "Point", "coordinates": [-69.309622, -22.899005]}, "properties": {"nombre": "Vertedero Municipal De Sierra Gorda", "tipo": "Vertedero", "comuna": "Sierra Gorda", "estado": "EN OPERACIÓN", "autorizacion": "RES. EX. 3236/2004", "rca": "NO"}}, {"type": "Feature", "geometry": {"type": "Point", "coordinates": [-69.83156, -23.314049]}, "properties": {"nombre": "Vertedero Municipal De Baquedano", "tipo": "Basural", "comuna": "Sierra Gorda", "estado": "EN OPERACIÓN", "autorizacion": "NO", "rca": "NO"}}, {"type": "Feature", "geometry": {"type": "Point", "coordinates": [-70.442585, -25.44326]}, "properties": {"nombre": "Vertedero De Taltal", "tipo": "Vertedero", "comuna": "Taltal", "estado": "EN OPERACIÓN", "autorizacion": "NO", "rca": "RCA 0120/2004"}}, {"type": "Feature", "geometry": {"type": "Point", "coordinates": [-70.066199, -22.098564]}, "properties": {"nombre": "Relleno Sanitario Quebrada Ancha", "tipo": "Relleno Sanitario", "comuna": "Tocopilla", "estado": "EN OPERACIÓN", "autorizacion": "RES. EX 341/2014", "rca": "RCA 342/2009"}}, {"type": "Feature", "geometry": {"type": "Point", "coordinates": [-70.760805, -27.065138]}, "properties": {"nombre": "Relleno Sanitario Cerro Montevideo", "tipo": "Relleno Sanitario", "comuna": "Caldera", "estado": "EN OPERACIÓN", "autorizacion": "RES. EX 274/2015", "rca": "RCA 128/2012"}}, {"type": "Feature", "geometry": {"type": "Point", "coordinates": [-73.743446, -42.385993]}, "properties": {"nombre": "Vertedero Municipal Punahuel", "tipo": "Basural", "comuna": "Castro", "estado": "EN OPERACIÓN", "autorizacion": "NO", "rca": "NO"}}, {"type": "Feature", "geometry": {"type": "Point", "coordinates": [-70.586043, -26.323943]}, "properties": {"nombre": "Basural Municipal De Chañaral", "tipo": "Basural", "comuna": "Chañaral", "estado": "EN OPERACIÓN", "autorizacion": "NO", "rca": "NO"}}, {"type": "Feature", "geometry": {"type": "Point", "coordinates": [-70.189156, -27.320448]}, "properties": {"nombre": "Relleno Sanitario El Chulo", "tipo": "Relleno Sanitario", "comuna": "Copiapó", "estado": "EN OPERACIÓN", "autorizacion": "RES. EX 906/2008", "rca": "RCA 139/2006"}}, {"type": "Feature", "geometry": {"type": "Point", "coordinates": [-70.007745, -26.390641]}, "properties": {"nombre": "Vertedero Municipal De Diego De Almagro", "tipo": "Basural", "comuna": "Diego De Almagro", "estado": "EN OPERACIÓN", "autorizacion": "NO", "rca": "NO"}}, {"type": "Feature", "geometry": {"type": "Point", "coordinates": [-70.778801, -28.543868]}, "properties": {"nombre": "Relleno Sanitario Provincial Del Huasco", "tipo": "Relleno Sanitario", "comuna": "Vallenar", "estado": "EN OPERACIÓN", "autorizacion": "RES. EX 2317/2011", "rca": "RCA 04/2011"}}, {"type": "Feature", "geometry": {"type": "Point", "coordinates": [-71.418891, -31.403665]}, "properties": {"nombre": "Vertedero Quebrada El Gallo", "tipo": "Vertedero", "comuna": "Canela", "estado": "EN OPERACIÓN", "autorizacion": "RES. EX 273/2005", "rca": "NO"}}, {"type": "Feature", "geometry": {"type": "Point", "coordinates": [-71.035727, -31.202483]}, "properties": {"nombre": "Vertedero Sector Casas Blancas", "tipo": "Vertedero", "comuna": "Combarbalá", "estado": "EN OPERACIÓN", "autorizacion": "RES. EX  2914/2004", "rca": "NO"}}, {"type": "Feature", "geometry": {"type": "Point", "coordinates": [-71.361141, -30.015338]}, "properties": {"nombre": "Relleno Sanitario El Panul", "tipo": "Relleno Sanitario", "comuna": "Coquimbo", "estado": "EN OPERACIÓN", "autorizacion": "RES EX 4845/2004", "rca": "RCA  65/2004; 99/2004"}}, {"type": "Feature", "geometry": {"type": "Point", "coordinates": [-71.144592, -31.595987]}, "properties": {"nombre": "Vertedero Lo Gallardo", "tipo": "Vertedero", "comuna": "Illapel", "estado": "EN OPERACIÓN", "autorizacion": "RES. EX 1743/1997", "rca": "NO"}}, {"type": "Feature", "geometry": {"type": "Point", "coordinates": [-71.456224, -31.885899]}, "properties": {"nombre": "Vertedero Municipal De Los Vilos", "tipo": "Vertedero", "comuna": "Los Vilos", "estado": "EN OPERACIÓN", "autorizacion": "RES. EX 718/2003", "rca": "NO"}}, {"type": "Feature", "geometry": {"type": "Point", "coordinates": [-70.957149, -30.727027]}, "properties": {"nombre": "Vertedero Cerro Manchado", "tipo": "Vertedero", "comuna": "Monte Patria", "estado": "EN OPERACIÓN", "autorizacion": "RES. EX 3451/2000", "rca": "NO"}}, {"type": "Feature", "geometry": {"type": "Point", "coordinates": [-71.174204, -30.450895]}, "properties": {"nombre": "Vertedero El Incienso", "tipo": "Vertedero", "comuna": "Ovalle", "estado": "EN OPERACIÓN", "autorizacion": "RES. EX 3452/2000", "rca": "NO"}}, {"type": "Feature", "geometry": {"type": "Point", "coordinates": [-70.940851, -31.813811]}, "properties": {"nombre": "Vertedero El Queñe", "tipo": "Vertedero", "comuna": "Salamanca", "estado": "EN OPERACIÓN", "autorizacion": "RES. EX 1744/1997", "rca": "NO"}}, {"type": "Feature", "geometry": {"type": "Point", "coordinates": [-70.704305, -29.997266]}, "properties": {"nombre": "Vertedero Quebrada El Mollaco", "tipo": "Vertedero", "comuna": "Vicuña", "estado": "EN OPERACIÓN", "autorizacion": "RES. EX 3098/1998", "rca": "NO"}}, {"type": "Feature", "geometry": {"type": "Point", "coordinates": [-71.063135, -32.408103]}, "properties": {"nombre": "Vertedero Cabildo", "tipo": "Vertedero", "comuna": "Cabildo", "estado": "EN OPERACIÓN", "autorizacion": "RES. EX 2726/1993 RES. EX 919/2014", "rca": "NO"}}, {"type": "Feature", "geometry": {"type": "Point", "coordinates": [-109.390211, -27.162438]}, "properties": {"nombre": "Vertedero Vai A Ori", "tipo": "Basural", "comuna": "Isla De Pascua", "estado": "EN OPERACIÓN", "autorizacion": "NO", "rca": "NO"}}, {"type": "Feature", "geometry": {"type": "Point", "coordinates": [-78.834447, -33.63926]}, "properties": {"nombre": "Botadero Municipal Juan Fernandez", "tipo": "Basural", "comuna": "Juan Fernández", "estado": "EN OPERACIÓN", "autorizacion": "NO", "rca": "NO"}}, {"type": "Feature", "geometry": {"type": "Point", "coordinates": [-70.849239, -32.23691]}, "properties": {"nombre": "Vertedero Chincolco", "tipo": "Vertedero", "comuna": "Petorca", "estado": "EN OPERACIÓN", "autorizacion": "RES. EX 1420/1989 RES. EX 2002/2012 RES.EX 920/2014", "rca": "NO"}}, {"type": "Feature", "geometry": {"type": "Point", "coordinates": [-71.420284, -32.759285]}, "properties": {"nombre": "Vertedero Municipal De Puchuncaví", "tipo": "Vertedero", "comuna": "Puchuncaví", "estado": "EN OPERACIÓN", "autorizacion": "RES. SAN 2086/1993", "rca": "NO"}}, {"type": "Feature", "geometry": {"type": "Point", "coordinates": [-71.324004, -32.94824]}, "properties": {"nombre": "Relleno Sanitario San Pedro", "tipo": "Relleno Sanitario", "comuna": "Quillota", "estado": "EN OPERACIÓN", "autorizacion": "RES EX 995 1996 RES EX 124/2017", "rca": "RCA 250/2012"}}, {"type": "Feature", "geometry": {"type": "Point", "coordinates": [-71.502735, -32.80348]}, "properties": {"nombre": "Vertedero Municipal De Quintero", "tipo": "Vertedero", "comuna": "Quintero", "estado": "EN OPERACIÓN", "autorizacion": "RES. EX 1615/2013", "rca": "NO"}}, {"type": "Feature", "geometry": {"type": "Point", "coordinates": [-70.717737, -32.708262]}, "properties": {"nombre": "CTI La Hormiga", "tipo": "Relleno Sanitario", "comuna": "San Felipe", "estado": "EN OPERACIÓN", "autorizacion": "RES EX 939/2014", "rca": "RCA 1371/2009"}}, {"type": "Feature", "geometry": {"type": "Point", "coordinates": [-70.626746, -32.684493]}, "properties": {"nombre": "Vertedero Tabolango", "tipo": "Vertedero", "comuna": "Santa María", "estado": "EN OPERACIÓN", "autorizacion": "RES. EX 16/2015", "rca": "NO"}}, {"type": "Feature", "geometry": {"type": "Point", "coordinates": [-71.640396, -33.089117]}, "properties": {"nombre": "Relleno Sanitario El Molle", "tipo": "Relleno Sanitario", "comuna": "Valparaíso", "estado": "EN OPERACIÓN", "autorizacion": "RES. EX 2651/2013", "rca": "RCA 271/2008"}}, {"type": "Feature", "geometry": {"type": "Point", "coordinates": [-72.001684, -34.447129]}, "properties": {"nombre": "Relleno Sanitario Las Quilas", "tipo": "Relleno Sanitario", "comuna": "Pichilemu", "estado": "EN OPERACIÓN", "autorizacion": "RES. EX  5591/2004 113/2003", "rca": "RES. EX 113/2003"}}, {"type": "Feature", "geometry": {"type": "Point", "coordinates": [-70.703134, -34.232217]}, "properties": {"nombre": "Relleno Sanitario Colihues La Yesca", "tipo": "Relleno Sanitario", "comuna": "Requínoa", "estado": "EN OPERACIÓN", "autorizacion": "RES. EX 814/1999", "rca": "EIA RES. EX 976/1996"}}, {"type": "Feature", "geometry": {"type": "Point", "coordinates": [-71.392532, -35.204246]}, "properties": {"nombre": "Centro De Tratamiento Eco Maule", "tipo": "Relleno Sanitario", "comuna": "Río Claro", "estado": "EN OPERACIÓN", "autorizacion": "RES. EX 891/2005", "rca": "RCA 52/2004"}}, {"type": "Feature", "geometry": {"type": "Point", "coordinates": [-71.398444, -35.608137]}, "properties": {"nombre": "Relleno Sanitario San Roque", "tipo": "Relleno Sanitario", "comuna": "San Clemente", "estado": "EN OPERACIÓN", "autorizacion": "RES. EX 646/1995 RES EX 420/2007", "rca": "RCA 05/2012"}}, {"type": "Feature", "geometry": {"type": "Point", "coordinates": [-71.645595, -35.329751]}, "properties": {"nombre": "Relleno Sanitario El Retamo", "tipo": "Relleno Sanitario", "comuna": "Talca", "estado": "EN OPERACIÓN", "autorizacion": "RES. EX 161/2002", "rca": "RCA 143/2001 RCA 04/2002 RCA 012/2007"}}, {"type": "Feature", "geometry": {"type": "Point", "coordinates": [-72.401771, -35.363136]}, "properties": {"nombre": "Vertedero de Constitución", "tipo": "Vertedero", "comuna": "Constitución", "estado": "EN OPERACIÓN", "autorizacion": "NO", "rca": "NO"}}, {"type": "Feature", "geometry": {"type": "Point", "coordinates": [-71.18262, -34.824483]}, "properties": {"nombre": "Relleno Sanitario Parque El Guanaco", "tipo": "Relleno Sanitario", "comuna": "Teno", "estado": "EN OPERACIÓN", "autorizacion": "RES. EX 160/2002", "rca": "RCA 16/2002 RCA 004/2007"}}, {"type": "Feature", "geometry": {"type": "Point", "coordinates": [-73.342453, -37.797596]}, "properties": {"nombre": "Relleno Sanitario De Cañete", "tipo": "Vertedero", "comuna": "Cañete", "estado": "EN OPERACIÓN", "autorizacion": "ORD  N° 2.C 13/09/1996 4665", "rca": "NO"}}, {"type": "Feature", "geometry": {"type": "Point", "coordinates": [-73.365775, -37.408351]}, "properties": {"nombre": "Relleno Sanitario Intercomunal Arauco-Curanilahue", "tipo": "Relleno Sanitario", "comuna": "Curanilahue", "estado": "EN OPERACIÓN", "autorizacion": "SI", "rca": "RES EX 161/2003"}}, {"type": "Feature", "geometry": {"type": "Point", "coordinates": [-73.671546, -37.611855]}, "properties": {"nombre": "Vertedero Lebu", "tipo": "Basural", "comuna": "Lebu", "estado": "EN OPERACIÓN", "autorizacion": "NO", "rca": "NO"}}, {"type": "Feature", "geometry": {"type": "Point", "coordinates": [-72.336472, -37.300138]}, "properties": {"nombre": "Relleno Sanitario Los Angeles", "tipo": "Relleno Sanitario", "comuna": "Los Ángeles", "estado": "EN OPERACIÓN", "autorizacion": "RES EX 1895/2002", "rca": "EIA RES.EX 252/2002"}}, {"type": "Feature", "geometry": {"type": "Point", "coordinates": [-72.275146, -37.65531]}, "properties": {"nombre": "Vertedero Licura Mulchen", "tipo": "Vertedero", "comuna": "Mulchen", "estado": "EN OPERACIÓN", "autorizacion": "RES. EX 059/1998; 2623/2016", "rca": "NO"}}, {"type": "Feature", "geometry": {"type": "Point", "coordinates": [-72.963391, -36.764966]}, "properties": {"nombre": "Relleno Sanitario Cemarc", "tipo": "Relleno Sanitario", "comuna": "Penco", "estado": "EN OPERACIÓN", "autorizacion": "RES. EX 3349/2006", "rca": "RES. EX 183/2004"}}, {"type": "Feature", "geometry": {"type": "Point", "coordinates": [-72.857591, -36.865565]}, "properties": {"nombre": "Relleno Sanitario Copiulemu", "tipo": "Relleno Sanitario", "comuna": "Florida", "estado": "EN OPERACIÓN", "autorizacion": "RES.EX 962/2001", "rca": "RCA 81/2000 EIA RES. EX 84/2009"}}, {"type": "Feature", "geometry": {"type": "Point", "coordinates": [-72.699137, -37.822302]}, "properties": {"nombre": "Vertedero Municipal De Angol", "tipo": "Vertedero", "comuna": "Angol", "estado": "EN OPERACIÓN", "autorizacion": "RES. EX 84406/1988", "rca": "NO"}}, {"type": "Feature", "geometry": {"type": "Point", "coordinates": [-73.145927, -38.655535]}, "properties": {"nombre": "Relleno Sanitario De Carahue", "tipo": "Vertedero", "comuna": "Carahue", "estado": "EN OPERACIÓN", "autorizacion": "RES. EX 224717/1992", "rca": "NO"}}, {"type": "Feature", "geometry": {"type": "Point", "coordinates": [-72.046537, -38.925191]}, "properties": {"nombre": "Vertedero De Cunco", "tipo": "Vertedero", "comuna": "Cunco", "estado": "EN OPERACIÓN", "autorizacion": "RES. EX 115/1991", "rca": "NO"}}, {"type": "Feature", "geometry": {"type": "Point", "coordinates": [-71.897915, -38.37703]}, "properties": {"nombre": "Vertedero De Curacautín", "tipo": "Vertedero", "comuna": "Curacautín", "estado": "EN OPERACIÓN", "autorizacion": "RES. EX 289/2003", "rca": "NO"}}, {"type": "Feature", "geometry": {"type": "Point", "coordinates": [-72.1956, -38.120578]}, "properties": {"nombre": "Vertedero De Ercilla", "tipo": "Vertedero", "comuna": "Ercilla", "estado": "EN OPERACIÓN", "autorizacion": "RES. EX 0751/1996", "rca": "NO"}}, {"type": "Feature", "geometry": {"type": "Point", "coordinates": [-72.422944, -39.072147]}, "properties": {"nombre": "Relleno Sanitario De Coipue", "tipo": "Relleno Manual", "comuna": "Freire", "estado": "EN OPERACIÓN", "autorizacion": "RES. EX 1902/2001", "rca": "EIA 010/1999"}}, {"type": "Feature", "geometry": {"type": "Point", "coordinates": [-72.755231, -39.036155]}, "properties": {"nombre": "Vertedero De Gorbea", "tipo": "Vertedero", "comuna": "Gorbea", "estado": "EN OPERACIÓN", "autorizacion": "RES. EX 2097/2001", "rca": "RCA. RES. Nº46 DEL (24-03-2010)"}}, {"type": "Feature", "geometry": {"type": "Point", "coordinates": [-71.284231, -38.432133]}, "properties": {"nombre": "Vertedero Municipal De Lonquimay", "tipo": "Basural", "comuna": "Lonquimay", "estado": "EN OPERACIÓN", "autorizacion": "NO", "rca": "NO"}}, {"type": "Feature", "geometry": {"type": "Point", "coordinates": [-72.760804, -39.008863]}, "properties": {"nombre": "Vertedero De Huallizada", "tipo": "Vertedero", "comuna": "Pitrufquén", "estado": "EN OPERACIÓN", "autorizacion": "RES.  2269 /1993", "rca": "RCA 45 2010"}}, {"type": "Feature", "geometry": {"type": "Point", "coordinates": [-71.852741, -39.323851]}, "properties": {"nombre": "Vertedero Los Nevados", "tipo": "Vertedero", "comuna": "Pucón", "estado": "EN OPERACIÓN", "autorizacion": "RES. EX 183602/1996", "rca": "NO"}}, {"type": "Feature", "geometry": {"type": "Point", "coordinates": [-72.948452, -38.981362]}, "properties": {"nombre": "Vertedero Alberto Saez", "tipo": "Vertedero", "comuna": "Teodoro Schmidt", "estado": "EN OPERACIÓN", "autorizacion": "RES. N°2107 (05/06/96)", "rca": "NO"}}, {"type": "Feature", "geometry": {"type": "Point", "coordinates": [-72.708235, -38.216344]}, "properties": {"nombre": "Vertedero Municipal De Traiguén", "tipo": "Basural", "comuna": "Traiguén", "estado": "EN OPERACIÓN", "autorizacion": "NO", "rca": "NO"}}, {"type": "Feature", "geometry": {"type": "Point", "coordinates": [-73.150951, -39.189917]}, "properties": {"nombre": "Vertedero Fundo Traiguen", "tipo": "Basural", "comuna": "Toltén", "estado": "EN OPERACIÓN", "autorizacion": "VENCIDA (2274/04)", "rca": "NO"}}, {"type": "Feature", "geometry": {"type": "Point", "coordinates": [-72.336716, -38.214128]}, "properties": {"nombre": "Vertedero Municipal De Victoria", "tipo": "Relleno Sanitario", "comuna": "Victoria", "estado": "EN OPERACIÓN", "autorizacion": "RES. EX  271/1997", "rca": "RCA 228 2014"}}, {"type": "Feature", "geometry": {"type": "Point", "coordinates": [-72.28215, -38.673551]}, "properties": {"nombre": "Vertedero Municipal El Manzano", "tipo": "Vertedero", "comuna": "Vilcún", "estado": "EN OPERACIÓN", "autorizacion": "RES EX 26031/2009", "rca": "NO"}}, {"type": "Feature", "geometry": {"type": "Point", "coordinates": [-72.265131, -39.261857]}, "properties": {"nombre": "Relleno Villarrica", "tipo": "Relleno Manual", "comuna": "Villarrica", "estado": "EN OPERACIÓN", "autorizacion": "RES. EX 2218/2000", "rca": "EIA 019/1999"}}, {"type": "Feature", "geometry": {"type": "Point", "coordinates": [-71.943703, -43.260448]}, "properties": {"nombre": "Centro De Tratamiento Integral De Rsd De Futaleufú", "tipo": "Relleno Sanitario", "comuna": "Futaleufu", "estado": "EN OPERACIÓN", "autorizacion": "SI", "rca": "NO REQUIERE"}}, {"type": "Feature", "geometry": {"type": "Point", "coordinates": [-71.811926, -43.62055]}, "properties": {"nombre": "Basural De Palena", "tipo": "Basural", "comuna": "Palena", "estado": "EN OPERACIÓN", "autorizacion": "NO", "rca": "NO"}}, {"type": "Feature", "geometry": {"type": "Point", "coordinates": [-73.013608, -41.378729]}, "properties": {"nombre": "Relleno Sanitario La Laja", "tipo": "Relleno Sanitario", "comuna": "Puerto Varas", "estado": "EN OPERACIÓN", "autorizacion": "RES. EX 380/2016", "rca": "RCA 214/2009"}}, {"type": "Feature", "geometry": {"type": "Point", "coordinates": [-73.727217, -41.854295]}, "properties": {"nombre": "Vertedero Municipal De Ancud", "tipo": "Basural", "comuna": "Ancud", "estado": "EN OPERACIÓN", "autorizacion": "NO", "rca": "NO"}}, {"type": "Feature", "geometry": {"type": "Point", "coordinates": [-72.598123, -42.979167]}, "properties": {"nombre": "Vertedero Municipal De Chaitén", "tipo": "Basural", "comuna": "Chaitén", "estado": "EN OPERACIÓN", "autorizacion": "NO", "rca": "NO"}}, {"type": "Feature", "geometry": {"type": "Point", "coordinates": [-73.842199, -42.626721]}, "properties": {"nombre": "Vertedero Municipal De Chonchi", "tipo": "Vertedero", "comuna": "Chonchi", "estado": "EN OPERACIÓN", "autorizacion": "RES.EX 0644/2004", "rca": "NO"}}, {"type": "Feature", "geometry": {"type": "Point", "coordinates": [-73.597049, -42.456641]}, "properties": {"nombre": "Vertedero Municipal De Curaco De Velez", "tipo": "Vertedero", "comuna": "Curaco De Velez", "estado": "EN OPERACIÓN", "autorizacion": "RES. EX 0019/2004", "rca": "NO"}}, {"type": "Feature", "geometry": {"type": "Point", "coordinates": [-73.643563, -42.347263]}, "properties": {"nombre": "Vertedero Municipal Dalcahue", "tipo": "Vertedero", "comuna": "Dalcahue", "estado": "EN OPERACIÓN", "autorizacion": "RES. EX 0125/1996", "rca": "NO"}}, {"type": "Feature", "geometry": {"type": "Point", "coordinates": [-72.446297, -41.951131]}, "properties": {"nombre": "Vertedero Municipal De Hualaihue", "tipo": "Basural", "comuna": "Hualaihue", "estado": "EN OPERACIÓN", "autorizacion": "NO", "rca": "NO"}}, {"type": "Feature", "geometry": {"type": "Point", "coordinates": [-73.237413, -41.583197]}, "properties": {"nombre": "Vertedero Industrial El Empalme", "tipo": "Vertedero", "comuna": "Maullín", "estado": "EN OPERACIÓN", "autorizacion": "RES. EX 1453/2000", "rca": "NO"}}, {"type": "Feature", "geometry": {"type": "Point", "coordinates": [-73.212546, -40.559459]}, "properties": {"nombre": "Vertedero Curaco", "tipo": "Vertedero", "comuna": "Osorno", "estado": "EN OPERACIÓN", "autorizacion": "RES. EX 442/1987", "rca": "NO"}}, {"type": "Feature", "geometry": {"type": "Point", "coordinates": [-73.601084, -42.613992]}, "properties": {"nombre": "Vertedero Municipal Puqueldón", "tipo": "Vertedero", "comuna": "Puqueldón", "estado": "EN OPERACIÓN", "autorizacion": "RES. EX 1558/1990", "rca": "NO"}}, {"type": "Feature", "geometry": {"type": "Point", "coordinates": [-73.48492, -42.85319]}, "properties": {"nombre": "Vertedero Municipal De Queilen", "tipo": "Vertedero", "comuna": "Queilén", "estado": "EN OPERACIÓN", "autorizacion": "RES. EX 124/1996", "rca": "NO"}}, {"type": "Feature", "geometry": {"type": "Point", "coordinates": [-73.648399, -43.115594]}, "properties": {"nombre": "Vertedero Municipal De Quellon", "tipo": "Basural", "comuna": "Quellón", "estado": "EN OPERACIÓN", "autorizacion": "NO", "rca": "NO"}}, {"type": "Feature", "geometry": {"type": "Point", "coordinates": [-73.530149, -42.137624]}, "properties": {"nombre": "Vertedero Municipal De Quemchi", "tipo": "Basural", "comuna": "Quemchi", "estado": "EN OPERACIÓN", "autorizacion": "NO", "rca": "NO"}}, {"type": "Feature", "geometry": {"type": "Point", "coordinates": [-73.471097, -42.49329]}, "properties": {"nombre": "Vertedero Municipal De Quinchao", "tipo": "Vertedero", "comuna": "Quinchao", "estado": "EN OPERACIÓN", "autorizacion": "RES.EX 1363/2001", "rca": "NO"}}, {"type": "Feature", "geometry": {"type": "Point", "coordinates": [-73.227718, -40.813584]}, "properties": {"nombre": "Vertedero Municipal Rio Negro", "tipo": "Basural", "comuna": "Río Negro", "estado": "EN OPERACIÓN", "autorizacion": "NO", "rca": "NO"}}, {"type": "Feature", "geometry": {"type": "Point", "coordinates": [-72.561767, -45.384822]}, "properties": {"nombre": "Vertedero Municipal Puerto Aysen", "tipo": "Vertedero", "comuna": "Aysén", "estado": "EN OPERACIÓN", "autorizacion": "RES. EX 25/1993", "rca": "NO"}}, {"type": "Feature", "geometry": {"type": "Point", "coordinates": [-72.682771, -46.840049]}, "properties": {"nombre": "Vertedero  Puerto Guadal", "tipo": "Basural", "comuna": "Chile Chico", "estado": "EN OPERACIÓN", "autorizacion": "NO", "rca": "NO"}}, {"type": "Feature", "geometry": {"type": "Point", "coordinates": [-72.44535, -46.699993]}, "properties": {"nombre": "Vertedero Mallín Grande", "tipo": "Basural", "comuna": "Chile Chico", "estado": "EN OPERACIÓN", "autorizacion": "NO", "rca": "NO"}}, {"type": "Feature", "geometry": {"type": "Point", "coordinates": [-72.803927, -46.995385]}, "properties": {"nombre": "Vertedero Puerto Bertrand", "tipo": "Vertedero", "comuna": "Chile Chico", "estado": "EN OPERACIÓN", "autorizacion": "RES. EX 8/1997", "rca": "NO"}}, {"type": "Feature", "geometry": {"type": "Point", "coordinates": [-73.208905, -44.259689]}, "properties": {"nombre": "Vertedero Municipal Puerto Gala", "tipo": "Basural", "comuna": "Cisnes", "estado": "EN OPERACIÓN", "autorizacion": "NO", "rca": "NO"}}, {"type": "Feature", "geometry": {"type": "Point", "coordinates": [-73.299859, -44.8944]}, "properties": {"nombre": "Vertedero Municipal Puerto Gaviota", "tipo": "Basural", "comuna": "Cisnes", "estado": "EN OPERACIÓN", "autorizacion": "NO", "rca": "NO"}}, {"type": "Feature", "geometry": {"type": "Point", "coordinates": [-72.955892, -43.785219]}, "properties": {"nombre": "Vertedero Municipal Puerto Raul Marin", "tipo": "Vertedero", "comuna": "Cisnes", "estado": "EN OPERACIÓN", "autorizacion": "RES. EX 597/2004", "rca": "NO"}}, {"type": "Feature", "geometry": {"type": "Point", "coordinates": [-72.598914, -44.7488]}, "properties": {"nombre": "Vertedero Municipal Cisnes", "tipo": "Vertedero", "comuna": "Cisnes", "estado": "EN OPERACIÓN", "autorizacion": "RES. EX 611/2006", "rca": "NO"}}, {"type": "Feature", "geometry": {"type": "Point", "coordinates": [-72.430973, -43.972787]}, "properties": {"nombre": "Vertedero Municipal La Junta", "tipo": "Vertedero", "comuna": "Cisnes", "estado": "EN OPERACIÓN", "autorizacion": "RES. EX 206/1999", "rca": "NO"}}, {"type": "Feature", "geometry": {"type": "Point", "coordinates": [-72.593382, -47.251203]}, "properties": {"nombre": "Vertedero Municipal De Cochrane", "tipo": "Basural", "comuna": "Cochrane", "estado": "EN OPERACIÓN", "autorizacion": "NO", "rca": "NO"}}, {"type": "Feature", "geometry": {"type": "Point", "coordinates": [-73.78652, -43.88705]}, "properties": {"nombre": "Relleno Sanitario Melinka", "tipo": "Basural", "comuna": "Guaitecas", "estado": "EN OPERACIÓN", "autorizacion": "NO", "rca": "NO"}}, {"type": "Feature", "geometry": {"type": "Point", "coordinates": [-72.554401, -48.478101]}, "properties": {"nombre": "Relleno Sanitario Villa O´Higgins", "tipo": "Relleno Sanitario", "comuna": "O'Higgins", "estado": "EN OPERACIÓN", "autorizacion": "SI", "rca": "SI"}}, {"type": "Feature", "geometry": {"type": "Point", "coordinates": [-72.678902, -46.450025]}, "properties": {"nombre": "Vertedero Bahia Murta", "tipo": "Basural", "comuna": "Río Ibáñez", "estado": "EN OPERACIÓN", "autorizacion": "NO", "rca": "NO"}}, {"type": "Feature", "geometry": {"type": "Point", "coordinates": [-73.540442, -47.816826]}, "properties": {"nombre": "Vertedero Municipal De Tortel", "tipo": "Basural", "comuna": "Tortel", "estado": "EN OPERACIÓN", "autorizacion": "NO", "rca": "NO"}}, {"type": "Feature", "geometry": {"type": "Point", "coordinates": [-71.68386, -46.577182]}, "properties": {"nombre": "Vertedero Chile Chico", "tipo": "Basural", "comuna": "Chile Chico", "estado": "EN OPERACIÓN", "autorizacion": "NO", "rca": "NO"}}, {"type": "Feature", "geometry": {"type": "Point", "coordinates": [-71.953255, -45.565686]}, "properties": {"nombre": "Centro De Manejo De Residuos Coyhaique - Cemarc", "tipo": "Relleno Sanitario", "comuna": "Coyhaique", "estado": "EN OPERACIÓN", "autorizacion": "RES. EX 2001/2011", "rca": "RCA 747/2003  RCA 51/2010"}}, {"type": "Feature", "geometry": {"type": "Point", "coordinates": [-71.847185, -44.245957]}, "properties": {"nombre": "Vertedero Lago Verde", "tipo": "Basural", "comuna": "Lago Verde", "estado": "EN OPERACIÓN", "autorizacion": "NO", "rca": "NO"}}, {"type": "Feature", "geometry": {"type": "Point", "coordinates": [-71.672605, -44.640567]}, "properties": {"nombre": "Vertedero La Tapera", "tipo": "Vertedero", "comuna": "Lago Verde", "estado": "EN OPERACIÓN", "autorizacion": "331/2011", "rca": "NO"}}, {"type": "Feature", "geometry": {"type": "Point", "coordinates": [-71.944168, -46.261534]}, "properties": {"nombre": "Relleno Sanitario Puerto Ibañez", "tipo": "Relleno Sanitario", "comuna": "Río Ibáñez", "estado": "EN OPERACIÓN", "autorizacion": "RES EX 368/2007", "rca": "RCA 287 2002"}}, {"type": "Feature", "geometry": {"type": "Point", "coordinates": [-67.588281, -54.938303]}, "properties": {"nombre": "Vertedero Municipal De Cabo De Hornos", "tipo": "Basural", "comuna": "Cabo De Hornos", "estado": "EN OPERACIÓN", "autorizacion": "NO", "rca": "NO"}}, {"type": "Feature", "geometry": {"type": "Point", "coordinates": [-70.342636, -53.302216]}, "properties": {"nombre": "Vertedero Municipal De Porvenir", "tipo": "Basural", "comuna": "Porvenir", "estado": "EN OPERACIÓN", "autorizacion": "NO", "rca": "NO"}}, {"type": "Feature", "geometry": {"type": "Point", "coordinates": [-69.273142, -52.774437]}, "properties": {"nombre": "Vertedero Municipal De Primavera", "tipo": "Basural", "comuna": "Primavera", "estado": "EN OPERACIÓN", "autorizacion": "NO", "rca": "NO"}}, {"type": "Feature", "geometry": {"type": "Point", "coordinates": [-69.696167, -53.650029]}, "properties": {"nombre": "Vertedero Timaukel", "tipo": "Basural", "comuna": "Timaukel", "estado": "EN OPERACIÓN", "autorizacion": "NO", "rca": "NO"}}, {"type": "Feature", "geometry": {"type": "Point", "coordinates": [-72.487858, -51.856713]}, "properties": {"nombre": "Vertedero Natales", "tipo": "Basural", "comuna": "Puerto Natales", "estado": "EN OPERACIÓN", "autorizacion": "NO", "rca": "NO"}}, {"type": "Feature", "geometry": {"type": "Point", "coordinates": [-74.390557, -49.11705]}, "properties": {"nombre": "Vertedero Puerto Edén", "tipo": "Basural", "comuna": "Puerto Natales", "estado": "EN OPERACIÓN", "autorizacion": "NO", "rca": "NO"}}, {"type": "Feature", "geometry": {"type": "Point", "coordinates": [-71.020711, -53.226509]}, "properties": {"nombre": "Vertedero Municipal Leñadura", "tipo": "Vertedero", "comuna": "Punta Arenas", "estado": "EN OPERACIÓN", "autorizacion": "RES. EX 629/2009", "rca": "NO"}}, {"type": "Feature", "geometry": {"type": "Point", "coordinates": [-72.336137, -51.2543]}, "properties": {"nombre": "Vertedero Cerro Castillo", "tipo": "Basural", "comuna": "Torres Del Payne", "estado": "EN OPERACIÓN", "autorizacion": "NO", "rca": "NO"}}, {"type": "Feature", "geometry": {"type": "Point", "coordinates": [-70.871943, -33.524128]}, "properties": {"nombre": "Relleno Sanitario Santiago Poniente", "tipo": "Relleno Sanitario", "comuna": "Maipú", "estado": "EN OPERACIÓN", "autorizacion": "RES. EX 34944/2014 RES. EX. N°2714", "rca": "RCA 179/2001"}}, {"type": "Feature", "geometry": {"type": "Point", "coordinates": [-71.316078, -33.808879]}, "properties": {"nombre": "Vertedero Municipal De Popeta", "tipo": "Vertedero", "comuna": "Melipilla", "estado": "EN OPERACIÓN", "autorizacion": "RES. EX 12986/2002 RES. EX 86.395/2011", "rca": "NO"}}, {"type": "Feature", "geometry": {"type": "Point", "coordinates": [-70.801364, -33.69754]}, "properties": {"nombre": "Relleno Sanitario Santa Marta", "tipo": "Relleno Sanitario", "comuna": "Talagante", "estado": "EN OPERACIÓN", "autorizacion": "RES. EX 9813/2002", "rca": "RCA 433/2001 RCA 076/2012"}}, {"type": "Feature", "geometry": {"type": "Point", "coordinates": [-70.80012, -32.954681]}, "properties": {"nombre": "Relleno Sanitario Loma Los Colorados", "tipo": "Relleno Sanitario", "comuna": "Til Til", "estado": "EN OPERACIÓN", "autorizacion": "RES. EX 9979/2001", "rca": "RCA 990/1995"}}, {"type": "Feature", "geometry": {"type": "Point", "coordinates": [-73.134889, -39.98073]}, "properties": {"nombre": "Vertedero De Morrompulli", "tipo": "Vertedero", "comuna": "Valdivia", "estado": "EN OPERACIÓN", "autorizacion": "RES. EX 748/2004", "rca": "EIA. RES. EX 563/2002"}}, {"type": "Feature", "geometry": {"type": "Point", "coordinates": [-72.662786, -40.045874]}, "properties": {"nombre": "Vertedero Intercomunal Paillaco - Futrono", "tipo": "Vertedero", "comuna": "Paillaco", "estado": "EN OPERACIÓN", "autorizacion": "RES. EX 1129/2003; RES EX 270/2007", "rca": "DIA. RES. EX 454/2000"}}, {"type": "Feature", "geometry": {"type": "Point", "coordinates": [-72.833375, -40.329796]}, "properties": {"nombre": "Vertedero Cachillahue", "tipo": "Basural", "comuna": "Río Bueno", "estado": "EN OPERACIÓN", "autorizacion": "NO", "rca": "NO"}}, {"type": "Feature", "geometry": {"type": "Point", "coordinates": [-70.254412, -18.462914]}, "properties": {"nombre": "Vertedero Quebrada Encantada", "tipo": "Vertedero", "comuna": "Arica", "estado": "EN OPERACIÓN", "autorizacion": "NO", "rca": "NO"}}, {"type": "Feature", "geometry": {"type": "Point", "coordinates": [-69.928192, -18.913166]}, "properties": {"nombre": "Relleno Sanitario Camarones", "tipo": "Relleno Sanitario", "comuna": "Camarones", "estado": "EN OPERACIÓN", "autorizacion": "SI", "rca": "SI"}}, {"type": "Feature", "geometry": {"type": "Point", "coordinates": [-69.539422, -17.640127]}, "properties": {"nombre": "Vertedero General Lagos", "tipo": "Basural", "comuna": "General Lagos", "estado": "EN OPERACIÓN", "autorizacion": "NO", "rca": "NO"}}, {"type": "Feature", "geometry": {"type": "Point", "coordinates": [-72.169594, -36.695028]}, "properties": {"nombre": "Relleno Sanitario Fundo Las Cruces", "tipo": "Relleno Sanitario", "comuna": "Chillán Viejo", "estado": "EN OPERACIÓN", "autorizacion": "RES. EX 627/2002 RES. EX 7 430/2005", "rca": "RES. EX 337/1999"}}, {"type": "Feature", "geometry": {"type": "Point", "coordinates": [-71.105889, -34.028401]}, "properties": {"nombre": "Sector Villa  Alhué Estero Alhué"}}, {"type": "Feature", "geometry": {"type": "Point", "coordinates": [-70.785753, -33.728797]}, "properties": {"nombre": "Serrano al final con Río Maipo (Pueblo Maipo)"}}, {"type": "Feature", "geometry": {"type": "Point", "coordinates": [-70.71565, -33.688363]}, "properties": {"nombre": "Ribera Sur Oriente Rio Maipo Sector Puente Maipo"}}, {"type": "Feature", "geometry": {"type": "Point", "coordinates": [-70.728218, -33.697016]}, "properties": {"nombre": "Ribera Sur Poniente Rio Maipo Sector Puente Maipo"}}, {"type": "Feature", "geometry": {"type": "Point", "coordinates": [-70.710244, -33.520768]}, "properties": {"nombre": "Vista Alegre, altura del  2560"}}, {"type": "Feature", "geometry": {"type": "Point", "coordinates": [-70.714526, -33.480776]}, "properties": {"nombre": "Parcela N° 52, ex Fundo Lo Errázuriz"}}, {"type": "Feature", "geometry": {"type": "Point", "coordinates": [-70.717086, -33.512863]}, "properties": {"nombre": "Camino Lonquen 8500"}}, {"type": "Feature", "geometry": {"type": "Point", "coordinates": [-70.720721, -33.519739]}, "properties": {"nombre": "Camino Lonquen 9600"}}, {"type": "Feature", "geometry": {"type": "Point", "coordinates": [-70.720685, -33.486904]}, "properties": {"nombre": "P. 19, America Indigena, Ex Fundo Lo Errazuriz"}}, {"type": "Feature", "geometry": {"type": "Point", "coordinates": [-70.75542, -33.424716]}, "properties": {"nombre": "Interior perímetro de las calles Mapocho; La Hondonada; El Parronal (ex Población Las Viñitas)"}}, {"type": "Feature", "geometry": {"type": "Point", "coordinates": [-70.77075, -33.414839]}, "properties": {"nombre": "Costanera Sur / Ribera Río Mapocho"}}, {"type": "Feature", "geometry": {"type": "Point", "coordinates": [-70.705015, -33.045626]}, "properties": {"nombre": "Aeródromo Ruta G-71"}}, {"type": "Feature", "geometry": {"type": "Point", "coordinates": [-70.626015, -33.187328]}, "properties": {"nombre": "Santa Filomena S/Nº, sector La Guaca"}}, {"type": "Feature", "geometry": {"type": "Point", "coordinates": [-70.660132, -33.196311]}, "properties": {"nombre": "Ruta 57 Parad. 41 Sector, Camino publico sector Comaico (ribera de estero colina)"}}, {"type": "Feature", "geometry": {"type": "Point", "coordinates": [-70.679016, -33.058091]}, "properties": {"nombre": "Petreos los baños de Chacabuco"}}, {"type": "Feature", "geometry": {"type": "Point", "coordinates": [-71.15422, -33.408717]}, "properties": {"nombre": "Camino El Toro, Kilómetro 0,2, Entrada de Valle Naranjo."}}, {"type": "Feature", "geometry": {"type": "Point", "coordinates": [-70.942292, -33.6592]}, "properties": {"nombre": "La Cantera, Benavente S/N°"}}, {"type": "Feature", "geometry": {"type": "Point", "coordinates": [-70.641743, -33.560464]}, "properties": {"nombre": "Violeta Parra desde la numeración 1931 hasta 2069 (actual Violeta Parra) BNUP"}}, {"type": "Feature", "geometry": {"type": "Point", "coordinates": [-70.656606, -33.573892]}, "properties": {"nombre": "Lo Martínez, desde Santa Rosa a San Francisco"}}, {"type": "Feature", "geometry": {"type": "Point", "coordinates": [-70.608553, -33.59515]}, "properties": {"nombre": "La Primavera/ Acceso Sur"}}, {"type": "Feature", "geometry": {"type": "Point", "coordinates": [-70.632553, -33.58727]}, "properties": {"nombre": "Diagonal Gabriela, calle Lo Blanco Nº2660"}}, {"type": "Feature", "geometry": {"type": "Point", "coordinates": [-70.90787, -33.244126]}, "properties": {"nombre": "Sector San Jose del Molino"}}, {"type": "Feature", "geometry": {"type": "Point", "coordinates": [-70.805814, -33.280505]}, "properties": {"nombre": "Camino Lampa  Pte. Negro Parcela 137"}}, {"type": "Feature", "geometry": {"type": "Point", "coordinates": [-70.790592, -33.280645]}, "properties": {"nombre": "Camino Lampa, Parcela Nº 6, El Llano"}}, {"type": "Feature", "geometry": {"type": "Point", "coordinates": [-70.89214, -33.264693]}, "properties": {"nombre": "Cruce salida estero Lampa Sector Lo Vargas, Estero Lampa/Joaquín Undurraga"}}, {"type": "Feature", "geometry": {"type": "Point", "coordinates": [-70.910613, -33.241956]}, "properties": {"nombre": "Parcela 8, El Taco del Valle (camino a Chicauma)"}}, {"type": "Feature", "geometry": {"type": "Point", "coordinates": [-70.839083, -33.278241]}, "properties": {"nombre": "Parcela Nº 11 de la Ruta G 150 (Cacique Colín)"}}, {"type": "Feature", "geometry": {"type": "Point", "coordinates": [-70.812589, -33.348972]}, "properties": {"nombre": "Fundo El Sauce"}}, {"type": "Feature", "geometry": {"type": "Point", "coordinates": [-70.827652, -33.524294]}, "properties": {"nombre": "Camino Rinconada (Ingeco SpA)"}}, {"type": "Feature", "geometry": {"type": "Point", "coordinates": [-70.817988, -33.508565]}, "properties": {"nombre": "Camino Rinconada Km 3,5 Fundo Los Pidenes"}}, {"type": "Feature", "geometry": {"type": "Point", "coordinates": [-70.811556, -33.494374]}, "properties": {"nombre": "Camino Rinconada N° 5447 Felix Santander"}}, {"type": "Feature", "geometry": {"type": "Point", "coordinates": [-70.732226, -33.491974]}, "properties": {"nombre": "El Pajonal (Alaska, Rosa Ester, Groenlandia)"}}, {"type": "Feature", "geometry": {"type": "Point", "coordinates": [-70.771228, -33.537766]}, "properties": {"nombre": "Tres poniente (entre camino a melipilla y Aillavilu)"}}, {"type": "Feature", "geometry": {"type": "Point", "coordinates": [-70.724956, -33.519905]}, "properties": {"nombre": "Sucesion Julio Martines. Camino Lonquen 9645"}}, {"type": "Feature", "geometry": {"type": "Point", "coordinates": [-70.83314, -33.544557]}, "properties": {"nombre": "El Trebal Sur S/Nº, Fundo El Trebal"}}, {"type": "Feature", "geometry": {"type": "Point", "coordinates": [-70.688512, -33.527721]}, "properties": {"nombre": "Sector memorial Victor Jara"}}, {"type": "Feature", "geometry": {"type": "Point", "coordinates": [-70.808132, -33.563095]}, "properties": {"nombre": "La carbonera"}}, {"type": "Feature", "geometry": {"type": "Point", "coordinates": [-70.695996, -33.872993]}, "properties": {"nombre": "Avenida Romero Las Cenizas Lote B"}}, {"type": "Feature", "geometry": {"type": "Point", "coordinates": [-70.748451, -33.876245]}, "properties": {"nombre": "Rio Angostura, Aguila Norte"}}, {"type": "Feature", "geometry": {"type": "Point", "coordinates": [-70.89627, -33.594357]}, "properties": {"nombre": "Manuel Rodríguez S/N, Sector el Trapiche"}}, {"type": "Feature", "geometry": {"type": "Point", "coordinates": [-70.838824, -33.382475]}, "properties": {"nombre": "Sector Peralito Parcela 20"}}, {"type": "Feature", "geometry": {"type": "Point", "coordinates": [-70.781994, -33.384666]}, "properties": {"nombre": "Camino a Lampa/Las Brisas \"Astudillo\""}}, {"type": "Feature", "geometry": {"type": "Point", "coordinates": [-70.819489, -33.368151]}, "properties": {"nombre": "Pablo Roque Parcela 12"}}, {"type": "Feature", "geometry": {"type": "Point", "coordinates": [-70.804286, -33.360572]}, "properties": {"nombre": "Parcela 11, Sector Aguas Claras"}}, {"type": "Feature", "geometry": {"type": "Point", "coordinates": [-70.80847, -33.361278]}, "properties": {"nombre": "Viña las Palmas"}}, {"type": "Feature", "geometry": {"type": "Point", "coordinates": [-70.78605, -33.413718]}, "properties": {"nombre": "Sector Sur AAMB , acumulación de neumáticos"}}, {"type": "Feature", "geometry": {"type": "Point", "coordinates": [-70.851712, -33.403223]}, "properties": {"nombre": "Camino Noviciado, Lote B, Rol Nº 2905-87"}}, {"type": "Feature", "geometry": {"type": "Point", "coordinates": [-70.814235, -33.401865]}, "properties": {"nombre": "Campo Alegre S/N° hijuela IV lote b"}}, {"type": "Feature", "geometry": {"type": "Point", "coordinates": [-70.798582, -33.443657]}, "properties": {"nombre": "San Pablo antiguo"}}, {"type": "Feature", "geometry": {"type": "Point", "coordinates": [-70.842337, -33.446505]}, "properties": {"nombre": "Ciudad de los Valles"}}, {"type": "Feature", "geometry": {"type": "Point", "coordinates": [-70.81055, -33.36417]}, "properties": {"nombre": "Roque Peres Parcela 9"}}, {"type": "Feature", "geometry": {"type": "Point", "coordinates": [-70.821442, -33.367518]}, "properties": {"nombre": "Parcela 12 Camino Roque Perez"}}, {"type": "Feature", "geometry": {"type": "Point", "coordinates": [-70.814764, -33.372495]}, "properties": {"nombre": "Parcela 13 Camino Roque Perez"}}, {"type": "Feature", "geometry": {"type": "Point", "coordinates": [-70.824806, -33.371617]}, "properties": {"nombre": "Parcela 15-A peralito"}}, {"type": "Feature", "geometry": {"type": "Point", "coordinates": [-70.552671, -33.580344]}, "properties": {"nombre": "El Peñón con Vecinal interior"}}, {"type": "Feature", "geometry": {"type": "Point", "coordinates": [-70.582444, -33.632416]}, "properties": {"nombre": "Claudio Matte s/n, (al final de la calle)"}}, {"type": "Feature", "geometry": {"type": "Point", "coordinates": [-70.506281, -33.60662]}, "properties": {"nombre": "Casas Viejas, Sector Los Boquetos"}}, {"type": "Feature", "geometry": {"type": "Point", "coordinates": [-70.514217, -33.606802]}, "properties": {"nombre": "Recinto en el extremo oriente de Hnos Carrera"}}, {"type": "Feature", "geometry": {"type": "Point", "coordinates": [-70.589414, -33.632724]}, "properties": {"nombre": "Camino Internacional, al final de ejército Libertadores (continuo al canal carburera)"}}, {"type": "Feature", "geometry": {"type": "Point", "coordinates": [-70.618771, -33.623541]}, "properties": {"nombre": "Los Silos, Ex vertedero La Cañamera"}}, {"type": "Feature", "geometry": {"type": "Point", "coordinates": [-70.775783, -33.364149]}, "properties": {"nombre": "Parcelacion Colo Colo, parcela 10-A"}}, {"type": "Feature", "geometry": {"type": "Point", "coordinates": [-70.782505, -33.345935]}, "properties": {"nombre": "Camino Lo Echevers Km. 5, Parcela 6 B"}}, {"type": "Feature", "geometry": {"type": "Point", "coordinates": [-70.783997, -33.350098]}, "properties": {"nombre": "Camino Lo Echevers Km. 5, Parcela  7 B"}}, {"type": "Feature", "geometry": {"type": "Point", "coordinates": [-70.780295, -33.348221]}, "properties": {"nombre": "Camino Lo Echevers Km. 4, Parcela 10 B"}}, {"type": "Feature", "geometry": {"type": "Point", "coordinates": [-70.784333, -33.353908]}, "properties": {"nombre": "Camino Lo Echevers Km. 5, Parcela 17 B"}}, {"type": "Feature", "geometry": {"type": "Point", "coordinates": [-70.756994, -33.367744]}, "properties": {"nombre": "Camino Lo Echevers Pc 30 y 31"}}, {"type": "Feature", "geometry": {"type": "Point", "coordinates": [-70.70359, -33.356765]}, "properties": {"nombre": "Camino El Molino, entre panamericana y San Martín"}}, {"type": "Feature", "geometry": {"type": "Point", "coordinates": [-70.697165, -33.345228]}, "properties": {"nombre": "Camino Maulen entre Carretera San Martin y Canal"}}, {"type": "Feature", "geometry": {"type": "Point", "coordinates": [-70.742712, -33.341387]}, "properties": {"nombre": "Santa Luisa Nº 2331"}}, {"type": "Feature", "geometry": {"type": "Point", "coordinates": [-70.745653, -33.334771]}, "properties": {"nombre": "Santa Luisa Nº 2811"}}, {"type": "Feature", "geometry": {"type": "Point", "coordinates": [-70.693654, -33.384154]}, "properties": {"nombre": "Camino Lo Ruiz, desde altura del 5250 hasta Autopista Central"}}, {"type": "Feature", "geometry": {"type": "Point", "coordinates": [-70.699155, -33.387903]}, "properties": {"nombre": "Apóstol Santiago, al Sur de retorno (canchas de Foot Ball)"}}, {"type": "Feature", "geometry": {"type": "Point", "coordinates": [-70.707742, -33.552311]}, "properties": {"nombre": "Ruta 5 Sur/ Jorge Alessandri Rodríguez, altura 11400"}}, {"type": "Feature", "geometry": {"type": "Point", "coordinates": [-70.728488, -33.690015]}, "properties": {"nombre": "Ruta 5 Sur/Pte. Maipo ribera poniente"}}, {"type": "Feature", "geometry": {"type": "Point", "coordinates": [-70.713815, -33.670912]}, "properties": {"nombre": "Ruta 5 Sur/Pte. Maipo ribera oriente"}}, {"type": "Feature", "geometry": {"type": "Point", "coordinates": [-70.676564, -33.477707]}, "properties": {"nombre": "Carlos Valdovinos, altura del 3001"}}, {"type": "Feature", "geometry": {"type": "Point", "coordinates": [-70.93516, -33.660457]}, "properties": {"nombre": "Libertad hacia Río Mapocho, sector puente Ferroviario"}}, {"type": "Feature", "geometry": {"type": "Point", "coordinates": [-70.933817, -33.647646]}, "properties": {"nombre": "Manuel Rodriguez/Rio Mapocho (Camino Publico hacia el norte)"}}]}